#ifndef DEBUGGER_FRAMES_H
#define DEBUGGER_FRAMES_H

/**
 * Auto-generated by png2rgb565.py (RLE compressed, auto-cropped)
 * 96 frame(s), 66x35 pixels
 * Raw: 443,520 bytes, RLE: 145,680 bytes (3x compression)
 * Transparent key: 0x18C5
 */

#include <stdint.h>

#define DEBUGGER_WIDTH  66
#define DEBUGGER_HEIGHT 35
#define DEBUGGER_FRAME_COUNT 96
#define DEBUGGER_TRANSPARENT_KEY 0x18C5

static const uint32_t debugger_frame_offsets[97] = {
    0, 658, 1316, 1974, 2824, 3674, 4332, 5208,
    5904, 6780, 7476, 8352, 9048, 9924, 10800, 11496,
    12192, 12888, 13584, 14242, 15092, 15942, 16600, 17450,
    18108, 18958, 19616, 20466, 21124, 21974, 22824, 23520,
    24216, 24912, 25608, 26304, 27180, 28056, 28752, 29628,
    30324, 31200, 31896, 32746, 33404, 34254, 35104, 35762,
    36420, 37078, 37736, 38394, 39244, 40094, 40752, 41628,
    42324, 43200, 43896, 44772, 45468, 46344, 47220, 47916,
    48612, 49308, 50004, 50662, 51512, 52362, 53020, 53870,
    54528, 55378, 56036, 56886, 57544, 58394, 59244, 59940,
    60636, 61332, 62028, 62724, 63600, 64476, 65172, 66048,
    66744, 67620, 68316, 69166, 69824, 70674, 71524, 72182,
    72840,
};

static const uint16_t debugger_rle_data[] = {
    0x18C5,163, 0x29A7,9, 0x18C5,57, 0x29A7,9, 0x18C5,56, 0x29A7,1, 0xDF1D,9, 0x29A7,2,
    0x18C5,52, 0xFFFF,5, 0xCF5D,6, 0xDF1D,1, 0xAD97,2, 0x29A7,1, 0x18C5,51, 0xFFFF,5,
    0xCF5D,6, 0xDF1D,1, 0xAD97,2, 0x29A7,1, 0x18C5,50, 0x29A7,1, 0xFFFF,2, 0xCF5D,12,
    0xAD97,1, 0x29A7,2, 0x18C5,31, 0x6984,15, 0x29A7,2, 0xDF1D,3, 0xCF5D,3, 0xFFFF,1,
    0x1882,5, 0xCF5D,3, 0xAD97,3, 0x29A7,1, 0x18C5,24, 0x28E5,1, 0x4124,5, 0x6984,15,
    0x29A7,2, 0xDF1D,3, 0xCF5D,3, 0xFFFF,1, 0x1882,5, 0xCF5D,3, 0xAD97,3, 0x29A7,1,
    0x18C5,24, 0x4125,1, 0x6984,7, 0xF572,13, 0x29A7,2, 0xDF1D,1, 0xCF5D,5, 0x1882,6,
    0xCF5D,4, 0x6B8F,2, 0x29A7,1, 0x18C5,22, 0x28E5,1, 0x4125,1, 0x69A5,1, 0x9307,1,
    0xBB29,5, 0x9307,1, 0xF572,1, 0xFE98,3, 0xDC4D,9, 0x29A7,2, 0xDF1D,1, 0xCF5D,5,
    0x1882,6, 0xCF5D,4, 0x6B8F,2, 0x29A7,1, 0x18C5,22, 0x4124,1, 0x6984,2, 0xBB29,1,
    0xDC4D,5, 0xBB29,1, 0xF572,1, 0xFE98,3, 0xDC4D,9, 0x29A7,2, 0xDF1D,1, 0xCF5D,5,
    0x1882,6, 0xCF5D,4, 0x6B8F,2, 0x29A7,1, 0x4124,3, 0x18C5,19, 0x4124,1, 0x6984,2,
    0x9307,1, 0xBB29,2, 0xDC4D,3, 0x9307,1, 0xF572,1, 0xDC4D,12, 0x29A7,2, 0xDF1D,1,
    0xCF5D,5, 0x1882,6, 0xCF5D,4, 0x6B8F,2, 0x29A7,1, 0x6984,3, 0x18C5,19, 0x28E5,1,
    0x4125,2, 0x69A5,1, 0x9307,1, 0xBB29,1, 0xDC4D,3, 0x9307,1, 0xF572,1, 0xDC4D,12,
    0x29A7,2, 0xDF1D,1, 0xCF5D,5, 0x1882,6, 0xCF5D,4, 0x6B8F,2, 0x29A7,1, 0xBB29,2,
    0x9307,1, 0x4125,2, 0x18C5,20, 0x4125,1, 0x6984,1, 0x9307,1, 0xDC4D,3, 0x9307,1,
    0xF572,1, 0xDC4D,3, 0x9307,3, 0xDC4D,6, 0x29A7,2, 0xDF1D,1, 0xCF5D,5, 0x1882,6,
    0xCF5D,4, 0x6B8F,2, 0x29A7,1, 0xDC4D,2, 0x9307,1, 0x6984,2, 0x18C5,20, 0x4125,1,
    0x6984,1, 0x9307,1, 0xDC4D,3, 0x9307,1, 0xF572,1, 0xDC4D,3, 0x1882,3, 0xDC4D,6,
    0x29A7,2, 0xDF1D,3, 0xCF5D,3, 0x1882,6, 0xCF5D,3, 0x6B8F,3, 0x29A7,1, 0xBB29,2,
    0x6984,3, 0x18C5,17, 0x28E5,1, 0x4125,2, 0x7A48,1, 0xBB29,1, 0xDC4D,4, 0x9307,1,
    0xF572,1, 0xDC4D,3, 0x1882,3, 0xDC4D,8, 0x29A7,1, 0xAD97,2, 0xCF5D,12, 0x6B8F,1,
    0x29A7,2, 0xDC4D,1, 0x9307,2, 0x4125,3, 0x18C5,17, 0x4124,1, 0x6984,2, 0xBB29,1,
    0xDC4D,2, 0xBB29,3, 0x9307,1, 0xF572,1, 0xDC4D,3, 0x9307,3, 0xDC4D,8, 0x29A7,1,
    0xAD97,2, 0xCF5D,12, 0x6B8F,1, 0x29A7,2, 0xDC4D,1, 0x6984,2, 0x18C5,20, 0x4124,1,
    0x6984,1, 0x9307,1, 0xBB29,6, 0x9307,1, 0xF572,1, 0xDC4D,15, 0x29A7,2, 0xAD97,3,
    0xCF5D,6, 0x6B8F,3, 0x29A7,1, 0x59C4,2, 0xDC4D,1, 0x6984,2, 0x18C5,20, 0x28E5,1,
    0x4125,1, 0x69A5,1, 0x9307,6, 0x6984,1, 0xF572,1, 0xDC4D,17, 0x29A7,1, 0xAD97,2,
    0x6B8F,7, 0x29A7,2, 0x9307,3, 0x59C4,1, 0xBB29,2, 0x4125,3, 0x18C5,19, 0x28E5,1,
    0x4124,5, 0x6984,2, 0xF572,1, 0xDC4D,17, 0x29A7,1, 0xAD97,2, 0x6B8F,7, 0x29A7,2,
    0x9307,3, 0x59C4,1, 0xDC4D,2, 0x9307,1, 0x6984,2, 0x18C5,25, 0x6984,2, 0xF572,1,
    0xDC4D,18, 0x29A7,9, 0xBB29,3, 0x9307,3, 0x59C4,2, 0xBB29,1, 0x6984,2, 0x18C5,25,
    0x6984,2, 0xF572,1, 0xDC4D,27, 0xBB29,2, 0x9307,6, 0x59C4,1, 0x4125,2, 0x18C5,25,
    0x6984,2, 0xF572,1, 0xDC4D,27, 0xBB29,2, 0x6984,1, 0x4124,2, 0x9307,3, 0x59C4,1,
    0x18C5,27, 0x6984,2, 0xDC4D,1, 0xBB29,29, 0x6984,1, 0x18C5,3, 0x9307,3, 0x59C4,2,
    0x18C5,25, 0x6984,2, 0xDC4D,1, 0xBB29,29, 0x6984,1, 0x18C5,33, 0x6984,2, 0xDC4D,1,
    0xBB29,29, 0x6984,1, 0x18C5,33, 0x6984,33, 0x18C5,42, 0xBB29,2, 0x6984,1, 0x18C5,15,
    0xBB29,2, 0x6984,1, 0x18C5,45, 0xBB29,2, 0x6984,1, 0x18C5,15, 0xBB29,2, 0x6984,1,
    0x18C5,45, 0x6984,3, 0x18C5,15, 0x6984,3, 0x18C5,34, 0x10A4,1, 0x1084,35, 0x10A4,1,
    0x18C5,29, 0x10A4,1, 0x1084,35, 0x10A4,1, 0x18C5,34, 0x18C6,1, 0x10A4,26, 0x18C6,1,
    0x18C5,25, 0x18C5,163, 0x29A7,9, 0x18C5,57, 0x29A7,9, 0x18C5,56, 0x29A7,1, 0xDF1D,9,
    0x29A7,2, 0x18C5,52, 0xFFFF,5, 0xCF5D,6, 0xDF1D,1, 0xAD97,2, 0x29A7,1, 0x18C5,51,
    0xFFFF,5, 0xCF5D,6, 0xDF1D,1, 0xAD97,2, 0x29A7,1, 0x18C5,50, 0x29A7,1, 0xFFFF,2,
    0xCF5D,12, 0xAD97,1, 0x29A7,2, 0x18C5,31, 0x6984,15, 0x29A7,2, 0xDF1D,3, 0xCF5D,3,
    0xFFFF,1, 0x1882,5, 0xCF5D,3, 0xAD97,3, 0x29A7,1, 0x18C5,24, 0x28E5,1, 0x4124,5,
    0x6984,15, 0x29A7,2, 0xDF1D,3, 0xCF5D,3, 0xFFFF,1, 0x1882,5, 0xCF5D,3, 0xAD97,3,
    0x29A7,1, 0x18C5,24, 0x4125,1, 0x6984,7, 0xF572,13, 0x29A7,2, 0xDF1D,1, 0xCF5D,5,
    0x1882,6, 0xCF5D,4, 0x6B8F,2, 0x29A7,1, 0x18C5,22, 0x28E5,1, 0x4125,1, 0x69A5,1,
    0x9307,1, 0xBB29,5, 0x9307,1, 0xF572,1, 0xFE98,3, 0xDC4D,9, 0x29A7,2, 0xDF1D,1,
    0xCF5D,5, 0x1882,6, 0xCF5D,4, 0x6B8F,2, 0x29A7,1, 0x18C5,22, 0x4124,1, 0x6984,2,
    0xBB29,1, 0xDC4D,5, 0xBB29,1, 0xF572,1, 0xFE98,3, 0xDC4D,9, 0x29A7,2, 0xDF1D,1,
    0xCF5D,5, 0x1882,6, 0xCF5D,4, 0x6B8F,2, 0x29A7,1, 0x4124,3, 0x18C5,19, 0x4124,1,
    0x6984,2, 0x9307,1, 0xBB29,2, 0xDC4D,3, 0x9307,1, 0xF572,1, 0xDC4D,12, 0x29A7,2,
    0xDF1D,1, 0xCF5D,5, 0x1882,6, 0xCF5D,4, 0x6B8F,2, 0x29A7,1, 0x6984,3, 0x18C5,19,
    0x28E5,1, 0x4125,2, 0x69A5,1, 0x9307,1, 0xBB29,1, 0xDC4D,3, 0x9307,1, 0xF572,1,
    0xDC4D,12, 0x29A7,2, 0xDF1D,1, 0xCF5D,5, 0x1882,6, 0xCF5D,4, 0x6B8F,2, 0x29A7,1,
    0xBB29,2, 0x9307,1, 0x4125,2, 0x18C5,20, 0x4125,1, 0x6984,1, 0x9307,1, 0xDC4D,3,
    0x9307,1, 0xF572,1, 0xDC4D,3, 0x9307,3, 0xDC4D,6, 0x29A7,2, 0xDF1D,1, 0xCF5D,5,
    0x1882,6, 0xCF5D,4, 0x6B8F,2, 0x29A7,1, 0xDC4D,2, 0x9307,1, 0x6984,2, 0x18C5,20,
    0x4125,1, 0x6984,1, 0x9307,1, 0xDC4D,3, 0x9307,1, 0xF572,1, 0xDC4D,3, 0x1882,3,
    0xDC4D,6, 0x29A7,2, 0xDF1D,3, 0xCF5D,3, 0x1882,6, 0xCF5D,3, 0x6B8F,3, 0x29A7,1,
    0xBB29,2, 0x6984,3, 0x18C5,17, 0x28E5,1, 0x4125,2, 0x7A48,1, 0xBB29,1, 0xDC4D,4,
    0x9307,1, 0xF572,1, 0xDC4D,3, 0x1882,3, 0xDC4D,8, 0x29A7,1, 0xAD97,2, 0xCF5D,12,
    0x6B8F,1, 0x29A7,2, 0xDC4D,1, 0x9307,2, 0x4125,3, 0x18C5,17, 0x4124,1, 0x6984,2,
    0xBB29,1, 0xDC4D,2, 0xBB29,3, 0x9307,1, 0xF572,1, 0xDC4D,3, 0x9307,3, 0xDC4D,8,
    0x29A7,1, 0xAD97,2, 0xCF5D,12, 0x6B8F,1, 0x29A7,2, 0xDC4D,1, 0x6984,2, 0x18C5,20,
    0x4124,1, 0x6984,1, 0x9307,1, 0xBB29,6, 0x9307,1, 0xF572,1, 0xDC4D,15, 0x29A7,2,
    0xAD97,3, 0xCF5D,6, 0x6B8F,3, 0x29A7,1, 0x59C4,2, 0xDC4D,1, 0x6984,2, 0x18C5,20,
    0x28E5,1, 0x4125,1, 0x69A5,1, 0x9307,6, 0x6984,1, 0xF572,1, 0xDC4D,17, 0x29A7,1,
    0xAD97,2, 0x6B8F,7, 0x29A7,2, 0x9307,3, 0x59C4,1, 0xBB29,2, 0x4125,3, 0x18C5,19,
    0x28E5,1, 0x4124,5, 0x6984,2, 0xF572,1, 0xDC4D,17, 0x29A7,1, 0xAD97,2, 0x6B8F,7,
    0x29A7,2, 0x9307,3, 0x59C4,1, 0xDC4D,2, 0x9307,1, 0x6984,2, 0x18C5,25, 0x6984,2,
    0xF572,1, 0xDC4D,18, 0x29A7,9, 0xBB29,3, 0x9307,3, 0x59C4,2, 0xBB29,1, 0x6984,2,
    0x18C5,25, 0x6984,2, 0xF572,1, 0xDC4D,27, 0xBB29,2, 0x9307,6, 0x59C4,1, 0x4125,2,
    0x18C5,25, 0x6984,2, 0xF572,1, 0xDC4D,27, 0xBB29,2, 0x6984,1, 0x4124,2, 0x9307,3,
    0x59C4,1, 0x18C5,27, 0x6984,2, 0xDC4D,1, 0xBB29,29, 0x6984,1, 0x18C5,3, 0x9307,3,
    0x59C4,2, 0x18C5,25, 0x6984,2, 0xDC4D,1, 0xBB29,29, 0x6984,1, 0x18C5,33, 0x6984,2,
    0xDC4D,1, 0xBB29,29, 0x6984,1, 0x18C5,33, 0x6984,33, 0x18C5,42, 0xBB29,2, 0x6984,1,
    0x18C5,15, 0xBB29,2, 0x6984,1, 0x18C5,45, 0xBB29,2, 0x6984,1, 0x18C5,15, 0xBB29,2,
    0x6984,1, 0x18C5,45, 0x6984,3, 0x18C5,15, 0x6984,3, 0x18C5,34, 0x10A4,1, 0x1084,35,
    0x10A4,1, 0x18C5,29, 0x10A4,1, 0x1084,35, 0x10A4,1, 0x18C5,34, 0x18C6,1, 0x10A4,26,
    0x18C6,1, 0x18C5,25, 0x18C5,163, 0x29A7,9, 0x18C5,57, 0x29A7,9, 0x18C5,56, 0x29A7,1,
    0xDF1D,9, 0x29A7,2, 0x18C5,52, 0xFFFF,5, 0xCF5D,6, 0xDF1D,1, 0xAD97,2, 0x29A7,1,
    0x18C5,51, 0xFFFF,5, 0xCF5D,6, 0xDF1D,1, 0xAD97,2, 0x29A7,1, 0x18C5,50, 0x29A7,1,
    0xFFFF,2, 0xCF5D,12, 0xAD97,1, 0x29A7,2, 0x18C5,31, 0x6984,15, 0x29A7,2, 0xDF1D,3,
    0xCF5D,3, 0xFFFF,1, 0x1882,5, 0xCF5D,3, 0xAD97,3, 0x29A7,1, 0x18C5,24, 0x28E5,1,
    0x4124,5, 0x6984,15, 0x29A7,2, 0xDF1D,3, 0xCF5D,3, 0xFFFF,1, 0x1882,5, 0xCF5D,3,
    0xAD97,3, 0x29A7,1, 0x18C5,24, 0x4125,1, 0x6984,7, 0xF572,13, 0x29A7,2, 0xDF1D,1,
    0xCF5D,5, 0x1882,6, 0xCF5D,4, 0x6B8F,2, 0x29A7,1, 0x18C5,22, 0x28E5,1, 0x4125,1,
    0x69A5,1, 0x9307,1, 0xBB29,5, 0x9307,1, 0xF572,1, 0xFE98,3, 0xDC4D,9, 0x29A7,2,
    0xDF1D,1, 0xCF5D,5, 0x1882,6, 0xCF5D,4, 0x6B8F,2, 0x29A7,1, 0x18C5,22, 0x4124,1,
    0x6984,2, 0xBB29,1, 0xDC4D,5, 0xBB29,1, 0xF572,1, 0xFE98,3, 0xDC4D,9, 0x29A7,2,
    0xDF1D,1, 0xCF5D,5, 0x1882,6, 0xCF5D,4, 0x6B8F,2, 0x29A7,1, 0x4124,3, 0x18C5,19,
    0x4124,1, 0x6984,2, 0x9307,1, 0xBB29,2, 0xDC4D,3, 0x9307,1, 0xF572,1, 0xDC4D,12,
    0x29A7,2, 0xDF1D,1, 0xCF5D,5, 0x1882,6, 0xCF5D,4, 0x6B8F,2, 0x29A7,1, 0x6984,3,
    0x18C5,19, 0x28E5,1, 0x4125,2, 0x69A5,1, 0x9307,1, 0xBB29,1, 0xDC4D,3, 0x9307,1,
    0xF572,1, 0xDC4D,12, 0x29A7,2, 0xDF1D,1, 0xCF5D,5, 0x1882,6, 0xCF5D,4, 0x6B8F,2,
    0x29A7,1, 0xBB29,2, 0x9307,1, 0x4125,2, 0x18C5,20, 0x4125,1, 0x6984,1, 0x9307,1,
    0xDC4D,3, 0x9307,1, 0xF572,1, 0xDC4D,3, 0x9307,3, 0xDC4D,6, 0x29A7,2, 0xDF1D,1,
    0xCF5D,5, 0x1882,6, 0xCF5D,4, 0x6B8F,2, 0x29A7,1, 0xDC4D,2, 0x9307,1, 0x6984,2,
    0x18C5,20, 0x4125,1, 0x6984,1, 0x9307,1, 0xDC4D,3, 0x9307,1, 0xF572,1, 0xDC4D,3,
    0x1882,3, 0xDC4D,6, 0x29A7,2, 0xDF1D,3, 0xCF5D,3, 0x1882,6, 0xCF5D,3, 0x6B8F,3,
    0x29A7,1, 0xBB29,2, 0x6984,3, 0x18C5,17, 0x28E5,1, 0x4125,2, 0x7A48,1, 0xBB29,1,
    0xDC4D,4, 0x9307,1, 0xF572,1, 0xDC4D,3, 0x1882,3, 0xDC4D,8, 0x29A7,1, 0xAD97,2,
    0xCF5D,12, 0x6B8F,1, 0x29A7,2, 0xDC4D,1, 0x9307,2, 0x4125,3, 0x18C5,17, 0x4124,1,
    0x6984,2, 0xBB29,1, 0xDC4D,2, 0xBB29,3, 0x9307,1, 0xF572,1, 0xDC4D,3, 0x9307,3,
    0xDC4D,8, 0x29A7,1, 0xAD97,2, 0xCF5D,12, 0x6B8F,1, 0x29A7,2, 0xDC4D,1, 0x6984,2,
    0x18C5,20, 0x4124,1, 0x6984,1, 0x9307,1, 0xBB29,6, 0x9307,1, 0xF572,1, 0xDC4D,15,
    0x29A7,2, 0xAD97,3, 0xCF5D,6, 0x6B8F,3, 0x29A7,1, 0x59C4,2, 0xDC4D,1, 0x6984,2,
    0x18C5,20, 0x28E5,1, 0x4125,1, 0x69A5,1, 0x9307,6, 0x6984,1, 0xF572,1, 0xDC4D,17,
    0x29A7,1, 0xAD97,2, 0x6B8F,7, 0x29A7,2, 0x9307,3, 0x59C4,1, 0xBB29,2, 0x4125,3,
    0x18C5,19, 0x28E5,1, 0x4124,5, 0x6984,2, 0xF572,1, 0xDC4D,17, 0x29A7,1, 0xAD97,2,
    0x6B8F,7, 0x29A7,2, 0x9307,3, 0x59C4,1, 0xDC4D,2, 0x9307,1, 0x6984,2, 0x18C5,25,
    0x6984,2, 0xF572,1, 0xDC4D,18, 0x29A7,9, 0xBB29,3, 0x9307,3, 0x59C4,2, 0xBB29,1,
    0x6984,2, 0x18C5,25, 0x6984,2, 0xF572,1, 0xDC4D,27, 0xBB29,2, 0x9307,6, 0x59C4,1,
    0x4125,2, 0x18C5,25, 0x6984,2, 0xF572,1, 0xDC4D,27, 0xBB29,2, 0x6984,1, 0x4124,2,
    0x9307,3, 0x59C4,1, 0x18C5,27, 0x6984,2, 0xDC4D,1, 0xBB29,29, 0x6984,1, 0x18C5,3,
    0x9307,3, 0x59C4,2, 0x18C5,25, 0x6984,2, 0xDC4D,1, 0xBB29,29, 0x6984,1, 0x18C5,33,
    0x6984,2, 0xDC4D,1, 0xBB29,29, 0x6984,1, 0x18C5,33, 0x6984,33, 0x18C5,36, 0xBB29,2,
    0x6984,1, 0x18C5,15, 0xBB29,2, 0x6984,1, 0x18C5,45, 0xBB29,2, 0x6984,1, 0x18C5,15,
    0xBB29,2, 0x6984,1, 0x18C5,45, 0x6984,3, 0x18C5,15, 0x6984,3, 0x18C5,40, 0x10A4,1,
    0x1084,35, 0x10A4,1, 0x18C5,29, 0x10A4,1, 0x1084,35, 0x10A4,1, 0x18C5,34, 0x18C6,1,
    0x10A4,26, 0x18C6,1, 0x18C5,25, 0x18C5,164, 0x2126,1, 0x29A7,8, 0x2126,1, 0x18C5,56,
    0x2126,1, 0x29A7,8, 0x2126,1, 0x18C5,55, 0x2126,1, 0x6B8F,1, 0xDF1D,8, 0x6B8F,1,
    0x29A7,1, 0x2126,1, 0x18C5,51, 0x8C72,1, 0xFFFF,4, 0xDF1D,1, 0xCF5D,6, 0xAD97,2,
    0x6B8F,1, 0x2126,1, 0x18C5,50, 0x8C72,1, 0xFFFF,4, 0xDF1D,1, 0xCF5D,6, 0xAD97,2,
    0x6B8F,1, 0x2126,1, 0x18C5,49, 0x2126,1, 0xAD97,1, 0xFFFF,1, 0xDF1D,1, 0xCF5D,11,
    0xAD97,1, 0x6B8F,1, 0x29A7,1, 0x2126,1, 0x18C5,30, 0x4124,1, 0x6984,14, 0x59C4,1,
    0x29A7,1, 0x6B8F,1, 0xDF1D,2, 0xCF5D,3, 0xDF1D,1, 0x6B8F,1, 0x1882,4, 0x6B8F,1,
    0xCF5D,2, 0xAD97,3, 0x6B8F,1, 0x2126,1, 0x18C5,24, 0x4124,5, 0x5144,1, 0x6984,14,
    0x59C4,1, 0x29A7,1, 0x6B8F,1, 0xDF1D,2, 0xCF5D,3, 0xDF1D,1, 0x6B8F,1, 0x1882,4,
    0x6B8F,1, 0xCF5D,2, 0xAD97,3, 0x6B8F,1, 0x2126,1, 0x18C5,24, 0x6984,7, 0xBB29,1,
    0xF572,12, 0x9307,1, 0x29A7,1, 0x6B8F,1, 0xCF5D,5, 0x6B8F,1, 0x1882,5, 0x6B8F,1,
    0xCF5D,3, 0xAD97,1, 0x6B8F,1, 0x29A7,1, 0x2126,1, 0x18C5,22, 0x4125,2, 0x9307,1,
    0xBB29,7, 0xF572,1, 0xFE98,2, 0xF572,1, 0xDC4D,8, 0x9307,1, 0x29A7,1, 0x6B8F,1,
    0xCF5D,5, 0x6B8F,1, 0x1882,5, 0x6B8F,1, 0xCF5D,3, 0xAD97,1, 0x6B8F,1, 0x29A7,1,
    0x2126,1, 0x18C5,22, 0x6984,2, 0x9307,1, 0xDC4D,6, 0xBB29,1, 0xF572,1, 0xFE98,2,
    0xF572,1, 0xDC4D,8, 0x9307,1, 0x29A7,1, 0x6B8F,1, 0xCF5D,5, 0x6B8F,1, 0x1882,5,
    0x6B8F,1, 0xCF5D,3, 0xAD97,1, 0x6B8F,1, 0x29A7,1, 0x3166,1, 0x4124,2, 0x28E5,1,
    0x18C5,19, 0x6984,3, 0xBB29,2, 0xDC4D,4, 0xBB29,1, 0xDC4D,12, 0x9307,1, 0x29A7,1,
    0x6B8F,1, 0xCF5D,5, 0x6B8F,1, 0x1882,5, 0x6B8F,1, 0xCF5D,3, 0xAD97,1, 0x6B8F,1,
    0x29A7,1, 0x59C4,1, 0x6984,2, 0x4125,1, 0x18C5,19, 0x4125,3, 0x9307,2, 0xDC4D,4,
    0xBB29,1, 0xDC4D,12, 0x9307,1, 0x29A7,1, 0x6B8F,1, 0xCF5D,5, 0x6B8F,1, 0x1882,5,
    0x6B8F,1, 0xCF5D,3, 0xAD97,1, 0x6B8F,1, 0x29A7,1, 0x9307,1, 0xBB29,1, 0x9307,1,
    0x69A5,1, 0x4125,1, 0x28E5,1, 0x18C5,20, 0x6984,2, 0xDC4D,4, 0xBB29,1, 0xDC4D,3,
    0xBB29,1, 0x9307,2, 0xBB29,1, 0xDC4D,5, 0x9307,1, 0x29A7,1, 0x6B8F,1, 0xCF5D,5,
    0x6B8F,1, 0x1882,5, 0x6B8F,1, 0xCF5D,3, 0xAD97,1, 0x6B8F,1, 0x29A7,1, 0x9307,1,
    0xDC4D,1, 0xBB29,1, 0x6984,2, 0x4124,1, 0x18C5,20, 0x6984,2, 0xDC4D,4, 0xBB29,1,
    0xDC4D,3, 0x9307,1, 0x1882,2, 0x9307,1, 0xDC4D,5, 0x9307,1, 0x29A7,1, 0x6B8F,1,
    0xDF1D,2, 0xCF5D,3, 0x6B8F,1, 0x1882,5, 0x6B8F,1, 0xCF5D,2, 0xAD97,1, 0x6B8F,2,
    0x29A7,1, 0x9307,1, 0xBB29,1, 0x9307,1, 0x6984,2, 0x4124,1, 0x18C5,17, 0x4125,3,
    0xBB29,2, 0xDC4D,4, 0xBB29,1, 0xDC4D,3, 0x9307,1, 0x1882,2, 0x9307,1, 0xDC4D,7,
    0x9307,1, 0x6B8F,1, 0xAD97,2, 0xCF5D,11, 0xAD97,1, 0x29A7,2, 0x9307,1, 0xBB29,1,
    0x9307,1, 0x69A5,1, 0x4125,2, 0x28E5,1, 0x18C5,17, 0x6984,2, 0x9307,1, 0xDC4D,2,
    0xBB29,5, 0xDC4D,3, 0xBB29,1, 0x9307,2, 0xBB29,1, 0xDC4D,7, 0x9307,1, 0x6B8F,1,
    0xAD97,2, 0xCF5D,11, 0xAD97,1, 0x29A7,2, 0x9307,2, 0x6984,1, 0x4125,1, 0x18C5,20,
    0x6984,2, 0xBB29,8, 0xDC4D,15, 0x9307,1, 0x29A7,1, 0x6B8F,1, 0xAD97,3, 0xCF5D,5,
    0xAD97,1, 0x6B8F,2, 0x29A7,2, 0x59C4,1, 0x9307,2, 0x6984,1, 0x4125,1, 0x18C5,20,
    0x4125,2, 0x9307,7, 0xBB29,1, 0xDC4D,17, 0x9307,1, 0x6B8F,1, 0xAD97,1, 0x6B8F,7,
    0x29A7,2, 0x59C4,1, 0x9307,2, 0x6984,1, 0x9307,1, 0xBB29,1, 0x7A48,1, 0x4125,2,
    0x28E5,1, 0x18C5,19, 0x4124,5, 0x5144,1, 0x6984,1, 0xBB29,1, 0xDC4D,17, 0x9307,1,
    0x6B8F,1, 0xAD97,1, 0x6B8F,7, 0x29A7,2, 0x59C4,1, 0x9307,2, 0x6984,1, 0x9307,1,
    0xDC4D,1, 0xBB29,1, 0x6984,2, 0x4124,1, 0x18C5,24, 0x4124,1, 0x6984,1, 0xBB29,1,
    0xDC4D,18, 0x9307,1, 0x29A7,8, 0x9307,1, 0xBB29,1, 0x9307,4, 0x6984,1, 0x59C4,1,
    0x9307,2, 0x6984,1, 0x4124,1, 0x18C5,24, 0x4124,1, 0x6984,1, 0xBB29,1, 0xDC4D,27,
    0xBB29,2, 0x9307,6, 0x6984,2, 0x4125,1, 0x28E5,1, 0x18C5,24, 0x4124,1, 0x6984,1,
    0xBB29,1, 0xDC4D,27, 0xBB29,2, 0x9307,1, 0x5144,1, 0x4124,1, 0x6A06,1, 0x9307,2,
    0x6984,1, 0x4144,1, 0x18C5,26, 0x4124,1, 0x6984,1, 0x9307,1, 0xBB29,29, 0x9307,1,
    0x4124,1, 0x18C5,2, 0x51E6,1, 0x9307,2, 0x6984,1, 0x59C4,1, 0x3944,1, 0x18C5,24,
    0x4124,1, 0x6984,1, 0x9307,1, 0xBB29,29, 0x9307,1, 0x4124,1, 0x18C5,32, 0x4124,1,
    0x6984,1, 0x9307,1, 0xBB29,29, 0x9307,1, 0x4124,1, 0x18C5,32, 0x4124,1, 0x6984,32,
    0x4124,1, 0x18C5,35, 0x69E7,1, 0xBB29,1, 0x9307,1, 0x4124,1, 0x18C5,14, 0x69E7,1,
    0xBB29,1, 0x9307,1, 0x4124,1, 0x18C5,44, 0x69E7,1, 0xBB29,1, 0x9307,1, 0x4124,1,
    0x18C5,14, 0x69E7,1, 0xBB29,1, 0x9307,1, 0x4124,1, 0x18C5,44, 0x4124,1, 0x6984,2,
    0x4124,1, 0x18C5,14, 0x4124,1, 0x6984,2, 0x4124,1, 0x18C5,40, 0x1084,36, 0x18C5,30,
    0x1084,36, 0x18C5,35, 0x10A4,27, 0x18C5,24, 0x18C5,164, 0x2126,1, 0x29A7,8, 0x2126,1,
    0x18C5,56, 0x2126,1, 0x29A7,8, 0x2126,1, 0x18C5,55, 0x2126,1, 0x6B8F,1, 0xDF1D,8,
    0x6B8F,1, 0x29A7,1, 0x2126,1, 0x18C5,51, 0x8C72,1, 0xFFFF,4, 0xDF1D,1, 0xCF5D,6,
    0xAD97,2, 0x6B8F,1, 0x2126,1, 0x18C5,50, 0x8C72,1, 0xFFFF,4, 0xDF1D,1, 0xCF5D,6,
    0xAD97,2, 0x6B8F,1, 0x2126,1, 0x18C5,49, 0x2126,1, 0xAD97,1, 0xFFFF,1, 0xDF1D,1,
    0xCF5D,11, 0xAD97,1, 0x6B8F,1, 0x29A7,1, 0x2126,1, 0x18C5,30, 0x4124,1, 0x6984,14,
    0x59C4,1, 0x29A7,1, 0x6B8F,1, 0xDF1D,2, 0xCF5D,3, 0xDF1D,1, 0x6B8F,1, 0x1882,4,
    0x6B8F,1, 0xCF5D,2, 0xAD97,3, 0x6B8F,1, 0x2126,1, 0x18C5,24, 0x4124,5, 0x5144,1,
    0x6984,14, 0x59C4,1, 0x29A7,1, 0x6B8F,1, 0xDF1D,2, 0xCF5D,3, 0xDF1D,1, 0x6B8F,1,
    0x1882,4, 0x6B8F,1, 0xCF5D,2, 0xAD97,3, 0x6B8F,1, 0x2126,1, 0x18C5,24, 0x6984,7,
    0xBB29,1, 0xF572,12, 0x9307,1, 0x29A7,1, 0x6B8F,1, 0xCF5D,5, 0x6B8F,1, 0x1882,5,
    0x6B8F,1, 0xCF5D,3, 0xAD97,1, 0x6B8F,1, 0x29A7,1, 0x2126,1, 0x18C5,22, 0x4125,2,
    0x9307,1, 0xBB29,7, 0xF572,1, 0xFE98,2, 0xF572,1, 0xDC4D,8, 0x9307,1, 0x29A7,1,
    0x6B8F,1, 0xCF5D,5, 0x6B8F,1, 0x1882,5, 0x6B8F,1, 0xCF5D,3, 0xAD97,1, 0x6B8F,1,
    0x29A7,1, 0x2126,1, 0x18C5,22, 0x6984,2, 0x9307,1, 0xDC4D,6, 0xBB29,1, 0xF572,1,
    0xFE98,2, 0xF572,1, 0xDC4D,8, 0x9307,1, 0x29A7,1, 0x6B8F,1, 0xCF5D,5, 0x6B8F,1,
    0x1882,5, 0x6B8F,1, 0xCF5D,3, 0xAD97,1, 0x6B8F,1, 0x29A7,1, 0x3166,1, 0x4124,2,
    0x28E5,1, 0x18C5,19, 0x6984,3, 0xBB29,2, 0xDC4D,4, 0xBB29,1, 0xDC4D,12, 0x9307,1,
    0x29A7,1, 0x6B8F,1, 0xCF5D,5, 0x6B8F,1, 0x1882,5, 0x6B8F,1, 0xCF5D,3, 0xAD97,1,
    0x6B8F,1, 0x29A7,1, 0x59C4,1, 0x6984,2, 0x4125,1, 0x18C5,19, 0x4125,3, 0x9307,2,
    0xDC4D,4, 0xBB29,1, 0xDC4D,12, 0x9307,1, 0x29A7,1, 0x6B8F,1, 0xCF5D,5, 0x6B8F,1,
    0x1882,5, 0x6B8F,1, 0xCF5D,3, 0xAD97,1, 0x6B8F,1, 0x29A7,1, 0x9307,1, 0xBB29,1,
    0x9307,1, 0x69A5,1, 0x4125,1, 0x28E5,1, 0x18C5,20, 0x6984,2, 0xDC4D,4, 0xBB29,1,
    0xDC4D,3, 0xBB29,1, 0x9307,2, 0xBB29,1, 0xDC4D,5, 0x9307,1, 0x29A7,1, 0x6B8F,1,
    0xCF5D,5, 0x6B8F,1, 0x1882,5, 0x6B8F,1, 0xCF5D,3, 0xAD97,1, 0x6B8F,1, 0x29A7,1,
    0x9307,1, 0xDC4D,1, 0xBB29,1, 0x6984,2, 0x4124,1, 0x18C5,20, 0x6984,2, 0xDC4D,4,
    0xBB29,1, 0xDC4D,3, 0x9307,1, 0x1882,2, 0x9307,1, 0xDC4D,5, 0x9307,1, 0x29A7,1,
    0x6B8F,1, 0xDF1D,2, 0xCF5D,3, 0x6B8F,1, 0x1882,5, 0x6B8F,1, 0xCF5D,2, 0xAD97,1,
    0x6B8F,2, 0x29A7,1, 0x9307,1, 0xBB29,1, 0x9307,1, 0x6984,2, 0x4124,1, 0x18C5,17,
    0x4125,3, 0xBB29,2, 0xDC4D,4, 0xBB29,1, 0xDC4D,3, 0x9307,1, 0x1882,2, 0x9307,1,
    0xDC4D,7, 0x9307,1, 0x6B8F,1, 0xAD97,2, 0xCF5D,11, 0xAD97,1, 0x29A7,2, 0x9307,1,
    0xBB29,1, 0x9307,1, 0x69A5,1, 0x4125,2, 0x28E5,1, 0x18C5,17, 0x6984,2, 0x9307,1,
    0xDC4D,2, 0xBB29,5, 0xDC4D,3, 0xBB29,1, 0x9307,2, 0xBB29,1, 0xDC4D,7, 0x9307,1,
    0x6B8F,1, 0xAD97,2, 0xCF5D,11, 0xAD97,1, 0x29A7,2, 0x9307,2, 0x6984,1, 0x4125,1,
    0x18C5,20, 0x6984,2, 0xBB29,8, 0xDC4D,15, 0x9307,1, 0x29A7,1, 0x6B8F,1, 0xAD97,3,
    0xCF5D,5, 0xAD97,1, 0x6B8F,2, 0x29A7,2, 0x59C4,1, 0x9307,2, 0x6984,1, 0x4125,1,
    0x18C5,20, 0x4125,2, 0x9307,7, 0xBB29,1, 0xDC4D,17, 0x9307,1, 0x6B8F,1, 0xAD97,1,
    0x6B8F,7, 0x29A7,2, 0x59C4,1, 0x9307,2, 0x6984,1, 0x9307,1, 0xBB29,1, 0x7A48,1,
    0x4125,2, 0x28E5,1, 0x18C5,19, 0x4124,5, 0x5144,1, 0x6984,1, 0xBB29,1, 0xDC4D,17,
    0x9307,1, 0x6B8F,1, 0xAD97,1, 0x6B8F,7, 0x29A7,2, 0x59C4,1, 0x9307,2, 0x6984,1,
    0x9307,1, 0xDC4D,1, 0xBB29,1, 0x6984,2, 0x4124,1, 0x18C5,24, 0x4124,1, 0x6984,1,
    0xBB29,1, 0xDC4D,18, 0x9307,1, 0x29A7,8, 0x9307,1, 0xBB29,1, 0x9307,4, 0x6984,1,
    0x59C4,1, 0x9307,2, 0x6984,1, 0x4124,1, 0x18C5,24, 0x4124,1, 0x6984,1, 0xBB29,1,
    0xDC4D,27, 0xBB29,2, 0x9307,6, 0x6984,2, 0x4125,1, 0x28E5,1, 0x18C5,24, 0x4124,1,
    0x6984,1, 0xBB29,1, 0xDC4D,27, 0xBB29,2, 0x9307,1, 0x5144,1, 0x4124,1, 0x6A06,1,
    0x9307,2, 0x6984,1, 0x4144,1, 0x18C5,26, 0x4124,1, 0x6984,1, 0x9307,1, 0xBB29,29,
    0x9307,1, 0x4124,1, 0x18C5,2, 0x51E6,1, 0x9307,2, 0x6984,1, 0x59C4,1, 0x3944,1,
    0x18C5,24, 0x4124,1, 0x6984,1, 0x9307,1, 0xBB29,29, 0x9307,1, 0x4124,1, 0x18C5,32,
    0x4124,1, 0x6984,1, 0x9307,1, 0xBB29,29, 0x9307,1, 0x4124,1, 0x18C5,32, 0x4124,1,
    0x6984,32, 0x4124,1, 0x18C5,41, 0x69E7,1, 0xBB29,1, 0x9307,1, 0x4124,1, 0x18C5,14,
    0x69E7,1, 0xBB29,1, 0x9307,1, 0x4124,1, 0x18C5,44, 0x69E7,1, 0xBB29,1, 0x9307,1,
    0x4124,1, 0x18C5,14, 0x69E7,1, 0xBB29,1, 0x9307,1, 0x4124,1, 0x18C5,44, 0x4124,1,
    0x6984,2, 0x4124,1, 0x18C5,14, 0x4124,1, 0x6984,2, 0x4124,1, 0x18C5,34, 0x1084,36,
    0x18C5,30, 0x1084,36, 0x18C5,35, 0x10A4,27, 0x18C5,24, 0x18C5,166, 0x29A7,9, 0x18C5,57,
    0x29A7,9, 0x18C5,56, 0x29A7,1, 0xDF1D,9, 0x29A7,2, 0x18C5,52, 0xFFFF,5, 0xCF5D,6,
    0xDF1D,1, 0xAD97,2, 0x29A7,1, 0x18C5,51, 0xFFFF,5, 0xCF5D,6, 0xDF1D,1, 0xAD97,2,
    0x29A7,1, 0x18C5,50, 0x29A7,1, 0xFFFF,2, 0xCF5D,12, 0xAD97,1, 0x29A7,2, 0x18C5,31,
    0x6984,15, 0x29A7,2, 0xDF1D,3, 0xCF5D,3, 0xFFFF,1, 0x1882,5, 0xCF5D,3, 0xAD97,3,
    0x29A7,1, 0x18C5,24, 0x28E5,1, 0x4124,5, 0x6984,15, 0x29A7,2, 0xDF1D,3, 0xCF5D,3,
    0xFFFF,1, 0x1882,5, 0xCF5D,3, 0xAD97,3, 0x29A7,1, 0x18C5,24, 0x4125,1, 0x6984,7,
    0xF572,13, 0x29A7,2, 0xDF1D,1, 0xCF5D,5, 0x1882,6, 0xCF5D,4, 0x6B8F,2, 0x29A7,1,
    0x18C5,22, 0x28E5,1, 0x4125,1, 0x69A5,1, 0x9307,1, 0xBB29,5, 0x9307,1, 0xF572,1,
    0xFE98,3, 0xDC4D,9, 0x29A7,2, 0xDF1D,1, 0xCF5D,5, 0x1882,6, 0xCF5D,4, 0x6B8F,2,
    0x29A7,1, 0x18C5,22, 0x4124,1, 0x6984,2, 0xBB29,1, 0xDC4D,5, 0xBB29,1, 0xF572,1,
    0xFE98,3, 0xDC4D,9, 0x29A7,2, 0xDF1D,1, 0xCF5D,5, 0x1882,6, 0xCF5D,4, 0x6B8F,2,
    0x29A7,1, 0x4124,3, 0x18C5,19, 0x4124,1, 0x6984,2, 0x9307,1, 0xBB29,2, 0xDC4D,3,
    0x9307,1, 0xF572,1, 0xDC4D,12, 0x29A7,2, 0xDF1D,1, 0xCF5D,5, 0x1882,6, 0xCF5D,4,
    0x6B8F,2, 0x29A7,1, 0x6984,3, 0x18C5,19, 0x28E5,1, 0x4125,2, 0x69A5,1, 0x9307,1,
    0xBB29,1, 0xDC4D,3, 0x9307,1, 0xF572,1, 0xDC4D,12, 0x29A7,2, 0xDF1D,1, 0xCF5D,5,
    0x1882,6, 0xCF5D,4, 0x6B8F,2, 0x29A7,1, 0xBB29,2, 0x9307,1, 0x4125,2, 0x18C5,20,
    0x4125,1, 0x6984,1, 0x9307,1, 0xDC4D,3, 0x9307,1, 0xF572,1, 0xDC4D,3, 0x9307,3,
    0xDC4D,6, 0x29A7,2, 0xDF1D,1, 0xCF5D,5, 0x1882,6, 0xCF5D,4, 0x6B8F,2, 0x29A7,1,
    0xDC4D,2, 0x9307,1, 0x6984,2, 0x18C5,20, 0x4125,1, 0x6984,1, 0x9307,1, 0xDC4D,3,
    0x9307,1, 0xF572,1, 0xDC4D,3, 0x1882,3, 0xDC4D,6, 0x29A7,2, 0xDF1D,3, 0xCF5D,3,
    0x1882,6, 0xCF5D,3, 0x6B8F,3, 0x29A7,1, 0xBB29,2, 0x6984,3, 0x18C5,17, 0x28E5,1,
    0x4125,2, 0x7A48,1, 0xBB29,1, 0xDC4D,4, 0x9307,1, 0xF572,1, 0xDC4D,3, 0x1882,3,
    0xDC4D,8, 0x29A7,1, 0xAD97,2, 0xCF5D,12, 0x6B8F,1, 0x29A7,2, 0xDC4D,1, 0x9307,2,
    0x4125,3, 0x18C5,17, 0x4124,1, 0x6984,2, 0xBB29,1, 0xDC4D,2, 0xBB29,3, 0x9307,1,
    0xF572,1, 0xDC4D,3, 0x9307,3, 0xDC4D,8, 0x29A7,1, 0xAD97,2, 0xCF5D,12, 0x6B8F,1,
    0x29A7,2, 0xDC4D,1, 0x6984,2, 0x18C5,20, 0x4124,1, 0x6984,1, 0x9307,1, 0xBB29,6,
    0x9307,1, 0xF572,1, 0xDC4D,15, 0x29A7,2, 0xAD97,3, 0xCF5D,6, 0x6B8F,3, 0x29A7,1,
    0x59C4,2, 0xDC4D,1, 0x6984,2, 0x18C5,20, 0x28E5,1, 0x4125,1, 0x69A5,1, 0x9307,6,
    0x6984,1, 0xF572,1, 0xDC4D,17, 0x29A7,1, 0xAD97,2, 0x6B8F,7, 0x29A7,2, 0x9307,3,
    0x59C4,1, 0xBB29,2, 0x4125,3, 0x18C5,19, 0x28E5,1, 0x4124,5, 0x6984,2, 0xF572,1,
    0xDC4D,17, 0x29A7,1, 0xAD97,2, 0x6B8F,7, 0x29A7,2, 0x9307,3, 0x59C4,1, 0xDC4D,2,
    0x9307,1, 0x6984,2, 0x18C5,25, 0x6984,2, 0xF572,1, 0xDC4D,18, 0x29A7,9, 0xBB29,3,
    0x9307,3, 0x59C4,2, 0xBB29,1, 0x6984,2, 0x18C5,25, 0x6984,2, 0xF572,1, 0xDC4D,27,
    0xBB29,2, 0x9307,6, 0x59C4,1, 0x4125,2, 0x18C5,25, 0x6984,2, 0xF572,1, 0xDC4D,27,
    0xBB29,2, 0x6984,1, 0x4124,2, 0x9307,3, 0x59C4,1, 0x18C5,27, 0x6984,2, 0xDC4D,1,
    0xBB29,29, 0x6984,1, 0x18C5,3, 0x9307,3, 0x59C4,2, 0x18C5,25, 0x6984,2, 0xDC4D,1,
    0xBB29,29, 0x6984,1, 0x18C5,33, 0x6984,2, 0xDC4D,1, 0xBB29,29, 0x6984,1, 0x18C5,33,
    0x6984,33, 0x18C5,42, 0xBB29,2, 0x6984,1, 0x18C5,15, 0xBB29,2, 0x6984,1, 0x18C5,45,
    0xBB29,2, 0x6984,1, 0x18C5,15, 0xBB29,2, 0x6984,1, 0x18C5,45, 0x6984,3, 0x18C5,15,
    0x6984,3, 0x18C5,34, 0x10A4,1, 0x1084,35, 0x10A4,1, 0x18C5,29, 0x10A4,1, 0x1084,35,
    0x10A4,1, 0x18C5,34, 0x18C6,1, 0x10A4,26, 0x18C6,1, 0x18C5,22, 0x18C5,35, 0x1906,1,
    0x2126,8, 0x1906,1, 0x18C5,56, 0x2126,1, 0x29A7,8, 0x2126,1, 0x18C5,55, 0x1906,1,
    0x52CC,1, 0x6B8F,8, 0x52CC,1, 0x2126,1, 0x1906,1, 0x18C5,51, 0x528C,1, 0x8C72,1,
    0x9493,1, 0xAD97,1, 0xDF1D,2, 0xCF5D,5, 0xDF1D,1, 0xAD97,1, 0x6B8F,1, 0x426B,1,
    0x1906,1, 0x18C5,50, 0x8C72,1, 0xFFFF,4, 0xDF1D,1, 0xCF5D,6, 0xAD97,2, 0x6B8F,1,
    0x2126,1, 0x18C5,49, 0x1906,1, 0x9493,1, 0xFFFF,2, 0xDF1D,2, 0xCF5D,8, 0xAD97,2,
    0x426B,1, 0x2126,1, 0x1906,1, 0x18C5,45, 0x1906,1, 0x2126,1, 0x52CC,1, 0xAD97,1,
    0xDF1D,2, 0xCF5D,3, 0xAD97,1, 0x6B8F,4, 0xAD97,1, 0xCF5D,2, 0xAD97,1, 0x6B8F,2,
    0x426B,1, 0x1906,1, 0x18C5,44, 0x2126,1, 0x29A7,1, 0x6B8F,1, 0xDF1D,2, 0xCF5D,3,
    0xDF1D,1, 0x6B8F,1, 0x1882,4, 0x6B8F,1, 0xCF5D,2, 0xAD97,3, 0x6B8F,1, 0x2126,1,
    0x18C5,29, 0x4124,1, 0x6984,14, 0x59C4,1, 0x29A7,1, 0x6B8F,1, 0xDF1D,1, 0xCF5D,4,
    0xAD97,1, 0x29A7,1, 0x1882,4, 0x6B8F,1, 0xCF5D,3, 0xAD97,1, 0x6B8F,2, 0x2126,1,
    0x18C5,24, 0x4124,5, 0x5144,1, 0x6984,14, 0x59C4,1, 0x29A7,1, 0x6B8F,1, 0xCF5D,5,
    0x6B8F,1, 0x1882,5, 0x6B8F,1, 0xCF5D,3, 0xAD97,1, 0x6B8F,1, 0x29A7,1, 0x2126,1,
    0x18C5,24, 0x6984,7, 0xBB29,1, 0xF572,12, 0x9307,1, 0x29A7,1, 0x6B8F,1, 0xCF5D,5,
    0x6B8F,1, 0x1882,5, 0x6B8F,1, 0xCF5D,3, 0xAD97,1, 0x6B8F,1, 0x29A7,1, 0x2126,1,
    0x18C5,22, 0x4125,2, 0x9307,1, 0xBB29,7, 0xF572,1, 0xFE98,2, 0xF572,1, 0xDC4D,8,
    0x9307,1, 0x29A7,1, 0x6B8F,1, 0xCF5D,5, 0x6B8F,1, 0x1882,5, 0x6B8F,1, 0xCF5D,3,
    0xAD97,1, 0x6B8F,1, 0x29A7,1, 0x2126,1, 0x18C5,22, 0x6984,2, 0x9307,1, 0xDC4D,6,
    0xBB29,1, 0xF572,1, 0xFE98,2, 0xF572,1, 0xDC4D,8, 0x9307,1, 0x29A7,1, 0x6B8F,1,
    0xCF5D,5, 0x6B8F,1, 0x1882,5, 0x6B8F,1, 0xCF5D,3, 0xAD97,1, 0x6B8F,1, 0x29A7,1,
    0x3166,1, 0x4124,2, 0x28E5,1, 0x18C5,19, 0x6984,3, 0xBB29,2, 0xDC4D,4, 0xBB29,1,
    0xDC4D,12, 0x9307,1, 0x29A7,1, 0x6B8F,1, 0xCF5D,5, 0x6B8F,1, 0x1882,5, 0x6B8F,1,
    0xCF5D,3, 0xAD97,1, 0x6B8F,1, 0x29A7,1, 0x59C4,1, 0x6984,2, 0x4125,1, 0x18C5,19,
    0x4125,3, 0x9307,2, 0xDC4D,4, 0xBB29,1, 0xDC4D,12, 0x9307,1, 0x29A7,1, 0x6B8F,1,
    0xDF1D,1, 0xCF5D,4, 0x6B8F,1, 0x1882,5, 0x6B8F,1, 0xCF5D,2, 0xAD97,1, 0x6B8F,2,
    0x29A7,1, 0x9307,1, 0xBB29,1, 0x9307,1, 0x69A5,1, 0x4125,1, 0x28E5,1, 0x18C5,20,
    0x6984,2, 0xDC4D,4, 0xBB29,1, 0xDC4D,3, 0xBB29,1, 0x9307,2, 0xBB29,1, 0xDC4D,5,
    0xBB29,1, 0x9307,1, 0x6B8F,1, 0xAD97,2, 0xCF5D,3, 0xAD97,1, 0x6B8F,5, 0xAD97,1,
    0xCF5D,2, 0xAD97,1, 0x6B8F,1, 0x29A7,1, 0x6B8F,1, 0xBB29,1, 0xDC4D,1, 0xBB29,1,
    0x6984,2, 0x4124,1, 0x18C5,20, 0x6984,2, 0xDC4D,4, 0xBB29,1, 0xDC4D,3, 0x9307,1,
    0x1882,2, 0x9307,1, 0xDC4D,7, 0x9307,1, 0x6B8F,1, 0xAD97,2, 0xCF5D,11, 0xAD97,1,
    0x29A7,2, 0x9307,1, 0xBB29,2, 0x9307,1, 0x6984,2, 0x4124,1, 0x18C5,17, 0x4125,3,
    0xBB29,2, 0xDC4D,4, 0xBB29,1, 0xDC4D,3, 0x9307,1, 0x1882,2, 0x9307,1, 0xDC4D,7,
    0xBB29,1, 0x6B8F,2, 0xAD97,3, 0xCF5D,6, 0xAD97,3, 0x6B8F,1, 0x29A7,2, 0x9307,1,
    0xBB29,1, 0x9307,1, 0x69A5,1, 0x4125,2, 0x28E5,1, 0x18C5,17, 0x6984,2, 0x9307,1,
    0xDC4D,2, 0xBB29,5, 0xDC4D,3, 0xBB29,1, 0x9307,2, 0xBB29,1, 0xDC4D,8, 0xBB29,1,
    0x9307,1, 0x6B8F,2, 0xAD97,7, 0x6B8F,2, 0x29A7,1, 0x59C4,2, 0x6984,1, 0x9307,2,
    0x6984,1, 0x4125,1, 0x18C5,20, 0x6984,2, 0xBB29,8, 0xDC4D,17, 0x9307,1, 0x6B8F,1,
    0xAD97,1, 0x6B8F,7, 0x29A7,2, 0x59C4,1, 0x9307,2, 0x6984,1, 0x9307,1, 0x6984,1,
    0x4125,1, 0x18C5,20, 0x4125,2, 0x9307,7, 0xBB29,1, 0xDC4D,17, 0xBB29,1, 0x6B8F,3,
    0x29A7,6, 0x6B8F,1, 0x9307,2, 0xBB29,1, 0x9307,5, 0x4125,2, 0x28E5,1, 0x18C5,19,
    0x4124,5, 0x5144,1, 0x6984,1, 0xBB29,1, 0xDC4D,18, 0xBB29,1, 0x9307,8, 0xBB29,5,
    0x9307,2, 0x6984,1, 0x9307,1, 0x6984,2, 0x4124,1, 0x18C5,24, 0x4124,1, 0x6984,1,
    0xBB29,1, 0xDC4D,27, 0xBB29,2, 0x9307,1, 0xBB29,2, 0x9307,3, 0x6984,3, 0x4124,1,
    0x18C5,24, 0x4124,1, 0x6984,1, 0xBB29,1, 0xDC4D,27, 0xBB29,2, 0x9307,7, 0x6984,1,
    0x4964,1, 0x3924,1, 0x18C5,24, 0x4124,1, 0x6984,1, 0xBB29,1, 0xDC4D,27, 0xBB29,2,
    0x9307,1, 0x5144,1, 0x4124,2, 0x5185,1, 0x6A06,2, 0x51A5,1, 0x3944,1, 0x2905,1,
    0x18C5,24, 0x4124,1, 0x6984,1, 0x9307,1, 0xBB29,29, 0x9307,1, 0x4124,1, 0x18C5,32,
    0x4124,1, 0x6984,1, 0x9307,1, 0xBB29,29, 0x9307,1, 0x4124,1, 0x18C5,32, 0x4124,1,
    0x6984,1, 0x9307,1, 0xBB29,29, 0x9307,1, 0x4124,1, 0x18C5,32, 0x4124,1, 0x6984,32,
    0x4124,1, 0x18C5,35, 0x69E7,1, 0xBB29,1, 0x9307,1, 0x4124,1, 0x18C5,14, 0x69E7,1,
    0xBB29,1, 0x9307,1, 0x4124,1, 0x18C5,44, 0x69E7,1, 0xBB29,1, 0x9307,1, 0x4124,1,
    0x18C5,14, 0x69E7,1, 0xBB29,1, 0x9307,1, 0x4124,1, 0x18C5,44, 0x4124,1, 0x6984,2,
    0x4124,1, 0x18C5,14, 0x4124,1, 0x6984,2, 0x4124,1, 0x18C5,40, 0x1084,36, 0x18C5,30,
    0x1084,36, 0x18C5,35, 0x10A4,27, 0x18C5,21, 0x18C5,37, 0x2126,9, 0x18C5,57, 0x29A7,9,
    0x18C5,56, 0x2126,1, 0x6B8F,9, 0x2126,2, 0x18C5,52, 0x8C72,2, 0xAD97,1, 0xDF1D,2,
    0xCF5D,6, 0xDF1D,1, 0x6B8F,2, 0x2126,1, 0x18C5,51, 0xFFFF,5, 0xCF5D,6, 0xDF1D,1,
    0xAD97,2, 0x29A7,1, 0x18C5,50, 0x2126,1, 0xFFFF,2, 0xDF1D,3, 0xCF5D,7, 0xAD97,2,
    0x6B8F,1, 0x2126,2, 0x18C5,46, 0x2126,2, 0x6B8F,1, 0xDF1D,2, 0xCF5D,3, 0xDF1D,1,
    0x6B8F,5, 0xCF5D,3, 0xAD97,1, 0x6B8F,2, 0x2126,1, 0x18C5,45, 0x29A7,2, 0xDF1D,3,
    0xCF5D,3, 0xFFFF,1, 0x1882,5, 0xCF5D,3, 0xAD97,3, 0x29A7,1, 0x18C5,30, 0x6984,15,
    0x29A7,2, 0xDF1D,1, 0xCF5D,5, 0x6B8F,1, 0x1882,5, 0xCF5D,3, 0xAD97,1, 0x6B8F,2,
    0x29A7,1, 0x18C5,24, 0x28E5,1, 0x4124,5, 0x6984,15, 0x29A7,2, 0xDF1D,1, 0xCF5D,5,
    0x1882,6, 0xCF5D,4, 0x6B8F,2, 0x29A7,1, 0x18C5,24, 0x4125,1, 0x6984,7, 0xF572,13,
    0x29A7,2, 0xDF1D,1, 0xCF5D,5, 0x1882,6, 0xCF5D,4, 0x6B8F,2, 0x29A7,1, 0x18C5,22,
    0x28E5,1, 0x4125,1, 0x69A5,1, 0x9307,1, 0xBB29,5, 0x9307,1, 0xF572,1, 0xFE98,3,
    0xDC4D,9, 0x29A7,2, 0xDF1D,1, 0xCF5D,5, 0x1882,6, 0xCF5D,4, 0x6B8F,2, 0x29A7,1,
    0x18C5,22, 0x4124,1, 0x6984,2, 0xBB29,1, 0xDC4D,5, 0xBB29,1, 0xF572,1, 0xFE98,3,
    0xDC4D,9, 0x29A7,2, 0xDF1D,1, 0xCF5D,5, 0x1882,6, 0xCF5D,4, 0x6B8F,2, 0x29A7,1,
    0x4124,3, 0x18C5,19, 0x4124,1, 0x6984,2, 0x9307,1, 0xBB29,2, 0xDC4D,3, 0x9307,1,
    0xF572,1, 0xDC4D,12, 0x29A7,2, 0xDF1D,1, 0xCF5D,5, 0x1882,6, 0xCF5D,4, 0x6B8F,2,
    0x29A7,1, 0x6984,3, 0x18C5,19, 0x28E5,1, 0x4125,2, 0x69A5,1, 0x9307,1, 0xBB29,1,
    0xDC4D,3, 0x9307,1, 0xF572,1, 0xDC4D,12, 0x29A7,2, 0xDF1D,1, 0xCF5D,5, 0x1882,6,
    0xCF5D,3, 0xAD97,1, 0x6B8F,2, 0x29A7,1, 0xBB29,2, 0x9307,1, 0x4125,2, 0x18C5,20,
    0x4125,1, 0x6984,1, 0x9307,1, 0xDC4D,3, 0x9307,1, 0xF572,1, 0xDC4D,3, 0x9307,3,
    0xDC4D,6, 0x9307,2, 0x6B8F,1, 0xAD97,2, 0xCF5D,3, 0x6B8F,6, 0xCF5D,3, 0x6B8F,1,
    0x29A7,2, 0x9307,1, 0xDC4D,2, 0x9307,1, 0x6984,2, 0x18C5,20, 0x4125,1, 0x6984,1,
    0x9307,1, 0xDC4D,3, 0x9307,1, 0xF572,1, 0xDC4D,3, 0x1882,3, 0xDC4D,8, 0x29A7,1,
    0xAD97,2, 0xCF5D,12, 0x6B8F,1, 0x29A7,2, 0xDC4D,1, 0xBB29,2, 0x6984,3, 0x18C5,17,
    0x28E5,1, 0x4125,2, 0x7A48,1, 0xBB29,1, 0xDC4D,4, 0x9307,1, 0xF572,1, 0xDC4D,3,
    0x1882,3, 0xDC4D,8, 0x9307,1, 0x6B8F,2, 0xAD97,3, 0xCF5D,6, 0xAD97,3, 0x29A7,3,
    0xDC4D,1, 0x9307,2, 0x4125,3, 0x18C5,17, 0x4124,1, 0x6984,2, 0xBB29,1, 0xDC4D,2,
    0xBB29,3, 0x9307,1, 0xF572,1, 0xDC4D,3, 0x9307,3, 0xDC4D,9, 0x9307,2, 0x6B8F,1,
    0xAD97,8, 0x6B8F,1, 0x29A7,2, 0x59C4,1, 0x6984,2, 0x9307,1, 0x6984,2, 0x18C5,20,
    0x4124,1, 0x6984,1, 0x9307,1, 0xBB29,6, 0x9307,1, 0xF572,1, 0xDC4D,17, 0x29A7,1,
    0xAD97,2, 0x6B8F,7, 0x29A7,2, 0x9307,3, 0x59C4,1, 0x6984,2, 0x18C5,20, 0x28E5,1,
    0x4125,1, 0x69A5,1, 0x9307,6, 0x6984,1, 0xF572,1, 0xDC4D,17, 0x9307,1, 0x6B8F,2,
    0x29A7,7, 0x9307,2, 0xBB29,1, 0x9307,2, 0x6984,1, 0x9307,2, 0x4125,3, 0x18C5,19,
    0x28E5,1, 0x4124,5, 0x6984,2, 0xF572,1, 0xDC4D,18, 0x9307,9, 0xBB29,5, 0x9307,1,
    0x6984,5, 0x18C5,25, 0x6984,2, 0xF572,1, 0xDC4D,27, 0xBB29,5, 0x9307,3, 0x59C4,1,
    0x6984,2, 0x18C5,25, 0x6984,2, 0xF572,1, 0xDC4D,27, 0xBB29,2, 0x9307,6, 0x6984,1,
    0x4964,2, 0x18C5,25, 0x6984,2, 0xF572,1, 0xDC4D,27, 0xBB29,2, 0x6984,1, 0x4124,3,
    0x6A06,3, 0x3944,2, 0x18C5,25, 0x6984,2, 0xDC4D,1, 0xBB29,29, 0x6984,1, 0x18C5,33,
    0x6984,2, 0xDC4D,1, 0xBB29,29, 0x6984,1, 0x18C5,33, 0x6984,2, 0xDC4D,1, 0xBB29,29,
    0x6984,1, 0x18C5,33, 0x6984,33, 0x18C5,36, 0xBB29,2, 0x6984,1, 0x18C5,15, 0xBB29,2,
    0x6984,1, 0x18C5,45, 0xBB29,2, 0x6984,1, 0x18C5,15, 0xBB29,2, 0x6984,1, 0x18C5,45,
    0x6984,3, 0x18C5,15, 0x6984,3, 0x18C5,40, 0x10A4,1, 0x1084,35, 0x10A4,1, 0x18C5,29,
    0x10A4,1, 0x1084,35, 0x10A4,1, 0x18C5,34, 0x18C6,1, 0x10A4,26, 0x18C6,1, 0x18C5,19,
    0x18C5,38, 0x1906,1, 0x2126,8, 0x1906,1, 0x18C5,56, 0x2126,1, 0x29A7,8, 0x2126,1,
    0x18C5,55, 0x1906,1, 0x52CC,1, 0x6B8F,8, 0x52CC,1, 0x2126,1, 0x1906,1, 0x18C5,51,
    0x528C,1, 0x8C72,1, 0x9493,1, 0xAD97,1, 0xDF1D,2, 0xCF5D,5, 0xDF1D,1, 0xAD97,1,
    0x6B8F,1, 0x426B,1, 0x1906,1, 0x18C5,50, 0x8C72,1, 0xFFFF,4, 0xDF1D,1, 0xCF5D,6,
    0xAD97,2, 0x6B8F,1, 0x2126,1, 0x18C5,49, 0x1906,1, 0x9493,1, 0xFFFF,2, 0xDF1D,2,
    0xCF5D,8, 0xAD97,2, 0x426B,1, 0x2126,1, 0x1906,1, 0x18C5,45, 0x1906,1, 0x2126,1,
    0x52CC,1, 0xAD97,1, 0xDF1D,2, 0xCF5D,3, 0xAD97,1, 0x6B8F,4, 0xAD97,1, 0xCF5D,2,
    0xAD97,1, 0x6B8F,2, 0x426B,1, 0x1906,1, 0x18C5,44, 0x2126,1, 0x29A7,1, 0x6B8F,1,
    0xDF1D,2, 0xCF5D,3, 0xDF1D,1, 0x6B8F,1, 0x1882,4, 0x6B8F,1, 0xCF5D,2, 0xAD97,3,
    0x6B8F,1, 0x2126,1, 0x18C5,29, 0x4124,1, 0x6984,14, 0x59C4,1, 0x29A7,1, 0x6B8F,1,
    0xDF1D,1, 0xCF5D,4, 0xAD97,1, 0x29A7,1, 0x1882,4, 0x6B8F,1, 0xCF5D,3, 0xAD97,1,
    0x6B8F,2, 0x2126,1, 0x18C5,24, 0x4124,5, 0x5144,1, 0x6984,14, 0x59C4,1, 0x29A7,1,
    0x6B8F,1, 0xCF5D,5, 0x6B8F,1, 0x1882,5, 0x6B8F,1, 0xCF5D,3, 0xAD97,1, 0x6B8F,1,
    0x29A7,1, 0x2126,1, 0x18C5,24, 0x6984,7, 0xBB29,1, 0xF572,12, 0x9307,1, 0x29A7,1,
    0x6B8F,1, 0xCF5D,5, 0x6B8F,1, 0x1882,5, 0x6B8F,1, 0xCF5D,3, 0xAD97,1, 0x6B8F,1,
    0x29A7,1, 0x2126,1, 0x18C5,22, 0x4125,2, 0x9307,1, 0xBB29,7, 0xF572,1, 0xFE98,2,
    0xF572,1, 0xDC4D,8, 0x9307,1, 0x29A7,1, 0x6B8F,1, 0xCF5D,5, 0x6B8F,1, 0x1882,5,
    0x6B8F,1, 0xCF5D,3, 0xAD97,1, 0x6B8F,1, 0x29A7,1, 0x2126,1, 0x18C5,22, 0x6984,2,
    0x9307,1, 0xDC4D,6, 0xBB29,1, 0xF572,1, 0xFE98,2, 0xF572,1, 0xDC4D,8, 0x9307,1,
    0x29A7,1, 0x6B8F,1, 0xCF5D,5, 0x6B8F,1, 0x1882,5, 0x6B8F,1, 0xCF5D,3, 0xAD97,1,
    0x6B8F,1, 0x29A7,1, 0x3166,1, 0x4124,2, 0x28E5,1, 0x18C5,19, 0x6984,3, 0xBB29,2,
    0xDC4D,4, 0xBB29,1, 0xDC4D,12, 0x9307,1, 0x29A7,1, 0x6B8F,1, 0xCF5D,5, 0x6B8F,1,
    0x1882,5, 0x6B8F,1, 0xCF5D,3, 0xAD97,1, 0x6B8F,1, 0x29A7,1, 0x59C4,1, 0x6984,2,
    0x4125,1, 0x18C5,19, 0x4125,3, 0x9307,2, 0xDC4D,4, 0xBB29,1, 0xDC4D,12, 0x9307,1,
    0x29A7,1, 0x6B8F,1, 0xDF1D,1, 0xCF5D,4, 0x6B8F,1, 0x1882,5, 0x6B8F,1, 0xCF5D,2,
    0xAD97,1, 0x6B8F,2, 0x29A7,1, 0x9307,1, 0xBB29,1, 0x9307,1, 0x69A5,1, 0x4125,1,
    0x28E5,1, 0x18C5,20, 0x6984,2, 0xDC4D,4, 0xBB29,1, 0xDC4D,3, 0xBB29,1, 0x9307,2,
    0xBB29,1, 0xDC4D,5, 0xBB29,1, 0x9307,1, 0x6B8F,1, 0xAD97,2, 0xCF5D,3, 0xAD97,1,
    0x6B8F,5, 0xAD97,1, 0xCF5D,2, 0xAD97,1, 0x6B8F,1, 0x29A7,1, 0x6B8F,1, 0xBB29,1,
    0xDC4D,1, 0xBB29,1, 0x6984,2, 0x4124,1, 0x18C5,20, 0x6984,2, 0xDC4D,4, 0xBB29,1,
    0xDC4D,3, 0x9307,1, 0x1882,2, 0x9307,1, 0xDC4D,7, 0x9307,1, 0x6B8F,1, 0xAD97,2,
    0xCF5D,11, 0xAD97,1, 0x29A7,2, 0x9307,1, 0xBB29,2, 0x9307,1, 0x6984,2, 0x4124,1,
    0x18C5,17, 0x4125,3, 0xBB29,2, 0xDC4D,4, 0xBB29,1, 0xDC4D,3, 0x9307,1, 0x1882,2,
    0x9307,1, 0xDC4D,7, 0xBB29,1, 0x6B8F,2, 0xAD97,3, 0xCF5D,6, 0xAD97,3, 0x6B8F,1,
    0x29A7,2, 0x9307,1, 0xBB29,1, 0x9307,1, 0x69A5,1, 0x4125,2, 0x28E5,1, 0x18C5,17,
    0x6984,2, 0x9307,1, 0xDC4D,2, 0xBB29,5, 0xDC4D,3, 0xBB29,1, 0x9307,2, 0xBB29,1,
    0xDC4D,8, 0xBB29,1, 0x9307,1, 0x6B8F,2, 0xAD97,7, 0x6B8F,2, 0x29A7,1, 0x59C4,2,
    0x6984,1, 0x9307,2, 0x6984,1, 0x4125,1, 0x18C5,20, 0x6984,2, 0xBB29,8, 0xDC4D,17,
    0x9307,1, 0x6B8F,1, 0xAD97,1, 0x6B8F,7, 0x29A7,2, 0x59C4,1, 0x9307,2, 0x6984,1,
    0x9307,1, 0x6984,1, 0x4125,1, 0x18C5,20, 0x4125,2, 0x9307,7, 0xBB29,1, 0xDC4D,17,
    0xBB29,1, 0x6B8F,3, 0x29A7,6, 0x6B8F,1, 0x9307,2, 0xBB29,1, 0x9307,5, 0x4125,2,
    0x28E5,1, 0x18C5,19, 0x4124,5, 0x5144,1, 0x6984,1, 0xBB29,1, 0xDC4D,18, 0xBB29,1,
    0x9307,8, 0xBB29,5, 0x9307,2, 0x6984,1, 0x9307,1, 0x6984,2, 0x4124,1, 0x18C5,24,
    0x4124,1, 0x6984,1, 0xBB29,1, 0xDC4D,27, 0xBB29,2, 0x9307,1, 0xBB29,2, 0x9307,3,
    0x6984,3, 0x4124,1, 0x18C5,24, 0x4124,1, 0x6984,1, 0xBB29,1, 0xDC4D,27, 0xBB29,2,
    0x9307,7, 0x6984,1, 0x4964,1, 0x3924,1, 0x18C5,24, 0x4124,1, 0x6984,1, 0xBB29,1,
    0xDC4D,27, 0xBB29,2, 0x9307,1, 0x5144,1, 0x4124,2, 0x5185,1, 0x6A06,2, 0x51A5,1,
    0x3944,1, 0x2905,1, 0x18C5,24, 0x4124,1, 0x6984,1, 0x9307,1, 0xBB29,29, 0x9307,1,
    0x4124,1, 0x18C5,32, 0x4124,1, 0x6984,1, 0x9307,1, 0xBB29,29, 0x9307,1, 0x4124,1,
    0x18C5,32, 0x4124,1, 0x6984,1, 0x9307,1, 0xBB29,29, 0x9307,1, 0x4124,1, 0x18C5,32,
    0x4124,1, 0x6984,32, 0x4124,1, 0x18C5,41, 0x69E7,1, 0xBB29,1, 0x9307,1, 0x4124,1,
    0x18C5,14, 0x69E7,1, 0xBB29,1, 0x9307,1, 0x4124,1, 0x18C5,44, 0x69E7,1, 0xBB29,1,
    0x9307,1, 0x4124,1, 0x18C5,14, 0x69E7,1, 0xBB29,1, 0x9307,1, 0x4124,1, 0x18C5,44,
    0x4124,1, 0x6984,2, 0x4124,1, 0x18C5,14, 0x4124,1, 0x6984,2, 0x4124,1, 0x18C5,34,
    0x1084,36, 0x18C5,30, 0x1084,36, 0x18C5,35, 0x10A4,27, 0x18C5,18, 0x18C5,40, 0x2126,9,
    0x18C5,57, 0x29A7,9, 0x18C5,56, 0x2126,1, 0x6B8F,9, 0x2126,2, 0x18C5,52, 0x8C72,2,
    0xAD97,1, 0xDF1D,2, 0xCF5D,6, 0xDF1D,1, 0x6B8F,2, 0x2126,1, 0x18C5,51, 0xFFFF,5,
    0xCF5D,6, 0xDF1D,1, 0xAD97,2, 0x29A7,1, 0x18C5,50, 0x2126,1, 0xFFFF,2, 0xDF1D,3,
    0xCF5D,7, 0xAD97,2, 0x6B8F,1, 0x2126,2, 0x18C5,46, 0x2126,2, 0x6B8F,1, 0xDF1D,2,
    0xCF5D,3, 0xDF1D,1, 0x6B8F,5, 0xCF5D,3, 0xAD97,1, 0x6B8F,2, 0x2126,1, 0x18C5,45,
    0x29A7,2, 0xDF1D,3, 0xCF5D,3, 0xFFFF,1, 0x1882,5, 0xCF5D,3, 0xAD97,3, 0x29A7,1,
    0x18C5,30, 0x6984,15, 0x29A7,2, 0xDF1D,1, 0xCF5D,5, 0x6B8F,1, 0x1882,5, 0xCF5D,3,
    0xAD97,1, 0x6B8F,2, 0x29A7,1, 0x18C5,24, 0x28E5,1, 0x4124,5, 0x6984,15, 0x29A7,2,
    0xDF1D,1, 0xCF5D,5, 0x1882,6, 0xCF5D,4, 0x6B8F,2, 0x29A7,1, 0x18C5,24, 0x4125,1,
    0x6984,7, 0xF572,13, 0x29A7,2, 0xDF1D,1, 0xCF5D,5, 0x1882,6, 0xCF5D,4, 0x6B8F,2,
    0x29A7,1, 0x18C5,22, 0x28E5,1, 0x4125,1, 0x69A5,1, 0x9307,1, 0xBB29,5, 0x9307,1,
    0xF572,1, 0xFE98,3, 0xDC4D,9, 0x29A7,2, 0xDF1D,1, 0xCF5D,5, 0x1882,6, 0xCF5D,4,
    0x6B8F,2, 0x29A7,1, 0x18C5,22, 0x4124,1, 0x6984,2, 0xBB29,1, 0xDC4D,5, 0xBB29,1,
    0xF572,1, 0xFE98,3, 0xDC4D,9, 0x29A7,2, 0xDF1D,1, 0xCF5D,5, 0x1882,6, 0xCF5D,4,
    0x6B8F,2, 0x29A7,1, 0x4124,3, 0x18C5,19, 0x4124,1, 0x6984,2, 0x9307,1, 0xBB29,2,
    0xDC4D,3, 0x9307,1, 0xF572,1, 0xDC4D,12, 0x29A7,2, 0xDF1D,1, 0xCF5D,5, 0x1882,6,
    0xCF5D,4, 0x6B8F,2, 0x29A7,1, 0x6984,3, 0x18C5,19, 0x28E5,1, 0x4125,2, 0x69A5,1,
    0x9307,1, 0xBB29,1, 0xDC4D,3, 0x9307,1, 0xF572,1, 0xDC4D,12, 0x29A7,2, 0xDF1D,1,
    0xCF5D,5, 0x1882,6, 0xCF5D,3, 0xAD97,1, 0x6B8F,2, 0x29A7,1, 0xBB29,2, 0x9307,1,
    0x4125,2, 0x18C5,20, 0x4125,1, 0x6984,1, 0x9307,1, 0xDC4D,3, 0x9307,1, 0xF572,1,
    0xDC4D,3, 0x9307,3, 0xDC4D,6, 0x9307,2, 0x6B8F,1, 0xAD97,2, 0xCF5D,3, 0x6B8F,6,
    0xCF5D,3, 0x6B8F,1, 0x29A7,2, 0x9307,1, 0xDC4D,2, 0x9307,1, 0x6984,2, 0x18C5,20,
    0x4125,1, 0x6984,1, 0x9307,1, 0xDC4D,3, 0x9307,1, 0xF572,1, 0xDC4D,3, 0x1882,3,
    0xDC4D,8, 0x29A7,1, 0xAD97,2, 0xCF5D,12, 0x6B8F,1, 0x29A7,2, 0xDC4D,1, 0xBB29,2,
    0x6984,3, 0x18C5,17, 0x28E5,1, 0x4125,2, 0x7A48,1, 0xBB29,1, 0xDC4D,4, 0x9307,1,
    0xF572,1, 0xDC4D,3, 0x1882,3, 0xDC4D,8, 0x9307,1, 0x6B8F,2, 0xAD97,3, 0xCF5D,6,
    0xAD97,3, 0x29A7,3, 0xDC4D,1, 0x9307,2, 0x4125,3, 0x18C5,17, 0x4124,1, 0x6984,2,
    0xBB29,1, 0xDC4D,2, 0xBB29,3, 0x9307,1, 0xF572,1, 0xDC4D,3, 0x9307,3, 0xDC4D,9,
    0x9307,2, 0x6B8F,1, 0xAD97,8, 0x6B8F,1, 0x29A7,2, 0x59C4,1, 0x6984,2, 0x9307,1,
    0x6984,2, 0x18C5,20, 0x4124,1, 0x6984,1, 0x9307,1, 0xBB29,6, 0x9307,1, 0xF572,1,
    0xDC4D,17, 0x29A7,1, 0xAD97,2, 0x6B8F,7, 0x29A7,2, 0x9307,3, 0x59C4,1, 0x6984,2,
    0x18C5,20, 0x28E5,1, 0x4125,1, 0x69A5,1, 0x9307,6, 0x6984,1, 0xF572,1, 0xDC4D,17,
    0x9307,1, 0x6B8F,2, 0x29A7,7, 0x9307,2, 0xBB29,1, 0x9307,2, 0x6984,1, 0x9307,2,
    0x4125,3, 0x18C5,19, 0x28E5,1, 0x4124,5, 0x6984,2, 0xF572,1, 0xDC4D,18, 0x9307,9,
    0xBB29,5, 0x9307,1, 0x6984,5, 0x18C5,25, 0x6984,2, 0xF572,1, 0xDC4D,27, 0xBB29,5,
    0x9307,3, 0x59C4,1, 0x6984,2, 0x18C5,25, 0x6984,2, 0xF572,1, 0xDC4D,27, 0xBB29,2,
    0x9307,6, 0x6984,1, 0x4964,2, 0x18C5,25, 0x6984,2, 0xF572,1, 0xDC4D,27, 0xBB29,2,
    0x6984,1, 0x4124,3, 0x6A06,3, 0x3944,2, 0x18C5,25, 0x6984,2, 0xDC4D,1, 0xBB29,29,
    0x6984,1, 0x18C5,33, 0x6984,2, 0xDC4D,1, 0xBB29,29, 0x6984,1, 0x18C5,33, 0x6984,2,
    0xDC4D,1, 0xBB29,29, 0x6984,1, 0x18C5,33, 0x6984,33, 0x18C5,42, 0xBB29,2, 0x6984,1,
    0x18C5,15, 0xBB29,2, 0x6984,1, 0x18C5,45, 0xBB29,2, 0x6984,1, 0x18C5,15, 0xBB29,2,
    0x6984,1, 0x18C5,45, 0x6984,3, 0x18C5,15, 0x6984,3, 0x18C5,34, 0x10A4,1, 0x1084,35,
    0x10A4,1, 0x18C5,29, 0x10A4,1, 0x1084,35, 0x10A4,1, 0x18C5,34, 0x18C6,1, 0x10A4,26,
    0x18C6,1, 0x18C5,16, 0x18C5,41, 0x1906,1, 0x2126,8, 0x1906,1, 0x18C5,56, 0x2126,1,
    0x29A7,8, 0x2126,1, 0x18C5,55, 0x1906,1, 0x52CC,1, 0x6B8F,8, 0x52CC,1, 0x2126,1,
    0x1906,1, 0x18C5,51, 0x528C,1, 0x8C72,1, 0x9493,1, 0xAD97,1, 0xDF1D,2, 0xCF5D,5,
    0xDF1D,1, 0xAD97,1, 0x6B8F,1, 0x426B,1, 0x1906,1, 0x18C5,50, 0x8C72,1, 0xFFFF,4,
    0xDF1D,1, 0xCF5D,6, 0xAD97,2, 0x6B8F,1, 0x2126,1, 0x18C5,49, 0x1906,1, 0x9493,1,
    0xFFFF,2, 0xDF1D,2, 0xCF5D,8, 0xAD97,2, 0x426B,1, 0x2126,1, 0x1906,1, 0x18C5,45,
    0x1906,1, 0x2126,1, 0x52CC,1, 0xAD97,1, 0xDF1D,2, 0xCF5D,3, 0xAD97,1, 0x6B8F,4,
    0xAD97,1, 0xCF5D,2, 0xAD97,1, 0x6B8F,2, 0x426B,1, 0x1906,1, 0x18C5,44, 0x2126,1,
    0x29A7,1, 0x6B8F,1, 0xDF1D,2, 0xCF5D,3, 0xDF1D,1, 0x6B8F,1, 0x1882,4, 0x6B8F,1,
    0xCF5D,2, 0xAD97,3, 0x6B8F,1, 0x2126,1, 0x18C5,29, 0x4124,1, 0x6984,14, 0x59C4,1,
    0x29A7,1, 0x6B8F,1, 0xDF1D,1, 0xCF5D,4, 0xAD97,1, 0x29A7,1, 0x1882,4, 0x6B8F,1,
    0xCF5D,3, 0xAD97,1, 0x6B8F,2, 0x2126,1, 0x18C5,24, 0x4124,5, 0x5144,1, 0x6984,14,
    0x59C4,1, 0x29A7,1, 0x6B8F,1, 0xCF5D,5, 0x6B8F,1, 0x1882,5, 0x6B8F,1, 0xCF5D,3,
    0xAD97,1, 0x6B8F,1, 0x29A7,1, 0x2126,1, 0x18C5,24, 0x6984,7, 0xBB29,1, 0xF572,12,
    0x9307,1, 0x29A7,1, 0x6B8F,1, 0xCF5D,5, 0x6B8F,1, 0x1882,5, 0x6B8F,1, 0xCF5D,3,
    0xAD97,1, 0x6B8F,1, 0x29A7,1, 0x2126,1, 0x18C5,22, 0x4125,2, 0x9307,1, 0xBB29,7,
    0xF572,1, 0xFE98,2, 0xF572,1, 0xDC4D,8, 0x9307,1, 0x29A7,1, 0x6B8F,1, 0xCF5D,5,
    0x6B8F,1, 0x1882,5, 0x6B8F,1, 0xCF5D,3, 0xAD97,1, 0x6B8F,1, 0x29A7,1, 0x2126,1,
    0x18C5,22, 0x6984,2, 0x9307,1, 0xDC4D,6, 0xBB29,1, 0xF572,1, 0xFE98,2, 0xF572,1,
    0xDC4D,8, 0x9307,1, 0x29A7,1, 0x6B8F,1, 0xCF5D,5, 0x6B8F,1, 0x1882,5, 0x6B8F,1,
    0xCF5D,3, 0xAD97,1, 0x6B8F,1, 0x29A7,1, 0x3166,1, 0x4124,2, 0x28E5,1, 0x18C5,19,
    0x6984,3, 0xBB29,2, 0xDC4D,4, 0xBB29,1, 0xDC4D,12, 0x9307,1, 0x29A7,1, 0x6B8F,1,
    0xCF5D,5, 0x6B8F,1, 0x1882,5, 0x6B8F,1, 0xCF5D,3, 0xAD97,1, 0x6B8F,1, 0x29A7,1,
    0x59C4,1, 0x6984,2, 0x4125,1, 0x18C5,19, 0x4125,3, 0x9307,2, 0xDC4D,4, 0xBB29,1,
    0xDC4D,12, 0x9307,1, 0x29A7,1, 0x6B8F,1, 0xDF1D,1, 0xCF5D,4, 0x6B8F,1, 0x1882,5,
    0x6B8F,1, 0xCF5D,2, 0xAD97,1, 0x6B8F,2, 0x29A7,1, 0x9307,1, 0xBB29,1, 0x9307,1,
    0x69A5,1, 0x4125,1, 0x28E5,1, 0x18C5,20, 0x6984,2, 0xDC4D,4, 0xBB29,1, 0xDC4D,3,
    0xBB29,1, 0x9307,2, 0xBB29,1, 0xDC4D,5, 0xBB29,1, 0x9307,1, 0x6B8F,1, 0xAD97,2,
    0xCF5D,3, 0xAD97,1, 0x6B8F,5, 0xAD97,1, 0xCF5D,2, 0xAD97,1, 0x6B8F,1, 0x29A7,1,
    0x6B8F,1, 0xBB29,1, 0xDC4D,1, 0xBB29,1, 0x6984,2, 0x4124,1, 0x18C5,20, 0x6984,2,
    0xDC4D,4, 0xBB29,1, 0xDC4D,3, 0x9307,1, 0x1882,2, 0x9307,1, 0xDC4D,7, 0x9307,1,
    0x6B8F,1, 0xAD97,2, 0xCF5D,11, 0xAD97,1, 0x29A7,2, 0x9307,1, 0xBB29,2, 0x9307,1,
    0x6984,2, 0x4124,1, 0x18C5,17, 0x4125,3, 0xBB29,2, 0xDC4D,4, 0xBB29,1, 0xDC4D,3,
    0x9307,1, 0x1882,2, 0x9307,1, 0xDC4D,7, 0xBB29,1, 0x6B8F,2, 0xAD97,3, 0xCF5D,6,
    0xAD97,3, 0x6B8F,1, 0x29A7,2, 0x9307,1, 0xBB29,1, 0x9307,1, 0x69A5,1, 0x4125,2,
    0x28E5,1, 0x18C5,17, 0x6984,2, 0x9307,1, 0xDC4D,2, 0xBB29,5, 0xDC4D,3, 0xBB29,1,
    0x9307,2, 0xBB29,1, 0xDC4D,8, 0xBB29,1, 0x9307,1, 0x6B8F,2, 0xAD97,7, 0x6B8F,2,
    0x29A7,1, 0x59C4,2, 0x6984,1, 0x9307,2, 0x6984,1, 0x4125,1, 0x18C5,20, 0x6984,2,
    0xBB29,8, 0xDC4D,17, 0x9307,1, 0x6B8F,1, 0xAD97,1, 0x6B8F,7, 0x29A7,2, 0x59C4,1,
    0x9307,2, 0x6984,1, 0x9307,1, 0x6984,1, 0x4125,1, 0x18C5,20, 0x4125,2, 0x9307,7,
    0xBB29,1, 0xDC4D,17, 0xBB29,1, 0x6B8F,3, 0x29A7,6, 0x6B8F,1, 0x9307,2, 0xBB29,1,
    0x9307,5, 0x4125,2, 0x28E5,1, 0x18C5,19, 0x4124,5, 0x5144,1, 0x6984,1, 0xBB29,1,
    0xDC4D,18, 0xBB29,1, 0x9307,8, 0xBB29,5, 0x9307,2, 0x6984,1, 0x9307,1, 0x6984,2,
    0x4124,1, 0x18C5,24, 0x4124,1, 0x6984,1, 0xBB29,1, 0xDC4D,27, 0xBB29,2, 0x9307,1,
    0xBB29,2, 0x9307,3, 0x6984,3, 0x4124,1, 0x18C5,24, 0x4124,1, 0x6984,1, 0xBB29,1,
    0xDC4D,27, 0xBB29,2, 0x9307,7, 0x6984,1, 0x4964,1, 0x3924,1, 0x18C5,24, 0x4124,1,
    0x6984,1, 0xBB29,1, 0xDC4D,27, 0xBB29,2, 0x9307,1, 0x5144,1, 0x4124,2, 0x5185,1,
    0x6A06,2, 0x51A5,1, 0x3944,1, 0x2905,1, 0x18C5,24, 0x4124,1, 0x6984,1, 0x9307,1,
    0xBB29,29, 0x9307,1, 0x4124,1, 0x18C5,32, 0x4124,1, 0x6984,1, 0x9307,1, 0xBB29,29,
    0x9307,1, 0x4124,1, 0x18C5,32, 0x4124,1, 0x6984,1, 0x9307,1, 0xBB29,29, 0x9307,1,
    0x4124,1, 0x18C5,32, 0x4124,1, 0x6984,32, 0x4124,1, 0x18C5,35, 0x69E7,1, 0xBB29,1,
    0x9307,1, 0x4124,1, 0x18C5,14, 0x69E7,1, 0xBB29,1, 0x9307,1, 0x4124,1, 0x18C5,44,
    0x69E7,1, 0xBB29,1, 0x9307,1, 0x4124,1, 0x18C5,14, 0x69E7,1, 0xBB29,1, 0x9307,1,
    0x4124,1, 0x18C5,44, 0x4124,1, 0x6984,2, 0x4124,1, 0x18C5,14, 0x4124,1, 0x6984,2,
    0x4124,1, 0x18C5,40, 0x1084,36, 0x18C5,30, 0x1084,36, 0x18C5,35, 0x10A4,27, 0x18C5,15,
    0x18C5,43, 0x2126,9, 0x18C5,57, 0x29A7,9, 0x18C5,56, 0x2126,1, 0x6B8F,9, 0x2126,2,
    0x18C5,52, 0x8C72,2, 0xAD97,1, 0xDF1D,2, 0xCF5D,6, 0xDF1D,1, 0x6B8F,2, 0x2126,1,
    0x18C5,51, 0xFFFF,5, 0xCF5D,6, 0xDF1D,1, 0xAD97,2, 0x29A7,1, 0x18C5,50, 0x2126,1,
    0xFFFF,2, 0xDF1D,3, 0xCF5D,7, 0xAD97,2, 0x6B8F,1, 0x2126,2, 0x18C5,46, 0x2126,2,
    0x6B8F,1, 0xDF1D,2, 0xCF5D,3, 0xDF1D,1, 0x6B8F,5, 0xCF5D,3, 0xAD97,1, 0x6B8F,2,
    0x2126,1, 0x18C5,45, 0x29A7,2, 0xDF1D,3, 0xCF5D,3, 0xFFFF,1, 0x1882,5, 0xCF5D,3,
    0xAD97,3, 0x29A7,1, 0x18C5,30, 0x6984,15, 0x29A7,2, 0xDF1D,1, 0xCF5D,5, 0x6B8F,1,
    0x1882,5, 0xCF5D,3, 0xAD97,1, 0x6B8F,2, 0x29A7,1, 0x18C5,24, 0x28E5,1, 0x4124,5,
    0x6984,15, 0x29A7,2, 0xDF1D,1, 0xCF5D,5, 0x1882,6, 0xCF5D,4, 0x6B8F,2, 0x29A7,1,
    0x18C5,24, 0x4125,1, 0x6984,7, 0xF572,13, 0x29A7,2, 0xDF1D,1, 0xCF5D,5, 0x1882,6,
    0xCF5D,4, 0x6B8F,2, 0x29A7,1, 0x18C5,22, 0x28E5,1, 0x4125,1, 0x69A5,1, 0x9307,1,
    0xBB29,5, 0x9307,1, 0xF572,1, 0xFE98,3, 0xDC4D,9, 0x29A7,2, 0xDF1D,1, 0xCF5D,5,
    0x1882,6, 0xCF5D,4, 0x6B8F,2, 0x29A7,1, 0x18C5,22, 0x4124,1, 0x6984,2, 0xBB29,1,
    0xDC4D,5, 0xBB29,1, 0xF572,1, 0xFE98,3, 0xDC4D,9, 0x29A7,2, 0xDF1D,1, 0xCF5D,5,
    0x1882,6, 0xCF5D,4, 0x6B8F,2, 0x29A7,1, 0x4124,3, 0x18C5,19, 0x4124,1, 0x6984,2,
    0x9307,1, 0xBB29,2, 0xDC4D,3, 0x9307,1, 0xF572,1, 0xDC4D,12, 0x29A7,2, 0xDF1D,1,
    0xCF5D,5, 0x1882,6, 0xCF5D,4, 0x6B8F,2, 0x29A7,1, 0x6984,3, 0x18C5,19, 0x28E5,1,
    0x4125,2, 0x69A5,1, 0x9307,1, 0xBB29,1, 0xDC4D,3, 0x9307,1, 0xF572,1, 0xDC4D,12,
    0x29A7,2, 0xDF1D,1, 0xCF5D,5, 0x1882,6, 0xCF5D,3, 0xAD97,1, 0x6B8F,2, 0x29A7,1,
    0xBB29,2, 0x9307,1, 0x4125,2, 0x18C5,20, 0x4125,1, 0x6984,1, 0x9307,1, 0xDC4D,3,
    0x9307,1, 0xF572,1, 0xDC4D,3, 0x9307,3, 0xDC4D,6, 0x9307,2, 0x6B8F,1, 0xAD97,2,
    0xCF5D,3, 0x6B8F,6, 0xCF5D,3, 0x6B8F,1, 0x29A7,2, 0x9307,1, 0xDC4D,2, 0x9307,1,
    0x6984,2, 0x18C5,20, 0x4125,1, 0x6984,1, 0x9307,1, 0xDC4D,3, 0x9307,1, 0xF572,1,
    0xDC4D,3, 0x1882,3, 0xDC4D,8, 0x29A7,1, 0xAD97,2, 0xCF5D,12, 0x6B8F,1, 0x29A7,2,
    0xDC4D,1, 0xBB29,2, 0x6984,3, 0x18C5,17, 0x28E5,1, 0x4125,2, 0x7A48,1, 0xBB29,1,
    0xDC4D,4, 0x9307,1, 0xF572,1, 0xDC4D,3, 0x1882,3, 0xDC4D,8, 0x9307,1, 0x6B8F,2,
    0xAD97,3, 0xCF5D,6, 0xAD97,3, 0x29A7,3, 0xDC4D,1, 0x9307,2, 0x4125,3, 0x18C5,17,
    0x4124,1, 0x6984,2, 0xBB29,1, 0xDC4D,2, 0xBB29,3, 0x9307,1, 0xF572,1, 0xDC4D,3,
    0x9307,3, 0xDC4D,9, 0x9307,2, 0x6B8F,1, 0xAD97,8, 0x6B8F,1, 0x29A7,2, 0x59C4,1,
    0x6984,2, 0x9307,1, 0x6984,2, 0x18C5,20, 0x4124,1, 0x6984,1, 0x9307,1, 0xBB29,6,
    0x9307,1, 0xF572,1, 0xDC4D,17, 0x29A7,1, 0xAD97,2, 0x6B8F,7, 0x29A7,2, 0x9307,3,
    0x59C4,1, 0x6984,2, 0x18C5,20, 0x28E5,1, 0x4125,1, 0x69A5,1, 0x9307,6, 0x6984,1,
    0xF572,1, 0xDC4D,17, 0x9307,1, 0x6B8F,2, 0x29A7,7, 0x9307,2, 0xBB29,1, 0x9307,2,
    0x6984,1, 0x9307,2, 0x4125,3, 0x18C5,19, 0x28E5,1, 0x4124,5, 0x6984,2, 0xF572,1,
    0xDC4D,18, 0x9307,9, 0xBB29,5, 0x9307,1, 0x6984,5, 0x18C5,25, 0x6984,2, 0xF572,1,
    0xDC4D,27, 0xBB29,5, 0x9307,3, 0x59C4,1, 0x6984,2, 0x18C5,25, 0x6984,2, 0xF572,1,
    0xDC4D,27, 0xBB29,2, 0x9307,6, 0x6984,1, 0x4964,2, 0x18C5,25, 0x6984,2, 0xF572,1,
    0xDC4D,27, 0xBB29,2, 0x6984,1, 0x4124,3, 0x6A06,3, 0x3944,2, 0x18C5,25, 0x6984,2,
    0xDC4D,1, 0xBB29,29, 0x6984,1, 0x18C5,33, 0x6984,2, 0xDC4D,1, 0xBB29,29, 0x6984,1,
    0x18C5,33, 0x6984,2, 0xDC4D,1, 0xBB29,29, 0x6984,1, 0x18C5,33, 0x6984,33, 0x18C5,36,
    0xBB29,2, 0x6984,1, 0x18C5,15, 0xBB29,2, 0x6984,1, 0x18C5,45, 0xBB29,2, 0x6984,1,
    0x18C5,15, 0xBB29,2, 0x6984,1, 0x18C5,45, 0x6984,3, 0x18C5,15, 0x6984,3, 0x18C5,40,
    0x10A4,1, 0x1084,35, 0x10A4,1, 0x18C5,29, 0x10A4,1, 0x1084,35, 0x10A4,1, 0x18C5,34,
    0x18C6,1, 0x10A4,26, 0x18C6,1, 0x18C5,13, 0x18C5,44, 0x1906,1, 0x2126,8, 0x1906,1,
    0x18C5,56, 0x2126,1, 0x29A7,8, 0x2126,1, 0x18C5,55, 0x1906,1, 0x52CC,1, 0x6B8F,8,
    0x52CC,1, 0x2126,1, 0x1906,1, 0x18C5,51, 0x528C,1, 0x8C72,1, 0x9493,1, 0xAD97,1,
    0xDF1D,2, 0xCF5D,5, 0xDF1D,1, 0xAD97,1, 0x6B8F,1, 0x426B,1, 0x1906,1, 0x18C5,50,
    0x8C72,1, 0xFFFF,4, 0xDF1D,1, 0xCF5D,6, 0xAD97,2, 0x6B8F,1, 0x2126,1, 0x18C5,49,
    0x1906,1, 0x9493,1, 0xFFFF,2, 0xDF1D,2, 0xCF5D,8, 0xAD97,2, 0x426B,1, 0x2126,1,
    0x1906,1, 0x18C5,45, 0x1906,1, 0x2126,1, 0x52CC,1, 0xAD97,1, 0xDF1D,2, 0xCF5D,3,
    0xAD97,1, 0x6B8F,4, 0xAD97,1, 0xCF5D,2, 0xAD97,1, 0x6B8F,2, 0x426B,1, 0x1906,1,
    0x18C5,44, 0x2126,1, 0x29A7,1, 0x6B8F,1, 0xDF1D,2, 0xCF5D,3, 0xDF1D,1, 0x6B8F,1,
    0x1882,4, 0x6B8F,1, 0xCF5D,2, 0xAD97,3, 0x6B8F,1, 0x2126,1, 0x18C5,29, 0x4124,1,
    0x6984,14, 0x59C4,1, 0x29A7,1, 0x6B8F,1, 0xDF1D,1, 0xCF5D,4, 0xAD97,1, 0x29A7,1,
    0x1882,4, 0x6B8F,1, 0xCF5D,3, 0xAD97,1, 0x6B8F,2, 0x2126,1, 0x18C5,24, 0x4124,5,
    0x5144,1, 0x6984,14, 0x59C4,1, 0x29A7,1, 0x6B8F,1, 0xCF5D,5, 0x6B8F,1, 0x1882,5,
    0x6B8F,1, 0xCF5D,3, 0xAD97,1, 0x6B8F,1, 0x29A7,1, 0x2126,1, 0x18C5,24, 0x6984,7,
    0xBB29,1, 0xF572,12, 0x9307,1, 0x29A7,1, 0x6B8F,1, 0xCF5D,5, 0x6B8F,1, 0x1882,5,
    0x6B8F,1, 0xCF5D,3, 0xAD97,1, 0x6B8F,1, 0x29A7,1, 0x2126,1, 0x18C5,22, 0x4125,2,
    0x9307,1, 0xBB29,7, 0xF572,1, 0xFE98,2, 0xF572,1, 0xDC4D,8, 0x9307,1, 0x29A7,1,
    0x6B8F,1, 0xCF5D,5, 0x6B8F,1, 0x1882,5, 0x6B8F,1, 0xCF5D,3, 0xAD97,1, 0x6B8F,1,
    0x29A7,1, 0x2126,1, 0x18C5,22, 0x6984,2, 0x9307,1, 0xDC4D,6, 0xBB29,1, 0xF572,1,
    0xFE98,2, 0xF572,1, 0xDC4D,8, 0x9307,1, 0x29A7,1, 0x6B8F,1, 0xCF5D,5, 0x6B8F,1,
    0x1882,5, 0x6B8F,1, 0xCF5D,3, 0xAD97,1, 0x6B8F,1, 0x29A7,1, 0x3166,1, 0x4124,2,
    0x28E5,1, 0x18C5,19, 0x6984,3, 0xBB29,2, 0xDC4D,4, 0xBB29,1, 0xDC4D,12, 0x9307,1,
    0x29A7,1, 0x6B8F,1, 0xCF5D,5, 0x6B8F,1, 0x1882,5, 0x6B8F,1, 0xCF5D,3, 0xAD97,1,
    0x6B8F,1, 0x29A7,1, 0x59C4,1, 0x6984,2, 0x4125,1, 0x18C5,19, 0x4125,3, 0x9307,2,
    0xDC4D,4, 0xBB29,1, 0xDC4D,12, 0x9307,1, 0x29A7,1, 0x6B8F,1, 0xDF1D,1, 0xCF5D,4,
    0x6B8F,1, 0x1882,5, 0x6B8F,1, 0xCF5D,2, 0xAD97,1, 0x6B8F,2, 0x29A7,1, 0x9307,1,
    0xBB29,1, 0x9307,1, 0x69A5,1, 0x4125,1, 0x28E5,1, 0x18C5,20, 0x6984,2, 0xDC4D,4,
    0xBB29,1, 0xDC4D,3, 0xBB29,1, 0x9307,2, 0xBB29,1, 0xDC4D,5, 0xBB29,1, 0x9307,1,
    0x6B8F,1, 0xAD97,2, 0xCF5D,3, 0xAD97,1, 0x6B8F,5, 0xAD97,1, 0xCF5D,2, 0xAD97,1,
    0x6B8F,1, 0x29A7,1, 0x6B8F,1, 0xBB29,1, 0xDC4D,1, 0xBB29,1, 0x6984,2, 0x4124,1,
    0x18C5,20, 0x6984,2, 0xDC4D,4, 0xBB29,1, 0xDC4D,3, 0x9307,1, 0x1882,2, 0x9307,1,
    0xDC4D,7, 0x9307,1, 0x6B8F,1, 0xAD97,2, 0xCF5D,11, 0xAD97,1, 0x29A7,2, 0x9307,1,
    0xBB29,2, 0x9307,1, 0x6984,2, 0x4124,1, 0x18C5,17, 0x4125,3, 0xBB29,2, 0xDC4D,4,
    0xBB29,1, 0xDC4D,3, 0x9307,1, 0x1882,2, 0x9307,1, 0xDC4D,7, 0xBB29,1, 0x6B8F,2,
    0xAD97,3, 0xCF5D,6, 0xAD97,3, 0x6B8F,1, 0x29A7,2, 0x9307,1, 0xBB29,1, 0x9307,1,
    0x69A5,1, 0x4125,2, 0x28E5,1, 0x18C5,17, 0x6984,2, 0x9307,1, 0xDC4D,2, 0xBB29,5,
    0xDC4D,3, 0xBB29,1, 0x9307,2, 0xBB29,1, 0xDC4D,8, 0xBB29,1, 0x9307,1, 0x6B8F,2,
    0xAD97,7, 0x6B8F,2, 0x29A7,1, 0x59C4,2, 0x6984,1, 0x9307,2, 0x6984,1, 0x4125,1,
    0x18C5,20, 0x6984,2, 0xBB29,8, 0xDC4D,17, 0x9307,1, 0x6B8F,1, 0xAD97,1, 0x6B8F,7,
    0x29A7,2, 0x59C4,1, 0x9307,2, 0x6984,1, 0x9307,1, 0x6984,1, 0x4125,1, 0x18C5,20,
    0x4125,2, 0x9307,7, 0xBB29,1, 0xDC4D,17, 0xBB29,1, 0x6B8F,3, 0x29A7,6, 0x6B8F,1,
    0x9307,2, 0xBB29,1, 0x9307,5, 0x4125,2, 0x28E5,1, 0x18C5,19, 0x4124,5, 0x5144,1,
    0x6984,1, 0xBB29,1, 0xDC4D,18, 0xBB29,1, 0x9307,8, 0xBB29,5, 0x9307,2, 0x6984,1,
    0x9307,1, 0x6984,2, 0x4124,1, 0x18C5,24, 0x4124,1, 0x6984,1, 0xBB29,1, 0xDC4D,27,
    0xBB29,2, 0x9307,1, 0xBB29,2, 0x9307,3, 0x6984,3, 0x4124,1, 0x18C5,24, 0x4124,1,
    0x6984,1, 0xBB29,1, 0xDC4D,27, 0xBB29,2, 0x9307,7, 0x6984,1, 0x4964,1, 0x3924,1,
    0x18C5,24, 0x4124,1, 0x6984,1, 0xBB29,1, 0xDC4D,27, 0xBB29,2, 0x9307,1, 0x5144,1,
    0x4124,2, 0x5185,1, 0x6A06,2, 0x51A5,1, 0x3944,1, 0x2905,1, 0x18C5,24, 0x4124,1,
    0x6984,1, 0x9307,1, 0xBB29,29, 0x9307,1, 0x4124,1, 0x18C5,32, 0x4124,1, 0x6984,1,
    0x9307,1, 0xBB29,29, 0x9307,1, 0x4124,1, 0x18C5,32, 0x4124,1, 0x6984,1, 0x9307,1,
    0xBB29,29, 0x9307,1, 0x4124,1, 0x18C5,32, 0x4124,1, 0x6984,32, 0x4124,1, 0x18C5,41,
    0x69E7,1, 0xBB29,1, 0x9307,1, 0x4124,1, 0x18C5,14, 0x69E7,1, 0xBB29,1, 0x9307,1,
    0x4124,1, 0x18C5,44, 0x69E7,1, 0xBB29,1, 0x9307,1, 0x4124,1, 0x18C5,14, 0x69E7,1,
    0xBB29,1, 0x9307,1, 0x4124,1, 0x18C5,44, 0x4124,1, 0x6984,2, 0x4124,1, 0x18C5,14,
    0x4124,1, 0x6984,2, 0x4124,1, 0x18C5,34, 0x1084,36, 0x18C5,30, 0x1084,36, 0x18C5,35,
    0x10A4,27, 0x18C5,12, 0x18C5,44, 0x1906,1, 0x2126,8, 0x1906,1, 0x18C5,56, 0x2126,1,
    0x29A7,8, 0x2126,1, 0x18C5,55, 0x1906,1, 0x52CC,1, 0x6B8F,8, 0x52CC,1, 0x2126,1,
    0x1906,1, 0x18C5,51, 0x528C,1, 0x8C72,1, 0x9493,1, 0xAD97,1, 0xDF1D,2, 0xCF5D,5,
    0xDF1D,1, 0xAD97,1, 0x6B8F,1, 0x426B,1, 0x1906,1, 0x18C5,50, 0x8C72,1, 0xFFFF,4,
    0xDF1D,1, 0xCF5D,6, 0xAD97,2, 0x6B8F,1, 0x2126,1, 0x18C5,49, 0x1906,1, 0x9493,1,
    0xFFFF,2, 0xDF1D,2, 0xCF5D,8, 0xAD97,2, 0x426B,1, 0x2126,1, 0x1906,1, 0x18C5,45,
    0x1906,1, 0x2126,1, 0x52CC,1, 0xAD97,1, 0xDF1D,2, 0xCF5D,3, 0xAD97,1, 0x6B8F,4,
    0xAD97,1, 0xCF5D,2, 0xAD97,1, 0x6B8F,2, 0x426B,1, 0x1906,1, 0x18C5,44, 0x2126,1,
    0x29A7,1, 0x6B8F,1, 0xDF1D,2, 0xCF5D,3, 0xDF1D,1, 0x6B8F,1, 0x1882,4, 0x6B8F,1,
    0xCF5D,2, 0xAD97,3, 0x6B8F,1, 0x2126,1, 0x18C5,29, 0x4124,1, 0x6984,14, 0x59C4,1,
    0x29A7,1, 0x6B8F,1, 0xDF1D,1, 0xCF5D,4, 0xAD97,1, 0x29A7,1, 0x1882,4, 0x6B8F,1,
    0xCF5D,3, 0xAD97,1, 0x6B8F,2, 0x2126,1, 0x18C5,24, 0x4124,5, 0x5144,1, 0x6984,14,
    0x59C4,1, 0x29A7,1, 0x6B8F,1, 0xCF5D,5, 0x6B8F,1, 0x1882,5, 0x6B8F,1, 0xCF5D,3,
    0xAD97,1, 0x6B8F,1, 0x29A7,1, 0x2126,1, 0x18C5,24, 0x6984,7, 0xBB29,1, 0xF572,12,
    0x9307,1, 0x29A7,1, 0x6B8F,1, 0xCF5D,5, 0x6B8F,1, 0x1882,5, 0x6B8F,1, 0xCF5D,3,
    0xAD97,1, 0x6B8F,1, 0x29A7,1, 0x2126,1, 0x18C5,22, 0x4125,2, 0x9307,1, 0xBB29,7,
    0xF572,1, 0xFE98,2, 0xF572,1, 0xDC4D,8, 0x9307,1, 0x29A7,1, 0x6B8F,1, 0xCF5D,5,
    0x6B8F,1, 0x1882,5, 0x6B8F,1, 0xCF5D,3, 0xAD97,1, 0x6B8F,1, 0x29A7,1, 0x2126,1,
    0x18C5,22, 0x6984,2, 0x9307,1, 0xDC4D,6, 0xBB29,1, 0xF572,1, 0xFE98,2, 0xF572,1,
    0xDC4D,8, 0x9307,1, 0x29A7,1, 0x6B8F,1, 0xCF5D,5, 0x6B8F,1, 0x1882,5, 0x6B8F,1,
    0xCF5D,3, 0xAD97,1, 0x6B8F,1, 0x29A7,1, 0x3166,1, 0x4124,2, 0x28E5,1, 0x18C5,19,
    0x6984,3, 0xBB29,2, 0xDC4D,4, 0xBB29,1, 0xDC4D,12, 0x9307,1, 0x29A7,1, 0x6B8F,1,
    0xCF5D,5, 0x6B8F,1, 0x1882,5, 0x6B8F,1, 0xCF5D,3, 0xAD97,1, 0x6B8F,1, 0x29A7,1,
    0x59C4,1, 0x6984,2, 0x4125,1, 0x18C5,19, 0x4125,3, 0x9307,2, 0xDC4D,4, 0xBB29,1,
    0xDC4D,12, 0x9307,1, 0x29A7,1, 0x6B8F,1, 0xDF1D,1, 0xCF5D,4, 0x6B8F,1, 0x1882,5,
    0x6B8F,1, 0xCF5D,2, 0xAD97,1, 0x6B8F,2, 0x29A7,1, 0x9307,1, 0xBB29,1, 0x9307,1,
    0x69A5,1, 0x4125,1, 0x28E5,1, 0x18C5,20, 0x6984,2, 0xDC4D,4, 0xBB29,1, 0xDC4D,3,
    0xBB29,1, 0x9307,2, 0xBB29,1, 0xDC4D,5, 0xBB29,1, 0x9307,1, 0x6B8F,1, 0xAD97,2,
    0xCF5D,3, 0xAD97,1, 0x6B8F,5, 0xAD97,1, 0xCF5D,2, 0xAD97,1, 0x6B8F,1, 0x29A7,1,
    0x6B8F,1, 0xBB29,1, 0xDC4D,1, 0xBB29,1, 0x6984,2, 0x4124,1, 0x18C5,20, 0x6984,2,
    0xDC4D,4, 0xBB29,1, 0xDC4D,3, 0x9307,1, 0x1882,2, 0x9307,1, 0xDC4D,7, 0x9307,1,
    0x6B8F,1, 0xAD97,2, 0xCF5D,11, 0xAD97,1, 0x29A7,2, 0x9307,1, 0xBB29,2, 0x9307,1,
    0x6984,2, 0x4124,1, 0x18C5,17, 0x4125,3, 0xBB29,2, 0xDC4D,4, 0xBB29,1, 0xDC4D,3,
    0x9307,1, 0x1882,2, 0x9307,1, 0xDC4D,7, 0xBB29,1, 0x6B8F,2, 0xAD97,3, 0xCF5D,6,
    0xAD97,3, 0x6B8F,1, 0x29A7,2, 0x9307,1, 0xBB29,1, 0x9307,1, 0x69A5,1, 0x4125,2,
    0x28E5,1, 0x18C5,17, 0x6984,2, 0x9307,1, 0xDC4D,2, 0xBB29,5, 0xDC4D,3, 0xBB29,1,
    0x9307,2, 0xBB29,1, 0xDC4D,8, 0xBB29,1, 0x9307,1, 0x6B8F,2, 0xAD97,7, 0x6B8F,2,
    0x29A7,1, 0x59C4,2, 0x6984,1, 0x9307,2, 0x6984,1, 0x4125,1, 0x18C5,20, 0x6984,2,
    0xBB29,8, 0xDC4D,17, 0x9307,1, 0x6B8F,1, 0xAD97,1, 0x6B8F,7, 0x29A7,2, 0x59C4,1,
    0x9307,2, 0x6984,1, 0x9307,1, 0x6984,1, 0x4125,1, 0x18C5,20, 0x4125,2, 0x9307,7,
    0xBB29,1, 0xDC4D,17, 0xBB29,1, 0x6B8F,3, 0x29A7,6, 0x6B8F,1, 0x9307,2, 0xBB29,1,
    0x9307,5, 0x4125,2, 0x28E5,1, 0x18C5,19, 0x4124,5, 0x5144,1, 0x6984,1, 0xBB29,1,
    0xDC4D,18, 0xBB29,1, 0x9307,8, 0xBB29,5, 0x9307,2, 0x6984,1, 0x9307,1, 0x6984,2,
    0x4124,1, 0x18C5,24, 0x4124,1, 0x6984,1, 0xBB29,1, 0xDC4D,27, 0xBB29,2, 0x9307,1,
    0xBB29,2, 0x9307,3, 0x6984,3, 0x4124,1, 0x18C5,24, 0x4124,1, 0x6984,1, 0xBB29,1,
    0xDC4D,27, 0xBB29,2, 0x9307,7, 0x6984,1, 0x4964,1, 0x3924,1, 0x18C5,24, 0x4124,1,
    0x6984,1, 0xBB29,1, 0xDC4D,27, 0xBB29,2, 0x9307,1, 0x5144,1, 0x4124,2, 0x5185,1,
    0x6A06,2, 0x51A5,1, 0x3944,1, 0x2905,1, 0x18C5,24, 0x4124,1, 0x6984,1, 0x9307,1,
    0xBB29,29, 0x9307,1, 0x4124,1, 0x18C5,32, 0x4124,1, 0x6984,1, 0x9307,1, 0xBB29,29,
    0x9307,1, 0x4124,1, 0x18C5,32, 0x4124,1, 0x6984,1, 0x9307,1, 0xBB29,29, 0x9307,1,
    0x4124,1, 0x18C5,32, 0x4124,1, 0x6984,32, 0x4124,1, 0x18C5,41, 0x69E7,1, 0xBB29,1,
    0x9307,1, 0x4124,1, 0x18C5,14, 0x69E7,1, 0xBB29,1, 0x9307,1, 0x4124,1, 0x18C5,44,
    0x69E7,1, 0xBB29,1, 0x9307,1, 0x4124,1, 0x18C5,14, 0x69E7,1, 0xBB29,1, 0x9307,1,
    0x4124,1, 0x18C5,44, 0x4124,1, 0x6984,2, 0x4124,1, 0x18C5,14, 0x4124,1, 0x6984,2,
    0x4124,1, 0x18C5,34, 0x1084,36, 0x18C5,30, 0x1084,36, 0x18C5,35, 0x10A4,27, 0x18C5,12,
    0x18C5,46, 0x2126,9, 0x18C5,57, 0x29A7,9, 0x18C5,56, 0x2126,1, 0x6B8F,9, 0x2126,2,
    0x18C5,52, 0x8C72,2, 0xAD97,1, 0xDF1D,2, 0xCF5D,6, 0xDF1D,1, 0x6B8F,2, 0x2126,1,
    0x18C5,51, 0xFFFF,5, 0xCF5D,6, 0xDF1D,1, 0xAD97,2, 0x29A7,1, 0x18C5,50, 0x2126,1,
    0xFFFF,2, 0xDF1D,3, 0xCF5D,7, 0xAD97,2, 0x6B8F,1, 0x2126,2, 0x18C5,46, 0x2126,2,
    0x6B8F,1, 0xDF1D,2, 0xCF5D,3, 0xDF1D,1, 0x6B8F,5, 0xCF5D,3, 0xAD97,1, 0x6B8F,2,
    0x2126,1, 0x18C5,45, 0x29A7,2, 0xDF1D,3, 0xCF5D,3, 0xFFFF,1, 0x1882,5, 0xCF5D,3,
    0xAD97,3, 0x29A7,1, 0x18C5,30, 0x6984,15, 0x29A7,2, 0xDF1D,1, 0xCF5D,5, 0x6B8F,1,
    0x1882,5, 0xCF5D,3, 0xAD97,1, 0x6B8F,2, 0x29A7,1, 0x18C5,24, 0x28E5,1, 0x4124,5,
    0x6984,15, 0x29A7,2, 0xDF1D,1, 0xCF5D,5, 0x1882,6, 0xCF5D,4, 0x6B8F,2, 0x29A7,1,
    0x18C5,24, 0x4125,1, 0x6984,7, 0xF572,13, 0x29A7,2, 0xDF1D,1, 0xCF5D,5, 0x1882,6,
    0xCF5D,4, 0x6B8F,2, 0x29A7,1, 0x18C5,22, 0x28E5,1, 0x4125,1, 0x69A5,1, 0x9307,1,
    0xBB29,5, 0x9307,1, 0xF572,1, 0xFE98,3, 0xDC4D,9, 0x29A7,2, 0xDF1D,1, 0xCF5D,5,
    0x1882,6, 0xCF5D,4, 0x6B8F,2, 0x29A7,1, 0x18C5,22, 0x4124,1, 0x6984,2, 0xBB29,1,
    0xDC4D,5, 0xBB29,1, 0xF572,1, 0xFE98,3, 0xDC4D,9, 0x29A7,2, 0xDF1D,1, 0xCF5D,5,
    0x1882,6, 0xCF5D,4, 0x6B8F,2, 0x29A7,1, 0x4124,3, 0x18C5,19, 0x4124,1, 0x6984,2,
    0x9307,1, 0xBB29,2, 0xDC4D,3, 0x9307,1, 0xF572,1, 0xDC4D,12, 0x29A7,2, 0xDF1D,1,
    0xCF5D,5, 0x1882,6, 0xCF5D,4, 0x6B8F,2, 0x29A7,1, 0x6984,3, 0x18C5,19, 0x28E5,1,
    0x4125,2, 0x69A5,1, 0x9307,1, 0xBB29,1, 0xDC4D,3, 0x9307,1, 0xF572,1, 0xDC4D,12,
    0x29A7,2, 0xDF1D,1, 0xCF5D,5, 0x1882,6, 0xCF5D,3, 0xAD97,1, 0x6B8F,2, 0x29A7,1,
    0xBB29,2, 0x9307,1, 0x4125,2, 0x18C5,20, 0x4125,1, 0x6984,1, 0x9307,1, 0xDC4D,3,
    0x9307,1, 0xF572,1, 0xDC4D,3, 0x9307,3, 0xDC4D,6, 0x9307,2, 0x6B8F,1, 0xAD97,2,
    0xCF5D,3, 0x6B8F,6, 0xCF5D,3, 0x6B8F,1, 0x29A7,2, 0x9307,1, 0xDC4D,2, 0x9307,1,
    0x6984,2, 0x18C5,20, 0x4125,1, 0x6984,1, 0x9307,1, 0xDC4D,3, 0x9307,1, 0xF572,1,
    0xDC4D,3, 0x1882,3, 0xDC4D,8, 0x29A7,1, 0xAD97,2, 0xCF5D,12, 0x6B8F,1, 0x29A7,2,
    0xDC4D,1, 0xBB29,2, 0x6984,3, 0x18C5,17, 0x28E5,1, 0x4125,2, 0x7A48,1, 0xBB29,1,
    0xDC4D,4, 0x9307,1, 0xF572,1, 0xDC4D,3, 0x1882,3, 0xDC4D,8, 0x9307,1, 0x6B8F,2,
    0xAD97,3, 0xCF5D,6, 0xAD97,3, 0x29A7,3, 0xDC4D,1, 0x9307,2, 0x4125,3, 0x18C5,17,
    0x4124,1, 0x6984,2, 0xBB29,1, 0xDC4D,2, 0xBB29,3, 0x9307,1, 0xF572,1, 0xDC4D,3,
    0x9307,3, 0xDC4D,9, 0x9307,2, 0x6B8F,1, 0xAD97,8, 0x6B8F,1, 0x29A7,2, 0x59C4,1,
    0x6984,2, 0x9307,1, 0x6984,2, 0x18C5,20, 0x4124,1, 0x6984,1, 0x9307,1, 0xBB29,6,
    0x9307,1, 0xF572,1, 0xDC4D,17, 0x29A7,1, 0xAD97,2, 0x6B8F,7, 0x29A7,2, 0x9307,3,
    0x59C4,1, 0x6984,2, 0x18C5,20, 0x28E5,1, 0x4125,1, 0x69A5,1, 0x9307,6, 0x6984,1,
    0xF572,1, 0xDC4D,17, 0x9307,1, 0x6B8F,2, 0x29A7,7, 0x9307,2, 0xBB29,1, 0x9307,2,
    0x6984,1, 0x9307,2, 0x4125,3, 0x18C5,19, 0x28E5,1, 0x4124,5, 0x6984,2, 0xF572,1,
    0xDC4D,18, 0x9307,9, 0xBB29,5, 0x9307,1, 0x6984,5, 0x18C5,25, 0x6984,2, 0xF572,1,
    0xDC4D,27, 0xBB29,5, 0x9307,3, 0x59C4,1, 0x6984,2, 0x18C5,25, 0x6984,2, 0xF572,1,
    0xDC4D,27, 0xBB29,2, 0x9307,6, 0x6984,1, 0x4964,2, 0x18C5,25, 0x6984,2, 0xF572,1,
    0xDC4D,27, 0xBB29,2, 0x6984,1, 0x4124,3, 0x6A06,3, 0x3944,2, 0x18C5,25, 0x6984,2,
    0xDC4D,1, 0xBB29,29, 0x6984,1, 0x18C5,33, 0x6984,2, 0xDC4D,1, 0xBB29,29, 0x6984,1,
    0x18C5,33, 0x6984,2, 0xDC4D,1, 0xBB29,29, 0x6984,1, 0x18C5,33, 0x6984,33, 0x18C5,36,
    0xBB29,2, 0x6984,1, 0x18C5,15, 0xBB29,2, 0x6984,1, 0x18C5,45, 0xBB29,2, 0x6984,1,
    0x18C5,15, 0xBB29,2, 0x6984,1, 0x18C5,45, 0x6984,3, 0x18C5,15, 0x6984,3, 0x18C5,40,
    0x10A4,1, 0x1084,35, 0x10A4,1, 0x18C5,29, 0x10A4,1, 0x1084,35, 0x10A4,1, 0x18C5,34,
    0x18C6,1, 0x10A4,26, 0x18C6,1, 0x18C5,10, 0x18C5,46, 0x2126,9, 0x18C5,57, 0x29A7,9,
    0x18C5,56, 0x2126,1, 0x6B8F,9, 0x2126,2, 0x18C5,52, 0x8C72,2, 0xAD97,1, 0xDF1D,2,
    0xCF5D,6, 0xDF1D,1, 0x6B8F,2, 0x2126,1, 0x18C5,51, 0xFFFF,5, 0xCF5D,6, 0xDF1D,1,
    0xAD97,2, 0x29A7,1, 0x18C5,50, 0x2126,1, 0xFFFF,2, 0xDF1D,3, 0xCF5D,7, 0xAD97,2,
    0x6B8F,1, 0x2126,2, 0x18C5,46, 0x2126,2, 0x6B8F,1, 0xDF1D,2, 0xCF5D,3, 0xDF1D,1,
    0x6B8F,5, 0xCF5D,3, 0xAD97,1, 0x6B8F,2, 0x2126,1, 0x18C5,45, 0x29A7,2, 0xDF1D,3,
    0xCF5D,3, 0xFFFF,1, 0x1882,5, 0xCF5D,3, 0xAD97,3, 0x29A7,1, 0x18C5,30, 0x6984,15,
    0x29A7,2, 0xDF1D,1, 0xCF5D,5, 0x6B8F,1, 0x1882,5, 0xCF5D,3, 0xAD97,1, 0x6B8F,2,
    0x29A7,1, 0x18C5,24, 0x28E5,1, 0x4124,5, 0x6984,15, 0x29A7,2, 0xDF1D,1, 0xCF5D,5,
    0x1882,6, 0xCF5D,4, 0x6B8F,2, 0x29A7,1, 0x18C5,24, 0x4125,1, 0x6984,7, 0xF572,13,
    0x29A7,2, 0xDF1D,1, 0xCF5D,5, 0x1882,6, 0xCF5D,4, 0x6B8F,2, 0x29A7,1, 0x18C5,22,
    0x28E5,1, 0x4125,1, 0x69A5,1, 0x9307,1, 0xBB29,5, 0x9307,1, 0xF572,1, 0xFE98,3,
    0xDC4D,9, 0x29A7,2, 0xDF1D,1, 0xCF5D,5, 0x1882,6, 0xCF5D,4, 0x6B8F,2, 0x29A7,1,
    0x18C5,22, 0x4124,1, 0x6984,2, 0xBB29,1, 0xDC4D,5, 0xBB29,1, 0xF572,1, 0xFE98,3,
    0xDC4D,9, 0x29A7,2, 0xDF1D,1, 0xCF5D,5, 0x1882,6, 0xCF5D,4, 0x6B8F,2, 0x29A7,1,
    0x4124,3, 0x18C5,19, 0x4124,1, 0x6984,2, 0x9307,1, 0xBB29,2, 0xDC4D,3, 0x9307,1,
    0xF572,1, 0xDC4D,12, 0x29A7,2, 0xDF1D,1, 0xCF5D,5, 0x1882,6, 0xCF5D,4, 0x6B8F,2,
    0x29A7,1, 0x6984,3, 0x18C5,19, 0x28E5,1, 0x4125,2, 0x69A5,1, 0x9307,1, 0xBB29,1,
    0xDC4D,3, 0x9307,1, 0xF572,1, 0xDC4D,12, 0x29A7,2, 0xDF1D,1, 0xCF5D,5, 0x1882,6,
    0xCF5D,3, 0xAD97,1, 0x6B8F,2, 0x29A7,1, 0xBB29,2, 0x9307,1, 0x4125,2, 0x18C5,20,
    0x4125,1, 0x6984,1, 0x9307,1, 0xDC4D,3, 0x9307,1, 0xF572,1, 0xDC4D,3, 0x9307,3,
    0xDC4D,6, 0x9307,2, 0x6B8F,1, 0xAD97,2, 0xCF5D,3, 0x6B8F,6, 0xCF5D,3, 0x6B8F,1,
    0x29A7,2, 0x9307,1, 0xDC4D,2, 0x9307,1, 0x6984,2, 0x18C5,20, 0x4125,1, 0x6984,1,
    0x9307,1, 0xDC4D,3, 0x9307,1, 0xF572,1, 0xDC4D,3, 0x1882,3, 0xDC4D,8, 0x29A7,1,
    0xAD97,2, 0xCF5D,12, 0x6B8F,1, 0x29A7,2, 0xDC4D,1, 0xBB29,2, 0x6984,3, 0x18C5,17,
    0x28E5,1, 0x4125,2, 0x7A48,1, 0xBB29,1, 0xDC4D,4, 0x9307,1, 0xF572,1, 0xDC4D,3,
    0x1882,3, 0xDC4D,8, 0x9307,1, 0x6B8F,2, 0xAD97,3, 0xCF5D,6, 0xAD97,3, 0x29A7,3,
    0xDC4D,1, 0x9307,2, 0x4125,3, 0x18C5,17, 0x4124,1, 0x6984,2, 0xBB29,1, 0xDC4D,2,
    0xBB29,3, 0x9307,1, 0xF572,1, 0xDC4D,3, 0x9307,3, 0xDC4D,9, 0x9307,2, 0x6B8F,1,
    0xAD97,8, 0x6B8F,1, 0x29A7,2, 0x59C4,1, 0x6984,2, 0x9307,1, 0x6984,2, 0x18C5,20,
    0x4124,1, 0x6984,1, 0x9307,1, 0xBB29,6, 0x9307,1, 0xF572,1, 0xDC4D,17, 0x29A7,1,
    0xAD97,2, 0x6B8F,7, 0x29A7,2, 0x9307,3, 0x59C4,1, 0x6984,2, 0x18C5,20, 0x28E5,1,
    0x4125,1, 0x69A5,1, 0x9307,6, 0x6984,1, 0xF572,1, 0xDC4D,17, 0x9307,1, 0x6B8F,2,
    0x29A7,7, 0x9307,2, 0xBB29,1, 0x9307,2, 0x6984,1, 0x9307,2, 0x4125,3, 0x18C5,19,
    0x28E5,1, 0x4124,5, 0x6984,2, 0xF572,1, 0xDC4D,18, 0x9307,9, 0xBB29,5, 0x9307,1,
    0x6984,5, 0x18C5,25, 0x6984,2, 0xF572,1, 0xDC4D,27, 0xBB29,5, 0x9307,3, 0x59C4,1,
    0x6984,2, 0x18C5,25, 0x6984,2, 0xF572,1, 0xDC4D,27, 0xBB29,2, 0x9307,6, 0x6984,1,
    0x4964,2, 0x18C5,25, 0x6984,2, 0xF572,1, 0xDC4D,27, 0xBB29,2, 0x6984,1, 0x4124,3,
    0x6A06,3, 0x3944,2, 0x18C5,25, 0x6984,2, 0xDC4D,1, 0xBB29,29, 0x6984,1, 0x18C5,33,
    0x6984,2, 0xDC4D,1, 0xBB29,29, 0x6984,1, 0x18C5,33, 0x6984,2, 0xDC4D,1, 0xBB29,29,
    0x6984,1, 0x18C5,33, 0x6984,33, 0x18C5,36, 0xBB29,2, 0x6984,1, 0x18C5,15, 0xBB29,2,
    0x6984,1, 0x18C5,45, 0xBB29,2, 0x6984,1, 0x18C5,15, 0xBB29,2, 0x6984,1, 0x18C5,45,
    0x6984,3, 0x18C5,15, 0x6984,3, 0x18C5,40, 0x10A4,1, 0x1084,35, 0x10A4,1, 0x18C5,29,
    0x10A4,1, 0x1084,35, 0x10A4,1, 0x18C5,34, 0x18C6,1, 0x10A4,26, 0x18C6,1, 0x18C5,10,
    0x18C5,46, 0x2126,9, 0x18C5,57, 0x29A7,9, 0x18C5,56, 0x2126,1, 0x6B8F,9, 0x2126,2,
    0x18C5,52, 0x8C72,2, 0xAD97,1, 0xDF1D,2, 0xCF5D,6, 0xDF1D,1, 0x6B8F,2, 0x2126,1,
    0x18C5,51, 0xFFFF,5, 0xCF5D,6, 0xDF1D,1, 0xAD97,2, 0x29A7,1, 0x18C5,50, 0x2126,1,
    0xFFFF,2, 0xDF1D,3, 0xCF5D,7, 0xAD97,2, 0x6B8F,1, 0x2126,2, 0x18C5,46, 0x2126,2,
    0x6B8F,1, 0xDF1D,2, 0xCF5D,3, 0xDF1D,1, 0x6B8F,5, 0xCF5D,3, 0xAD97,1, 0x6B8F,2,
    0x2126,1, 0x18C5,45, 0x29A7,2, 0xDF1D,3, 0xCF5D,3, 0xFFFF,1, 0x1882,5, 0xCF5D,3,
    0xAD97,3, 0x29A7,1, 0x18C5,30, 0x6984,15, 0x29A7,2, 0xDF1D,1, 0xCF5D,5, 0x6B8F,1,
    0x1882,5, 0xCF5D,3, 0xAD97,1, 0x6B8F,2, 0x29A7,1, 0x18C5,24, 0x28E5,1, 0x4124,5,
    0x6984,15, 0x29A7,2, 0xDF1D,1, 0xCF5D,5, 0x1882,6, 0xCF5D,4, 0x6B8F,2, 0x29A7,1,
    0x18C5,24, 0x4125,1, 0x6984,7, 0xF572,13, 0x29A7,2, 0xDF1D,1, 0xCF5D,5, 0x1882,6,
    0xCF5D,4, 0x6B8F,2, 0x29A7,1, 0x18C5,22, 0x28E5,1, 0x4125,1, 0x69A5,1, 0x9307,1,
    0xBB29,5, 0x9307,1, 0xF572,1, 0xFE98,3, 0xDC4D,9, 0x29A7,2, 0xDF1D,1, 0xCF5D,5,
    0x1882,6, 0xCF5D,4, 0x6B8F,2, 0x29A7,1, 0x18C5,22, 0x4124,1, 0x6984,2, 0xBB29,1,
    0xDC4D,5, 0xBB29,1, 0xF572,1, 0xFE98,3, 0xDC4D,9, 0x29A7,2, 0xDF1D,1, 0xCF5D,5,
    0x1882,6, 0xCF5D,4, 0x6B8F,2, 0x29A7,1, 0x4124,3, 0x18C5,19, 0x4124,1, 0x6984,2,
    0x9307,1, 0xBB29,2, 0xDC4D,3, 0x9307,1, 0xF572,1, 0xDC4D,12, 0x29A7,2, 0xDF1D,1,
    0xCF5D,5, 0x1882,6, 0xCF5D,4, 0x6B8F,2, 0x29A7,1, 0x6984,3, 0x18C5,19, 0x28E5,1,
    0x4125,2, 0x69A5,1, 0x9307,1, 0xBB29,1, 0xDC4D,3, 0x9307,1, 0xF572,1, 0xDC4D,12,
    0x29A7,2, 0xDF1D,1, 0xCF5D,5, 0x1882,6, 0xCF5D,3, 0xAD97,1, 0x6B8F,2, 0x29A7,1,
    0xBB29,2, 0x9307,1, 0x4125,2, 0x18C5,20, 0x4125,1, 0x6984,1, 0x9307,1, 0xDC4D,3,
    0x9307,1, 0xF572,1, 0xDC4D,3, 0x9307,3, 0xDC4D,6, 0x9307,2, 0x6B8F,1, 0xAD97,2,
    0xCF5D,3, 0x6B8F,6, 0xCF5D,3, 0x6B8F,1, 0x29A7,2, 0x9307,1, 0xDC4D,2, 0x9307,1,
    0x6984,2, 0x18C5,20, 0x4125,1, 0x6984,1, 0x9307,1, 0xDC4D,3, 0x9307,1, 0xF572,1,
    0xDC4D,3, 0x1882,3, 0xDC4D,8, 0x29A7,1, 0xAD97,2, 0xCF5D,12, 0x6B8F,1, 0x29A7,2,
    0xDC4D,1, 0xBB29,2, 0x6984,3, 0x18C5,17, 0x28E5,1, 0x4125,2, 0x7A48,1, 0xBB29,1,
    0xDC4D,4, 0x9307,1, 0xF572,1, 0xDC4D,3, 0x1882,3, 0xDC4D,8, 0x9307,1, 0x6B8F,2,
    0xAD97,3, 0xCF5D,6, 0xAD97,3, 0x29A7,3, 0xDC4D,1, 0x9307,2, 0x4125,3, 0x18C5,17,
    0x4124,1, 0x6984,2, 0xBB29,1, 0xDC4D,2, 0xBB29,3, 0x9307,1, 0xF572,1, 0xDC4D,3,
    0x9307,3, 0xDC4D,9, 0x9307,2, 0x6B8F,1, 0xAD97,8, 0x6B8F,1, 0x29A7,2, 0x59C4,1,
    0x6984,2, 0x9307,1, 0x6984,2, 0x18C5,20, 0x4124,1, 0x6984,1, 0x9307,1, 0xBB29,6,
    0x9307,1, 0xF572,1, 0xDC4D,17, 0x29A7,1, 0xAD97,2, 0x6B8F,7, 0x29A7,2, 0x9307,3,
    0x59C4,1, 0x6984,2, 0x18C5,20, 0x28E5,1, 0x4125,1, 0x69A5,1, 0x9307,6, 0x6984,1,
    0xF572,1, 0xDC4D,17, 0x9307,1, 0x6B8F,2, 0x29A7,7, 0x9307,2, 0xBB29,1, 0x9307,2,
    0x6984,1, 0x9307,2, 0x4125,3, 0x18C5,19, 0x28E5,1, 0x4124,5, 0x6984,2, 0xF572,1,
    0xDC4D,18, 0x9307,9, 0xBB29,5, 0x9307,1, 0x6984,5, 0x18C5,25, 0x6984,2, 0xF572,1,
    0xDC4D,27, 0xBB29,5, 0x9307,3, 0x59C4,1, 0x6984,2, 0x18C5,25, 0x6984,2, 0xF572,1,
    0xDC4D,27, 0xBB29,2, 0x9307,6, 0x6984,1, 0x4964,2, 0x18C5,25, 0x6984,2, 0xF572,1,
    0xDC4D,27, 0xBB29,2, 0x6984,1, 0x4124,3, 0x6A06,3, 0x3944,2, 0x18C5,25, 0x6984,2,
    0xDC4D,1, 0xBB29,29, 0x6984,1, 0x18C5,33, 0x6984,2, 0xDC4D,1, 0xBB29,29, 0x6984,1,
    0x18C5,33, 0x6984,2, 0xDC4D,1, 0xBB29,29, 0x6984,1, 0x18C5,33, 0x6984,33, 0x18C5,42,
    0xBB29,2, 0x6984,1, 0x18C5,15, 0xBB29,2, 0x6984,1, 0x18C5,45, 0xBB29,2, 0x6984,1,
    0x18C5,15, 0xBB29,2, 0x6984,1, 0x18C5,45, 0x6984,3, 0x18C5,15, 0x6984,3, 0x18C5,34,
    0x10A4,1, 0x1084,35, 0x10A4,1, 0x18C5,29, 0x10A4,1, 0x1084,35, 0x10A4,1, 0x18C5,34,
    0x18C6,1, 0x10A4,26, 0x18C6,1, 0x18C5,10, 0x18C5,46, 0x2126,9, 0x18C5,57, 0x29A7,9,
    0x18C5,56, 0x2126,1, 0x6B8F,9, 0x2126,2, 0x18C5,52, 0x8C72,2, 0xAD97,1, 0xDF1D,2,
    0xCF5D,6, 0xDF1D,1, 0x6B8F,2, 0x2126,1, 0x18C5,51, 0xFFFF,5, 0xCF5D,6, 0xDF1D,1,
    0xAD97,2, 0x29A7,1, 0x18C5,50, 0x2126,1, 0xFFFF,2, 0xDF1D,3, 0xCF5D,7, 0xAD97,2,
    0x6B8F,1, 0x2126,2, 0x18C5,46, 0x2126,2, 0x6B8F,1, 0xDF1D,2, 0xCF5D,3, 0xDF1D,1,
    0x6B8F,5, 0xCF5D,3, 0xAD97,1, 0x6B8F,2, 0x2126,1, 0x18C5,45, 0x29A7,2, 0xDF1D,3,
    0xCF5D,3, 0xFFFF,1, 0x1882,5, 0xCF5D,3, 0xAD97,3, 0x29A7,1, 0x18C5,30, 0x6984,15,
    0x29A7,2, 0xDF1D,1, 0xCF5D,5, 0x6B8F,1, 0x1882,5, 0xCF5D,3, 0xAD97,1, 0x6B8F,2,
    0x29A7,1, 0x18C5,24, 0x28E5,1, 0x4124,5, 0x6984,15, 0x29A7,2, 0xDF1D,1, 0xCF5D,5,
    0x1882,6, 0xCF5D,4, 0x6B8F,2, 0x29A7,1, 0x18C5,24, 0x4125,1, 0x6984,7, 0xF572,13,
    0x29A7,2, 0xDF1D,1, 0xCF5D,5, 0x1882,6, 0xCF5D,4, 0x6B8F,2, 0x29A7,1, 0x18C5,22,
    0x28E5,1, 0x4125,1, 0x69A5,1, 0x9307,1, 0xBB29,5, 0x9307,1, 0xF572,1, 0xFE98,3,
    0xDC4D,9, 0x29A7,2, 0xDF1D,1, 0xCF5D,5, 0x1882,6, 0xCF5D,4, 0x6B8F,2, 0x29A7,1,
    0x18C5,22, 0x4124,1, 0x6984,2, 0xBB29,1, 0xDC4D,5, 0xBB29,1, 0xF572,1, 0xFE98,3,
    0xDC4D,9, 0x29A7,2, 0xDF1D,1, 0xCF5D,5, 0x1882,6, 0xCF5D,4, 0x6B8F,2, 0x29A7,1,
    0x4124,3, 0x18C5,19, 0x4124,1, 0x6984,2, 0x9307,1, 0xBB29,2, 0xDC4D,3, 0x9307,1,
    0xF572,1, 0xDC4D,12, 0x29A7,2, 0xDF1D,1, 0xCF5D,5, 0x1882,6, 0xCF5D,4, 0x6B8F,2,
    0x29A7,1, 0x6984,3, 0x18C5,19, 0x28E5,1, 0x4125,2, 0x69A5,1, 0x9307,1, 0xBB29,1,
    0xDC4D,3, 0x9307,1, 0xF572,1, 0xDC4D,12, 0x29A7,2, 0xDF1D,1, 0xCF5D,5, 0x1882,6,
    0xCF5D,3, 0xAD97,1, 0x6B8F,2, 0x29A7,1, 0xBB29,2, 0x9307,1, 0x4125,2, 0x18C5,20,
    0x4125,1, 0x6984,1, 0x9307,1, 0xDC4D,3, 0x9307,1, 0xF572,1, 0xDC4D,3, 0x9307,3,
    0xDC4D,6, 0x9307,2, 0x6B8F,1, 0xAD97,2, 0xCF5D,3, 0x6B8F,6, 0xCF5D,3, 0x6B8F,1,
    0x29A7,2, 0x9307,1, 0xDC4D,2, 0x9307,1, 0x6984,2, 0x18C5,20, 0x4125,1, 0x6984,1,
    0x9307,1, 0xDC4D,3, 0x9307,1, 0xF572,1, 0xDC4D,3, 0x1882,3, 0xDC4D,8, 0x29A7,1,
    0xAD97,2, 0xCF5D,12, 0x6B8F,1, 0x29A7,2, 0xDC4D,1, 0xBB29,2, 0x6984,3, 0x18C5,17,
    0x28E5,1, 0x4125,2, 0x7A48,1, 0xBB29,1, 0xDC4D,4, 0x9307,1, 0xF572,1, 0xDC4D,3,
    0x1882,3, 0xDC4D,8, 0x9307,1, 0x6B8F,2, 0xAD97,3, 0xCF5D,6, 0xAD97,3, 0x29A7,3,
    0xDC4D,1, 0x9307,2, 0x4125,3, 0x18C5,17, 0x4124,1, 0x6984,2, 0xBB29,1, 0xDC4D,2,
    0xBB29,3, 0x9307,1, 0xF572,1, 0xDC4D,3, 0x9307,3, 0xDC4D,9, 0x9307,2, 0x6B8F,1,
    0xAD97,8, 0x6B8F,1, 0x29A7,2, 0x59C4,1, 0x6984,2, 0x9307,1, 0x6984,2, 0x18C5,20,
    0x4124,1, 0x6984,1, 0x9307,1, 0xBB29,6, 0x9307,1, 0xF572,1, 0xDC4D,17, 0x29A7,1,
    0xAD97,2, 0x6B8F,7, 0x29A7,2, 0x9307,3, 0x59C4,1, 0x6984,2, 0x18C5,20, 0x28E5,1,
    0x4125,1, 0x69A5,1, 0x9307,6, 0x6984,1, 0xF572,1, 0xDC4D,17, 0x9307,1, 0x6B8F,2,
    0x29A7,7, 0x9307,2, 0xBB29,1, 0x9307,2, 0x6984,1, 0x9307,2, 0x4125,3, 0x18C5,19,
    0x28E5,1, 0x4124,5, 0x6984,2, 0xF572,1, 0xDC4D,18, 0x9307,9, 0xBB29,5, 0x9307,1,
    0x6984,5, 0x18C5,25, 0x6984,2, 0xF572,1, 0xDC4D,27, 0xBB29,5, 0x9307,3, 0x59C4,1,
    0x6984,2, 0x18C5,25, 0x6984,2, 0xF572,1, 0xDC4D,27, 0xBB29,2, 0x9307,6, 0x6984,1,
    0x4964,2, 0x18C5,25, 0x6984,2, 0xF572,1, 0xDC4D,27, 0xBB29,2, 0x6984,1, 0x4124,3,
    0x6A06,3, 0x3944,2, 0x18C5,25, 0x6984,2, 0xDC4D,1, 0xBB29,29, 0x6984,1, 0x18C5,33,
    0x6984,2, 0xDC4D,1, 0xBB29,29, 0x6984,1, 0x18C5,33, 0x6984,2, 0xDC4D,1, 0xBB29,29,
    0x6984,1, 0x18C5,33, 0x6984,33, 0x18C5,42, 0xBB29,2, 0x6984,1, 0x18C5,15, 0xBB29,2,
    0x6984,1, 0x18C5,45, 0xBB29,2, 0x6984,1, 0x18C5,15, 0xBB29,2, 0x6984,1, 0x18C5,45,
    0x6984,3, 0x18C5,15, 0x6984,3, 0x18C5,34, 0x10A4,1, 0x1084,35, 0x10A4,1, 0x18C5,29,
    0x10A4,1, 0x1084,35, 0x10A4,1, 0x18C5,34, 0x18C6,1, 0x10A4,26, 0x18C6,1, 0x18C5,10,
    0x18C5,178, 0x29A7,9, 0x18C5,57, 0x29A7,9, 0x18C5,56, 0x29A7,1, 0xDF1D,9, 0x29A7,2,
    0x18C5,52, 0xFFFF,5, 0xCF5D,6, 0xDF1D,1, 0xAD97,2, 0x29A7,1, 0x18C5,51, 0xFFFF,5,
    0xCF5D,6, 0xDF1D,1, 0xAD97,2, 0x29A7,1, 0x18C5,50, 0x29A7,1, 0xFFFF,2, 0xCF5D,12,
    0xAD97,1, 0x29A7,2, 0x18C5,31, 0x6984,15, 0x29A7,2, 0xDF1D,3, 0xCF5D,3, 0xFFFF,1,
    0x1882,5, 0xCF5D,3, 0xAD97,3, 0x29A7,1, 0x18C5,24, 0x28E5,1, 0x4124,5, 0x6984,15,
    0x29A7,2, 0xDF1D,3, 0xCF5D,3, 0xFFFF,1, 0x1882,5, 0xCF5D,3, 0xAD97,3, 0x29A7,1,
    0x18C5,24, 0x4125,1, 0x6984,7, 0xF572,13, 0x29A7,2, 0xDF1D,1, 0xCF5D,5, 0x1882,6,
    0xCF5D,4, 0x6B8F,2, 0x29A7,1, 0x18C5,22, 0x28E5,1, 0x4125,1, 0x69A5,1, 0x9307,1,
    0xBB29,5, 0x9307,1, 0xF572,1, 0xFE98,3, 0xDC4D,9, 0x29A7,2, 0xDF1D,1, 0xCF5D,5,
    0x1882,6, 0xCF5D,4, 0x6B8F,2, 0x29A7,1, 0x18C5,22, 0x4124,1, 0x6984,2, 0xBB29,1,
    0xDC4D,5, 0xBB29,1, 0xF572,1, 0xFE98,3, 0xDC4D,9, 0x29A7,2, 0xDF1D,1, 0xCF5D,5,
    0x1882,6, 0xCF5D,4, 0x6B8F,2, 0x29A7,1, 0x4124,3, 0x18C5,19, 0x4124,1, 0x6984,2,
    0x9307,1, 0xBB29,2, 0xDC4D,3, 0x9307,1, 0xF572,1, 0xDC4D,12, 0x29A7,2, 0xDF1D,1,
    0xCF5D,5, 0x1882,6, 0xCF5D,4, 0x6B8F,2, 0x29A7,1, 0x6984,3, 0x18C5,19, 0x28E5,1,
    0x4125,2, 0x69A5,1, 0x9307,1, 0xBB29,1, 0xDC4D,3, 0x9307,1, 0xF572,1, 0xDC4D,12,
    0x29A7,2, 0xDF1D,1, 0xCF5D,5, 0x1882,6, 0xCF5D,4, 0x6B8F,2, 0x29A7,1, 0xBB29,2,
    0x9307,1, 0x4125,2, 0x18C5,20, 0x4125,1, 0x6984,1, 0x9307,1, 0xDC4D,3, 0x9307,1,
    0xF572,1, 0xDC4D,3, 0x9307,3, 0xDC4D,6, 0x29A7,2, 0xDF1D,1, 0xCF5D,5, 0x1882,6,
    0xCF5D,4, 0x6B8F,2, 0x29A7,1, 0xDC4D,2, 0x9307,1, 0x6984,2, 0x18C5,20, 0x4125,1,
    0x6984,1, 0x9307,1, 0xDC4D,3, 0x9307,1, 0xF572,1, 0xDC4D,3, 0x1882,3, 0xDC4D,6,
    0x29A7,2, 0xDF1D,3, 0xCF5D,3, 0x1882,6, 0xCF5D,3, 0x6B8F,3, 0x29A7,1, 0xBB29,2,
    0x6984,3, 0x18C5,17, 0x28E5,1, 0x4125,2, 0x7A48,1, 0xBB29,1, 0xDC4D,4, 0x9307,1,
    0xF572,1, 0xDC4D,3, 0x1882,3, 0xDC4D,8, 0x29A7,1, 0xAD97,2, 0xCF5D,12, 0x6B8F,1,
    0x29A7,2, 0xDC4D,1, 0x9307,2, 0x4125,3, 0x18C5,17, 0x4124,1, 0x6984,2, 0xBB29,1,
    0xDC4D,2, 0xBB29,3, 0x9307,1, 0xF572,1, 0xDC4D,3, 0x9307,3, 0xDC4D,8, 0x29A7,1,
    0xAD97,2, 0xCF5D,12, 0x6B8F,1, 0x29A7,2, 0xDC4D,1, 0x6984,2, 0x18C5,20, 0x4124,1,
    0x6984,1, 0x9307,1, 0xBB29,6, 0x9307,1, 0xF572,1, 0xDC4D,15, 0x29A7,2, 0xAD97,3,
    0xCF5D,6, 0x6B8F,3, 0x29A7,1, 0x59C4,2, 0xDC4D,1, 0x6984,2, 0x18C5,20, 0x28E5,1,
    0x4125,1, 0x69A5,1, 0x9307,6, 0x6984,1, 0xF572,1, 0xDC4D,17, 0x29A7,1, 0xAD97,2,
    0x6B8F,7, 0x29A7,2, 0x9307,3, 0x59C4,1, 0xBB29,2, 0x4125,3, 0x18C5,19, 0x28E5,1,
    0x4124,5, 0x6984,2, 0xF572,1, 0xDC4D,17, 0x29A7,1, 0xAD97,2, 0x6B8F,7, 0x29A7,2,
    0x9307,3, 0x59C4,1, 0xDC4D,2, 0x9307,1, 0x6984,2, 0x18C5,25, 0x6984,2, 0xF572,1,
    0xDC4D,18, 0x29A7,9, 0xBB29,3, 0x9307,3, 0x59C4,2, 0xBB29,1, 0x6984,2, 0x18C5,25,
    0x6984,2, 0xF572,1, 0xDC4D,27, 0xBB29,2, 0x9307,6, 0x59C4,1, 0x4125,2, 0x18C5,25,
    0x6984,2, 0xF572,1, 0xDC4D,27, 0xBB29,2, 0x6984,1, 0x4124,2, 0x9307,3, 0x59C4,1,
    0x18C5,27, 0x6984,2, 0xDC4D,1, 0xBB29,29, 0x6984,1, 0x18C5,3, 0x9307,3, 0x59C4,2,
    0x18C5,25, 0x6984,2, 0xDC4D,1, 0xBB29,29, 0x6984,1, 0x18C5,33, 0x6984,2, 0xDC4D,1,
    0xBB29,29, 0x6984,1, 0x18C5,33, 0x6984,33, 0x18C5,36, 0xBB29,2, 0x6984,1, 0x18C5,15,
    0xBB29,2, 0x6984,1, 0x18C5,45, 0xBB29,2, 0x6984,1, 0x18C5,15, 0xBB29,2, 0x6984,1,
    0x18C5,45, 0x6984,3, 0x18C5,15, 0x6984,3, 0x18C5,40, 0x10A4,1, 0x1084,35, 0x10A4,1,
    0x18C5,29, 0x10A4,1, 0x1084,35, 0x10A4,1, 0x18C5,34, 0x18C6,1, 0x10A4,26, 0x18C6,1,
    0x18C5,10, 0x18C5,176, 0x2126,1, 0x29A7,8, 0x2126,1, 0x18C5,56, 0x2126,1, 0x29A7,8,
    0x2126,1, 0x18C5,55, 0x2126,1, 0x6B8F,1, 0xDF1D,8, 0x6B8F,1, 0x29A7,1, 0x2126,1,
    0x18C5,51, 0x8C72,1, 0xFFFF,4, 0xDF1D,1, 0xCF5D,6, 0xAD97,2, 0x6B8F,1, 0x2126,1,
    0x18C5,50, 0x8C72,1, 0xFFFF,4, 0xDF1D,1, 0xCF5D,6, 0xAD97,2, 0x6B8F,1, 0x2126,1,
    0x18C5,49, 0x2126,1, 0xAD97,1, 0xFFFF,1, 0xDF1D,1, 0xCF5D,11, 0xAD97,1, 0x6B8F,1,
    0x29A7,1, 0x2126,1, 0x18C5,30, 0x4124,1, 0x6984,14, 0x59C4,1, 0x29A7,1, 0x6B8F,1,
    0xDF1D,2, 0xCF5D,3, 0xDF1D,1, 0x6B8F,1, 0x1882,4, 0x6B8F,1, 0xCF5D,2, 0xAD97,3,
    0x6B8F,1, 0x2126,1, 0x18C5,24, 0x4124,5, 0x5144,1, 0x6984,14, 0x59C4,1, 0x29A7,1,
    0x6B8F,1, 0xDF1D,2, 0xCF5D,3, 0xDF1D,1, 0x6B8F,1, 0x1882,4, 0x6B8F,1, 0xCF5D,2,
    0xAD97,3, 0x6B8F,1, 0x2126,1, 0x18C5,24, 0x6984,7, 0xBB29,1, 0xF572,12, 0x9307,1,
    0x29A7,1, 0x6B8F,1, 0xCF5D,5, 0x6B8F,1, 0x1882,5, 0x6B8F,1, 0xCF5D,3, 0xAD97,1,
    0x6B8F,1, 0x29A7,1, 0x2126,1, 0x18C5,22, 0x4125,2, 0x9307,1, 0xBB29,7, 0xF572,1,
    0xFE98,2, 0xF572,1, 0xDC4D,8, 0x9307,1, 0x29A7,1, 0x6B8F,1, 0xCF5D,5, 0x6B8F,1,
    0x1882,5, 0x6B8F,1, 0xCF5D,3, 0xAD97,1, 0x6B8F,1, 0x29A7,1, 0x2126,1, 0x18C5,22,
    0x6984,2, 0x9307,1, 0xDC4D,6, 0xBB29,1, 0xF572,1, 0xFE98,2, 0xF572,1, 0xDC4D,8,
    0x9307,1, 0x29A7,1, 0x6B8F,1, 0xCF5D,5, 0x6B8F,1, 0x1882,5, 0x6B8F,1, 0xCF5D,3,
    0xAD97,1, 0x6B8F,1, 0x29A7,1, 0x3166,1, 0x4124,2, 0x28E5,1, 0x18C5,19, 0x6984,3,
    0xBB29,2, 0xDC4D,4, 0xBB29,1, 0xDC4D,12, 0x9307,1, 0x29A7,1, 0x6B8F,1, 0xCF5D,5,
    0x6B8F,1, 0x1882,5, 0x6B8F,1, 0xCF5D,3, 0xAD97,1, 0x6B8F,1, 0x29A7,1, 0x59C4,1,
    0x6984,2, 0x4125,1, 0x18C5,19, 0x4125,3, 0x9307,2, 0xDC4D,4, 0xBB29,1, 0xDC4D,12,
    0x9307,1, 0x29A7,1, 0x6B8F,1, 0xCF5D,5, 0x6B8F,1, 0x1882,5, 0x6B8F,1, 0xCF5D,3,
    0xAD97,1, 0x6B8F,1, 0x29A7,1, 0x9307,1, 0xBB29,1, 0x9307,1, 0x69A5,1, 0x4125,1,
    0x28E5,1, 0x18C5,20, 0x6984,2, 0xDC4D,4, 0xBB29,1, 0xDC4D,3, 0xBB29,1, 0x9307,2,
    0xBB29,1, 0xDC4D,5, 0x9307,1, 0x29A7,1, 0x6B8F,1, 0xCF5D,5, 0x6B8F,1, 0x1882,5,
    0x6B8F,1, 0xCF5D,3, 0xAD97,1, 0x6B8F,1, 0x29A7,1, 0x9307,1, 0xDC4D,1, 0xBB29,1,
    0x6984,2, 0x4124,1, 0x18C5,20, 0x6984,2, 0xDC4D,4, 0xBB29,1, 0xDC4D,3, 0x9307,1,
    0x1882,2, 0x9307,1, 0xDC4D,5, 0x9307,1, 0x29A7,1, 0x6B8F,1, 0xDF1D,2, 0xCF5D,3,
    0x6B8F,1, 0x1882,5, 0x6B8F,1, 0xCF5D,2, 0xAD97,1, 0x6B8F,2, 0x29A7,1, 0x9307,1,
    0xBB29,1, 0x9307,1, 0x6984,2, 0x4124,1, 0x18C5,17, 0x4125,3, 0xBB29,2, 0xDC4D,4,
    0xBB29,1, 0xDC4D,3, 0x9307,1, 0x1882,2, 0x9307,1, 0xDC4D,7, 0x9307,1, 0x6B8F,1,
    0xAD97,2, 0xCF5D,11, 0xAD97,1, 0x29A7,2, 0x9307,1, 0xBB29,1, 0x9307,1, 0x69A5,1,
    0x4125,2, 0x28E5,1, 0x18C5,17, 0x6984,2, 0x9307,1, 0xDC4D,2, 0xBB29,5, 0xDC4D,3,
    0xBB29,1, 0x9307,2, 0xBB29,1, 0xDC4D,7, 0x9307,1, 0x6B8F,1, 0xAD97,2, 0xCF5D,11,
    0xAD97,1, 0x29A7,2, 0x9307,2, 0x6984,1, 0x4125,1, 0x18C5,20, 0x6984,2, 0xBB29,8,
    0xDC4D,15, 0x9307,1, 0x29A7,1, 0x6B8F,1, 0xAD97,3, 0xCF5D,5, 0xAD97,1, 0x6B8F,2,
    0x29A7,2, 0x59C4,1, 0x9307,2, 0x6984,1, 0x4125,1, 0x18C5,20, 0x4125,2, 0x9307,7,
    0xBB29,1, 0xDC4D,17, 0x9307,1, 0x6B8F,1, 0xAD97,1, 0x6B8F,7, 0x29A7,2, 0x59C4,1,
    0x9307,2, 0x6984,1, 0x9307,1, 0xBB29,1, 0x7A48,1, 0x4125,2, 0x28E5,1, 0x18C5,19,
    0x4124,5, 0x5144,1, 0x6984,1, 0xBB29,1, 0xDC4D,17, 0x9307,1, 0x6B8F,1, 0xAD97,1,
    0x6B8F,7, 0x29A7,2, 0x59C4,1, 0x9307,2, 0x6984,1, 0x9307,1, 0xDC4D,1, 0xBB29,1,
    0x6984,2, 0x4124,1, 0x18C5,24, 0x4124,1, 0x6984,1, 0xBB29,1, 0xDC4D,18, 0x9307,1,
    0x29A7,8, 0x9307,1, 0xBB29,1, 0x9307,4, 0x6984,1, 0x59C4,1, 0x9307,2, 0x6984,1,
    0x4124,1, 0x18C5,24, 0x4124,1, 0x6984,1, 0xBB29,1, 0xDC4D,27, 0xBB29,2, 0x9307,6,
    0x6984,2, 0x4125,1, 0x28E5,1, 0x18C5,24, 0x4124,1, 0x6984,1, 0xBB29,1, 0xDC4D,27,
    0xBB29,2, 0x9307,1, 0x5144,1, 0x4124,1, 0x6A06,1, 0x9307,2, 0x6984,1, 0x4144,1,
    0x18C5,26, 0x4124,1, 0x6984,1, 0x9307,1, 0xBB29,29, 0x9307,1, 0x4124,1, 0x18C5,2,
    0x51E6,1, 0x9307,2, 0x6984,1, 0x59C4,1, 0x3944,1, 0x18C5,24, 0x4124,1, 0x6984,1,
    0x9307,1, 0xBB29,29, 0x9307,1, 0x4124,1, 0x18C5,32, 0x4124,1, 0x6984,1, 0x9307,1,
    0xBB29,29, 0x9307,1, 0x4124,1, 0x18C5,32, 0x4124,1, 0x6984,32, 0x4124,1, 0x18C5,35,
    0x69E7,1, 0xBB29,1, 0x9307,1, 0x4124,1, 0x18C5,14, 0x69E7,1, 0xBB29,1, 0x9307,1,
    0x4124,1, 0x18C5,44, 0x69E7,1, 0xBB29,1, 0x9307,1, 0x4124,1, 0x18C5,14, 0x69E7,1,
    0xBB29,1, 0x9307,1, 0x4124,1, 0x18C5,44, 0x4124,1, 0x6984,2, 0x4124,1, 0x18C5,14,
    0x4124,1, 0x6984,2, 0x4124,1, 0x18C5,40, 0x1084,36, 0x18C5,30, 0x1084,36, 0x18C5,35,
    0x10A4,27, 0x18C5,12, 0x18C5,176, 0x2126,1, 0x29A7,8, 0x2126,1, 0x18C5,56, 0x2126,1,
    0x29A7,8, 0x2126,1, 0x18C5,55, 0x2126,1, 0x6B8F,1, 0xDF1D,8, 0x6B8F,1, 0x29A7,1,
    0x2126,1, 0x18C5,51, 0x8C72,1, 0xFFFF,4, 0xDF1D,1, 0xCF5D,6, 0xAD97,2, 0x6B8F,1,
    0x2126,1, 0x18C5,50, 0x8C72,1, 0xFFFF,4, 0xDF1D,1, 0xCF5D,6, 0xAD97,2, 0x6B8F,1,
    0x2126,1, 0x18C5,49, 0x2126,1, 0xAD97,1, 0xFFFF,1, 0xDF1D,1, 0xCF5D,11, 0xAD97,1,
    0x6B8F,1, 0x29A7,1, 0x2126,1, 0x18C5,30, 0x4124,1, 0x6984,14, 0x59C4,1, 0x29A7,1,
    0x6B8F,1, 0xDF1D,2, 0xCF5D,3, 0xDF1D,1, 0x6B8F,1, 0x1882,4, 0x6B8F,1, 0xCF5D,2,
    0xAD97,3, 0x6B8F,1, 0x2126,1, 0x18C5,24, 0x4124,5, 0x5144,1, 0x6984,14, 0x59C4,1,
    0x29A7,1, 0x6B8F,1, 0xDF1D,2, 0xCF5D,3, 0xDF1D,1, 0x6B8F,1, 0x1882,4, 0x6B8F,1,
    0xCF5D,2, 0xAD97,3, 0x6B8F,1, 0x2126,1, 0x18C5,24, 0x6984,7, 0xBB29,1, 0xF572,12,
    0x9307,1, 0x29A7,1, 0x6B8F,1, 0xCF5D,5, 0x6B8F,1, 0x1882,5, 0x6B8F,1, 0xCF5D,3,
    0xAD97,1, 0x6B8F,1, 0x29A7,1, 0x2126,1, 0x18C5,22, 0x4125,2, 0x9307,1, 0xBB29,7,
    0xF572,1, 0xFE98,2, 0xF572,1, 0xDC4D,8, 0x9307,1, 0x29A7,1, 0x6B8F,1, 0xCF5D,5,
    0x6B8F,1, 0x1882,5, 0x6B8F,1, 0xCF5D,3, 0xAD97,1, 0x6B8F,1, 0x29A7,1, 0x2126,1,
    0x18C5,22, 0x6984,2, 0x9307,1, 0xDC4D,6, 0xBB29,1, 0xF572,1, 0xFE98,2, 0xF572,1,
    0xDC4D,8, 0x9307,1, 0x29A7,1, 0x6B8F,1, 0xCF5D,5, 0x6B8F,1, 0x1882,5, 0x6B8F,1,
    0xCF5D,3, 0xAD97,1, 0x6B8F,1, 0x29A7,1, 0x3166,1, 0x4124,2, 0x28E5,1, 0x18C5,19,
    0x6984,3, 0xBB29,2, 0xDC4D,4, 0xBB29,1, 0xDC4D,12, 0x9307,1, 0x29A7,1, 0x6B8F,1,
    0xCF5D,5, 0x6B8F,1, 0x1882,5, 0x6B8F,1, 0xCF5D,3, 0xAD97,1, 0x6B8F,1, 0x29A7,1,
    0x59C4,1, 0x6984,2, 0x4125,1, 0x18C5,19, 0x4125,3, 0x9307,2, 0xDC4D,4, 0xBB29,1,
    0xDC4D,12, 0x9307,1, 0x29A7,1, 0x6B8F,1, 0xCF5D,5, 0x6B8F,1, 0x1882,5, 0x6B8F,1,
    0xCF5D,3, 0xAD97,1, 0x6B8F,1, 0x29A7,1, 0x9307,1, 0xBB29,1, 0x9307,1, 0x69A5,1,
    0x4125,1, 0x28E5,1, 0x18C5,20, 0x6984,2, 0xDC4D,4, 0xBB29,1, 0xDC4D,3, 0xBB29,1,
    0x9307,2, 0xBB29,1, 0xDC4D,5, 0x9307,1, 0x29A7,1, 0x6B8F,1, 0xCF5D,5, 0x6B8F,1,
    0x1882,5, 0x6B8F,1, 0xCF5D,3, 0xAD97,1, 0x6B8F,1, 0x29A7,1, 0x9307,1, 0xDC4D,1,
    0xBB29,1, 0x6984,2, 0x4124,1, 0x18C5,20, 0x6984,2, 0xDC4D,4, 0xBB29,1, 0xDC4D,3,
    0x9307,1, 0x1882,2, 0x9307,1, 0xDC4D,5, 0x9307,1, 0x29A7,1, 0x6B8F,1, 0xDF1D,2,
    0xCF5D,3, 0x6B8F,1, 0x1882,5, 0x6B8F,1, 0xCF5D,2, 0xAD97,1, 0x6B8F,2, 0x29A7,1,
    0x9307,1, 0xBB29,1, 0x9307,1, 0x6984,2, 0x4124,1, 0x18C5,17, 0x4125,3, 0xBB29,2,
    0xDC4D,4, 0xBB29,1, 0xDC4D,3, 0x9307,1, 0x1882,2, 0x9307,1, 0xDC4D,7, 0x9307,1,
    0x6B8F,1, 0xAD97,2, 0xCF5D,11, 0xAD97,1, 0x29A7,2, 0x9307,1, 0xBB29,1, 0x9307,1,
    0x69A5,1, 0x4125,2, 0x28E5,1, 0x18C5,17, 0x6984,2, 0x9307,1, 0xDC4D,2, 0xBB29,5,
    0xDC4D,3, 0xBB29,1, 0x9307,2, 0xBB29,1, 0xDC4D,7, 0x9307,1, 0x6B8F,1, 0xAD97,2,
    0xCF5D,11, 0xAD97,1, 0x29A7,2, 0x9307,2, 0x6984,1, 0x4125,1, 0x18C5,20, 0x6984,2,
    0xBB29,8, 0xDC4D,15, 0x9307,1, 0x29A7,1, 0x6B8F,1, 0xAD97,3, 0xCF5D,5, 0xAD97,1,
    0x6B8F,2, 0x29A7,2, 0x59C4,1, 0x9307,2, 0x6984,1, 0x4125,1, 0x18C5,20, 0x4125,2,
    0x9307,7, 0xBB29,1, 0xDC4D,17, 0x9307,1, 0x6B8F,1, 0xAD97,1, 0x6B8F,7, 0x29A7,2,
    0x59C4,1, 0x9307,2, 0x6984,1, 0x9307,1, 0xBB29,1, 0x7A48,1, 0x4125,2, 0x28E5,1,
    0x18C5,19, 0x4124,5, 0x5144,1, 0x6984,1, 0xBB29,1, 0xDC4D,17, 0x9307,1, 0x6B8F,1,
    0xAD97,1, 0x6B8F,7, 0x29A7,2, 0x59C4,1, 0x9307,2, 0x6984,1, 0x9307,1, 0xDC4D,1,
    0xBB29,1, 0x6984,2, 0x4124,1, 0x18C5,24, 0x4124,1, 0x6984,1, 0xBB29,1, 0xDC4D,18,
    0x9307,1, 0x29A7,8, 0x9307,1, 0xBB29,1, 0x9307,4, 0x6984,1, 0x59C4,1, 0x9307,2,
    0x6984,1, 0x4124,1, 0x18C5,24, 0x4124,1, 0x6984,1, 0xBB29,1, 0xDC4D,27, 0xBB29,2,
    0x9307,6, 0x6984,2, 0x4125,1, 0x28E5,1, 0x18C5,24, 0x4124,1, 0x6984,1, 0xBB29,1,
    0xDC4D,27, 0xBB29,2, 0x9307,1, 0x5144,1, 0x4124,1, 0x6A06,1, 0x9307,2, 0x6984,1,
    0x4144,1, 0x18C5,26, 0x4124,1, 0x6984,1, 0x9307,1, 0xBB29,29, 0x9307,1, 0x4124,1,
    0x18C5,2, 0x51E6,1, 0x9307,2, 0x6984,1, 0x59C4,1, 0x3944,1, 0x18C5,24, 0x4124,1,
    0x6984,1, 0x9307,1, 0xBB29,29, 0x9307,1, 0x4124,1, 0x18C5,32, 0x4124,1, 0x6984,1,
    0x9307,1, 0xBB29,29, 0x9307,1, 0x4124,1, 0x18C5,32, 0x4124,1, 0x6984,32, 0x4124,1,
    0x18C5,41, 0x69E7,1, 0xBB29,1, 0x9307,1, 0x4124,1, 0x18C5,14, 0x69E7,1, 0xBB29,1,
    0x9307,1, 0x4124,1, 0x18C5,44, 0x69E7,1, 0xBB29,1, 0x9307,1, 0x4124,1, 0x18C5,14,
    0x69E7,1, 0xBB29,1, 0x9307,1, 0x4124,1, 0x18C5,44, 0x4124,1, 0x6984,2, 0x4124,1,
    0x18C5,14, 0x4124,1, 0x6984,2, 0x4124,1, 0x18C5,34, 0x1084,36, 0x18C5,30, 0x1084,36,
    0x18C5,35, 0x10A4,27, 0x18C5,12, 0x18C5,175, 0x29A7,9, 0x18C5,57, 0x29A7,9, 0x18C5,56,
    0x29A7,1, 0xDF1D,9, 0x29A7,2, 0x18C5,52, 0xFFFF,5, 0xCF5D,6, 0xDF1D,1, 0xAD97,2,
    0x29A7,1, 0x18C5,51, 0xFFFF,5, 0xCF5D,6, 0xDF1D,1, 0xAD97,2, 0x29A7,1, 0x18C5,50,
    0x29A7,1, 0xFFFF,2, 0xCF5D,12, 0xAD97,1, 0x29A7,2, 0x18C5,31, 0x6984,15, 0x29A7,2,
    0xDF1D,3, 0xCF5D,3, 0xFFFF,1, 0x1882,5, 0xCF5D,3, 0xAD97,3, 0x29A7,1, 0x18C5,24,
    0x28E5,1, 0x4124,5, 0x6984,15, 0x29A7,2, 0xDF1D,3, 0xCF5D,3, 0xFFFF,1, 0x1882,5,
    0xCF5D,3, 0xAD97,3, 0x29A7,1, 0x18C5,24, 0x4125,1, 0x6984,7, 0xF572,13, 0x29A7,2,
    0xDF1D,1, 0xCF5D,5, 0x1882,6, 0xCF5D,4, 0x6B8F,2, 0x29A7,1, 0x18C5,22, 0x28E5,1,
    0x4125,1, 0x69A5,1, 0x9307,1, 0xBB29,5, 0x9307,1, 0xF572,1, 0xFE98,3, 0xDC4D,9,
    0x29A7,2, 0xDF1D,1, 0xCF5D,5, 0x1882,6, 0xCF5D,4, 0x6B8F,2, 0x29A7,1, 0x18C5,22,
    0x4124,1, 0x6984,2, 0xBB29,1, 0xDC4D,5, 0xBB29,1, 0xF572,1, 0xFE98,3, 0xDC4D,9,
    0x29A7,2, 0xDF1D,1, 0xCF5D,5, 0x1882,6, 0xCF5D,4, 0x6B8F,2, 0x29A7,1, 0x4124,3,
    0x18C5,19, 0x4124,1, 0x6984,2, 0x9307,1, 0xBB29,2, 0xDC4D,3, 0x9307,1, 0xF572,1,
    0xDC4D,12, 0x29A7,2, 0xDF1D,1, 0xCF5D,5, 0x1882,6, 0xCF5D,4, 0x6B8F,2, 0x29A7,1,
    0x6984,3, 0x18C5,19, 0x28E5,1, 0x4125,2, 0x69A5,1, 0x9307,1, 0xBB29,1, 0xDC4D,3,
    0x9307,1, 0xF572,1, 0xDC4D,12, 0x29A7,2, 0xDF1D,1, 0xCF5D,5, 0x1882,6, 0xCF5D,4,
    0x6B8F,2, 0x29A7,1, 0xBB29,2, 0x9307,1, 0x4125,2, 0x18C5,20, 0x4125,1, 0x6984,1,
    0x9307,1, 0xDC4D,3, 0x9307,1, 0xF572,1, 0xDC4D,3, 0x9307,3, 0xDC4D,6, 0x29A7,2,
    0xDF1D,1, 0xCF5D,5, 0x1882,6, 0xCF5D,4, 0x6B8F,2, 0x29A7,1, 0xDC4D,2, 0x9307,1,
    0x6984,2, 0x18C5,20, 0x4125,1, 0x6984,1, 0x9307,1, 0xDC4D,3, 0x9307,1, 0xF572,1,
    0xDC4D,3, 0x1882,3, 0xDC4D,6, 0x29A7,2, 0xDF1D,3, 0xCF5D,3, 0x1882,6, 0xCF5D,3,
    0x6B8F,3, 0x29A7,1, 0xBB29,2, 0x6984,3, 0x18C5,17, 0x28E5,1, 0x4125,2, 0x7A48,1,
    0xBB29,1, 0xDC4D,4, 0x9307,1, 0xF572,1, 0xDC4D,3, 0x1882,3, 0xDC4D,8, 0x29A7,1,
    0xAD97,2, 0xCF5D,12, 0x6B8F,1, 0x29A7,2, 0xDC4D,1, 0x9307,2, 0x4125,3, 0x18C5,17,
    0x4124,1, 0x6984,2, 0xBB29,1, 0xDC4D,2, 0xBB29,3, 0x9307,1, 0xF572,1, 0xDC4D,3,
    0x9307,3, 0xDC4D,8, 0x29A7,1, 0xAD97,2, 0xCF5D,12, 0x6B8F,1, 0x29A7,2, 0xDC4D,1,
    0x6984,2, 0x18C5,20, 0x4124,1, 0x6984,1, 0x9307,1, 0xBB29,6, 0x9307,1, 0xF572,1,
    0xDC4D,15, 0x29A7,2, 0xAD97,3, 0xCF5D,6, 0x6B8F,3, 0x29A7,1, 0x59C4,2, 0xDC4D,1,
    0x6984,2, 0x18C5,20, 0x28E5,1, 0x4125,1, 0x69A5,1, 0x9307,6, 0x6984,1, 0xF572,1,
    0xDC4D,17, 0x29A7,1, 0xAD97,2, 0x6B8F,7, 0x29A7,2, 0x9307,3, 0x59C4,1, 0xBB29,2,
    0x4125,3, 0x18C5,19, 0x28E5,1, 0x4124,5, 0x6984,2, 0xF572,1, 0xDC4D,17, 0x29A7,1,
    0xAD97,2, 0x6B8F,7, 0x29A7,2, 0x9307,3, 0x59C4,1, 0xDC4D,2, 0x9307,1, 0x6984,2,
    0x18C5,25, 0x6984,2, 0xF572,1, 0xDC4D,18, 0x29A7,9, 0xBB29,3, 0x9307,3, 0x59C4,2,
    0xBB29,1, 0x6984,2, 0x18C5,25, 0x6984,2, 0xF572,1, 0xDC4D,27, 0xBB29,2, 0x9307,6,
    0x59C4,1, 0x4125,2, 0x18C5,25, 0x6984,2, 0xF572,1, 0xDC4D,27, 0xBB29,2, 0x6984,1,
    0x4124,2, 0x9307,3, 0x59C4,1, 0x18C5,27, 0x6984,2, 0xDC4D,1, 0xBB29,29, 0x6984,1,
    0x18C5,3, 0x9307,3, 0x59C4,2, 0x18C5,25, 0x6984,2, 0xDC4D,1, 0xBB29,29, 0x6984,1,
    0x18C5,33, 0x6984,2, 0xDC4D,1, 0xBB29,29, 0x6984,1, 0x18C5,33, 0x6984,33, 0x18C5,42,
    0xBB29,2, 0x6984,1, 0x18C5,15, 0xBB29,2, 0x6984,1, 0x18C5,45, 0xBB29,2, 0x6984,1,
    0x18C5,15, 0xBB29,2, 0x6984,1, 0x18C5,45, 0x6984,3, 0x18C5,15, 0x6984,3, 0x18C5,34,
    0x10A4,1, 0x1084,35, 0x10A4,1, 0x18C5,29, 0x10A4,1, 0x1084,35, 0x10A4,1, 0x18C5,34,
    0x18C6,1, 0x10A4,26, 0x18C6,1, 0x18C5,13, 0x18C5,173, 0x2126,1, 0x29A7,8, 0x2126,1,
    0x18C5,56, 0x2126,1, 0x29A7,8, 0x2126,1, 0x18C5,55, 0x2126,1, 0x6B8F,1, 0xDF1D,8,
    0x6B8F,1, 0x29A7,1, 0x2126,1, 0x18C5,51, 0x8C72,1, 0xFFFF,4, 0xDF1D,1, 0xCF5D,6,
    0xAD97,2, 0x6B8F,1, 0x2126,1, 0x18C5,50, 0x8C72,1, 0xFFFF,4, 0xDF1D,1, 0xCF5D,6,
    0xAD97,2, 0x6B8F,1, 0x2126,1, 0x18C5,49, 0x2126,1, 0xAD97,1, 0xFFFF,1, 0xDF1D,1,
    0xCF5D,11, 0xAD97,1, 0x6B8F,1, 0x29A7,1, 0x2126,1, 0x18C5,30, 0x4124,1, 0x6984,14,
    0x59C4,1, 0x29A7,1, 0x6B8F,1, 0xDF1D,2, 0xCF5D,3, 0xDF1D,1, 0x6B8F,1, 0x1882,4,
    0x6B8F,1, 0xCF5D,2, 0xAD97,3, 0x6B8F,1, 0x2126,1, 0x18C5,24, 0x4124,5, 0x5144,1,
    0x6984,14, 0x59C4,1, 0x29A7,1, 0x6B8F,1, 0xDF1D,2, 0xCF5D,3, 0xDF1D,1, 0x6B8F,1,
    0x1882,4, 0x6B8F,1, 0xCF5D,2, 0xAD97,3, 0x6B8F,1, 0x2126,1, 0x18C5,24, 0x6984,7,
    0xBB29,1, 0xF572,12, 0x9307,1, 0x29A7,1, 0x6B8F,1, 0xCF5D,5, 0x6B8F,1, 0x1882,5,
    0x6B8F,1, 0xCF5D,3, 0xAD97,1, 0x6B8F,1, 0x29A7,1, 0x2126,1, 0x18C5,22, 0x4125,2,
    0x9307,1, 0xBB29,7, 0xF572,1, 0xFE98,2, 0xF572,1, 0xDC4D,8, 0x9307,1, 0x29A7,1,
    0x6B8F,1, 0xCF5D,5, 0x6B8F,1, 0x1882,5, 0x6B8F,1, 0xCF5D,3, 0xAD97,1, 0x6B8F,1,
    0x29A7,1, 0x2126,1, 0x18C5,22, 0x6984,2, 0x9307,1, 0xDC4D,6, 0xBB29,1, 0xF572,1,
    0xFE98,2, 0xF572,1, 0xDC4D,8, 0x9307,1, 0x29A7,1, 0x6B8F,1, 0xCF5D,5, 0x6B8F,1,
    0x1882,5, 0x6B8F,1, 0xCF5D,3, 0xAD97,1, 0x6B8F,1, 0x29A7,1, 0x3166,1, 0x4124,2,
    0x28E5,1, 0x18C5,19, 0x6984,3, 0xBB29,2, 0xDC4D,4, 0xBB29,1, 0xDC4D,12, 0x9307,1,
    0x29A7,1, 0x6B8F,1, 0xCF5D,5, 0x6B8F,1, 0x1882,5, 0x6B8F,1, 0xCF5D,3, 0xAD97,1,
    0x6B8F,1, 0x29A7,1, 0x59C4,1, 0x6984,2, 0x4125,1, 0x18C5,19, 0x4125,3, 0x9307,2,
    0xDC4D,4, 0xBB29,1, 0xDC4D,12, 0x9307,1, 0x29A7,1, 0x6B8F,1, 0xCF5D,5, 0x6B8F,1,
    0x1882,5, 0x6B8F,1, 0xCF5D,3, 0xAD97,1, 0x6B8F,1, 0x29A7,1, 0x9307,1, 0xBB29,1,
    0x9307,1, 0x69A5,1, 0x4125,1, 0x28E5,1, 0x18C5,20, 0x6984,2, 0xDC4D,4, 0xBB29,1,
    0xDC4D,3, 0xBB29,1, 0x9307,2, 0xBB29,1, 0xDC4D,5, 0x9307,1, 0x29A7,1, 0x6B8F,1,
    0xCF5D,5, 0x6B8F,1, 0x1882,5, 0x6B8F,1, 0xCF5D,3, 0xAD97,1, 0x6B8F,1, 0x29A7,1,
    0x9307,1, 0xDC4D,1, 0xBB29,1, 0x6984,2, 0x4124,1, 0x18C5,20, 0x6984,2, 0xDC4D,4,
    0xBB29,1, 0xDC4D,3, 0x9307,1, 0x1882,2, 0x9307,1, 0xDC4D,5, 0x9307,1, 0x29A7,1,
    0x6B8F,1, 0xDF1D,2, 0xCF5D,3, 0x6B8F,1, 0x1882,5, 0x6B8F,1, 0xCF5D,2, 0xAD97,1,
    0x6B8F,2, 0x29A7,1, 0x9307,1, 0xBB29,1, 0x9307,1, 0x6984,2, 0x4124,1, 0x18C5,17,
    0x4125,3, 0xBB29,2, 0xDC4D,4, 0xBB29,1, 0xDC4D,3, 0x9307,1, 0x1882,2, 0x9307,1,
    0xDC4D,7, 0x9307,1, 0x6B8F,1, 0xAD97,2, 0xCF5D,11, 0xAD97,1, 0x29A7,2, 0x9307,1,
    0xBB29,1, 0x9307,1, 0x69A5,1, 0x4125,2, 0x28E5,1, 0x18C5,17, 0x6984,2, 0x9307,1,
    0xDC4D,2, 0xBB29,5, 0xDC4D,3, 0xBB29,1, 0x9307,2, 0xBB29,1, 0xDC4D,7, 0x9307,1,
    0x6B8F,1, 0xAD97,2, 0xCF5D,11, 0xAD97,1, 0x29A7,2, 0x9307,2, 0x6984,1, 0x4125,1,
    0x18C5,20, 0x6984,2, 0xBB29,8, 0xDC4D,15, 0x9307,1, 0x29A7,1, 0x6B8F,1, 0xAD97,3,
    0xCF5D,5, 0xAD97,1, 0x6B8F,2, 0x29A7,2, 0x59C4,1, 0x9307,2, 0x6984,1, 0x4125,1,
    0x18C5,20, 0x4125,2, 0x9307,7, 0xBB29,1, 0xDC4D,17, 0x9307,1, 0x6B8F,1, 0xAD97,1,
    0x6B8F,7, 0x29A7,2, 0x59C4,1, 0x9307,2, 0x6984,1, 0x9307,1, 0xBB29,1, 0x7A48,1,
    0x4125,2, 0x28E5,1, 0x18C5,19, 0x4124,5, 0x5144,1, 0x6984,1, 0xBB29,1, 0xDC4D,17,
    0x9307,1, 0x6B8F,1, 0xAD97,1, 0x6B8F,7, 0x29A7,2, 0x59C4,1, 0x9307,2, 0x6984,1,
    0x9307,1, 0xDC4D,1, 0xBB29,1, 0x6984,2, 0x4124,1, 0x18C5,24, 0x4124,1, 0x6984,1,
    0xBB29,1, 0xDC4D,18, 0x9307,1, 0x29A7,8, 0x9307,1, 0xBB29,1, 0x9307,4, 0x6984,1,
    0x59C4,1, 0x9307,2, 0x6984,1, 0x4124,1, 0x18C5,24, 0x4124,1, 0x6984,1, 0xBB29,1,
    0xDC4D,27, 0xBB29,2, 0x9307,6, 0x6984,2, 0x4125,1, 0x28E5,1, 0x18C5,24, 0x4124,1,
    0x6984,1, 0xBB29,1, 0xDC4D,27, 0xBB29,2, 0x9307,1, 0x5144,1, 0x4124,1, 0x6A06,1,
    0x9307,2, 0x6984,1, 0x4144,1, 0x18C5,26, 0x4124,1, 0x6984,1, 0x9307,1, 0xBB29,29,
    0x9307,1, 0x4124,1, 0x18C5,2, 0x51E6,1, 0x9307,2, 0x6984,1, 0x59C4,1, 0x3944,1,
    0x18C5,24, 0x4124,1, 0x6984,1, 0x9307,1, 0xBB29,29, 0x9307,1, 0x4124,1, 0x18C5,32,
    0x4124,1, 0x6984,1, 0x9307,1, 0xBB29,29, 0x9307,1, 0x4124,1, 0x18C5,32, 0x4124,1,
    0x6984,32, 0x4124,1, 0x18C5,35, 0x69E7,1, 0xBB29,1, 0x9307,1, 0x4124,1, 0x18C5,14,
    0x69E7,1, 0xBB29,1, 0x9307,1, 0x4124,1, 0x18C5,44, 0x69E7,1, 0xBB29,1, 0x9307,1,
    0x4124,1, 0x18C5,14, 0x69E7,1, 0xBB29,1, 0x9307,1, 0x4124,1, 0x18C5,44, 0x4124,1,
    0x6984,2, 0x4124,1, 0x18C5,14, 0x4124,1, 0x6984,2, 0x4124,1, 0x18C5,40, 0x1084,36,
    0x18C5,30, 0x1084,36, 0x18C5,35, 0x10A4,27, 0x18C5,15, 0x18C5,172, 0x29A7,9, 0x18C5,57,
    0x29A7,9, 0x18C5,56, 0x29A7,1, 0xDF1D,9, 0x29A7,2, 0x18C5,52, 0xFFFF,5, 0xCF5D,6,
    0xDF1D,1, 0xAD97,2, 0x29A7,1, 0x18C5,51, 0xFFFF,5, 0xCF5D,6, 0xDF1D,1, 0xAD97,2,
    0x29A7,1, 0x18C5,50, 0x29A7,1, 0xFFFF,2, 0xCF5D,12, 0xAD97,1, 0x29A7,2, 0x18C5,31,
    0x6984,15, 0x29A7,2, 0xDF1D,3, 0xCF5D,3, 0xFFFF,1, 0x1882,5, 0xCF5D,3, 0xAD97,3,
    0x29A7,1, 0x18C5,24, 0x28E5,1, 0x4124,5, 0x6984,15, 0x29A7,2, 0xDF1D,3, 0xCF5D,3,
    0xFFFF,1, 0x1882,5, 0xCF5D,3, 0xAD97,3, 0x29A7,1, 0x18C5,24, 0x4125,1, 0x6984,7,
    0xF572,13, 0x29A7,2, 0xDF1D,1, 0xCF5D,5, 0x1882,6, 0xCF5D,4, 0x6B8F,2, 0x29A7,1,
    0x18C5,22, 0x28E5,1, 0x4125,1, 0x69A5,1, 0x9307,1, 0xBB29,5, 0x9307,1, 0xF572,1,
    0xFE98,3, 0xDC4D,9, 0x29A7,2, 0xDF1D,1, 0xCF5D,5, 0x1882,6, 0xCF5D,4, 0x6B8F,2,
    0x29A7,1, 0x18C5,22, 0x4124,1, 0x6984,2, 0xBB29,1, 0xDC4D,5, 0xBB29,1, 0xF572,1,
    0xFE98,3, 0xDC4D,9, 0x29A7,2, 0xDF1D,1, 0xCF5D,5, 0x1882,6, 0xCF5D,4, 0x6B8F,2,
    0x29A7,1, 0x4124,3, 0x18C5,19, 0x4124,1, 0x6984,2, 0x9307,1, 0xBB29,2, 0xDC4D,3,
    0x9307,1, 0xF572,1, 0xDC4D,12, 0x29A7,2, 0xDF1D,1, 0xCF5D,5, 0x1882,6, 0xCF5D,4,
    0x6B8F,2, 0x29A7,1, 0x6984,3, 0x18C5,19, 0x28E5,1, 0x4125,2, 0x69A5,1, 0x9307,1,
    0xBB29,1, 0xDC4D,3, 0x9307,1, 0xF572,1, 0xDC4D,12, 0x29A7,2, 0xDF1D,1, 0xCF5D,5,
    0x1882,6, 0xCF5D,4, 0x6B8F,2, 0x29A7,1, 0xBB29,2, 0x9307,1, 0x4125,2, 0x18C5,20,
    0x4125,1, 0x6984,1, 0x9307,1, 0xDC4D,3, 0x9307,1, 0xF572,1, 0xDC4D,3, 0x9307,3,
    0xDC4D,6, 0x29A7,2, 0xDF1D,1, 0xCF5D,5, 0x1882,6, 0xCF5D,4, 0x6B8F,2, 0x29A7,1,
    0xDC4D,2, 0x9307,1, 0x6984,2, 0x18C5,20, 0x4125,1, 0x6984,1, 0x9307,1, 0xDC4D,3,
    0x9307,1, 0xF572,1, 0xDC4D,3, 0x1882,3, 0xDC4D,6, 0x29A7,2, 0xDF1D,3, 0xCF5D,3,
    0x1882,6, 0xCF5D,3, 0x6B8F,3, 0x29A7,1, 0xBB29,2, 0x6984,3, 0x18C5,17, 0x28E5,1,
    0x4125,2, 0x7A48,1, 0xBB29,1, 0xDC4D,4, 0x9307,1, 0xF572,1, 0xDC4D,3, 0x1882,3,
    0xDC4D,8, 0x29A7,1, 0xAD97,2, 0xCF5D,12, 0x6B8F,1, 0x29A7,2, 0xDC4D,1, 0x9307,2,
    0x4125,3, 0x18C5,17, 0x4124,1, 0x6984,2, 0xBB29,1, 0xDC4D,2, 0xBB29,3, 0x9307,1,
    0xF572,1, 0xDC4D,3, 0x9307,3, 0xDC4D,8, 0x29A7,1, 0xAD97,2, 0xCF5D,12, 0x6B8F,1,
    0x29A7,2, 0xDC4D,1, 0x6984,2, 0x18C5,20, 0x4124,1, 0x6984,1, 0x9307,1, 0xBB29,6,
    0x9307,1, 0xF572,1, 0xDC4D,15, 0x29A7,2, 0xAD97,3, 0xCF5D,6, 0x6B8F,3, 0x29A7,1,
    0x59C4,2, 0xDC4D,1, 0x6984,2, 0x18C5,20, 0x28E5,1, 0x4125,1, 0x69A5,1, 0x9307,6,
    0x6984,1, 0xF572,1, 0xDC4D,17, 0x29A7,1, 0xAD97,2, 0x6B8F,7, 0x29A7,2, 0x9307,3,
    0x59C4,1, 0xBB29,2, 0x4125,3, 0x18C5,19, 0x28E5,1, 0x4124,5, 0x6984,2, 0xF572,1,
    0xDC4D,17, 0x29A7,1, 0xAD97,2, 0x6B8F,7, 0x29A7,2, 0x9307,3, 0x59C4,1, 0xDC4D,2,
    0x9307,1, 0x6984,2, 0x18C5,25, 0x6984,2, 0xF572,1, 0xDC4D,18, 0x29A7,9, 0xBB29,3,
    0x9307,3, 0x59C4,2, 0xBB29,1, 0x6984,2, 0x18C5,25, 0x6984,2, 0xF572,1, 0xDC4D,27,
    0xBB29,2, 0x9307,6, 0x59C4,1, 0x4125,2, 0x18C5,25, 0x6984,2, 0xF572,1, 0xDC4D,27,
    0xBB29,2, 0x6984,1, 0x4124,2, 0x9307,3, 0x59C4,1, 0x18C5,27, 0x6984,2, 0xDC4D,1,
    0xBB29,29, 0x6984,1, 0x18C5,3, 0x9307,3, 0x59C4,2, 0x18C5,25, 0x6984,2, 0xDC4D,1,
    0xBB29,29, 0x6984,1, 0x18C5,33, 0x6984,2, 0xDC4D,1, 0xBB29,29, 0x6984,1, 0x18C5,33,
    0x6984,33, 0x18C5,36, 0xBB29,2, 0x6984,1, 0x18C5,15, 0xBB29,2, 0x6984,1, 0x18C5,45,
    0xBB29,2, 0x6984,1, 0x18C5,15, 0xBB29,2, 0x6984,1, 0x18C5,45, 0x6984,3, 0x18C5,15,
    0x6984,3, 0x18C5,40, 0x10A4,1, 0x1084,35, 0x10A4,1, 0x18C5,29, 0x10A4,1, 0x1084,35,
    0x10A4,1, 0x18C5,34, 0x18C6,1, 0x10A4,26, 0x18C6,1, 0x18C5,16, 0x18C5,170, 0x2126,1,
    0x29A7,8, 0x2126,1, 0x18C5,56, 0x2126,1, 0x29A7,8, 0x2126,1, 0x18C5,55, 0x2126,1,
    0x6B8F,1, 0xDF1D,8, 0x6B8F,1, 0x29A7,1, 0x2126,1, 0x18C5,51, 0x8C72,1, 0xFFFF,4,
    0xDF1D,1, 0xCF5D,6, 0xAD97,2, 0x6B8F,1, 0x2126,1, 0x18C5,50, 0x8C72,1, 0xFFFF,4,
    0xDF1D,1, 0xCF5D,6, 0xAD97,2, 0x6B8F,1, 0x2126,1, 0x18C5,49, 0x2126,1, 0xAD97,1,
    0xFFFF,1, 0xDF1D,1, 0xCF5D,11, 0xAD97,1, 0x6B8F,1, 0x29A7,1, 0x2126,1, 0x18C5,30,
    0x4124,1, 0x6984,14, 0x59C4,1, 0x29A7,1, 0x6B8F,1, 0xDF1D,2, 0xCF5D,3, 0xDF1D,1,
    0x6B8F,1, 0x1882,4, 0x6B8F,1, 0xCF5D,2, 0xAD97,3, 0x6B8F,1, 0x2126,1, 0x18C5,24,
    0x4124,5, 0x5144,1, 0x6984,14, 0x59C4,1, 0x29A7,1, 0x6B8F,1, 0xDF1D,2, 0xCF5D,3,
    0xDF1D,1, 0x6B8F,1, 0x1882,4, 0x6B8F,1, 0xCF5D,2, 0xAD97,3, 0x6B8F,1, 0x2126,1,
    0x18C5,24, 0x6984,7, 0xBB29,1, 0xF572,12, 0x9307,1, 0x29A7,1, 0x6B8F,1, 0xCF5D,5,
    0x6B8F,1, 0x1882,5, 0x6B8F,1, 0xCF5D,3, 0xAD97,1, 0x6B8F,1, 0x29A7,1, 0x2126,1,
    0x18C5,22, 0x4125,2, 0x9307,1, 0xBB29,7, 0xF572,1, 0xFE98,2, 0xF572,1, 0xDC4D,8,
    0x9307,1, 0x29A7,1, 0x6B8F,1, 0xCF5D,5, 0x6B8F,1, 0x1882,5, 0x6B8F,1, 0xCF5D,3,
    0xAD97,1, 0x6B8F,1, 0x29A7,1, 0x2126,1, 0x18C5,22, 0x6984,2, 0x9307,1, 0xDC4D,6,
    0xBB29,1, 0xF572,1, 0xFE98,2, 0xF572,1, 0xDC4D,8, 0x9307,1, 0x29A7,1, 0x6B8F,1,
    0xCF5D,5, 0x6B8F,1, 0x1882,5, 0x6B8F,1, 0xCF5D,3, 0xAD97,1, 0x6B8F,1, 0x29A7,1,
    0x3166,1, 0x4124,2, 0x28E5,1, 0x18C5,19, 0x6984,3, 0xBB29,2, 0xDC4D,4, 0xBB29,1,
    0xDC4D,12, 0x9307,1, 0x29A7,1, 0x6B8F,1, 0xCF5D,5, 0x6B8F,1, 0x1882,5, 0x6B8F,1,
    0xCF5D,3, 0xAD97,1, 0x6B8F,1, 0x29A7,1, 0x59C4,1, 0x6984,2, 0x4125,1, 0x18C5,19,
    0x4125,3, 0x9307,2, 0xDC4D,4, 0xBB29,1, 0xDC4D,12, 0x9307,1, 0x29A7,1, 0x6B8F,1,
    0xCF5D,5, 0x6B8F,1, 0x1882,5, 0x6B8F,1, 0xCF5D,3, 0xAD97,1, 0x6B8F,1, 0x29A7,1,
    0x9307,1, 0xBB29,1, 0x9307,1, 0x69A5,1, 0x4125,1, 0x28E5,1, 0x18C5,20, 0x6984,2,
    0xDC4D,4, 0xBB29,1, 0xDC4D,3, 0xBB29,1, 0x9307,2, 0xBB29,1, 0xDC4D,5, 0x9307,1,
    0x29A7,1, 0x6B8F,1, 0xCF5D,5, 0x6B8F,1, 0x1882,5, 0x6B8F,1, 0xCF5D,3, 0xAD97,1,
    0x6B8F,1, 0x29A7,1, 0x9307,1, 0xDC4D,1, 0xBB29,1, 0x6984,2, 0x4124,1, 0x18C5,20,
    0x6984,2, 0xDC4D,4, 0xBB29,1, 0xDC4D,3, 0x9307,1, 0x1882,2, 0x9307,1, 0xDC4D,5,
    0x9307,1, 0x29A7,1, 0x6B8F,1, 0xDF1D,2, 0xCF5D,3, 0x6B8F,1, 0x1882,5, 0x6B8F,1,
    0xCF5D,2, 0xAD97,1, 0x6B8F,2, 0x29A7,1, 0x9307,1, 0xBB29,1, 0x9307,1, 0x6984,2,
    0x4124,1, 0x18C5,17, 0x4125,3, 0xBB29,2, 0xDC4D,4, 0xBB29,1, 0xDC4D,3, 0x9307,1,
    0x1882,2, 0x9307,1, 0xDC4D,7, 0x9307,1, 0x6B8F,1, 0xAD97,2, 0xCF5D,11, 0xAD97,1,
    0x29A7,2, 0x9307,1, 0xBB29,1, 0x9307,1, 0x69A5,1, 0x4125,2, 0x28E5,1, 0x18C5,17,
    0x6984,2, 0x9307,1, 0xDC4D,2, 0xBB29,5, 0xDC4D,3, 0xBB29,1, 0x9307,2, 0xBB29,1,
    0xDC4D,7, 0x9307,1, 0x6B8F,1, 0xAD97,2, 0xCF5D,11, 0xAD97,1, 0x29A7,2, 0x9307,2,
    0x6984,1, 0x4125,1, 0x18C5,20, 0x6984,2, 0xBB29,8, 0xDC4D,15, 0x9307,1, 0x29A7,1,
    0x6B8F,1, 0xAD97,3, 0xCF5D,5, 0xAD97,1, 0x6B8F,2, 0x29A7,2, 0x59C4,1, 0x9307,2,
    0x6984,1, 0x4125,1, 0x18C5,20, 0x4125,2, 0x9307,7, 0xBB29,1, 0xDC4D,17, 0x9307,1,
    0x6B8F,1, 0xAD97,1, 0x6B8F,7, 0x29A7,2, 0x59C4,1, 0x9307,2, 0x6984,1, 0x9307,1,
    0xBB29,1, 0x7A48,1, 0x4125,2, 0x28E5,1, 0x18C5,19, 0x4124,5, 0x5144,1, 0x6984,1,
    0xBB29,1, 0xDC4D,17, 0x9307,1, 0x6B8F,1, 0xAD97,1, 0x6B8F,7, 0x29A7,2, 0x59C4,1,
    0x9307,2, 0x6984,1, 0x9307,1, 0xDC4D,1, 0xBB29,1, 0x6984,2, 0x4124,1, 0x18C5,24,
    0x4124,1, 0x6984,1, 0xBB29,1, 0xDC4D,18, 0x9307,1, 0x29A7,8, 0x9307,1, 0xBB29,1,
    0x9307,4, 0x6984,1, 0x59C4,1, 0x9307,2, 0x6984,1, 0x4124,1, 0x18C5,24, 0x4124,1,
    0x6984,1, 0xBB29,1, 0xDC4D,27, 0xBB29,2, 0x9307,6, 0x6984,2, 0x4125,1, 0x28E5,1,
    0x18C5,24, 0x4124,1, 0x6984,1, 0xBB29,1, 0xDC4D,27, 0xBB29,2, 0x9307,1, 0x5144,1,
    0x4124,1, 0x6A06,1, 0x9307,2, 0x6984,1, 0x4144,1, 0x18C5,26, 0x4124,1, 0x6984,1,
    0x9307,1, 0xBB29,29, 0x9307,1, 0x4124,1, 0x18C5,2, 0x51E6,1, 0x9307,2, 0x6984,1,
    0x59C4,1, 0x3944,1, 0x18C5,24, 0x4124,1, 0x6984,1, 0x9307,1, 0xBB29,29, 0x9307,1,
    0x4124,1, 0x18C5,32, 0x4124,1, 0x6984,1, 0x9307,1, 0xBB29,29, 0x9307,1, 0x4124,1,
    0x18C5,32, 0x4124,1, 0x6984,32, 0x4124,1, 0x18C5,41, 0x69E7,1, 0xBB29,1, 0x9307,1,
    0x4124,1, 0x18C5,14, 0x69E7,1, 0xBB29,1, 0x9307,1, 0x4124,1, 0x18C5,44, 0x69E7,1,
    0xBB29,1, 0x9307,1, 0x4124,1, 0x18C5,14, 0x69E7,1, 0xBB29,1, 0x9307,1, 0x4124,1,
    0x18C5,44, 0x4124,1, 0x6984,2, 0x4124,1, 0x18C5,14, 0x4124,1, 0x6984,2, 0x4124,1,
    0x18C5,34, 0x1084,36, 0x18C5,30, 0x1084,36, 0x18C5,35, 0x10A4,27, 0x18C5,18, 0x18C5,169,
    0x29A7,9, 0x18C5,57, 0x29A7,9, 0x18C5,56, 0x29A7,1, 0xDF1D,9, 0x29A7,2, 0x18C5,52,
    0xFFFF,5, 0xCF5D,6, 0xDF1D,1, 0xAD97,2, 0x29A7,1, 0x18C5,51, 0xFFFF,5, 0xCF5D,6,
    0xDF1D,1, 0xAD97,2, 0x29A7,1, 0x18C5,50, 0x29A7,1, 0xFFFF,2, 0xCF5D,12, 0xAD97,1,
    0x29A7,2, 0x18C5,31, 0x6984,15, 0x29A7,2, 0xDF1D,3, 0xCF5D,3, 0xFFFF,1, 0x1882,5,
    0xCF5D,3, 0xAD97,3, 0x29A7,1, 0x18C5,24, 0x28E5,1, 0x4124,5, 0x6984,15, 0x29A7,2,
    0xDF1D,3, 0xCF5D,3, 0xFFFF,1, 0x1882,5, 0xCF5D,3, 0xAD97,3, 0x29A7,1, 0x18C5,24,
    0x4125,1, 0x6984,7, 0xF572,13, 0x29A7,2, 0xDF1D,1, 0xCF5D,5, 0x1882,6, 0xCF5D,4,
    0x6B8F,2, 0x29A7,1, 0x18C5,22, 0x28E5,1, 0x4125,1, 0x69A5,1, 0x9307,1, 0xBB29,5,
    0x9307,1, 0xF572,1, 0xFE98,3, 0xDC4D,9, 0x29A7,2, 0xDF1D,1, 0xCF5D,5, 0x1882,6,
    0xCF5D,4, 0x6B8F,2, 0x29A7,1, 0x18C5,22, 0x4124,1, 0x6984,2, 0xBB29,1, 0xDC4D,5,
    0xBB29,1, 0xF572,1, 0xFE98,3, 0xDC4D,9, 0x29A7,2, 0xDF1D,1, 0xCF5D,5, 0x1882,6,
    0xCF5D,4, 0x6B8F,2, 0x29A7,1, 0x4124,3, 0x18C5,19, 0x4124,1, 0x6984,2, 0x9307,1,
    0xBB29,2, 0xDC4D,3, 0x9307,1, 0xF572,1, 0xDC4D,12, 0x29A7,2, 0xDF1D,1, 0xCF5D,5,
    0x1882,6, 0xCF5D,4, 0x6B8F,2, 0x29A7,1, 0x6984,3, 0x18C5,19, 0x28E5,1, 0x4125,2,
    0x69A5,1, 0x9307,1, 0xBB29,1, 0xDC4D,3, 0x9307,1, 0xF572,1, 0xDC4D,12, 0x29A7,2,
    0xDF1D,1, 0xCF5D,5, 0x1882,6, 0xCF5D,4, 0x6B8F,2, 0x29A7,1, 0xBB29,2, 0x9307,1,
    0x4125,2, 0x18C5,20, 0x4125,1, 0x6984,1, 0x9307,1, 0xDC4D,3, 0x9307,1, 0xF572,1,
    0xDC4D,3, 0x9307,3, 0xDC4D,6, 0x29A7,2, 0xDF1D,1, 0xCF5D,5, 0x1882,6, 0xCF5D,4,
    0x6B8F,2, 0x29A7,1, 0xDC4D,2, 0x9307,1, 0x6984,2, 0x18C5,20, 0x4125,1, 0x6984,1,
    0x9307,1, 0xDC4D,3, 0x9307,1, 0xF572,1, 0xDC4D,3, 0x1882,3, 0xDC4D,6, 0x29A7,2,
    0xDF1D,3, 0xCF5D,3, 0x1882,6, 0xCF5D,3, 0x6B8F,3, 0x29A7,1, 0xBB29,2, 0x6984,3,
    0x18C5,17, 0x28E5,1, 0x4125,2, 0x7A48,1, 0xBB29,1, 0xDC4D,4, 0x9307,1, 0xF572,1,
    0xDC4D,3, 0x1882,3, 0xDC4D,8, 0x29A7,1, 0xAD97,2, 0xCF5D,12, 0x6B8F,1, 0x29A7,2,
    0xDC4D,1, 0x9307,2, 0x4125,3, 0x18C5,17, 0x4124,1, 0x6984,2, 0xBB29,1, 0xDC4D,2,
    0xBB29,3, 0x9307,1, 0xF572,1, 0xDC4D,3, 0x9307,3, 0xDC4D,8, 0x29A7,1, 0xAD97,2,
    0xCF5D,12, 0x6B8F,1, 0x29A7,2, 0xDC4D,1, 0x6984,2, 0x18C5,20, 0x4124,1, 0x6984,1,
    0x9307,1, 0xBB29,6, 0x9307,1, 0xF572,1, 0xDC4D,15, 0x29A7,2, 0xAD97,3, 0xCF5D,6,
    0x6B8F,3, 0x29A7,1, 0x59C4,2, 0xDC4D,1, 0x6984,2, 0x18C5,20, 0x28E5,1, 0x4125,1,
    0x69A5,1, 0x9307,6, 0x6984,1, 0xF572,1, 0xDC4D,17, 0x29A7,1, 0xAD97,2, 0x6B8F,7,
    0x29A7,2, 0x9307,3, 0x59C4,1, 0xBB29,2, 0x4125,3, 0x18C5,19, 0x28E5,1, 0x4124,5,
    0x6984,2, 0xF572,1, 0xDC4D,17, 0x29A7,1, 0xAD97,2, 0x6B8F,7, 0x29A7,2, 0x9307,3,
    0x59C4,1, 0xDC4D,2, 0x9307,1, 0x6984,2, 0x18C5,25, 0x6984,2, 0xF572,1, 0xDC4D,18,
    0x29A7,9, 0xBB29,3, 0x9307,3, 0x59C4,2, 0xBB29,1, 0x6984,2, 0x18C5,25, 0x6984,2,
    0xF572,1, 0xDC4D,27, 0xBB29,2, 0x9307,6, 0x59C4,1, 0x4125,2, 0x18C5,25, 0x6984,2,
    0xF572,1, 0xDC4D,27, 0xBB29,2, 0x6984,1, 0x4124,2, 0x9307,3, 0x59C4,1, 0x18C5,27,
    0x6984,2, 0xDC4D,1, 0xBB29,29, 0x6984,1, 0x18C5,3, 0x9307,3, 0x59C4,2, 0x18C5,25,
    0x6984,2, 0xDC4D,1, 0xBB29,29, 0x6984,1, 0x18C5,33, 0x6984,2, 0xDC4D,1, 0xBB29,29,
    0x6984,1, 0x18C5,33, 0x6984,33, 0x18C5,42, 0xBB29,2, 0x6984,1, 0x18C5,15, 0xBB29,2,
    0x6984,1, 0x18C5,45, 0xBB29,2, 0x6984,1, 0x18C5,15, 0xBB29,2, 0x6984,1, 0x18C5,45,
    0x6984,3, 0x18C5,15, 0x6984,3, 0x18C5,34, 0x10A4,1, 0x1084,35, 0x10A4,1, 0x18C5,29,
    0x10A4,1, 0x1084,35, 0x10A4,1, 0x18C5,34, 0x18C6,1, 0x10A4,26, 0x18C6,1, 0x18C5,19,
    0x18C5,167, 0x2126,1, 0x29A7,8, 0x2126,1, 0x18C5,56, 0x2126,1, 0x29A7,8, 0x2126,1,
    0x18C5,55, 0x2126,1, 0x6B8F,1, 0xDF1D,8, 0x6B8F,1, 0x29A7,1, 0x2126,1, 0x18C5,51,
    0x8C72,1, 0xFFFF,4, 0xDF1D,1, 0xCF5D,6, 0xAD97,2, 0x6B8F,1, 0x2126,1, 0x18C5,50,
    0x8C72,1, 0xFFFF,4, 0xDF1D,1, 0xCF5D,6, 0xAD97,2, 0x6B8F,1, 0x2126,1, 0x18C5,49,
    0x2126,1, 0xAD97,1, 0xFFFF,1, 0xDF1D,1, 0xCF5D,11, 0xAD97,1, 0x6B8F,1, 0x29A7,1,
    0x2126,1, 0x18C5,30, 0x4124,1, 0x6984,14, 0x59C4,1, 0x29A7,1, 0x6B8F,1, 0xDF1D,2,
    0xCF5D,3, 0xDF1D,1, 0x6B8F,1, 0x1882,4, 0x6B8F,1, 0xCF5D,2, 0xAD97,3, 0x6B8F,1,
    0x2126,1, 0x18C5,24, 0x4124,5, 0x5144,1, 0x6984,14, 0x59C4,1, 0x29A7,1, 0x6B8F,1,
    0xDF1D,2, 0xCF5D,3, 0xDF1D,1, 0x6B8F,1, 0x1882,4, 0x6B8F,1, 0xCF5D,2, 0xAD97,3,
    0x6B8F,1, 0x2126,1, 0x18C5,24, 0x6984,7, 0xBB29,1, 0xF572,12, 0x9307,1, 0x29A7,1,
    0x6B8F,1, 0xCF5D,5, 0x6B8F,1, 0x1882,5, 0x6B8F,1, 0xCF5D,3, 0xAD97,1, 0x6B8F,1,
    0x29A7,1, 0x2126,1, 0x18C5,22, 0x4125,2, 0x9307,1, 0xBB29,7, 0xF572,1, 0xFE98,2,
    0xF572,1, 0xDC4D,8, 0x9307,1, 0x29A7,1, 0x6B8F,1, 0xCF5D,5, 0x6B8F,1, 0x1882,5,
    0x6B8F,1, 0xCF5D,3, 0xAD97,1, 0x6B8F,1, 0x29A7,1, 0x2126,1, 0x18C5,22, 0x6984,2,
    0x9307,1, 0xDC4D,6, 0xBB29,1, 0xF572,1, 0xFE98,2, 0xF572,1, 0xDC4D,8, 0x9307,1,
    0x29A7,1, 0x6B8F,1, 0xCF5D,5, 0x6B8F,1, 0x1882,5, 0x6B8F,1, 0xCF5D,3, 0xAD97,1,
    0x6B8F,1, 0x29A7,1, 0x3166,1, 0x4124,2, 0x28E5,1, 0x18C5,19, 0x6984,3, 0xBB29,2,
    0xDC4D,4, 0xBB29,1, 0xDC4D,12, 0x9307,1, 0x29A7,1, 0x6B8F,1, 0xCF5D,5, 0x6B8F,1,
    0x1882,5, 0x6B8F,1, 0xCF5D,3, 0xAD97,1, 0x6B8F,1, 0x29A7,1, 0x59C4,1, 0x6984,2,
    0x4125,1, 0x18C5,19, 0x4125,3, 0x9307,2, 0xDC4D,4, 0xBB29,1, 0xDC4D,12, 0x9307,1,
    0x29A7,1, 0x6B8F,1, 0xCF5D,5, 0x6B8F,1, 0x1882,5, 0x6B8F,1, 0xCF5D,3, 0xAD97,1,
    0x6B8F,1, 0x29A7,1, 0x9307,1, 0xBB29,1, 0x9307,1, 0x69A5,1, 0x4125,1, 0x28E5,1,
    0x18C5,20, 0x6984,2, 0xDC4D,4, 0xBB29,1, 0xDC4D,3, 0xBB29,1, 0x9307,2, 0xBB29,1,
    0xDC4D,5, 0x9307,1, 0x29A7,1, 0x6B8F,1, 0xCF5D,5, 0x6B8F,1, 0x1882,5, 0x6B8F,1,
    0xCF5D,3, 0xAD97,1, 0x6B8F,1, 0x29A7,1, 0x9307,1, 0xDC4D,1, 0xBB29,1, 0x6984,2,
    0x4124,1, 0x18C5,20, 0x6984,2, 0xDC4D,4, 0xBB29,1, 0xDC4D,3, 0x9307,1, 0x1882,2,
    0x9307,1, 0xDC4D,5, 0x9307,1, 0x29A7,1, 0x6B8F,1, 0xDF1D,2, 0xCF5D,3, 0x6B8F,1,
    0x1882,5, 0x6B8F,1, 0xCF5D,2, 0xAD97,1, 0x6B8F,2, 0x29A7,1, 0x9307,1, 0xBB29,1,
    0x9307,1, 0x6984,2, 0x4124,1, 0x18C5,17, 0x4125,3, 0xBB29,2, 0xDC4D,4, 0xBB29,1,
    0xDC4D,3, 0x9307,1, 0x1882,2, 0x9307,1, 0xDC4D,7, 0x9307,1, 0x6B8F,1, 0xAD97,2,
    0xCF5D,11, 0xAD97,1, 0x29A7,2, 0x9307,1, 0xBB29,1, 0x9307,1, 0x69A5,1, 0x4125,2,
    0x28E5,1, 0x18C5,17, 0x6984,2, 0x9307,1, 0xDC4D,2, 0xBB29,5, 0xDC4D,3, 0xBB29,1,
    0x9307,2, 0xBB29,1, 0xDC4D,7, 0x9307,1, 0x6B8F,1, 0xAD97,2, 0xCF5D,11, 0xAD97,1,
    0x29A7,2, 0x9307,2, 0x6984,1, 0x4125,1, 0x18C5,20, 0x6984,2, 0xBB29,8, 0xDC4D,15,
    0x9307,1, 0x29A7,1, 0x6B8F,1, 0xAD97,3, 0xCF5D,5, 0xAD97,1, 0x6B8F,2, 0x29A7,2,
    0x59C4,1, 0x9307,2, 0x6984,1, 0x4125,1, 0x18C5,20, 0x4125,2, 0x9307,7, 0xBB29,1,
    0xDC4D,17, 0x9307,1, 0x6B8F,1, 0xAD97,1, 0x6B8F,7, 0x29A7,2, 0x59C4,1, 0x9307,2,
    0x6984,1, 0x9307,1, 0xBB29,1, 0x7A48,1, 0x4125,2, 0x28E5,1, 0x18C5,19, 0x4124,5,
    0x5144,1, 0x6984,1, 0xBB29,1, 0xDC4D,17, 0x9307,1, 0x6B8F,1, 0xAD97,1, 0x6B8F,7,
    0x29A7,2, 0x59C4,1, 0x9307,2, 0x6984,1, 0x9307,1, 0xDC4D,1, 0xBB29,1, 0x6984,2,
    0x4124,1, 0x18C5,24, 0x4124,1, 0x6984,1, 0xBB29,1, 0xDC4D,18, 0x9307,1, 0x29A7,8,
    0x9307,1, 0xBB29,1, 0x9307,4, 0x6984,1, 0x59C4,1, 0x9307,2, 0x6984,1, 0x4124,1,
    0x18C5,24, 0x4124,1, 0x6984,1, 0xBB29,1, 0xDC4D,27, 0xBB29,2, 0x9307,6, 0x6984,2,
    0x4125,1, 0x28E5,1, 0x18C5,24, 0x4124,1, 0x6984,1, 0xBB29,1, 0xDC4D,27, 0xBB29,2,
    0x9307,1, 0x5144,1, 0x4124,1, 0x6A06,1, 0x9307,2, 0x6984,1, 0x4144,1, 0x18C5,26,
    0x4124,1, 0x6984,1, 0x9307,1, 0xBB29,29, 0x9307,1, 0x4124,1, 0x18C5,2, 0x51E6,1,
    0x9307,2, 0x6984,1, 0x59C4,1, 0x3944,1, 0x18C5,24, 0x4124,1, 0x6984,1, 0x9307,1,
    0xBB29,29, 0x9307,1, 0x4124,1, 0x18C5,32, 0x4124,1, 0x6984,1, 0x9307,1, 0xBB29,29,
    0x9307,1, 0x4124,1, 0x18C5,32, 0x4124,1, 0x6984,32, 0x4124,1, 0x18C5,35, 0x69E7,1,
    0xBB29,1, 0x9307,1, 0x4124,1, 0x18C5,14, 0x69E7,1, 0xBB29,1, 0x9307,1, 0x4124,1,
    0x18C5,44, 0x69E7,1, 0xBB29,1, 0x9307,1, 0x4124,1, 0x18C5,14, 0x69E7,1, 0xBB29,1,
    0x9307,1, 0x4124,1, 0x18C5,44, 0x4124,1, 0x6984,2, 0x4124,1, 0x18C5,14, 0x4124,1,
    0x6984,2, 0x4124,1, 0x18C5,40, 0x1084,36, 0x18C5,30, 0x1084,36, 0x18C5,35, 0x10A4,27,
    0x18C5,21, 0x18C5,166, 0x29A7,9, 0x18C5,57, 0x29A7,9, 0x18C5,56, 0x29A7,1, 0xDF1D,9,
    0x29A7,2, 0x18C5,52, 0xFFFF,5, 0xCF5D,6, 0xDF1D,1, 0xAD97,2, 0x29A7,1, 0x18C5,51,
    0xFFFF,5, 0xCF5D,6, 0xDF1D,1, 0xAD97,2, 0x29A7,1, 0x18C5,50, 0x29A7,1, 0xFFFF,2,
    0xCF5D,12, 0xAD97,1, 0x29A7,2, 0x18C5,31, 0x6984,15, 0x29A7,2, 0xDF1D,3, 0xCF5D,3,
    0xFFFF,1, 0x1882,5, 0xCF5D,3, 0xAD97,3, 0x29A7,1, 0x18C5,24, 0x28E5,1, 0x4124,5,
    0x6984,15, 0x29A7,2, 0xDF1D,3, 0xCF5D,3, 0xFFFF,1, 0x1882,5, 0xCF5D,3, 0xAD97,3,
    0x29A7,1, 0x18C5,24, 0x4125,1, 0x6984,7, 0xF572,13, 0x29A7,2, 0xDF1D,1, 0xCF5D,5,
    0x1882,6, 0xCF5D,4, 0x6B8F,2, 0x29A7,1, 0x18C5,22, 0x28E5,1, 0x4125,1, 0x69A5,1,
    0x9307,1, 0xBB29,5, 0x9307,1, 0xF572,1, 0xFE98,3, 0xDC4D,9, 0x29A7,2, 0xDF1D,1,
    0xCF5D,5, 0x1882,6, 0xCF5D,4, 0x6B8F,2, 0x29A7,1, 0x18C5,22, 0x4124,1, 0x6984,2,
    0xBB29,1, 0xDC4D,5, 0xBB29,1, 0xF572,1, 0xFE98,3, 0xDC4D,9, 0x29A7,2, 0xDF1D,1,
    0xCF5D,5, 0x1882,6, 0xCF5D,4, 0x6B8F,2, 0x29A7,1, 0x4124,3, 0x18C5,19, 0x4124,1,
    0x6984,2, 0x9307,1, 0xBB29,2, 0xDC4D,3, 0x9307,1, 0xF572,1, 0xDC4D,12, 0x29A7,2,
    0xDF1D,1, 0xCF5D,5, 0x1882,6, 0xCF5D,4, 0x6B8F,2, 0x29A7,1, 0x6984,3, 0x18C5,19,
    0x28E5,1, 0x4125,2, 0x69A5,1, 0x9307,1, 0xBB29,1, 0xDC4D,3, 0x9307,1, 0xF572,1,
    0xDC4D,12, 0x29A7,2, 0xDF1D,1, 0xCF5D,5, 0x1882,6, 0xCF5D,4, 0x6B8F,2, 0x29A7,1,
    0xBB29,2, 0x9307,1, 0x4125,2, 0x18C5,20, 0x4125,1, 0x6984,1, 0x9307,1, 0xDC4D,3,
    0x9307,1, 0xF572,1, 0xDC4D,3, 0x9307,3, 0xDC4D,6, 0x29A7,2, 0xDF1D,1, 0xCF5D,5,
    0x1882,6, 0xCF5D,4, 0x6B8F,2, 0x29A7,1, 0xDC4D,2, 0x9307,1, 0x6984,2, 0x18C5,20,
    0x4125,1, 0x6984,1, 0x9307,1, 0xDC4D,3, 0x9307,1, 0xF572,1, 0xDC4D,3, 0x1882,3,
    0xDC4D,6, 0x29A7,2, 0xDF1D,3, 0xCF5D,3, 0x1882,6, 0xCF5D,3, 0x6B8F,3, 0x29A7,1,
    0xBB29,2, 0x6984,3, 0x18C5,17, 0x28E5,1, 0x4125,2, 0x7A48,1, 0xBB29,1, 0xDC4D,4,
    0x9307,1, 0xF572,1, 0xDC4D,3, 0x1882,3, 0xDC4D,8, 0x29A7,1, 0xAD97,2, 0xCF5D,12,
    0x6B8F,1, 0x29A7,2, 0xDC4D,1, 0x9307,2, 0x4125,3, 0x18C5,17, 0x4124,1, 0x6984,2,
    0xBB29,1, 0xDC4D,2, 0xBB29,3, 0x9307,1, 0xF572,1, 0xDC4D,3, 0x9307,3, 0xDC4D,8,
    0x29A7,1, 0xAD97,2, 0xCF5D,12, 0x6B8F,1, 0x29A7,2, 0xDC4D,1, 0x6984,2, 0x18C5,20,
    0x4124,1, 0x6984,1, 0x9307,1, 0xBB29,6, 0x9307,1, 0xF572,1, 0xDC4D,15, 0x29A7,2,
    0xAD97,3, 0xCF5D,6, 0x6B8F,3, 0x29A7,1, 0x59C4,2, 0xDC4D,1, 0x6984,2, 0x18C5,20,
    0x28E5,1, 0x4125,1, 0x69A5,1, 0x9307,6, 0x6984,1, 0xF572,1, 0xDC4D,17, 0x29A7,1,
    0xAD97,2, 0x6B8F,7, 0x29A7,2, 0x9307,3, 0x59C4,1, 0xBB29,2, 0x4125,3, 0x18C5,19,
    0x28E5,1, 0x4124,5, 0x6984,2, 0xF572,1, 0xDC4D,17, 0x29A7,1, 0xAD97,2, 0x6B8F,7,
    0x29A7,2, 0x9307,3, 0x59C4,1, 0xDC4D,2, 0x9307,1, 0x6984,2, 0x18C5,25, 0x6984,2,
    0xF572,1, 0xDC4D,18, 0x29A7,9, 0xBB29,3, 0x9307,3, 0x59C4,2, 0xBB29,1, 0x6984,2,
    0x18C5,25, 0x6984,2, 0xF572,1, 0xDC4D,27, 0xBB29,2, 0x9307,6, 0x59C4,1, 0x4125,2,
    0x18C5,25, 0x6984,2, 0xF572,1, 0xDC4D,27, 0xBB29,2, 0x6984,1, 0x4124,2, 0x9307,3,
    0x59C4,1, 0x18C5,27, 0x6984,2, 0xDC4D,1, 0xBB29,29, 0x6984,1, 0x18C5,3, 0x9307,3,
    0x59C4,2, 0x18C5,25, 0x6984,2, 0xDC4D,1, 0xBB29,29, 0x6984,1, 0x18C5,33, 0x6984,2,
    0xDC4D,1, 0xBB29,29, 0x6984,1, 0x18C5,33, 0x6984,33, 0x18C5,36, 0xBB29,2, 0x6984,1,
    0x18C5,15, 0xBB29,2, 0x6984,1, 0x18C5,45, 0xBB29,2, 0x6984,1, 0x18C5,15, 0xBB29,2,
    0x6984,1, 0x18C5,45, 0x6984,3, 0x18C5,15, 0x6984,3, 0x18C5,40, 0x10A4,1, 0x1084,35,
    0x10A4,1, 0x18C5,29, 0x10A4,1, 0x1084,35, 0x10A4,1, 0x18C5,34, 0x18C6,1, 0x10A4,26,
    0x18C6,1, 0x18C5,22, 0x18C5,164, 0x2126,1, 0x29A7,8, 0x2126,1, 0x18C5,56, 0x2126,1,
    0x29A7,8, 0x2126,1, 0x18C5,55, 0x2126,1, 0x6B8F,1, 0xDF1D,8, 0x6B8F,1, 0x29A7,1,
    0x2126,1, 0x18C5,51, 0x8C72,1, 0xFFFF,4, 0xDF1D,1, 0xCF5D,6, 0xAD97,2, 0x6B8F,1,
    0x2126,1, 0x18C5,50, 0x8C72,1, 0xFFFF,4, 0xDF1D,1, 0xCF5D,6, 0xAD97,2, 0x6B8F,1,
    0x2126,1, 0x18C5,49, 0x2126,1, 0xAD97,1, 0xFFFF,1, 0xDF1D,1, 0xCF5D,11, 0xAD97,1,
    0x6B8F,1, 0x29A7,1, 0x2126,1, 0x18C5,30, 0x4124,1, 0x6984,14, 0x59C4,1, 0x29A7,1,
    0x6B8F,1, 0xDF1D,2, 0xCF5D,3, 0xDF1D,1, 0x6B8F,1, 0x1882,4, 0x6B8F,1, 0xCF5D,2,
    0xAD97,3, 0x6B8F,1, 0x2126,1, 0x18C5,24, 0x4124,5, 0x5144,1, 0x6984,14, 0x59C4,1,
    0x29A7,1, 0x6B8F,1, 0xDF1D,2, 0xCF5D,3, 0xDF1D,1, 0x6B8F,1, 0x1882,4, 0x6B8F,1,
    0xCF5D,2, 0xAD97,3, 0x6B8F,1, 0x2126,1, 0x18C5,24, 0x6984,7, 0xBB29,1, 0xF572,12,
    0x9307,1, 0x29A7,1, 0x6B8F,1, 0xCF5D,5, 0x6B8F,1, 0x1882,5, 0x6B8F,1, 0xCF5D,3,
    0xAD97,1, 0x6B8F,1, 0x29A7,1, 0x2126,1, 0x18C5,22, 0x4125,2, 0x9307,1, 0xBB29,7,
    0xF572,1, 0xFE98,2, 0xF572,1, 0xDC4D,8, 0x9307,1, 0x29A7,1, 0x6B8F,1, 0xCF5D,5,
    0x6B8F,1, 0x1882,5, 0x6B8F,1, 0xCF5D,3, 0xAD97,1, 0x6B8F,1, 0x29A7,1, 0x2126,1,
    0x18C5,22, 0x6984,2, 0x9307,1, 0xDC4D,6, 0xBB29,1, 0xF572,1, 0xFE98,2, 0xF572,1,
    0xDC4D,8, 0x9307,1, 0x29A7,1, 0x6B8F,1, 0xCF5D,5, 0x6B8F,1, 0x1882,5, 0x6B8F,1,
    0xCF5D,3, 0xAD97,1, 0x6B8F,1, 0x29A7,1, 0x3166,1, 0x4124,2, 0x28E5,1, 0x18C5,19,
    0x6984,3, 0xBB29,2, 0xDC4D,4, 0xBB29,1, 0xDC4D,12, 0x9307,1, 0x29A7,1, 0x6B8F,1,
    0xCF5D,5, 0x6B8F,1, 0x1882,5, 0x6B8F,1, 0xCF5D,3, 0xAD97,1, 0x6B8F,1, 0x29A7,1,
    0x59C4,1, 0x6984,2, 0x4125,1, 0x18C5,19, 0x4125,3, 0x9307,2, 0xDC4D,4, 0xBB29,1,
    0xDC4D,12, 0x9307,1, 0x29A7,1, 0x6B8F,1, 0xCF5D,5, 0x6B8F,1, 0x1882,5, 0x6B8F,1,
    0xCF5D,3, 0xAD97,1, 0x6B8F,1, 0x29A7,1, 0x9307,1, 0xBB29,1, 0x9307,1, 0x69A5,1,
    0x4125,1, 0x28E5,1, 0x18C5,20, 0x6984,2, 0xDC4D,4, 0xBB29,1, 0xDC4D,3, 0xBB29,1,
    0x9307,2, 0xBB29,1, 0xDC4D,5, 0x9307,1, 0x29A7,1, 0x6B8F,1, 0xCF5D,5, 0x6B8F,1,
    0x1882,5, 0x6B8F,1, 0xCF5D,3, 0xAD97,1, 0x6B8F,1, 0x29A7,1, 0x9307,1, 0xDC4D,1,
    0xBB29,1, 0x6984,2, 0x4124,1, 0x18C5,20, 0x6984,2, 0xDC4D,4, 0xBB29,1, 0xDC4D,3,
    0x9307,1, 0x1882,2, 0x9307,1, 0xDC4D,5, 0x9307,1, 0x29A7,1, 0x6B8F,1, 0xDF1D,2,
    0xCF5D,3, 0x6B8F,1, 0x1882,5, 0x6B8F,1, 0xCF5D,2, 0xAD97,1, 0x6B8F,2, 0x29A7,1,
    0x9307,1, 0xBB29,1, 0x9307,1, 0x6984,2, 0x4124,1, 0x18C5,17, 0x4125,3, 0xBB29,2,
    0xDC4D,4, 0xBB29,1, 0xDC4D,3, 0x9307,1, 0x1882,2, 0x9307,1, 0xDC4D,7, 0x9307,1,
    0x6B8F,1, 0xAD97,2, 0xCF5D,11, 0xAD97,1, 0x29A7,2, 0x9307,1, 0xBB29,1, 0x9307,1,
    0x69A5,1, 0x4125,2, 0x28E5,1, 0x18C5,17, 0x6984,2, 0x9307,1, 0xDC4D,2, 0xBB29,5,
    0xDC4D,3, 0xBB29,1, 0x9307,2, 0xBB29,1, 0xDC4D,7, 0x9307,1, 0x6B8F,1, 0xAD97,2,
    0xCF5D,11, 0xAD97,1, 0x29A7,2, 0x9307,2, 0x6984,1, 0x4125,1, 0x18C5,20, 0x6984,2,
    0xBB29,8, 0xDC4D,15, 0x9307,1, 0x29A7,1, 0x6B8F,1, 0xAD97,3, 0xCF5D,5, 0xAD97,1,
    0x6B8F,2, 0x29A7,2, 0x59C4,1, 0x9307,2, 0x6984,1, 0x4125,1, 0x18C5,20, 0x4125,2,
    0x9307,7, 0xBB29,1, 0xDC4D,17, 0x9307,1, 0x6B8F,1, 0xAD97,1, 0x6B8F,7, 0x29A7,2,
    0x59C4,1, 0x9307,2, 0x6984,1, 0x9307,1, 0xBB29,1, 0x7A48,1, 0x4125,2, 0x28E5,1,
    0x18C5,19, 0x4124,5, 0x5144,1, 0x6984,1, 0xBB29,1, 0xDC4D,17, 0x9307,1, 0x6B8F,1,
    0xAD97,1, 0x6B8F,7, 0x29A7,2, 0x59C4,1, 0x9307,2, 0x6984,1, 0x9307,1, 0xDC4D,1,
    0xBB29,1, 0x6984,2, 0x4124,1, 0x18C5,24, 0x4124,1, 0x6984,1, 0xBB29,1, 0xDC4D,18,
    0x9307,1, 0x29A7,8, 0x9307,1, 0xBB29,1, 0x9307,4, 0x6984,1, 0x59C4,1, 0x9307,2,
    0x6984,1, 0x4124,1, 0x18C5,24, 0x4124,1, 0x6984,1, 0xBB29,1, 0xDC4D,27, 0xBB29,2,
    0x9307,6, 0x6984,2, 0x4125,1, 0x28E5,1, 0x18C5,24, 0x4124,1, 0x6984,1, 0xBB29,1,
    0xDC4D,27, 0xBB29,2, 0x9307,1, 0x5144,1, 0x4124,1, 0x6A06,1, 0x9307,2, 0x6984,1,
    0x4144,1, 0x18C5,26, 0x4124,1, 0x6984,1, 0x9307,1, 0xBB29,29, 0x9307,1, 0x4124,1,
    0x18C5,2, 0x51E6,1, 0x9307,2, 0x6984,1, 0x59C4,1, 0x3944,1, 0x18C5,24, 0x4124,1,
    0x6984,1, 0x9307,1, 0xBB29,29, 0x9307,1, 0x4124,1, 0x18C5,32, 0x4124,1, 0x6984,1,
    0x9307,1, 0xBB29,29, 0x9307,1, 0x4124,1, 0x18C5,32, 0x4124,1, 0x6984,32, 0x4124,1,
    0x18C5,41, 0x69E7,1, 0xBB29,1, 0x9307,1, 0x4124,1, 0x18C5,14, 0x69E7,1, 0xBB29,1,
    0x9307,1, 0x4124,1, 0x18C5,44, 0x69E7,1, 0xBB29,1, 0x9307,1, 0x4124,1, 0x18C5,14,
    0x69E7,1, 0xBB29,1, 0x9307,1, 0x4124,1, 0x18C5,44, 0x4124,1, 0x6984,2, 0x4124,1,
    0x18C5,14, 0x4124,1, 0x6984,2, 0x4124,1, 0x18C5,34, 0x1084,36, 0x18C5,30, 0x1084,36,
    0x18C5,35, 0x10A4,27, 0x18C5,24, 0x18C5,164, 0x2126,1, 0x29A7,8, 0x2126,1, 0x18C5,56,
    0x2126,1, 0x29A7,8, 0x2126,1, 0x18C5,55, 0x2126,1, 0x6B8F,1, 0xDF1D,8, 0x6B8F,1,
    0x29A7,1, 0x2126,1, 0x18C5,51, 0x8C72,1, 0xFFFF,4, 0xDF1D,1, 0xCF5D,6, 0xAD97,2,
    0x6B8F,1, 0x2126,1, 0x18C5,50, 0x8C72,1, 0xFFFF,4, 0xDF1D,1, 0xCF5D,6, 0xAD97,2,
    0x6B8F,1, 0x2126,1, 0x18C5,49, 0x2126,1, 0xAD97,1, 0xFFFF,1, 0xDF1D,1, 0xCF5D,11,
    0xAD97,1, 0x6B8F,1, 0x29A7,1, 0x2126,1, 0x18C5,30, 0x4124,1, 0x6984,14, 0x59C4,1,
    0x29A7,1, 0x6B8F,1, 0xDF1D,2, 0xCF5D,3, 0xDF1D,1, 0x6B8F,1, 0x1882,4, 0x6B8F,1,
    0xCF5D,2, 0xAD97,3, 0x6B8F,1, 0x2126,1, 0x18C5,24, 0x4124,5, 0x5144,1, 0x6984,14,
    0x59C4,1, 0x29A7,1, 0x6B8F,1, 0xDF1D,2, 0xCF5D,3, 0xDF1D,1, 0x6B8F,1, 0x1882,4,
    0x6B8F,1, 0xCF5D,2, 0xAD97,3, 0x6B8F,1, 0x2126,1, 0x18C5,24, 0x6984,7, 0xBB29,1,
    0xF572,12, 0x9307,1, 0x29A7,1, 0x6B8F,1, 0xCF5D,5, 0x6B8F,1, 0x1882,5, 0x6B8F,1,
    0xCF5D,3, 0xAD97,1, 0x6B8F,1, 0x29A7,1, 0x2126,1, 0x18C5,22, 0x4125,2, 0x9307,1,
    0xBB29,7, 0xF572,1, 0xFE98,2, 0xF572,1, 0xDC4D,8, 0x9307,1, 0x29A7,1, 0x6B8F,1,
    0xCF5D,5, 0x6B8F,1, 0x1882,5, 0x6B8F,1, 0xCF5D,3, 0xAD97,1, 0x6B8F,1, 0x29A7,1,
    0x2126,1, 0x18C5,22, 0x6984,2, 0x9307,1, 0xDC4D,6, 0xBB29,1, 0xF572,1, 0xFE98,2,
    0xF572,1, 0xDC4D,8, 0x9307,1, 0x29A7,1, 0x6B8F,1, 0xCF5D,5, 0x6B8F,1, 0x1882,5,
    0x6B8F,1, 0xCF5D,3, 0xAD97,1, 0x6B8F,1, 0x29A7,1, 0x3166,1, 0x4124,2, 0x28E5,1,
    0x18C5,19, 0x6984,3, 0xBB29,2, 0xDC4D,4, 0xBB29,1, 0xDC4D,12, 0x9307,1, 0x29A7,1,
    0x6B8F,1, 0xCF5D,5, 0x6B8F,1, 0x1882,5, 0x6B8F,1, 0xCF5D,3, 0xAD97,1, 0x6B8F,1,
    0x29A7,1, 0x59C4,1, 0x6984,2, 0x4125,1, 0x18C5,19, 0x4125,3, 0x9307,2, 0xDC4D,4,
    0xBB29,1, 0xDC4D,12, 0x9307,1, 0x29A7,1, 0x6B8F,1, 0xCF5D,5, 0x6B8F,1, 0x1882,5,
    0x6B8F,1, 0xCF5D,3, 0xAD97,1, 0x6B8F,1, 0x29A7,1, 0x9307,1, 0xBB29,1, 0x9307,1,
    0x69A5,1, 0x4125,1, 0x28E5,1, 0x18C5,20, 0x6984,2, 0xDC4D,4, 0xBB29,1, 0xDC4D,3,
    0xBB29,1, 0x9307,2, 0xBB29,1, 0xDC4D,5, 0x9307,1, 0x29A7,1, 0x6B8F,1, 0xCF5D,5,
    0x6B8F,1, 0x1882,5, 0x6B8F,1, 0xCF5D,3, 0xAD97,1, 0x6B8F,1, 0x29A7,1, 0x9307,1,
    0xDC4D,1, 0xBB29,1, 0x6984,2, 0x4124,1, 0x18C5,20, 0x6984,2, 0xDC4D,4, 0xBB29,1,
    0xDC4D,3, 0x9307,1, 0x1882,2, 0x9307,1, 0xDC4D,5, 0x9307,1, 0x29A7,1, 0x6B8F,1,
    0xDF1D,2, 0xCF5D,3, 0x6B8F,1, 0x1882,5, 0x6B8F,1, 0xCF5D,2, 0xAD97,1, 0x6B8F,2,
    0x29A7,1, 0x9307,1, 0xBB29,1, 0x9307,1, 0x6984,2, 0x4124,1, 0x18C5,17, 0x4125,3,
    0xBB29,2, 0xDC4D,4, 0xBB29,1, 0xDC4D,3, 0x9307,1, 0x1882,2, 0x9307,1, 0xDC4D,7,
    0x9307,1, 0x6B8F,1, 0xAD97,2, 0xCF5D,11, 0xAD97,1, 0x29A7,2, 0x9307,1, 0xBB29,1,
    0x9307,1, 0x69A5,1, 0x4125,2, 0x28E5,1, 0x18C5,17, 0x6984,2, 0x9307,1, 0xDC4D,2,
    0xBB29,5, 0xDC4D,3, 0xBB29,1, 0x9307,2, 0xBB29,1, 0xDC4D,7, 0x9307,1, 0x6B8F,1,
    0xAD97,2, 0xCF5D,11, 0xAD97,1, 0x29A7,2, 0x9307,2, 0x6984,1, 0x4125,1, 0x18C5,20,
    0x6984,2, 0xBB29,8, 0xDC4D,15, 0x9307,1, 0x29A7,1, 0x6B8F,1, 0xAD97,3, 0xCF5D,5,
    0xAD97,1, 0x6B8F,2, 0x29A7,2, 0x59C4,1, 0x9307,2, 0x6984,1, 0x4125,1, 0x18C5,20,
    0x4125,2, 0x9307,7, 0xBB29,1, 0xDC4D,17, 0x9307,1, 0x6B8F,1, 0xAD97,1, 0x6B8F,7,
    0x29A7,2, 0x59C4,1, 0x9307,2, 0x6984,1, 0x9307,1, 0xBB29,1, 0x7A48,1, 0x4125,2,
    0x28E5,1, 0x18C5,19, 0x4124,5, 0x5144,1, 0x6984,1, 0xBB29,1, 0xDC4D,17, 0x9307,1,
    0x6B8F,1, 0xAD97,1, 0x6B8F,7, 0x29A7,2, 0x59C4,1, 0x9307,2, 0x6984,1, 0x9307,1,
    0xDC4D,1, 0xBB29,1, 0x6984,2, 0x4124,1, 0x18C5,24, 0x4124,1, 0x6984,1, 0xBB29,1,
    0xDC4D,18, 0x9307,1, 0x29A7,8, 0x9307,1, 0xBB29,1, 0x9307,4, 0x6984,1, 0x59C4,1,
    0x9307,2, 0x6984,1, 0x4124,1, 0x18C5,24, 0x4124,1, 0x6984,1, 0xBB29,1, 0xDC4D,27,
    0xBB29,2, 0x9307,6, 0x6984,2, 0x4125,1, 0x28E5,1, 0x18C5,24, 0x4124,1, 0x6984,1,
    0xBB29,1, 0xDC4D,27, 0xBB29,2, 0x9307,1, 0x5144,1, 0x4124,1, 0x6A06,1, 0x9307,2,
    0x6984,1, 0x4144,1, 0x18C5,26, 0x4124,1, 0x6984,1, 0x9307,1, 0xBB29,29, 0x9307,1,
    0x4124,1, 0x18C5,2, 0x51E6,1, 0x9307,2, 0x6984,1, 0x59C4,1, 0x3944,1, 0x18C5,24,
    0x4124,1, 0x6984,1, 0x9307,1, 0xBB29,29, 0x9307,1, 0x4124,1, 0x18C5,32, 0x4124,1,
    0x6984,1, 0x9307,1, 0xBB29,29, 0x9307,1, 0x4124,1, 0x18C5,32, 0x4124,1, 0x6984,32,
    0x4124,1, 0x18C5,41, 0x69E7,1, 0xBB29,1, 0x9307,1, 0x4124,1, 0x18C5,14, 0x69E7,1,
    0xBB29,1, 0x9307,1, 0x4124,1, 0x18C5,44, 0x69E7,1, 0xBB29,1, 0x9307,1, 0x4124,1,
    0x18C5,14, 0x69E7,1, 0xBB29,1, 0x9307,1, 0x4124,1, 0x18C5,44, 0x4124,1, 0x6984,2,
    0x4124,1, 0x18C5,14, 0x4124,1, 0x6984,2, 0x4124,1, 0x18C5,34, 0x1084,36, 0x18C5,30,
    0x1084,36, 0x18C5,35, 0x10A4,27, 0x18C5,24, 0x18C5,31, 0x2126,9, 0x18C5,57, 0x29A7,9,
    0x18C5,56, 0x2126,1, 0x6B8F,9, 0x2126,2, 0x18C5,52, 0x8C72,2, 0xAD97,1, 0xDF1D,2,
    0xCF5D,6, 0xDF1D,1, 0x6B8F,2, 0x2126,1, 0x18C5,51, 0xFFFF,5, 0xCF5D,6, 0xDF1D,1,
    0xAD97,2, 0x29A7,1, 0x18C5,50, 0x2126,1, 0xFFFF,2, 0xDF1D,3, 0xCF5D,7, 0xAD97,2,
    0x6B8F,1, 0x2126,2, 0x18C5,46, 0x2126,2, 0x6B8F,1, 0xDF1D,2, 0xCF5D,3, 0xDF1D,1,
    0x6B8F,5, 0xCF5D,3, 0xAD97,1, 0x6B8F,2, 0x2126,1, 0x18C5,45, 0x29A7,2, 0xDF1D,3,
    0xCF5D,3, 0xFFFF,1, 0x1882,5, 0xCF5D,3, 0xAD97,3, 0x29A7,1, 0x18C5,30, 0x6984,15,
    0x29A7,2, 0xDF1D,1, 0xCF5D,5, 0x6B8F,1, 0x1882,5, 0xCF5D,3, 0xAD97,1, 0x6B8F,2,
    0x29A7,1, 0x18C5,24, 0x28E5,1, 0x4124,5, 0x6984,15, 0x29A7,2, 0xDF1D,1, 0xCF5D,5,
    0x1882,6, 0xCF5D,4, 0x6B8F,2, 0x29A7,1, 0x18C5,24, 0x4125,1, 0x6984,7, 0xF572,13,
    0x29A7,2, 0xDF1D,1, 0xCF5D,5, 0x1882,6, 0xCF5D,4, 0x6B8F,2, 0x29A7,1, 0x18C5,22,
    0x28E5,1, 0x4125,1, 0x69A5,1, 0x9307,1, 0xBB29,5, 0x9307,1, 0xF572,1, 0xFE98,3,
    0xDC4D,9, 0x29A7,2, 0xDF1D,1, 0xCF5D,5, 0x1882,6, 0xCF5D,4, 0x6B8F,2, 0x29A7,1,
    0x18C5,22, 0x4124,1, 0x6984,2, 0xBB29,1, 0xDC4D,5, 0xBB29,1, 0xF572,1, 0xFE98,3,
    0xDC4D,9, 0x29A7,2, 0xDF1D,1, 0xCF5D,5, 0x1882,6, 0xCF5D,4, 0x6B8F,2, 0x29A7,1,
    0x4124,3, 0x18C5,19, 0x4124,1, 0x6984,2, 0x9307,1, 0xBB29,2, 0xDC4D,3, 0x9307,1,
    0xF572,1, 0xDC4D,12, 0x29A7,2, 0xDF1D,1, 0xCF5D,5, 0x1882,6, 0xCF5D,4, 0x6B8F,2,
    0x29A7,1, 0x6984,3, 0x18C5,19, 0x28E5,1, 0x4125,2, 0x69A5,1, 0x9307,1, 0xBB29,1,
    0xDC4D,3, 0x9307,1, 0xF572,1, 0xDC4D,12, 0x29A7,2, 0xDF1D,1, 0xCF5D,5, 0x1882,6,
    0xCF5D,3, 0xAD97,1, 0x6B8F,2, 0x29A7,1, 0xBB29,2, 0x9307,1, 0x4125,2, 0x18C5,20,
    0x4125,1, 0x6984,1, 0x9307,1, 0xDC4D,3, 0x9307,1, 0xF572,1, 0xDC4D,3, 0x9307,3,
    0xDC4D,6, 0x9307,2, 0x6B8F,1, 0xAD97,2, 0xCF5D,3, 0x6B8F,6, 0xCF5D,3, 0x6B8F,1,
    0x29A7,2, 0x9307,1, 0xDC4D,2, 0x9307,1, 0x6984,2, 0x18C5,20, 0x4125,1, 0x6984,1,
    0x9307,1, 0xDC4D,3, 0x9307,1, 0xF572,1, 0xDC4D,3, 0x1882,3, 0xDC4D,8, 0x29A7,1,
    0xAD97,2, 0xCF5D,12, 0x6B8F,1, 0x29A7,2, 0xDC4D,1, 0xBB29,2, 0x6984,3, 0x18C5,17,
    0x28E5,1, 0x4125,2, 0x7A48,1, 0xBB29,1, 0xDC4D,4, 0x9307,1, 0xF572,1, 0xDC4D,3,
    0x1882,3, 0xDC4D,8, 0x9307,1, 0x6B8F,2, 0xAD97,3, 0xCF5D,6, 0xAD97,3, 0x29A7,3,
    0xDC4D,1, 0x9307,2, 0x4125,3, 0x18C5,17, 0x4124,1, 0x6984,2, 0xBB29,1, 0xDC4D,2,
    0xBB29,3, 0x9307,1, 0xF572,1, 0xDC4D,3, 0x9307,3, 0xDC4D,9, 0x9307,2, 0x6B8F,1,
    0xAD97,8, 0x6B8F,1, 0x29A7,2, 0x59C4,1, 0x6984,2, 0x9307,1, 0x6984,2, 0x18C5,20,
    0x4124,1, 0x6984,1, 0x9307,1, 0xBB29,6, 0x9307,1, 0xF572,1, 0xDC4D,17, 0x29A7,1,
    0xAD97,2, 0x6B8F,7, 0x29A7,2, 0x9307,3, 0x59C4,1, 0x6984,2, 0x18C5,20, 0x28E5,1,
    0x4125,1, 0x69A5,1, 0x9307,6, 0x6984,1, 0xF572,1, 0xDC4D,17, 0x9307,1, 0x6B8F,2,
    0x29A7,7, 0x9307,2, 0xBB29,1, 0x9307,2, 0x6984,1, 0x9307,2, 0x4125,3, 0x18C5,19,
    0x28E5,1, 0x4124,5, 0x6984,2, 0xF572,1, 0xDC4D,18, 0x9307,9, 0xBB29,5, 0x9307,1,
    0x6984,5, 0x18C5,25, 0x6984,2, 0xF572,1, 0xDC4D,27, 0xBB29,5, 0x9307,3, 0x59C4,1,
    0x6984,2, 0x18C5,25, 0x6984,2, 0xF572,1, 0xDC4D,27, 0xBB29,2, 0x9307,6, 0x6984,1,
    0x4964,2, 0x18C5,25, 0x6984,2, 0xF572,1, 0xDC4D,27, 0xBB29,2, 0x6984,1, 0x4124,3,
    0x6A06,3, 0x3944,2, 0x18C5,25, 0x6984,2, 0xDC4D,1, 0xBB29,29, 0x6984,1, 0x18C5,33,
    0x6984,2, 0xDC4D,1, 0xBB29,29, 0x6984,1, 0x18C5,33, 0x6984,2, 0xDC4D,1, 0xBB29,29,
    0x6984,1, 0x18C5,33, 0x6984,33, 0x18C5,36, 0xBB29,2, 0x6984,1, 0x18C5,15, 0xBB29,2,
    0x6984,1, 0x18C5,45, 0xBB29,2, 0x6984,1, 0x18C5,15, 0xBB29,2, 0x6984,1, 0x18C5,45,
    0x6984,3, 0x18C5,15, 0x6984,3, 0x18C5,40, 0x10A4,1, 0x1084,35, 0x10A4,1, 0x18C5,29,
    0x10A4,1, 0x1084,35, 0x10A4,1, 0x18C5,34, 0x18C6,1, 0x10A4,26, 0x18C6,1, 0x18C5,25,
    0x18C5,31, 0x2126,9, 0x18C5,57, 0x29A7,9, 0x18C5,56, 0x2126,1, 0x6B8F,9, 0x2126,2,
    0x18C5,52, 0x8C72,2, 0xAD97,1, 0xDF1D,2, 0xCF5D,6, 0xDF1D,1, 0x6B8F,2, 0x2126,1,
    0x18C5,51, 0xFFFF,5, 0xCF5D,6, 0xDF1D,1, 0xAD97,2, 0x29A7,1, 0x18C5,50, 0x2126,1,
    0xFFFF,2, 0xDF1D,3, 0xCF5D,7, 0xAD97,2, 0x6B8F,1, 0x2126,2, 0x18C5,46, 0x2126,2,
    0x6B8F,1, 0xDF1D,2, 0xCF5D,3, 0xDF1D,1, 0x6B8F,5, 0xCF5D,3, 0xAD97,1, 0x6B8F,2,
    0x2126,1, 0x18C5,45, 0x29A7,2, 0xDF1D,3, 0xCF5D,3, 0xFFFF,1, 0x1882,5, 0xCF5D,3,
    0xAD97,3, 0x29A7,1, 0x18C5,30, 0x6984,15, 0x29A7,2, 0xDF1D,1, 0xCF5D,5, 0x6B8F,1,
    0x1882,5, 0xCF5D,3, 0xAD97,1, 0x6B8F,2, 0x29A7,1, 0x18C5,24, 0x28E5,1, 0x4124,5,
    0x6984,15, 0x29A7,2, 0xDF1D,1, 0xCF5D,5, 0x1882,6, 0xCF5D,4, 0x6B8F,2, 0x29A7,1,
    0x18C5,24, 0x4125,1, 0x6984,7, 0xF572,13, 0x29A7,2, 0xDF1D,1, 0xCF5D,5, 0x1882,6,
    0xCF5D,4, 0x6B8F,2, 0x29A7,1, 0x18C5,22, 0x28E5,1, 0x4125,1, 0x69A5,1, 0x9307,1,
    0xBB29,5, 0x9307,1, 0xF572,1, 0xFE98,3, 0xDC4D,9, 0x29A7,2, 0xDF1D,1, 0xCF5D,5,
    0x1882,6, 0xCF5D,4, 0x6B8F,2, 0x29A7,1, 0x18C5,22, 0x4124,1, 0x6984,2, 0xBB29,1,
    0xDC4D,5, 0xBB29,1, 0xF572,1, 0xFE98,3, 0xDC4D,9, 0x29A7,2, 0xDF1D,1, 0xCF5D,5,
    0x1882,6, 0xCF5D,4, 0x6B8F,2, 0x29A7,1, 0x4124,3, 0x18C5,19, 0x4124,1, 0x6984,2,
    0x9307,1, 0xBB29,2, 0xDC4D,3, 0x9307,1, 0xF572,1, 0xDC4D,12, 0x29A7,2, 0xDF1D,1,
    0xCF5D,5, 0x1882,6, 0xCF5D,4, 0x6B8F,2, 0x29A7,1, 0x6984,3, 0x18C5,19, 0x28E5,1,
    0x4125,2, 0x69A5,1, 0x9307,1, 0xBB29,1, 0xDC4D,3, 0x9307,1, 0xF572,1, 0xDC4D,12,
    0x29A7,2, 0xDF1D,1, 0xCF5D,5, 0x1882,6, 0xCF5D,3, 0xAD97,1, 0x6B8F,2, 0x29A7,1,
    0xBB29,2, 0x9307,1, 0x4125,2, 0x18C5,20, 0x4125,1, 0x6984,1, 0x9307,1, 0xDC4D,3,
    0x9307,1, 0xF572,1, 0xDC4D,3, 0x9307,3, 0xDC4D,6, 0x9307,2, 0x6B8F,1, 0xAD97,2,
    0xCF5D,3, 0x6B8F,6, 0xCF5D,3, 0x6B8F,1, 0x29A7,2, 0x9307,1, 0xDC4D,2, 0x9307,1,
    0x6984,2, 0x18C5,20, 0x4125,1, 0x6984,1, 0x9307,1, 0xDC4D,3, 0x9307,1, 0xF572,1,
    0xDC4D,3, 0x1882,3, 0xDC4D,8, 0x29A7,1, 0xAD97,2, 0xCF5D,12, 0x6B8F,1, 0x29A7,2,
    0xDC4D,1, 0xBB29,2, 0x6984,3, 0x18C5,17, 0x28E5,1, 0x4125,2, 0x7A48,1, 0xBB29,1,
    0xDC4D,4, 0x9307,1, 0xF572,1, 0xDC4D,3, 0x1882,3, 0xDC4D,8, 0x9307,1, 0x6B8F,2,
    0xAD97,3, 0xCF5D,6, 0xAD97,3, 0x29A7,3, 0xDC4D,1, 0x9307,2, 0x4125,3, 0x18C5,17,
    0x4124,1, 0x6984,2, 0xBB29,1, 0xDC4D,2, 0xBB29,3, 0x9307,1, 0xF572,1, 0xDC4D,3,
    0x9307,3, 0xDC4D,9, 0x9307,2, 0x6B8F,1, 0xAD97,8, 0x6B8F,1, 0x29A7,2, 0x59C4,1,
    0x6984,2, 0x9307,1, 0x6984,2, 0x18C5,20, 0x4124,1, 0x6984,1, 0x9307,1, 0xBB29,6,
    0x9307,1, 0xF572,1, 0xDC4D,17, 0x29A7,1, 0xAD97,2, 0x6B8F,7, 0x29A7,2, 0x9307,3,
    0x59C4,1, 0x6984,2, 0x18C5,20, 0x28E5,1, 0x4125,1, 0x69A5,1, 0x9307,6, 0x6984,1,
    0xF572,1, 0xDC4D,17, 0x9307,1, 0x6B8F,2, 0x29A7,7, 0x9307,2, 0xBB29,1, 0x9307,2,
    0x6984,1, 0x9307,2, 0x4125,3, 0x18C5,19, 0x28E5,1, 0x4124,5, 0x6984,2, 0xF572,1,
    0xDC4D,18, 0x9307,9, 0xBB29,5, 0x9307,1, 0x6984,5, 0x18C5,25, 0x6984,2, 0xF572,1,
    0xDC4D,27, 0xBB29,5, 0x9307,3, 0x59C4,1, 0x6984,2, 0x18C5,25, 0x6984,2, 0xF572,1,
    0xDC4D,27, 0xBB29,2, 0x9307,6, 0x6984,1, 0x4964,2, 0x18C5,25, 0x6984,2, 0xF572,1,
    0xDC4D,27, 0xBB29,2, 0x6984,1, 0x4124,3, 0x6A06,3, 0x3944,2, 0x18C5,25, 0x6984,2,
    0xDC4D,1, 0xBB29,29, 0x6984,1, 0x18C5,33, 0x6984,2, 0xDC4D,1, 0xBB29,29, 0x6984,1,
    0x18C5,33, 0x6984,2, 0xDC4D,1, 0xBB29,29, 0x6984,1, 0x18C5,33, 0x6984,33, 0x18C5,36,
    0xBB29,2, 0x6984,1, 0x18C5,15, 0xBB29,2, 0x6984,1, 0x18C5,45, 0xBB29,2, 0x6984,1,
    0x18C5,15, 0xBB29,2, 0x6984,1, 0x18C5,45, 0x6984,3, 0x18C5,15, 0x6984,3, 0x18C5,40,
    0x10A4,1, 0x1084,35, 0x10A4,1, 0x18C5,29, 0x10A4,1, 0x1084,35, 0x10A4,1, 0x18C5,34,
    0x18C6,1, 0x10A4,26, 0x18C6,1, 0x18C5,25, 0x18C5,31, 0x2126,9, 0x18C5,57, 0x29A7,9,
    0x18C5,56, 0x2126,1, 0x6B8F,9, 0x2126,2, 0x18C5,52, 0x8C72,2, 0xAD97,1, 0xDF1D,2,
    0xCF5D,6, 0xDF1D,1, 0x6B8F,2, 0x2126,1, 0x18C5,51, 0xFFFF,5, 0xCF5D,6, 0xDF1D,1,
    0xAD97,2, 0x29A7,1, 0x18C5,50, 0x2126,1, 0xFFFF,2, 0xDF1D,3, 0xCF5D,7, 0xAD97,2,
    0x6B8F,1, 0x2126,2, 0x18C5,46, 0x2126,2, 0x6B8F,1, 0xDF1D,2, 0xCF5D,3, 0xDF1D,1,
    0x6B8F,5, 0xCF5D,3, 0xAD97,1, 0x6B8F,2, 0x2126,1, 0x18C5,45, 0x29A7,2, 0xDF1D,3,
    0xCF5D,3, 0xFFFF,1, 0x1882,5, 0xCF5D,3, 0xAD97,3, 0x29A7,1, 0x18C5,30, 0x6984,15,
    0x29A7,2, 0xDF1D,1, 0xCF5D,5, 0x6B8F,1, 0x1882,5, 0xCF5D,3, 0xAD97,1, 0x6B8F,2,
    0x29A7,1, 0x18C5,24, 0x28E5,1, 0x4124,5, 0x6984,15, 0x29A7,2, 0xDF1D,1, 0xCF5D,5,
    0x1882,6, 0xCF5D,4, 0x6B8F,2, 0x29A7,1, 0x18C5,24, 0x4125,1, 0x6984,7, 0xF572,13,
    0x29A7,2, 0xDF1D,1, 0xCF5D,5, 0x1882,6, 0xCF5D,4, 0x6B8F,2, 0x29A7,1, 0x18C5,22,
    0x28E5,1, 0x4125,1, 0x69A5,1, 0x9307,1, 0xBB29,5, 0x9307,1, 0xF572,1, 0xFE98,3,
    0xDC4D,9, 0x29A7,2, 0xDF1D,1, 0xCF5D,5, 0x1882,6, 0xCF5D,4, 0x6B8F,2, 0x29A7,1,
    0x18C5,22, 0x4124,1, 0x6984,2, 0xBB29,1, 0xDC4D,5, 0xBB29,1, 0xF572,1, 0xFE98,3,
    0xDC4D,9, 0x29A7,2, 0xDF1D,1, 0xCF5D,5, 0x1882,6, 0xCF5D,4, 0x6B8F,2, 0x29A7,1,
    0x4124,3, 0x18C5,19, 0x4124,1, 0x6984,2, 0x9307,1, 0xBB29,2, 0xDC4D,3, 0x9307,1,
    0xF572,1, 0xDC4D,12, 0x29A7,2, 0xDF1D,1, 0xCF5D,5, 0x1882,6, 0xCF5D,4, 0x6B8F,2,
    0x29A7,1, 0x6984,3, 0x18C5,19, 0x28E5,1, 0x4125,2, 0x69A5,1, 0x9307,1, 0xBB29,1,
    0xDC4D,3, 0x9307,1, 0xF572,1, 0xDC4D,12, 0x29A7,2, 0xDF1D,1, 0xCF5D,5, 0x1882,6,
    0xCF5D,3, 0xAD97,1, 0x6B8F,2, 0x29A7,1, 0xBB29,2, 0x9307,1, 0x4125,2, 0x18C5,20,
    0x4125,1, 0x6984,1, 0x9307,1, 0xDC4D,3, 0x9307,1, 0xF572,1, 0xDC4D,3, 0x9307,3,
    0xDC4D,6, 0x9307,2, 0x6B8F,1, 0xAD97,2, 0xCF5D,3, 0x6B8F,6, 0xCF5D,3, 0x6B8F,1,
    0x29A7,2, 0x9307,1, 0xDC4D,2, 0x9307,1, 0x6984,2, 0x18C5,20, 0x4125,1, 0x6984,1,
    0x9307,1, 0xDC4D,3, 0x9307,1, 0xF572,1, 0xDC4D,3, 0x1882,3, 0xDC4D,8, 0x29A7,1,
    0xAD97,2, 0xCF5D,12, 0x6B8F,1, 0x29A7,2, 0xDC4D,1, 0xBB29,2, 0x6984,3, 0x18C5,17,
    0x28E5,1, 0x4125,2, 0x7A48,1, 0xBB29,1, 0xDC4D,4, 0x9307,1, 0xF572,1, 0xDC4D,3,
    0x1882,3, 0xDC4D,8, 0x9307,1, 0x6B8F,2, 0xAD97,3, 0xCF5D,6, 0xAD97,3, 0x29A7,3,
    0xDC4D,1, 0x9307,2, 0x4125,3, 0x18C5,17, 0x4124,1, 0x6984,2, 0xBB29,1, 0xDC4D,2,
    0xBB29,3, 0x9307,1, 0xF572,1, 0xDC4D,3, 0x9307,3, 0xDC4D,9, 0x9307,2, 0x6B8F,1,
    0xAD97,8, 0x6B8F,1, 0x29A7,2, 0x59C4,1, 0x6984,2, 0x9307,1, 0x6984,2, 0x18C5,20,
    0x4124,1, 0x6984,1, 0x9307,1, 0xBB29,6, 0x9307,1, 0xF572,1, 0xDC4D,17, 0x29A7,1,
    0xAD97,2, 0x6B8F,7, 0x29A7,2, 0x9307,3, 0x59C4,1, 0x6984,2, 0x18C5,20, 0x28E5,1,
    0x4125,1, 0x69A5,1, 0x9307,6, 0x6984,1, 0xF572,1, 0xDC4D,17, 0x9307,1, 0x6B8F,2,
    0x29A7,7, 0x9307,2, 0xBB29,1, 0x9307,2, 0x6984,1, 0x9307,2, 0x4125,3, 0x18C5,19,
    0x28E5,1, 0x4124,5, 0x6984,2, 0xF572,1, 0xDC4D,18, 0x9307,9, 0xBB29,5, 0x9307,1,
    0x6984,5, 0x18C5,25, 0x6984,2, 0xF572,1, 0xDC4D,27, 0xBB29,5, 0x9307,3, 0x59C4,1,
    0x6984,2, 0x18C5,25, 0x6984,2, 0xF572,1, 0xDC4D,27, 0xBB29,2, 0x9307,6, 0x6984,1,
    0x4964,2, 0x18C5,25, 0x6984,2, 0xF572,1, 0xDC4D,27, 0xBB29,2, 0x6984,1, 0x4124,3,
    0x6A06,3, 0x3944,2, 0x18C5,25, 0x6984,2, 0xDC4D,1, 0xBB29,29, 0x6984,1, 0x18C5,33,
    0x6984,2, 0xDC4D,1, 0xBB29,29, 0x6984,1, 0x18C5,33, 0x6984,2, 0xDC4D,1, 0xBB29,29,
    0x6984,1, 0x18C5,33, 0x6984,33, 0x18C5,42, 0xBB29,2, 0x6984,1, 0x18C5,15, 0xBB29,2,
    0x6984,1, 0x18C5,45, 0xBB29,2, 0x6984,1, 0x18C5,15, 0xBB29,2, 0x6984,1, 0x18C5,45,
    0x6984,3, 0x18C5,15, 0x6984,3, 0x18C5,34, 0x10A4,1, 0x1084,35, 0x10A4,1, 0x18C5,29,
    0x10A4,1, 0x1084,35, 0x10A4,1, 0x18C5,34, 0x18C6,1, 0x10A4,26, 0x18C6,1, 0x18C5,25,
    0x18C5,31, 0x2126,9, 0x18C5,57, 0x29A7,9, 0x18C5,56, 0x2126,1, 0x6B8F,9, 0x2126,2,
    0x18C5,52, 0x8C72,2, 0xAD97,1, 0xDF1D,2, 0xCF5D,6, 0xDF1D,1, 0x6B8F,2, 0x2126,1,
    0x18C5,51, 0xFFFF,5, 0xCF5D,6, 0xDF1D,1, 0xAD97,2, 0x29A7,1, 0x18C5,50, 0x2126,1,
    0xFFFF,2, 0xDF1D,3, 0xCF5D,7, 0xAD97,2, 0x6B8F,1, 0x2126,2, 0x18C5,46, 0x2126,2,
    0x6B8F,1, 0xDF1D,2, 0xCF5D,3, 0xDF1D,1, 0x6B8F,5, 0xCF5D,3, 0xAD97,1, 0x6B8F,2,
    0x2126,1, 0x18C5,45, 0x29A7,2, 0xDF1D,3, 0xCF5D,3, 0xFFFF,1, 0x1882,5, 0xCF5D,3,
    0xAD97,3, 0x29A7,1, 0x18C5,30, 0x6984,15, 0x29A7,2, 0xDF1D,1, 0xCF5D,5, 0x6B8F,1,
    0x1882,5, 0xCF5D,3, 0xAD97,1, 0x6B8F,2, 0x29A7,1, 0x18C5,24, 0x28E5,1, 0x4124,5,
    0x6984,15, 0x29A7,2, 0xDF1D,1, 0xCF5D,5, 0x1882,6, 0xCF5D,4, 0x6B8F,2, 0x29A7,1,
    0x18C5,24, 0x4125,1, 0x6984,7, 0xF572,13, 0x29A7,2, 0xDF1D,1, 0xCF5D,5, 0x1882,6,
    0xCF5D,4, 0x6B8F,2, 0x29A7,1, 0x18C5,22, 0x28E5,1, 0x4125,1, 0x69A5,1, 0x9307,1,
    0xBB29,5, 0x9307,1, 0xF572,1, 0xFE98,3, 0xDC4D,9, 0x29A7,2, 0xDF1D,1, 0xCF5D,5,
    0x1882,6, 0xCF5D,4, 0x6B8F,2, 0x29A7,1, 0x18C5,22, 0x4124,1, 0x6984,2, 0xBB29,1,
    0xDC4D,5, 0xBB29,1, 0xF572,1, 0xFE98,3, 0xDC4D,9, 0x29A7,2, 0xDF1D,1, 0xCF5D,5,
    0x1882,6, 0xCF5D,4, 0x6B8F,2, 0x29A7,1, 0x4124,3, 0x18C5,19, 0x4124,1, 0x6984,2,
    0x9307,1, 0xBB29,2, 0xDC4D,3, 0x9307,1, 0xF572,1, 0xDC4D,12, 0x29A7,2, 0xDF1D,1,
    0xCF5D,5, 0x1882,6, 0xCF5D,4, 0x6B8F,2, 0x29A7,1, 0x6984,3, 0x18C5,19, 0x28E5,1,
    0x4125,2, 0x69A5,1, 0x9307,1, 0xBB29,1, 0xDC4D,3, 0x9307,1, 0xF572,1, 0xDC4D,12,
    0x29A7,2, 0xDF1D,1, 0xCF5D,5, 0x1882,6, 0xCF5D,3, 0xAD97,1, 0x6B8F,2, 0x29A7,1,
    0xBB29,2, 0x9307,1, 0x4125,2, 0x18C5,20, 0x4125,1, 0x6984,1, 0x9307,1, 0xDC4D,3,
    0x9307,1, 0xF572,1, 0xDC4D,3, 0x9307,3, 0xDC4D,6, 0x9307,2, 0x6B8F,1, 0xAD97,2,
    0xCF5D,3, 0x6B8F,6, 0xCF5D,3, 0x6B8F,1, 0x29A7,2, 0x9307,1, 0xDC4D,2, 0x9307,1,
    0x6984,2, 0x18C5,20, 0x4125,1, 0x6984,1, 0x9307,1, 0xDC4D,3, 0x9307,1, 0xF572,1,
    0xDC4D,3, 0x1882,3, 0xDC4D,8, 0x29A7,1, 0xAD97,2, 0xCF5D,12, 0x6B8F,1, 0x29A7,2,
    0xDC4D,1, 0xBB29,2, 0x6984,3, 0x18C5,17, 0x28E5,1, 0x4125,2, 0x7A48,1, 0xBB29,1,
    0xDC4D,4, 0x9307,1, 0xF572,1, 0xDC4D,3, 0x1882,3, 0xDC4D,8, 0x9307,1, 0x6B8F,2,
    0xAD97,3, 0xCF5D,6, 0xAD97,3, 0x29A7,3, 0xDC4D,1, 0x9307,2, 0x4125,3, 0x18C5,17,
    0x4124,1, 0x6984,2, 0xBB29,1, 0xDC4D,2, 0xBB29,3, 0x9307,1, 0xF572,1, 0xDC4D,3,
    0x9307,3, 0xDC4D,9, 0x9307,2, 0x6B8F,1, 0xAD97,8, 0x6B8F,1, 0x29A7,2, 0x59C4,1,
    0x6984,2, 0x9307,1, 0x6984,2, 0x18C5,20, 0x4124,1, 0x6984,1, 0x9307,1, 0xBB29,6,
    0x9307,1, 0xF572,1, 0xDC4D,17, 0x29A7,1, 0xAD97,2, 0x6B8F,7, 0x29A7,2, 0x9307,3,
    0x59C4,1, 0x6984,2, 0x18C5,20, 0x28E5,1, 0x4125,1, 0x69A5,1, 0x9307,6, 0x6984,1,
    0xF572,1, 0xDC4D,17, 0x9307,1, 0x6B8F,2, 0x29A7,7, 0x9307,2, 0xBB29,1, 0x9307,2,
    0x6984,1, 0x9307,2, 0x4125,3, 0x18C5,19, 0x28E5,1, 0x4124,5, 0x6984,2, 0xF572,1,
    0xDC4D,18, 0x9307,9, 0xBB29,5, 0x9307,1, 0x6984,5, 0x18C5,25, 0x6984,2, 0xF572,1,
    0xDC4D,27, 0xBB29,5, 0x9307,3, 0x59C4,1, 0x6984,2, 0x18C5,25, 0x6984,2, 0xF572,1,
    0xDC4D,27, 0xBB29,2, 0x9307,6, 0x6984,1, 0x4964,2, 0x18C5,25, 0x6984,2, 0xF572,1,
    0xDC4D,27, 0xBB29,2, 0x6984,1, 0x4124,3, 0x6A06,3, 0x3944,2, 0x18C5,25, 0x6984,2,
    0xDC4D,1, 0xBB29,29, 0x6984,1, 0x18C5,33, 0x6984,2, 0xDC4D,1, 0xBB29,29, 0x6984,1,
    0x18C5,33, 0x6984,2, 0xDC4D,1, 0xBB29,29, 0x6984,1, 0x18C5,33, 0x6984,33, 0x18C5,42,
    0xBB29,2, 0x6984,1, 0x18C5,15, 0xBB29,2, 0x6984,1, 0x18C5,45, 0xBB29,2, 0x6984,1,
    0x18C5,15, 0xBB29,2, 0x6984,1, 0x18C5,45, 0x6984,3, 0x18C5,15, 0x6984,3, 0x18C5,34,
    0x10A4,1, 0x1084,35, 0x10A4,1, 0x18C5,29, 0x10A4,1, 0x1084,35, 0x10A4,1, 0x18C5,34,
    0x18C6,1, 0x10A4,26, 0x18C6,1, 0x18C5,25, 0x18C5,31, 0x2126,9, 0x18C5,57, 0x29A7,9,
    0x18C5,56, 0x2126,1, 0x6B8F,9, 0x2126,2, 0x18C5,52, 0x8C72,2, 0xAD97,1, 0xDF1D,2,
    0xCF5D,6, 0xDF1D,1, 0x6B8F,2, 0x2126,1, 0x18C5,51, 0xFFFF,5, 0xCF5D,6, 0xDF1D,1,
    0xAD97,2, 0x29A7,1, 0x18C5,50, 0x2126,1, 0xFFFF,2, 0xDF1D,3, 0xCF5D,7, 0xAD97,2,
    0x6B8F,1, 0x2126,2, 0x18C5,46, 0x2126,2, 0x6B8F,1, 0xDF1D,2, 0xCF5D,3, 0xDF1D,1,
    0x6B8F,5, 0xCF5D,3, 0xAD97,1, 0x6B8F,2, 0x2126,1, 0x18C5,45, 0x29A7,2, 0xDF1D,3,
    0xCF5D,3, 0xFFFF,1, 0x1882,5, 0xCF5D,3, 0xAD97,3, 0x29A7,1, 0x18C5,30, 0x6984,15,
    0x29A7,2, 0xDF1D,1, 0xCF5D,5, 0x6B8F,1, 0x1882,5, 0xCF5D,3, 0xAD97,1, 0x6B8F,2,
    0x29A7,1, 0x18C5,24, 0x28E5,1, 0x4124,5, 0x6984,15, 0x29A7,2, 0xDF1D,1, 0xCF5D,5,
    0x1882,6, 0xCF5D,4, 0x6B8F,2, 0x29A7,1, 0x18C5,24, 0x4125,1, 0x6984,7, 0xF572,13,
    0x29A7,2, 0xDF1D,1, 0xCF5D,5, 0x1882,6, 0xCF5D,4, 0x6B8F,2, 0x29A7,1, 0x18C5,22,
    0x28E5,1, 0x4125,1, 0x69A5,1, 0x9307,1, 0xBB29,5, 0x9307,1, 0xF572,1, 0xFE98,3,
    0xDC4D,9, 0x29A7,2, 0xDF1D,1, 0xCF5D,5, 0x1882,6, 0xCF5D,4, 0x6B8F,2, 0x29A7,1,
    0x18C5,22, 0x4124,1, 0x6984,2, 0xBB29,1, 0xDC4D,5, 0xBB29,1, 0xF572,1, 0xFE98,3,
    0xDC4D,9, 0x29A7,2, 0xDF1D,1, 0xCF5D,5, 0x1882,6, 0xCF5D,4, 0x6B8F,2, 0x29A7,1,
    0x4124,3, 0x18C5,19, 0x4124,1, 0x6984,2, 0x9307,1, 0xBB29,2, 0xDC4D,3, 0x9307,1,
    0xF572,1, 0xDC4D,12, 0x29A7,2, 0xDF1D,1, 0xCF5D,5, 0x1882,6, 0xCF5D,4, 0x6B8F,2,
    0x29A7,1, 0x6984,3, 0x18C5,19, 0x28E5,1, 0x4125,2, 0x69A5,1, 0x9307,1, 0xBB29,1,
    0xDC4D,3, 0x9307,1, 0xF572,1, 0xDC4D,12, 0x29A7,2, 0xDF1D,1, 0xCF5D,5, 0x1882,6,
    0xCF5D,3, 0xAD97,1, 0x6B8F,2, 0x29A7,1, 0xBB29,2, 0x9307,1, 0x4125,2, 0x18C5,20,
    0x4125,1, 0x6984,1, 0x9307,1, 0xDC4D,3, 0x9307,1, 0xF572,1, 0xDC4D,3, 0x9307,3,
    0xDC4D,6, 0x9307,2, 0x6B8F,1, 0xAD97,2, 0xCF5D,3, 0x6B8F,6, 0xCF5D,3, 0x6B8F,1,
    0x29A7,2, 0x9307,1, 0xDC4D,2, 0x9307,1, 0x6984,2, 0x18C5,20, 0x4125,1, 0x6984,1,
    0x9307,1, 0xDC4D,3, 0x9307,1, 0xF572,1, 0xDC4D,3, 0x1882,3, 0xDC4D,8, 0x29A7,1,
    0xAD97,2, 0xCF5D,12, 0x6B8F,1, 0x29A7,2, 0xDC4D,1, 0xBB29,2, 0x6984,3, 0x18C5,17,
    0x28E5,1, 0x4125,2, 0x7A48,1, 0xBB29,1, 0xDC4D,4, 0x9307,1, 0xF572,1, 0xDC4D,3,
    0x1882,3, 0xDC4D,8, 0x9307,1, 0x6B8F,2, 0xAD97,3, 0xCF5D,6, 0xAD97,3, 0x29A7,3,
    0xDC4D,1, 0x9307,2, 0x4125,3, 0x18C5,17, 0x4124,1, 0x6984,2, 0xBB29,1, 0xDC4D,2,
    0xBB29,3, 0x9307,1, 0xF572,1, 0xDC4D,3, 0x9307,3, 0xDC4D,9, 0x9307,2, 0x6B8F,1,
    0xAD97,8, 0x6B8F,1, 0x29A7,2, 0x59C4,1, 0x6984,2, 0x9307,1, 0x6984,2, 0x18C5,20,
    0x4124,1, 0x6984,1, 0x9307,1, 0xBB29,6, 0x9307,1, 0xF572,1, 0xDC4D,17, 0x29A7,1,
    0xAD97,2, 0x6B8F,7, 0x29A7,2, 0x9307,3, 0x59C4,1, 0x6984,2, 0x18C5,20, 0x28E5,1,
    0x4125,1, 0x69A5,1, 0x9307,6, 0x6984,1, 0xF572,1, 0xDC4D,17, 0x9307,1, 0x6B8F,2,
    0x29A7,7, 0x9307,2, 0xBB29,1, 0x9307,2, 0x6984,1, 0x9307,2, 0x4125,3, 0x18C5,19,
    0x28E5,1, 0x4124,5, 0x6984,2, 0xF572,1, 0xDC4D,18, 0x9307,9, 0xBB29,5, 0x9307,1,
    0x6984,5, 0x18C5,25, 0x6984,2, 0xF572,1, 0xDC4D,27, 0xBB29,5, 0x9307,3, 0x59C4,1,
    0x6984,2, 0x18C5,25, 0x6984,2, 0xF572,1, 0xDC4D,27, 0xBB29,2, 0x9307,6, 0x6984,1,
    0x4964,2, 0x18C5,25, 0x6984,2, 0xF572,1, 0xDC4D,27, 0xBB29,2, 0x6984,1, 0x4124,3,
    0x6A06,3, 0x3944,2, 0x18C5,25, 0x6984,2, 0xDC4D,1, 0xBB29,29, 0x6984,1, 0x18C5,33,
    0x6984,2, 0xDC4D,1, 0xBB29,29, 0x6984,1, 0x18C5,33, 0x6984,2, 0xDC4D,1, 0xBB29,29,
    0x6984,1, 0x18C5,33, 0x6984,33, 0x18C5,36, 0xBB29,2, 0x6984,1, 0x18C5,15, 0xBB29,2,
    0x6984,1, 0x18C5,45, 0xBB29,2, 0x6984,1, 0x18C5,15, 0xBB29,2, 0x6984,1, 0x18C5,45,
    0x6984,3, 0x18C5,15, 0x6984,3, 0x18C5,40, 0x10A4,1, 0x1084,35, 0x10A4,1, 0x18C5,29,
    0x10A4,1, 0x1084,35, 0x10A4,1, 0x18C5,34, 0x18C6,1, 0x10A4,26, 0x18C6,1, 0x18C5,25,
    0x18C5,32, 0x1906,1, 0x2126,8, 0x1906,1, 0x18C5,56, 0x2126,1, 0x29A7,8, 0x2126,1,
    0x18C5,55, 0x1906,1, 0x52CC,1, 0x6B8F,8, 0x52CC,1, 0x2126,1, 0x1906,1, 0x18C5,51,
    0x528C,1, 0x8C72,1, 0x9493,1, 0xAD97,1, 0xDF1D,2, 0xCF5D,5, 0xDF1D,1, 0xAD97,1,
    0x6B8F,1, 0x426B,1, 0x1906,1, 0x18C5,50, 0x8C72,1, 0xFFFF,4, 0xDF1D,1, 0xCF5D,6,
    0xAD97,2, 0x6B8F,1, 0x2126,1, 0x18C5,49, 0x1906,1, 0x9493,1, 0xFFFF,2, 0xDF1D,2,
    0xCF5D,8, 0xAD97,2, 0x426B,1, 0x2126,1, 0x1906,1, 0x18C5,45, 0x1906,1, 0x2126,1,
    0x52CC,1, 0xAD97,1, 0xDF1D,2, 0xCF5D,3, 0xAD97,1, 0x6B8F,4, 0xAD97,1, 0xCF5D,2,
    0xAD97,1, 0x6B8F,2, 0x426B,1, 0x1906,1, 0x18C5,44, 0x2126,1, 0x29A7,1, 0x6B8F,1,
    0xDF1D,2, 0xCF5D,3, 0xDF1D,1, 0x6B8F,1, 0x1882,4, 0x6B8F,1, 0xCF5D,2, 0xAD97,3,
    0x6B8F,1, 0x2126,1, 0x18C5,29, 0x4124,1, 0x6984,14, 0x59C4,1, 0x29A7,1, 0x6B8F,1,
    0xDF1D,1, 0xCF5D,4, 0xAD97,1, 0x29A7,1, 0x1882,4, 0x6B8F,1, 0xCF5D,3, 0xAD97,1,
    0x6B8F,2, 0x2126,1, 0x18C5,24, 0x4124,5, 0x5144,1, 0x6984,14, 0x59C4,1, 0x29A7,1,
    0x6B8F,1, 0xCF5D,5, 0x6B8F,1, 0x1882,5, 0x6B8F,1, 0xCF5D,3, 0xAD97,1, 0x6B8F,1,
    0x29A7,1, 0x2126,1, 0x18C5,24, 0x6984,7, 0xBB29,1, 0xF572,12, 0x9307,1, 0x29A7,1,
    0x6B8F,1, 0xCF5D,5, 0x6B8F,1, 0x1882,5, 0x6B8F,1, 0xCF5D,3, 0xAD97,1, 0x6B8F,1,
    0x29A7,1, 0x2126,1, 0x18C5,22, 0x4125,2, 0x9307,1, 0xBB29,7, 0xF572,1, 0xFE98,2,
    0xF572,1, 0xDC4D,8, 0x9307,1, 0x29A7,1, 0x6B8F,1, 0xCF5D,5, 0x6B8F,1, 0x1882,5,
    0x6B8F,1, 0xCF5D,3, 0xAD97,1, 0x6B8F,1, 0x29A7,1, 0x2126,1, 0x18C5,22, 0x6984,2,
    0x9307,1, 0xDC4D,6, 0xBB29,1, 0xF572,1, 0xFE98,2, 0xF572,1, 0xDC4D,8, 0x9307,1,
    0x29A7,1, 0x6B8F,1, 0xCF5D,5, 0x6B8F,1, 0x1882,5, 0x6B8F,1, 0xCF5D,3, 0xAD97,1,
    0x6B8F,1, 0x29A7,1, 0x3166,1, 0x4124,2, 0x28E5,1, 0x18C5,19, 0x6984,3, 0xBB29,2,
    0xDC4D,4, 0xBB29,1, 0xDC4D,12, 0x9307,1, 0x29A7,1, 0x6B8F,1, 0xCF5D,5, 0x6B8F,1,
    0x1882,5, 0x6B8F,1, 0xCF5D,3, 0xAD97,1, 0x6B8F,1, 0x29A7,1, 0x59C4,1, 0x6984,2,
    0x4125,1, 0x18C5,19, 0x4125,3, 0x9307,2, 0xDC4D,4, 0xBB29,1, 0xDC4D,12, 0x9307,1,
    0x29A7,1, 0x6B8F,1, 0xDF1D,1, 0xCF5D,4, 0x6B8F,1, 0x1882,5, 0x6B8F,1, 0xCF5D,2,
    0xAD97,1, 0x6B8F,2, 0x29A7,1, 0x9307,1, 0xBB29,1, 0x9307,1, 0x69A5,1, 0x4125,1,
    0x28E5,1, 0x18C5,20, 0x6984,2, 0xDC4D,4, 0xBB29,1, 0xDC4D,3, 0xBB29,1, 0x9307,2,
    0xBB29,1, 0xDC4D,5, 0xBB29,1, 0x9307,1, 0x6B8F,1, 0xAD97,2, 0xCF5D,3, 0xAD97,1,
    0x6B8F,5, 0xAD97,1, 0xCF5D,2, 0xAD97,1, 0x6B8F,1, 0x29A7,1, 0x6B8F,1, 0xBB29,1,
    0xDC4D,1, 0xBB29,1, 0x6984,2, 0x4124,1, 0x18C5,20, 0x6984,2, 0xDC4D,4, 0xBB29,1,
    0xDC4D,3, 0x9307,1, 0x1882,2, 0x9307,1, 0xDC4D,7, 0x9307,1, 0x6B8F,1, 0xAD97,2,
    0xCF5D,11, 0xAD97,1, 0x29A7,2, 0x9307,1, 0xBB29,2, 0x9307,1, 0x6984,2, 0x4124,1,
    0x18C5,17, 0x4125,3, 0xBB29,2, 0xDC4D,4, 0xBB29,1, 0xDC4D,3, 0x9307,1, 0x1882,2,
    0x9307,1, 0xDC4D,7, 0xBB29,1, 0x6B8F,2, 0xAD97,3, 0xCF5D,6, 0xAD97,3, 0x6B8F,1,
    0x29A7,2, 0x9307,1, 0xBB29,1, 0x9307,1, 0x69A5,1, 0x4125,2, 0x28E5,1, 0x18C5,17,
    0x6984,2, 0x9307,1, 0xDC4D,2, 0xBB29,5, 0xDC4D,3, 0xBB29,1, 0x9307,2, 0xBB29,1,
    0xDC4D,8, 0xBB29,1, 0x9307,1, 0x6B8F,2, 0xAD97,7, 0x6B8F,2, 0x29A7,1, 0x59C4,2,
    0x6984,1, 0x9307,2, 0x6984,1, 0x4125,1, 0x18C5,20, 0x6984,2, 0xBB29,8, 0xDC4D,17,
    0x9307,1, 0x6B8F,1, 0xAD97,1, 0x6B8F,7, 0x29A7,2, 0x59C4,1, 0x9307,2, 0x6984,1,
    0x9307,1, 0x6984,1, 0x4125,1, 0x18C5,20, 0x4125,2, 0x9307,7, 0xBB29,1, 0xDC4D,17,
    0xBB29,1, 0x6B8F,3, 0x29A7,6, 0x6B8F,1, 0x9307,2, 0xBB29,1, 0x9307,5, 0x4125,2,
    0x28E5,1, 0x18C5,19, 0x4124,5, 0x5144,1, 0x6984,1, 0xBB29,1, 0xDC4D,18, 0xBB29,1,
    0x9307,8, 0xBB29,5, 0x9307,2, 0x6984,1, 0x9307,1, 0x6984,2, 0x4124,1, 0x18C5,24,
    0x4124,1, 0x6984,1, 0xBB29,1, 0xDC4D,27, 0xBB29,2, 0x9307,1, 0xBB29,2, 0x9307,3,
    0x6984,3, 0x4124,1, 0x18C5,24, 0x4124,1, 0x6984,1, 0xBB29,1, 0xDC4D,27, 0xBB29,2,
    0x9307,7, 0x6984,1, 0x4964,1, 0x3924,1, 0x18C5,24, 0x4124,1, 0x6984,1, 0xBB29,1,
    0xDC4D,27, 0xBB29,2, 0x9307,1, 0x5144,1, 0x4124,2, 0x5185,1, 0x6A06,2, 0x51A5,1,
    0x3944,1, 0x2905,1, 0x18C5,24, 0x4124,1, 0x6984,1, 0x9307,1, 0xBB29,29, 0x9307,1,
    0x4124,1, 0x18C5,32, 0x4124,1, 0x6984,1, 0x9307,1, 0xBB29,29, 0x9307,1, 0x4124,1,
    0x18C5,32, 0x4124,1, 0x6984,1, 0x9307,1, 0xBB29,29, 0x9307,1, 0x4124,1, 0x18C5,32,
    0x4124,1, 0x6984,32, 0x4124,1, 0x18C5,35, 0x69E7,1, 0xBB29,1, 0x9307,1, 0x4124,1,
    0x18C5,14, 0x69E7,1, 0xBB29,1, 0x9307,1, 0x4124,1, 0x18C5,44, 0x69E7,1, 0xBB29,1,
    0x9307,1, 0x4124,1, 0x18C5,14, 0x69E7,1, 0xBB29,1, 0x9307,1, 0x4124,1, 0x18C5,44,
    0x4124,1, 0x6984,2, 0x4124,1, 0x18C5,14, 0x4124,1, 0x6984,2, 0x4124,1, 0x18C5,40,
    0x1084,36, 0x18C5,30, 0x1084,36, 0x18C5,35, 0x10A4,27, 0x18C5,24, 0x18C5,32, 0x1906,1,
    0x2126,8, 0x1906,1, 0x18C5,56, 0x2126,1, 0x29A7,8, 0x2126,1, 0x18C5,55, 0x1906,1,
    0x52CC,1, 0x6B8F,8, 0x52CC,1, 0x2126,1, 0x1906,1, 0x18C5,51, 0x528C,1, 0x8C72,1,
    0x9493,1, 0xAD97,1, 0xDF1D,2, 0xCF5D,5, 0xDF1D,1, 0xAD97,1, 0x6B8F,1, 0x426B,1,
    0x1906,1, 0x18C5,50, 0x8C72,1, 0xFFFF,4, 0xDF1D,1, 0xCF5D,6, 0xAD97,2, 0x6B8F,1,
    0x2126,1, 0x18C5,49, 0x1906,1, 0x9493,1, 0xFFFF,2, 0xDF1D,2, 0xCF5D,8, 0xAD97,2,
    0x426B,1, 0x2126,1, 0x1906,1, 0x18C5,45, 0x1906,1, 0x2126,1, 0x52CC,1, 0xAD97,1,
    0xDF1D,2, 0xCF5D,3, 0xAD97,1, 0x6B8F,4, 0xAD97,1, 0xCF5D,2, 0xAD97,1, 0x6B8F,2,
    0x426B,1, 0x1906,1, 0x18C5,44, 0x2126,1, 0x29A7,1, 0x6B8F,1, 0xDF1D,2, 0xCF5D,3,
    0xDF1D,1, 0x6B8F,1, 0x1882,4, 0x6B8F,1, 0xCF5D,2, 0xAD97,3, 0x6B8F,1, 0x2126,1,
    0x18C5,29, 0x4124,1, 0x6984,14, 0x59C4,1, 0x29A7,1, 0x6B8F,1, 0xDF1D,1, 0xCF5D,4,
    0xAD97,1, 0x29A7,1, 0x1882,4, 0x6B8F,1, 0xCF5D,3, 0xAD97,1, 0x6B8F,2, 0x2126,1,
    0x18C5,24, 0x4124,5, 0x5144,1, 0x6984,14, 0x59C4,1, 0x29A7,1, 0x6B8F,1, 0xCF5D,5,
    0x6B8F,1, 0x1882,5, 0x6B8F,1, 0xCF5D,3, 0xAD97,1, 0x6B8F,1, 0x29A7,1, 0x2126,1,
    0x18C5,24, 0x6984,7, 0xBB29,1, 0xF572,12, 0x9307,1, 0x29A7,1, 0x6B8F,1, 0xCF5D,5,
    0x6B8F,1, 0x1882,5, 0x6B8F,1, 0xCF5D,3, 0xAD97,1, 0x6B8F,1, 0x29A7,1, 0x2126,1,
    0x18C5,22, 0x4125,2, 0x9307,1, 0xBB29,7, 0xF572,1, 0xFE98,2, 0xF572,1, 0xDC4D,8,
    0x9307,1, 0x29A7,1, 0x6B8F,1, 0xCF5D,5, 0x6B8F,1, 0x1882,5, 0x6B8F,1, 0xCF5D,3,
    0xAD97,1, 0x6B8F,1, 0x29A7,1, 0x2126,1, 0x18C5,22, 0x6984,2, 0x9307,1, 0xDC4D,6,
    0xBB29,1, 0xF572,1, 0xFE98,2, 0xF572,1, 0xDC4D,8, 0x9307,1, 0x29A7,1, 0x6B8F,1,
    0xCF5D,5, 0x6B8F,1, 0x1882,5, 0x6B8F,1, 0xCF5D,3, 0xAD97,1, 0x6B8F,1, 0x29A7,1,
    0x3166,1, 0x4124,2, 0x28E5,1, 0x18C5,19, 0x6984,3, 0xBB29,2, 0xDC4D,4, 0xBB29,1,
    0xDC4D,12, 0x9307,1, 0x29A7,1, 0x6B8F,1, 0xCF5D,5, 0x6B8F,1, 0x1882,5, 0x6B8F,1,
    0xCF5D,3, 0xAD97,1, 0x6B8F,1, 0x29A7,1, 0x59C4,1, 0x6984,2, 0x4125,1, 0x18C5,19,
    0x4125,3, 0x9307,2, 0xDC4D,4, 0xBB29,1, 0xDC4D,12, 0x9307,1, 0x29A7,1, 0x6B8F,1,
    0xDF1D,1, 0xCF5D,4, 0x6B8F,1, 0x1882,5, 0x6B8F,1, 0xCF5D,2, 0xAD97,1, 0x6B8F,2,
    0x29A7,1, 0x9307,1, 0xBB29,1, 0x9307,1, 0x69A5,1, 0x4125,1, 0x28E5,1, 0x18C5,20,
    0x6984,2, 0xDC4D,4, 0xBB29,1, 0xDC4D,3, 0xBB29,1, 0x9307,2, 0xBB29,1, 0xDC4D,5,
    0xBB29,1, 0x9307,1, 0x6B8F,1, 0xAD97,2, 0xCF5D,3, 0xAD97,1, 0x6B8F,5, 0xAD97,1,
    0xCF5D,2, 0xAD97,1, 0x6B8F,1, 0x29A7,1, 0x6B8F,1, 0xBB29,1, 0xDC4D,1, 0xBB29,1,
    0x6984,2, 0x4124,1, 0x18C5,20, 0x6984,2, 0xDC4D,4, 0xBB29,1, 0xDC4D,3, 0x9307,1,
    0x1882,2, 0x9307,1, 0xDC4D,7, 0x9307,1, 0x6B8F,1, 0xAD97,2, 0xCF5D,11, 0xAD97,1,
    0x29A7,2, 0x9307,1, 0xBB29,2, 0x9307,1, 0x6984,2, 0x4124,1, 0x18C5,17, 0x4125,3,
    0xBB29,2, 0xDC4D,4, 0xBB29,1, 0xDC4D,3, 0x9307,1, 0x1882,2, 0x9307,1, 0xDC4D,7,
    0xBB29,1, 0x6B8F,2, 0xAD97,3, 0xCF5D,6, 0xAD97,3, 0x6B8F,1, 0x29A7,2, 0x9307,1,
    0xBB29,1, 0x9307,1, 0x69A5,1, 0x4125,2, 0x28E5,1, 0x18C5,17, 0x6984,2, 0x9307,1,
    0xDC4D,2, 0xBB29,5, 0xDC4D,3, 0xBB29,1, 0x9307,2, 0xBB29,1, 0xDC4D,8, 0xBB29,1,
    0x9307,1, 0x6B8F,2, 0xAD97,7, 0x6B8F,2, 0x29A7,1, 0x59C4,2, 0x6984,1, 0x9307,2,
    0x6984,1, 0x4125,1, 0x18C5,20, 0x6984,2, 0xBB29,8, 0xDC4D,17, 0x9307,1, 0x6B8F,1,
    0xAD97,1, 0x6B8F,7, 0x29A7,2, 0x59C4,1, 0x9307,2, 0x6984,1, 0x9307,1, 0x6984,1,
    0x4125,1, 0x18C5,20, 0x4125,2, 0x9307,7, 0xBB29,1, 0xDC4D,17, 0xBB29,1, 0x6B8F,3,
    0x29A7,6, 0x6B8F,1, 0x9307,2, 0xBB29,1, 0x9307,5, 0x4125,2, 0x28E5,1, 0x18C5,19,
    0x4124,5, 0x5144,1, 0x6984,1, 0xBB29,1, 0xDC4D,18, 0xBB29,1, 0x9307,8, 0xBB29,5,
    0x9307,2, 0x6984,1, 0x9307,1, 0x6984,2, 0x4124,1, 0x18C5,24, 0x4124,1, 0x6984,1,
    0xBB29,1, 0xDC4D,27, 0xBB29,2, 0x9307,1, 0xBB29,2, 0x9307,3, 0x6984,3, 0x4124,1,
    0x18C5,24, 0x4124,1, 0x6984,1, 0xBB29,1, 0xDC4D,27, 0xBB29,2, 0x9307,7, 0x6984,1,
    0x4964,1, 0x3924,1, 0x18C5,24, 0x4124,1, 0x6984,1, 0xBB29,1, 0xDC4D,27, 0xBB29,2,
    0x9307,1, 0x5144,1, 0x4124,2, 0x5185,1, 0x6A06,2, 0x51A5,1, 0x3944,1, 0x2905,1,
    0x18C5,24, 0x4124,1, 0x6984,1, 0x9307,1, 0xBB29,29, 0x9307,1, 0x4124,1, 0x18C5,32,
    0x4124,1, 0x6984,1, 0x9307,1, 0xBB29,29, 0x9307,1, 0x4124,1, 0x18C5,32, 0x4124,1,
    0x6984,1, 0x9307,1, 0xBB29,29, 0x9307,1, 0x4124,1, 0x18C5,32, 0x4124,1, 0x6984,32,
    0x4124,1, 0x18C5,41, 0x69E7,1, 0xBB29,1, 0x9307,1, 0x4124,1, 0x18C5,14, 0x69E7,1,
    0xBB29,1, 0x9307,1, 0x4124,1, 0x18C5,44, 0x69E7,1, 0xBB29,1, 0x9307,1, 0x4124,1,
    0x18C5,14, 0x69E7,1, 0xBB29,1, 0x9307,1, 0x4124,1, 0x18C5,44, 0x4124,1, 0x6984,2,
    0x4124,1, 0x18C5,14, 0x4124,1, 0x6984,2, 0x4124,1, 0x18C5,34, 0x1084,36, 0x18C5,30,
    0x1084,36, 0x18C5,35, 0x10A4,27, 0x18C5,24, 0x18C5,34, 0x2126,9, 0x18C5,57, 0x29A7,9,
    0x18C5,56, 0x2126,1, 0x6B8F,9, 0x2126,2, 0x18C5,52, 0x8C72,2, 0xAD97,1, 0xDF1D,2,
    0xCF5D,6, 0xDF1D,1, 0x6B8F,2, 0x2126,1, 0x18C5,51, 0xFFFF,5, 0xCF5D,6, 0xDF1D,1,
    0xAD97,2, 0x29A7,1, 0x18C5,50, 0x2126,1, 0xFFFF,2, 0xDF1D,3, 0xCF5D,7, 0xAD97,2,
    0x6B8F,1, 0x2126,2, 0x18C5,46, 0x2126,2, 0x6B8F,1, 0xDF1D,2, 0xCF5D,3, 0xDF1D,1,
    0x6B8F,5, 0xCF5D,3, 0xAD97,1, 0x6B8F,2, 0x2126,1, 0x18C5,45, 0x29A7,2, 0xDF1D,3,
    0xCF5D,3, 0xFFFF,1, 0x1882,5, 0xCF5D,3, 0xAD97,3, 0x29A7,1, 0x18C5,30, 0x6984,15,
    0x29A7,2, 0xDF1D,1, 0xCF5D,5, 0x6B8F,1, 0x1882,5, 0xCF5D,3, 0xAD97,1, 0x6B8F,2,
    0x29A7,1, 0x18C5,24, 0x28E5,1, 0x4124,5, 0x6984,15, 0x29A7,2, 0xDF1D,1, 0xCF5D,5,
    0x1882,6, 0xCF5D,4, 0x6B8F,2, 0x29A7,1, 0x18C5,24, 0x4125,1, 0x6984,7, 0xF572,13,
    0x29A7,2, 0xDF1D,1, 0xCF5D,5, 0x1882,6, 0xCF5D,4, 0x6B8F,2, 0x29A7,1, 0x18C5,22,
    0x28E5,1, 0x4125,1, 0x69A5,1, 0x9307,1, 0xBB29,5, 0x9307,1, 0xF572,1, 0xFE98,3,
    0xDC4D,9, 0x29A7,2, 0xDF1D,1, 0xCF5D,5, 0x1882,6, 0xCF5D,4, 0x6B8F,2, 0x29A7,1,
    0x18C5,22, 0x4124,1, 0x6984,2, 0xBB29,1, 0xDC4D,5, 0xBB29,1, 0xF572,1, 0xFE98,3,
    0xDC4D,9, 0x29A7,2, 0xDF1D,1, 0xCF5D,5, 0x1882,6, 0xCF5D,4, 0x6B8F,2, 0x29A7,1,
    0x4124,3, 0x18C5,19, 0x4124,1, 0x6984,2, 0x9307,1, 0xBB29,2, 0xDC4D,3, 0x9307,1,
    0xF572,1, 0xDC4D,12, 0x29A7,2, 0xDF1D,1, 0xCF5D,5, 0x1882,6, 0xCF5D,4, 0x6B8F,2,
    0x29A7,1, 0x6984,3, 0x18C5,19, 0x28E5,1, 0x4125,2, 0x69A5,1, 0x9307,1, 0xBB29,1,
    0xDC4D,3, 0x9307,1, 0xF572,1, 0xDC4D,12, 0x29A7,2, 0xDF1D,1, 0xCF5D,5, 0x1882,6,
    0xCF5D,3, 0xAD97,1, 0x6B8F,2, 0x29A7,1, 0xBB29,2, 0x9307,1, 0x4125,2, 0x18C5,20,
    0x4125,1, 0x6984,1, 0x9307,1, 0xDC4D,3, 0x9307,1, 0xF572,1, 0xDC4D,3, 0x9307,3,
    0xDC4D,6, 0x9307,2, 0x6B8F,1, 0xAD97,2, 0xCF5D,3, 0x6B8F,6, 0xCF5D,3, 0x6B8F,1,
    0x29A7,2, 0x9307,1, 0xDC4D,2, 0x9307,1, 0x6984,2, 0x18C5,20, 0x4125,1, 0x6984,1,
    0x9307,1, 0xDC4D,3, 0x9307,1, 0xF572,1, 0xDC4D,3, 0x1882,3, 0xDC4D,8, 0x29A7,1,
    0xAD97,2, 0xCF5D,12, 0x6B8F,1, 0x29A7,2, 0xDC4D,1, 0xBB29,2, 0x6984,3, 0x18C5,17,
    0x28E5,1, 0x4125,2, 0x7A48,1, 0xBB29,1, 0xDC4D,4, 0x9307,1, 0xF572,1, 0xDC4D,3,
    0x1882,3, 0xDC4D,8, 0x9307,1, 0x6B8F,2, 0xAD97,3, 0xCF5D,6, 0xAD97,3, 0x29A7,3,
    0xDC4D,1, 0x9307,2, 0x4125,3, 0x18C5,17, 0x4124,1, 0x6984,2, 0xBB29,1, 0xDC4D,2,
    0xBB29,3, 0x9307,1, 0xF572,1, 0xDC4D,3, 0x9307,3, 0xDC4D,9, 0x9307,2, 0x6B8F,1,
    0xAD97,8, 0x6B8F,1, 0x29A7,2, 0x59C4,1, 0x6984,2, 0x9307,1, 0x6984,2, 0x18C5,20,
    0x4124,1, 0x6984,1, 0x9307,1, 0xBB29,6, 0x9307,1, 0xF572,1, 0xDC4D,17, 0x29A7,1,
    0xAD97,2, 0x6B8F,7, 0x29A7,2, 0x9307,3, 0x59C4,1, 0x6984,2, 0x18C5,20, 0x28E5,1,
    0x4125,1, 0x69A5,1, 0x9307,6, 0x6984,1, 0xF572,1, 0xDC4D,17, 0x9307,1, 0x6B8F,2,
    0x29A7,7, 0x9307,2, 0xBB29,1, 0x9307,2, 0x6984,1, 0x9307,2, 0x4125,3, 0x18C5,19,
    0x28E5,1, 0x4124,5, 0x6984,2, 0xF572,1, 0xDC4D,18, 0x9307,9, 0xBB29,5, 0x9307,1,
    0x6984,5, 0x18C5,25, 0x6984,2, 0xF572,1, 0xDC4D,27, 0xBB29,5, 0x9307,3, 0x59C4,1,
    0x6984,2, 0x18C5,25, 0x6984,2, 0xF572,1, 0xDC4D,27, 0xBB29,2, 0x9307,6, 0x6984,1,
    0x4964,2, 0x18C5,25, 0x6984,2, 0xF572,1, 0xDC4D,27, 0xBB29,2, 0x6984,1, 0x4124,3,
    0x6A06,3, 0x3944,2, 0x18C5,25, 0x6984,2, 0xDC4D,1, 0xBB29,29, 0x6984,1, 0x18C5,33,
    0x6984,2, 0xDC4D,1, 0xBB29,29, 0x6984,1, 0x18C5,33, 0x6984,2, 0xDC4D,1, 0xBB29,29,
    0x6984,1, 0x18C5,33, 0x6984,33, 0x18C5,42, 0xBB29,2, 0x6984,1, 0x18C5,15, 0xBB29,2,
    0x6984,1, 0x18C5,45, 0xBB29,2, 0x6984,1, 0x18C5,15, 0xBB29,2, 0x6984,1, 0x18C5,45,
    0x6984,3, 0x18C5,15, 0x6984,3, 0x18C5,34, 0x10A4,1, 0x1084,35, 0x10A4,1, 0x18C5,29,
    0x10A4,1, 0x1084,35, 0x10A4,1, 0x18C5,34, 0x18C6,1, 0x10A4,26, 0x18C6,1, 0x18C5,22,
    0x18C5,35, 0x1906,1, 0x2126,8, 0x1906,1, 0x18C5,56, 0x2126,1, 0x29A7,8, 0x2126,1,
    0x18C5,55, 0x1906,1, 0x52CC,1, 0x6B8F,8, 0x52CC,1, 0x2126,1, 0x1906,1, 0x18C5,51,
    0x528C,1, 0x8C72,1, 0x9493,1, 0xAD97,1, 0xDF1D,2, 0xCF5D,5, 0xDF1D,1, 0xAD97,1,
    0x6B8F,1, 0x426B,1, 0x1906,1, 0x18C5,50, 0x8C72,1, 0xFFFF,4, 0xDF1D,1, 0xCF5D,6,
    0xAD97,2, 0x6B8F,1, 0x2126,1, 0x18C5,49, 0x1906,1, 0x9493,1, 0xFFFF,2, 0xDF1D,2,
    0xCF5D,8, 0xAD97,2, 0x426B,1, 0x2126,1, 0x1906,1, 0x18C5,45, 0x1906,1, 0x2126,1,
    0x52CC,1, 0xAD97,1, 0xDF1D,2, 0xCF5D,3, 0xAD97,1, 0x6B8F,4, 0xAD97,1, 0xCF5D,2,
    0xAD97,1, 0x6B8F,2, 0x426B,1, 0x1906,1, 0x18C5,44, 0x2126,1, 0x29A7,1, 0x6B8F,1,
    0xDF1D,2, 0xCF5D,3, 0xDF1D,1, 0x6B8F,1, 0x1882,4, 0x6B8F,1, 0xCF5D,2, 0xAD97,3,
    0x6B8F,1, 0x2126,1, 0x18C5,29, 0x4124,1, 0x6984,14, 0x59C4,1, 0x29A7,1, 0x6B8F,1,
    0xDF1D,1, 0xCF5D,4, 0xAD97,1, 0x29A7,1, 0x1882,4, 0x6B8F,1, 0xCF5D,3, 0xAD97,1,
    0x6B8F,2, 0x2126,1, 0x18C5,24, 0x4124,5, 0x5144,1, 0x6984,14, 0x59C4,1, 0x29A7,1,
    0x6B8F,1, 0xCF5D,5, 0x6B8F,1, 0x1882,5, 0x6B8F,1, 0xCF5D,3, 0xAD97,1, 0x6B8F,1,
    0x29A7,1, 0x2126,1, 0x18C5,24, 0x6984,7, 0xBB29,1, 0xF572,12, 0x9307,1, 0x29A7,1,
    0x6B8F,1, 0xCF5D,5, 0x6B8F,1, 0x1882,5, 0x6B8F,1, 0xCF5D,3, 0xAD97,1, 0x6B8F,1,
    0x29A7,1, 0x2126,1, 0x18C5,22, 0x4125,2, 0x9307,1, 0xBB29,7, 0xF572,1, 0xFE98,2,
    0xF572,1, 0xDC4D,8, 0x9307,1, 0x29A7,1, 0x6B8F,1, 0xCF5D,5, 0x6B8F,1, 0x1882,5,
    0x6B8F,1, 0xCF5D,3, 0xAD97,1, 0x6B8F,1, 0x29A7,1, 0x2126,1, 0x18C5,22, 0x6984,2,
    0x9307,1, 0xDC4D,6, 0xBB29,1, 0xF572,1, 0xFE98,2, 0xF572,1, 0xDC4D,8, 0x9307,1,
    0x29A7,1, 0x6B8F,1, 0xCF5D,5, 0x6B8F,1, 0x1882,5, 0x6B8F,1, 0xCF5D,3, 0xAD97,1,
    0x6B8F,1, 0x29A7,1, 0x3166,1, 0x4124,2, 0x28E5,1, 0x18C5,19, 0x6984,3, 0xBB29,2,
    0xDC4D,4, 0xBB29,1, 0xDC4D,12, 0x9307,1, 0x29A7,1, 0x6B8F,1, 0xCF5D,5, 0x6B8F,1,
    0x1882,5, 0x6B8F,1, 0xCF5D,3, 0xAD97,1, 0x6B8F,1, 0x29A7,1, 0x59C4,1, 0x6984,2,
    0x4125,1, 0x18C5,19, 0x4125,3, 0x9307,2, 0xDC4D,4, 0xBB29,1, 0xDC4D,12, 0x9307,1,
    0x29A7,1, 0x6B8F,1, 0xDF1D,1, 0xCF5D,4, 0x6B8F,1, 0x1882,5, 0x6B8F,1, 0xCF5D,2,
    0xAD97,1, 0x6B8F,2, 0x29A7,1, 0x9307,1, 0xBB29,1, 0x9307,1, 0x69A5,1, 0x4125,1,
    0x28E5,1, 0x18C5,20, 0x6984,2, 0xDC4D,4, 0xBB29,1, 0xDC4D,3, 0xBB29,1, 0x9307,2,
    0xBB29,1, 0xDC4D,5, 0xBB29,1, 0x9307,1, 0x6B8F,1, 0xAD97,2, 0xCF5D,3, 0xAD97,1,
    0x6B8F,5, 0xAD97,1, 0xCF5D,2, 0xAD97,1, 0x6B8F,1, 0x29A7,1, 0x6B8F,1, 0xBB29,1,
    0xDC4D,1, 0xBB29,1, 0x6984,2, 0x4124,1, 0x18C5,20, 0x6984,2, 0xDC4D,4, 0xBB29,1,
    0xDC4D,3, 0x9307,1, 0x1882,2, 0x9307,1, 0xDC4D,7, 0x9307,1, 0x6B8F,1, 0xAD97,2,
    0xCF5D,11, 0xAD97,1, 0x29A7,2, 0x9307,1, 0xBB29,2, 0x9307,1, 0x6984,2, 0x4124,1,
    0x18C5,17, 0x4125,3, 0xBB29,2, 0xDC4D,4, 0xBB29,1, 0xDC4D,3, 0x9307,1, 0x1882,2,
    0x9307,1, 0xDC4D,7, 0xBB29,1, 0x6B8F,2, 0xAD97,3, 0xCF5D,6, 0xAD97,3, 0x6B8F,1,
    0x29A7,2, 0x9307,1, 0xBB29,1, 0x9307,1, 0x69A5,1, 0x4125,2, 0x28E5,1, 0x18C5,17,
    0x6984,2, 0x9307,1, 0xDC4D,2, 0xBB29,5, 0xDC4D,3, 0xBB29,1, 0x9307,2, 0xBB29,1,
    0xDC4D,8, 0xBB29,1, 0x9307,1, 0x6B8F,2, 0xAD97,7, 0x6B8F,2, 0x29A7,1, 0x59C4,2,
    0x6984,1, 0x9307,2, 0x6984,1, 0x4125,1, 0x18C5,20, 0x6984,2, 0xBB29,8, 0xDC4D,17,
    0x9307,1, 0x6B8F,1, 0xAD97,1, 0x6B8F,7, 0x29A7,2, 0x59C4,1, 0x9307,2, 0x6984,1,
    0x9307,1, 0x6984,1, 0x4125,1, 0x18C5,20, 0x4125,2, 0x9307,7, 0xBB29,1, 0xDC4D,17,
    0xBB29,1, 0x6B8F,3, 0x29A7,6, 0x6B8F,1, 0x9307,2, 0xBB29,1, 0x9307,5, 0x4125,2,
    0x28E5,1, 0x18C5,19, 0x4124,5, 0x5144,1, 0x6984,1, 0xBB29,1, 0xDC4D,18, 0xBB29,1,
    0x9307,8, 0xBB29,5, 0x9307,2, 0x6984,1, 0x9307,1, 0x6984,2, 0x4124,1, 0x18C5,24,
    0x4124,1, 0x6984,1, 0xBB29,1, 0xDC4D,27, 0xBB29,2, 0x9307,1, 0xBB29,2, 0x9307,3,
    0x6984,3, 0x4124,1, 0x18C5,24, 0x4124,1, 0x6984,1, 0xBB29,1, 0xDC4D,27, 0xBB29,2,
    0x9307,7, 0x6984,1, 0x4964,1, 0x3924,1, 0x18C5,24, 0x4124,1, 0x6984,1, 0xBB29,1,
    0xDC4D,27, 0xBB29,2, 0x9307,1, 0x5144,1, 0x4124,2, 0x5185,1, 0x6A06,2, 0x51A5,1,
    0x3944,1, 0x2905,1, 0x18C5,24, 0x4124,1, 0x6984,1, 0x9307,1, 0xBB29,29, 0x9307,1,
    0x4124,1, 0x18C5,32, 0x4124,1, 0x6984,1, 0x9307,1, 0xBB29,29, 0x9307,1, 0x4124,1,
    0x18C5,32, 0x4124,1, 0x6984,1, 0x9307,1, 0xBB29,29, 0x9307,1, 0x4124,1, 0x18C5,32,
    0x4124,1, 0x6984,32, 0x4124,1, 0x18C5,35, 0x69E7,1, 0xBB29,1, 0x9307,1, 0x4124,1,
    0x18C5,14, 0x69E7,1, 0xBB29,1, 0x9307,1, 0x4124,1, 0x18C5,44, 0x69E7,1, 0xBB29,1,
    0x9307,1, 0x4124,1, 0x18C5,14, 0x69E7,1, 0xBB29,1, 0x9307,1, 0x4124,1, 0x18C5,44,
    0x4124,1, 0x6984,2, 0x4124,1, 0x18C5,14, 0x4124,1, 0x6984,2, 0x4124,1, 0x18C5,40,
    0x1084,36, 0x18C5,30, 0x1084,36, 0x18C5,35, 0x10A4,27, 0x18C5,21, 0x18C5,37, 0x2126,9,
    0x18C5,57, 0x29A7,9, 0x18C5,56, 0x2126,1, 0x6B8F,9, 0x2126,2, 0x18C5,52, 0x8C72,2,
    0xAD97,1, 0xDF1D,2, 0xCF5D,6, 0xDF1D,1, 0x6B8F,2, 0x2126,1, 0x18C5,51, 0xFFFF,5,
    0xCF5D,6, 0xDF1D,1, 0xAD97,2, 0x29A7,1, 0x18C5,50, 0x2126,1, 0xFFFF,2, 0xDF1D,3,
    0xCF5D,7, 0xAD97,2, 0x6B8F,1, 0x2126,2, 0x18C5,46, 0x2126,2, 0x6B8F,1, 0xDF1D,2,
    0xCF5D,3, 0xDF1D,1, 0x6B8F,5, 0xCF5D,3, 0xAD97,1, 0x6B8F,2, 0x2126,1, 0x18C5,45,
    0x29A7,2, 0xDF1D,3, 0xCF5D,3, 0xFFFF,1, 0x1882,5, 0xCF5D,3, 0xAD97,3, 0x29A7,1,
    0x18C5,30, 0x6984,15, 0x29A7,2, 0xDF1D,1, 0xCF5D,5, 0x6B8F,1, 0x1882,5, 0xCF5D,3,
    0xAD97,1, 0x6B8F,2, 0x29A7,1, 0x18C5,24, 0x28E5,1, 0x4124,5, 0x6984,15, 0x29A7,2,
    0xDF1D,1, 0xCF5D,5, 0x1882,6, 0xCF5D,4, 0x6B8F,2, 0x29A7,1, 0x18C5,24, 0x4125,1,
    0x6984,7, 0xF572,13, 0x29A7,2, 0xDF1D,1, 0xCF5D,5, 0x1882,6, 0xCF5D,4, 0x6B8F,2,
    0x29A7,1, 0x18C5,22, 0x28E5,1, 0x4125,1, 0x69A5,1, 0x9307,1, 0xBB29,5, 0x9307,1,
    0xF572,1, 0xFE98,3, 0xDC4D,9, 0x29A7,2, 0xDF1D,1, 0xCF5D,5, 0x1882,6, 0xCF5D,4,
    0x6B8F,2, 0x29A7,1, 0x18C5,22, 0x4124,1, 0x6984,2, 0xBB29,1, 0xDC4D,5, 0xBB29,1,
    0xF572,1, 0xFE98,3, 0xDC4D,9, 0x29A7,2, 0xDF1D,1, 0xCF5D,5, 0x1882,6, 0xCF5D,4,
    0x6B8F,2, 0x29A7,1, 0x4124,3, 0x18C5,19, 0x4124,1, 0x6984,2, 0x9307,1, 0xBB29,2,
    0xDC4D,3, 0x9307,1, 0xF572,1, 0xDC4D,12, 0x29A7,2, 0xDF1D,1, 0xCF5D,5, 0x1882,6,
    0xCF5D,4, 0x6B8F,2, 0x29A7,1, 0x6984,3, 0x18C5,19, 0x28E5,1, 0x4125,2, 0x69A5,1,
    0x9307,1, 0xBB29,1, 0xDC4D,3, 0x9307,1, 0xF572,1, 0xDC4D,12, 0x29A7,2, 0xDF1D,1,
    0xCF5D,5, 0x1882,6, 0xCF5D,3, 0xAD97,1, 0x6B8F,2, 0x29A7,1, 0xBB29,2, 0x9307,1,
    0x4125,2, 0x18C5,20, 0x4125,1, 0x6984,1, 0x9307,1, 0xDC4D,3, 0x9307,1, 0xF572,1,
    0xDC4D,3, 0x9307,3, 0xDC4D,6, 0x9307,2, 0x6B8F,1, 0xAD97,2, 0xCF5D,3, 0x6B8F,6,
    0xCF5D,3, 0x6B8F,1, 0x29A7,2, 0x9307,1, 0xDC4D,2, 0x9307,1, 0x6984,2, 0x18C5,20,
    0x4125,1, 0x6984,1, 0x9307,1, 0xDC4D,3, 0x9307,1, 0xF572,1, 0xDC4D,3, 0x1882,3,
    0xDC4D,8, 0x29A7,1, 0xAD97,2, 0xCF5D,12, 0x6B8F,1, 0x29A7,2, 0xDC4D,1, 0xBB29,2,
    0x6984,3, 0x18C5,17, 0x28E5,1, 0x4125,2, 0x7A48,1, 0xBB29,1, 0xDC4D,4, 0x9307,1,
    0xF572,1, 0xDC4D,3, 0x1882,3, 0xDC4D,8, 0x9307,1, 0x6B8F,2, 0xAD97,3, 0xCF5D,6,
    0xAD97,3, 0x29A7,3, 0xDC4D,1, 0x9307,2, 0x4125,3, 0x18C5,17, 0x4124,1, 0x6984,2,
    0xBB29,1, 0xDC4D,2, 0xBB29,3, 0x9307,1, 0xF572,1, 0xDC4D,3, 0x9307,3, 0xDC4D,9,
    0x9307,2, 0x6B8F,1, 0xAD97,8, 0x6B8F,1, 0x29A7,2, 0x59C4,1, 0x6984,2, 0x9307,1,
    0x6984,2, 0x18C5,20, 0x4124,1, 0x6984,1, 0x9307,1, 0xBB29,6, 0x9307,1, 0xF572,1,
    0xDC4D,17, 0x29A7,1, 0xAD97,2, 0x6B8F,7, 0x29A7,2, 0x9307,3, 0x59C4,1, 0x6984,2,
    0x18C5,20, 0x28E5,1, 0x4125,1, 0x69A5,1, 0x9307,6, 0x6984,1, 0xF572,1, 0xDC4D,17,
    0x9307,1, 0x6B8F,2, 0x29A7,7, 0x9307,2, 0xBB29,1, 0x9307,2, 0x6984,1, 0x9307,2,
    0x4125,3, 0x18C5,19, 0x28E5,1, 0x4124,5, 0x6984,2, 0xF572,1, 0xDC4D,18, 0x9307,9,
    0xBB29,5, 0x9307,1, 0x6984,5, 0x18C5,25, 0x6984,2, 0xF572,1, 0xDC4D,27, 0xBB29,5,
    0x9307,3, 0x59C4,1, 0x6984,2, 0x18C5,25, 0x6984,2, 0xF572,1, 0xDC4D,27, 0xBB29,2,
    0x9307,6, 0x6984,1, 0x4964,2, 0x18C5,25, 0x6984,2, 0xF572,1, 0xDC4D,27, 0xBB29,2,
    0x6984,1, 0x4124,3, 0x6A06,3, 0x3944,2, 0x18C5,25, 0x6984,2, 0xDC4D,1, 0xBB29,29,
    0x6984,1, 0x18C5,33, 0x6984,2, 0xDC4D,1, 0xBB29,29, 0x6984,1, 0x18C5,33, 0x6984,2,
    0xDC4D,1, 0xBB29,29, 0x6984,1, 0x18C5,33, 0x6984,33, 0x18C5,36, 0xBB29,2, 0x6984,1,
    0x18C5,15, 0xBB29,2, 0x6984,1, 0x18C5,45, 0xBB29,2, 0x6984,1, 0x18C5,15, 0xBB29,2,
    0x6984,1, 0x18C5,45, 0x6984,3, 0x18C5,15, 0x6984,3, 0x18C5,40, 0x10A4,1, 0x1084,35,
    0x10A4,1, 0x18C5,29, 0x10A4,1, 0x1084,35, 0x10A4,1, 0x18C5,34, 0x18C6,1, 0x10A4,26,
    0x18C6,1, 0x18C5,19, 0x18C5,38, 0x1906,1, 0x2126,8, 0x1906,1, 0x18C5,56, 0x2126,1,
    0x29A7,8, 0x2126,1, 0x18C5,55, 0x1906,1, 0x52CC,1, 0x6B8F,8, 0x52CC,1, 0x2126,1,
    0x1906,1, 0x18C5,51, 0x528C,1, 0x8C72,1, 0x9493,1, 0xAD97,1, 0xDF1D,2, 0xCF5D,5,
    0xDF1D,1, 0xAD97,1, 0x6B8F,1, 0x426B,1, 0x1906,1, 0x18C5,50, 0x8C72,1, 0xFFFF,4,
    0xDF1D,1, 0xCF5D,6, 0xAD97,2, 0x6B8F,1, 0x2126,1, 0x18C5,49, 0x1906,1, 0x9493,1,
    0xFFFF,2, 0xDF1D,2, 0xCF5D,8, 0xAD97,2, 0x426B,1, 0x2126,1, 0x1906,1, 0x18C5,45,
    0x1906,1, 0x2126,1, 0x52CC,1, 0xAD97,1, 0xDF1D,2, 0xCF5D,3, 0xAD97,1, 0x6B8F,4,
    0xAD97,1, 0xCF5D,2, 0xAD97,1, 0x6B8F,2, 0x426B,1, 0x1906,1, 0x18C5,44, 0x2126,1,
    0x29A7,1, 0x6B8F,1, 0xDF1D,2, 0xCF5D,3, 0xDF1D,1, 0x6B8F,1, 0x1882,4, 0x6B8F,1,
    0xCF5D,2, 0xAD97,3, 0x6B8F,1, 0x2126,1, 0x18C5,29, 0x4124,1, 0x6984,14, 0x59C4,1,
    0x29A7,1, 0x6B8F,1, 0xDF1D,1, 0xCF5D,4, 0xAD97,1, 0x29A7,1, 0x1882,4, 0x6B8F,1,
    0xCF5D,3, 0xAD97,1, 0x6B8F,2, 0x2126,1, 0x18C5,24, 0x4124,5, 0x5144,1, 0x6984,14,
    0x59C4,1, 0x29A7,1, 0x6B8F,1, 0xCF5D,5, 0x6B8F,1, 0x1882,5, 0x6B8F,1, 0xCF5D,3,
    0xAD97,1, 0x6B8F,1, 0x29A7,1, 0x2126,1, 0x18C5,24, 0x6984,7, 0xBB29,1, 0xF572,12,
    0x9307,1, 0x29A7,1, 0x6B8F,1, 0xCF5D,5, 0x6B8F,1, 0x1882,5, 0x6B8F,1, 0xCF5D,3,
    0xAD97,1, 0x6B8F,1, 0x29A7,1, 0x2126,1, 0x18C5,22, 0x4125,2, 0x9307,1, 0xBB29,7,
    0xF572,1, 0xFE98,2, 0xF572,1, 0xDC4D,8, 0x9307,1, 0x29A7,1, 0x6B8F,1, 0xCF5D,5,
    0x6B8F,1, 0x1882,5, 0x6B8F,1, 0xCF5D,3, 0xAD97,1, 0x6B8F,1, 0x29A7,1, 0x2126,1,
    0x18C5,22, 0x6984,2, 0x9307,1, 0xDC4D,6, 0xBB29,1, 0xF572,1, 0xFE98,2, 0xF572,1,
    0xDC4D,8, 0x9307,1, 0x29A7,1, 0x6B8F,1, 0xCF5D,5, 0x6B8F,1, 0x1882,5, 0x6B8F,1,
    0xCF5D,3, 0xAD97,1, 0x6B8F,1, 0x29A7,1, 0x3166,1, 0x4124,2, 0x28E5,1, 0x18C5,19,
    0x6984,3, 0xBB29,2, 0xDC4D,4, 0xBB29,1, 0xDC4D,12, 0x9307,1, 0x29A7,1, 0x6B8F,1,
    0xCF5D,5, 0x6B8F,1, 0x1882,5, 0x6B8F,1, 0xCF5D,3, 0xAD97,1, 0x6B8F,1, 0x29A7,1,
    0x59C4,1, 0x6984,2, 0x4125,1, 0x18C5,19, 0x4125,3, 0x9307,2, 0xDC4D,4, 0xBB29,1,
    0xDC4D,12, 0x9307,1, 0x29A7,1, 0x6B8F,1, 0xDF1D,1, 0xCF5D,4, 0x6B8F,1, 0x1882,5,
    0x6B8F,1, 0xCF5D,2, 0xAD97,1, 0x6B8F,2, 0x29A7,1, 0x9307,1, 0xBB29,1, 0x9307,1,
    0x69A5,1, 0x4125,1, 0x28E5,1, 0x18C5,20, 0x6984,2, 0xDC4D,4, 0xBB29,1, 0xDC4D,3,
    0xBB29,1, 0x9307,2, 0xBB29,1, 0xDC4D,5, 0xBB29,1, 0x9307,1, 0x6B8F,1, 0xAD97,2,
    0xCF5D,3, 0xAD97,1, 0x6B8F,5, 0xAD97,1, 0xCF5D,2, 0xAD97,1, 0x6B8F,1, 0x29A7,1,
    0x6B8F,1, 0xBB29,1, 0xDC4D,1, 0xBB29,1, 0x6984,2, 0x4124,1, 0x18C5,20, 0x6984,2,
    0xDC4D,4, 0xBB29,1, 0xDC4D,3, 0x9307,1, 0x1882,2, 0x9307,1, 0xDC4D,7, 0x9307,1,
    0x6B8F,1, 0xAD97,2, 0xCF5D,11, 0xAD97,1, 0x29A7,2, 0x9307,1, 0xBB29,2, 0x9307,1,
    0x6984,2, 0x4124,1, 0x18C5,17, 0x4125,3, 0xBB29,2, 0xDC4D,4, 0xBB29,1, 0xDC4D,3,
    0x9307,1, 0x1882,2, 0x9307,1, 0xDC4D,7, 0xBB29,1, 0x6B8F,2, 0xAD97,3, 0xCF5D,6,
    0xAD97,3, 0x6B8F,1, 0x29A7,2, 0x9307,1, 0xBB29,1, 0x9307,1, 0x69A5,1, 0x4125,2,
    0x28E5,1, 0x18C5,17, 0x6984,2, 0x9307,1, 0xDC4D,2, 0xBB29,5, 0xDC4D,3, 0xBB29,1,
    0x9307,2, 0xBB29,1, 0xDC4D,8, 0xBB29,1, 0x9307,1, 0x6B8F,2, 0xAD97,7, 0x6B8F,2,
    0x29A7,1, 0x59C4,2, 0x6984,1, 0x9307,2, 0x6984,1, 0x4125,1, 0x18C5,20, 0x6984,2,
    0xBB29,8, 0xDC4D,17, 0x9307,1, 0x6B8F,1, 0xAD97,1, 0x6B8F,7, 0x29A7,2, 0x59C4,1,
    0x9307,2, 0x6984,1, 0x9307,1, 0x6984,1, 0x4125,1, 0x18C5,20, 0x4125,2, 0x9307,7,
    0xBB29,1, 0xDC4D,17, 0xBB29,1, 0x6B8F,3, 0x29A7,6, 0x6B8F,1, 0x9307,2, 0xBB29,1,
    0x9307,5, 0x4125,2, 0x28E5,1, 0x18C5,19, 0x4124,5, 0x5144,1, 0x6984,1, 0xBB29,1,
    0xDC4D,18, 0xBB29,1, 0x9307,8, 0xBB29,5, 0x9307,2, 0x6984,1, 0x9307,1, 0x6984,2,
    0x4124,1, 0x18C5,24, 0x4124,1, 0x6984,1, 0xBB29,1, 0xDC4D,27, 0xBB29,2, 0x9307,1,
    0xBB29,2, 0x9307,3, 0x6984,3, 0x4124,1, 0x18C5,24, 0x4124,1, 0x6984,1, 0xBB29,1,
    0xDC4D,27, 0xBB29,2, 0x9307,7, 0x6984,1, 0x4964,1, 0x3924,1, 0x18C5,24, 0x4124,1,
    0x6984,1, 0xBB29,1, 0xDC4D,27, 0xBB29,2, 0x9307,1, 0x5144,1, 0x4124,2, 0x5185,1,
    0x6A06,2, 0x51A5,1, 0x3944,1, 0x2905,1, 0x18C5,24, 0x4124,1, 0x6984,1, 0x9307,1,
    0xBB29,29, 0x9307,1, 0x4124,1, 0x18C5,32, 0x4124,1, 0x6984,1, 0x9307,1, 0xBB29,29,
    0x9307,1, 0x4124,1, 0x18C5,32, 0x4124,1, 0x6984,1, 0x9307,1, 0xBB29,29, 0x9307,1,
    0x4124,1, 0x18C5,32, 0x4124,1, 0x6984,32, 0x4124,1, 0x18C5,41, 0x69E7,1, 0xBB29,1,
    0x9307,1, 0x4124,1, 0x18C5,14, 0x69E7,1, 0xBB29,1, 0x9307,1, 0x4124,1, 0x18C5,44,
    0x69E7,1, 0xBB29,1, 0x9307,1, 0x4124,1, 0x18C5,14, 0x69E7,1, 0xBB29,1, 0x9307,1,
    0x4124,1, 0x18C5,44, 0x4124,1, 0x6984,2, 0x4124,1, 0x18C5,14, 0x4124,1, 0x6984,2,
    0x4124,1, 0x18C5,34, 0x1084,36, 0x18C5,30, 0x1084,36, 0x18C5,35, 0x10A4,27, 0x18C5,18,
    0x18C5,40, 0x2126,9, 0x18C5,57, 0x29A7,9, 0x18C5,56, 0x2126,1, 0x6B8F,9, 0x2126,2,
    0x18C5,52, 0x8C72,2, 0xAD97,1, 0xDF1D,2, 0xCF5D,6, 0xDF1D,1, 0x6B8F,2, 0x2126,1,
    0x18C5,51, 0xFFFF,5, 0xCF5D,6, 0xDF1D,1, 0xAD97,2, 0x29A7,1, 0x18C5,50, 0x2126,1,
    0xFFFF,2, 0xDF1D,3, 0xCF5D,7, 0xAD97,2, 0x6B8F,1, 0x2126,2, 0x18C5,46, 0x2126,2,
    0x6B8F,1, 0xDF1D,2, 0xCF5D,3, 0xDF1D,1, 0x6B8F,5, 0xCF5D,3, 0xAD97,1, 0x6B8F,2,
    0x2126,1, 0x18C5,45, 0x29A7,2, 0xDF1D,3, 0xCF5D,3, 0xFFFF,1, 0x1882,5, 0xCF5D,3,
    0xAD97,3, 0x29A7,1, 0x18C5,30, 0x6984,15, 0x29A7,2, 0xDF1D,1, 0xCF5D,5, 0x6B8F,1,
    0x1882,5, 0xCF5D,3, 0xAD97,1, 0x6B8F,2, 0x29A7,1, 0x18C5,24, 0x28E5,1, 0x4124,5,
    0x6984,15, 0x29A7,2, 0xDF1D,1, 0xCF5D,5, 0x1882,6, 0xCF5D,4, 0x6B8F,2, 0x29A7,1,
    0x18C5,24, 0x4125,1, 0x6984,7, 0xF572,13, 0x29A7,2, 0xDF1D,1, 0xCF5D,5, 0x1882,6,
    0xCF5D,4, 0x6B8F,2, 0x29A7,1, 0x18C5,22, 0x28E5,1, 0x4125,1, 0x69A5,1, 0x9307,1,
    0xBB29,5, 0x9307,1, 0xF572,1, 0xFE98,3, 0xDC4D,9, 0x29A7,2, 0xDF1D,1, 0xCF5D,5,
    0x1882,6, 0xCF5D,4, 0x6B8F,2, 0x29A7,1, 0x18C5,22, 0x4124,1, 0x6984,2, 0xBB29,1,
    0xDC4D,5, 0xBB29,1, 0xF572,1, 0xFE98,3, 0xDC4D,9, 0x29A7,2, 0xDF1D,1, 0xCF5D,5,
    0x1882,6, 0xCF5D,4, 0x6B8F,2, 0x29A7,1, 0x4124,3, 0x18C5,19, 0x4124,1, 0x6984,2,
    0x9307,1, 0xBB29,2, 0xDC4D,3, 0x9307,1, 0xF572,1, 0xDC4D,12, 0x29A7,2, 0xDF1D,1,
    0xCF5D,5, 0x1882,6, 0xCF5D,4, 0x6B8F,2, 0x29A7,1, 0x6984,3, 0x18C5,19, 0x28E5,1,
    0x4125,2, 0x69A5,1, 0x9307,1, 0xBB29,1, 0xDC4D,3, 0x9307,1, 0xF572,1, 0xDC4D,12,
    0x29A7,2, 0xDF1D,1, 0xCF5D,5, 0x1882,6, 0xCF5D,3, 0xAD97,1, 0x6B8F,2, 0x29A7,1,
    0xBB29,2, 0x9307,1, 0x4125,2, 0x18C5,20, 0x4125,1, 0x6984,1, 0x9307,1, 0xDC4D,3,
    0x9307,1, 0xF572,1, 0xDC4D,3, 0x9307,3, 0xDC4D,6, 0x9307,2, 0x6B8F,1, 0xAD97,2,
    0xCF5D,3, 0x6B8F,6, 0xCF5D,3, 0x6B8F,1, 0x29A7,2, 0x9307,1, 0xDC4D,2, 0x9307,1,
    0x6984,2, 0x18C5,20, 0x4125,1, 0x6984,1, 0x9307,1, 0xDC4D,3, 0x9307,1, 0xF572,1,
    0xDC4D,3, 0x1882,3, 0xDC4D,8, 0x29A7,1, 0xAD97,2, 0xCF5D,12, 0x6B8F,1, 0x29A7,2,
    0xDC4D,1, 0xBB29,2, 0x6984,3, 0x18C5,17, 0x28E5,1, 0x4125,2, 0x7A48,1, 0xBB29,1,
    0xDC4D,4, 0x9307,1, 0xF572,1, 0xDC4D,3, 0x1882,3, 0xDC4D,8, 0x9307,1, 0x6B8F,2,
    0xAD97,3, 0xCF5D,6, 0xAD97,3, 0x29A7,3, 0xDC4D,1, 0x9307,2, 0x4125,3, 0x18C5,17,
    0x4124,1, 0x6984,2, 0xBB29,1, 0xDC4D,2, 0xBB29,3, 0x9307,1, 0xF572,1, 0xDC4D,3,
    0x9307,3, 0xDC4D,9, 0x9307,2, 0x6B8F,1, 0xAD97,8, 0x6B8F,1, 0x29A7,2, 0x59C4,1,
    0x6984,2, 0x9307,1, 0x6984,2, 0x18C5,20, 0x4124,1, 0x6984,1, 0x9307,1, 0xBB29,6,
    0x9307,1, 0xF572,1, 0xDC4D,17, 0x29A7,1, 0xAD97,2, 0x6B8F,7, 0x29A7,2, 0x9307,3,
    0x59C4,1, 0x6984,2, 0x18C5,20, 0x28E5,1, 0x4125,1, 0x69A5,1, 0x9307,6, 0x6984,1,
    0xF572,1, 0xDC4D,17, 0x9307,1, 0x6B8F,2, 0x29A7,7, 0x9307,2, 0xBB29,1, 0x9307,2,
    0x6984,1, 0x9307,2, 0x4125,3, 0x18C5,19, 0x28E5,1, 0x4124,5, 0x6984,2, 0xF572,1,
    0xDC4D,18, 0x9307,9, 0xBB29,5, 0x9307,1, 0x6984,5, 0x18C5,25, 0x6984,2, 0xF572,1,
    0xDC4D,27, 0xBB29,5, 0x9307,3, 0x59C4,1, 0x6984,2, 0x18C5,25, 0x6984,2, 0xF572,1,
    0xDC4D,27, 0xBB29,2, 0x9307,6, 0x6984,1, 0x4964,2, 0x18C5,25, 0x6984,2, 0xF572,1,
    0xDC4D,27, 0xBB29,2, 0x6984,1, 0x4124,3, 0x6A06,3, 0x3944,2, 0x18C5,25, 0x6984,2,
    0xDC4D,1, 0xBB29,29, 0x6984,1, 0x18C5,33, 0x6984,2, 0xDC4D,1, 0xBB29,29, 0x6984,1,
    0x18C5,33, 0x6984,2, 0xDC4D,1, 0xBB29,29, 0x6984,1, 0x18C5,33, 0x6984,33, 0x18C5,42,
    0xBB29,2, 0x6984,1, 0x18C5,15, 0xBB29,2, 0x6984,1, 0x18C5,45, 0xBB29,2, 0x6984,1,
    0x18C5,15, 0xBB29,2, 0x6984,1, 0x18C5,45, 0x6984,3, 0x18C5,15, 0x6984,3, 0x18C5,34,
    0x10A4,1, 0x1084,35, 0x10A4,1, 0x18C5,29, 0x10A4,1, 0x1084,35, 0x10A4,1, 0x18C5,34,
    0x18C6,1, 0x10A4,26, 0x18C6,1, 0x18C5,16, 0x18C5,173, 0x2126,1, 0x29A7,8, 0x2126,1,
    0x18C5,56, 0x2126,1, 0x29A7,8, 0x2126,1, 0x18C5,55, 0x2126,1, 0x6B8F,1, 0xDF1D,8,
    0x6B8F,1, 0x29A7,1, 0x2126,1, 0x18C5,51, 0x8C72,1, 0xFFFF,4, 0xDF1D,1, 0xCF5D,6,
    0xAD97,2, 0x6B8F,1, 0x2126,1, 0x18C5,50, 0x8C72,1, 0xFFFF,4, 0xDF1D,1, 0xCF5D,6,
    0xAD97,2, 0x6B8F,1, 0x2126,1, 0x18C5,49, 0x2126,1, 0xAD97,1, 0xFFFF,1, 0xDF1D,1,
    0xCF5D,11, 0xAD97,1, 0x6B8F,1, 0x29A7,1, 0x2126,1, 0x18C5,30, 0x4124,1, 0x6984,14,
    0x59C4,1, 0x29A7,1, 0x6B8F,1, 0xDF1D,2, 0xCF5D,3, 0xDF1D,1, 0x6B8F,1, 0x1882,4,
    0x6B8F,1, 0xCF5D,2, 0xAD97,3, 0x6B8F,1, 0x2126,1, 0x18C5,24, 0x4124,5, 0x5144,1,
    0x6984,14, 0x59C4,1, 0x29A7,1, 0x6B8F,1, 0xDF1D,2, 0xCF5D,3, 0xDF1D,1, 0x6B8F,1,
    0x1882,4, 0x6B8F,1, 0xCF5D,2, 0xAD97,3, 0x6B8F,1, 0x2126,1, 0x18C5,24, 0x6984,7,
    0xBB29,1, 0xF572,12, 0x9307,1, 0x29A7,1, 0x6B8F,1, 0xCF5D,5, 0x6B8F,1, 0x1882,5,
    0x6B8F,1, 0xCF5D,3, 0xAD97,1, 0x6B8F,1, 0x29A7,1, 0x2126,1, 0x18C5,22, 0x4125,2,
    0x9307,1, 0xBB29,7, 0xF572,1, 0xFE98,2, 0xF572,1, 0xDC4D,8, 0x9307,1, 0x29A7,1,
    0x6B8F,1, 0xCF5D,5, 0x6B8F,1, 0x1882,5, 0x6B8F,1, 0xCF5D,3, 0xAD97,1, 0x6B8F,1,
    0x29A7,1, 0x2126,1, 0x18C5,22, 0x6984,2, 0x9307,1, 0xDC4D,6, 0xBB29,1, 0xF572,1,
    0xFE98,2, 0xF572,1, 0xDC4D,8, 0x9307,1, 0x29A7,1, 0x6B8F,1, 0xCF5D,5, 0x6B8F,1,
    0x1882,5, 0x6B8F,1, 0xCF5D,3, 0xAD97,1, 0x6B8F,1, 0x29A7,1, 0x3166,1, 0x4124,2,
    0x28E5,1, 0x18C5,19, 0x6984,3, 0xBB29,2, 0xDC4D,4, 0xBB29,1, 0xDC4D,12, 0x9307,1,
    0x29A7,1, 0x6B8F,1, 0xCF5D,5, 0x6B8F,1, 0x1882,5, 0x6B8F,1, 0xCF5D,3, 0xAD97,1,
    0x6B8F,1, 0x29A7,1, 0x59C4,1, 0x6984,2, 0x4125,1, 0x18C5,19, 0x4125,3, 0x9307,2,
    0xDC4D,4, 0xBB29,1, 0xDC4D,12, 0x9307,1, 0x29A7,1, 0x6B8F,1, 0xCF5D,5, 0x6B8F,1,
    0x1882,5, 0x6B8F,1, 0xCF5D,3, 0xAD97,1, 0x6B8F,1, 0x29A7,1, 0x9307,1, 0xBB29,1,
    0x9307,1, 0x69A5,1, 0x4125,1, 0x28E5,1, 0x18C5,20, 0x6984,2, 0xDC4D,4, 0xBB29,1,
    0xDC4D,3, 0xBB29,1, 0x9307,2, 0xBB29,1, 0xDC4D,5, 0x9307,1, 0x29A7,1, 0x6B8F,1,
    0xCF5D,5, 0x6B8F,1, 0x1882,5, 0x6B8F,1, 0xCF5D,3, 0xAD97,1, 0x6B8F,1, 0x29A7,1,
    0x9307,1, 0xDC4D,1, 0xBB29,1, 0x6984,2, 0x4124,1, 0x18C5,20, 0x6984,2, 0xDC4D,4,
    0xBB29,1, 0xDC4D,3, 0x9307,1, 0x1882,2, 0x9307,1, 0xDC4D,5, 0x9307,1, 0x29A7,1,
    0x6B8F,1, 0xDF1D,2, 0xCF5D,3, 0x6B8F,1, 0x1882,5, 0x6B8F,1, 0xCF5D,2, 0xAD97,1,
    0x6B8F,2, 0x29A7,1, 0x9307,1, 0xBB29,1, 0x9307,1, 0x6984,2, 0x4124,1, 0x18C5,17,
    0x4125,3, 0xBB29,2, 0xDC4D,4, 0xBB29,1, 0xDC4D,3, 0x9307,1, 0x1882,2, 0x9307,1,
    0xDC4D,7, 0x9307,1, 0x6B8F,1, 0xAD97,2, 0xCF5D,11, 0xAD97,1, 0x29A7,2, 0x9307,1,
    0xBB29,1, 0x9307,1, 0x69A5,1, 0x4125,2, 0x28E5,1, 0x18C5,17, 0x6984,2, 0x9307,1,
    0xDC4D,2, 0xBB29,5, 0xDC4D,3, 0xBB29,1, 0x9307,2, 0xBB29,1, 0xDC4D,7, 0x9307,1,
    0x6B8F,1, 0xAD97,2, 0xCF5D,11, 0xAD97,1, 0x29A7,2, 0x9307,2, 0x6984,1, 0x4125,1,
    0x18C5,20, 0x6984,2, 0xBB29,8, 0xDC4D,15, 0x9307,1, 0x29A7,1, 0x6B8F,1, 0xAD97,3,
    0xCF5D,5, 0xAD97,1, 0x6B8F,2, 0x29A7,2, 0x59C4,1, 0x9307,2, 0x6984,1, 0x4125,1,
    0x18C5,20, 0x4125,2, 0x9307,7, 0xBB29,1, 0xDC4D,17, 0x9307,1, 0x6B8F,1, 0xAD97,1,
    0x6B8F,7, 0x29A7,2, 0x59C4,1, 0x9307,2, 0x6984,1, 0x9307,1, 0xBB29,1, 0x7A48,1,
    0x4125,2, 0x28E5,1, 0x18C5,19, 0x4124,5, 0x5144,1, 0x6984,1, 0xBB29,1, 0xDC4D,17,
    0x9307,1, 0x6B8F,1, 0xAD97,1, 0x6B8F,7, 0x29A7,2, 0x59C4,1, 0x9307,2, 0x6984,1,
    0x9307,1, 0xDC4D,1, 0xBB29,1, 0x6984,2, 0x4124,1, 0x18C5,24, 0x4124,1, 0x6984,1,
    0xBB29,1, 0xDC4D,18, 0x9307,1, 0x29A7,8, 0x9307,1, 0xBB29,1, 0x9307,4, 0x6984,1,
    0x59C4,1, 0x9307,2, 0x6984,1, 0x4124,1, 0x18C5,24, 0x4124,1, 0x6984,1, 0xBB29,1,
    0xDC4D,27, 0xBB29,2, 0x9307,6, 0x6984,2, 0x4125,1, 0x28E5,1, 0x18C5,24, 0x4124,1,
    0x6984,1, 0xBB29,1, 0xDC4D,27, 0xBB29,2, 0x9307,1, 0x5144,1, 0x4124,1, 0x6A06,1,
    0x9307,2, 0x6984,1, 0x4144,1, 0x18C5,26, 0x4124,1, 0x6984,1, 0x9307,1, 0xBB29,29,
    0x9307,1, 0x4124,1, 0x18C5,2, 0x51E6,1, 0x9307,2, 0x6984,1, 0x59C4,1, 0x3944,1,
    0x18C5,24, 0x4124,1, 0x6984,1, 0x9307,1, 0xBB29,29, 0x9307,1, 0x4124,1, 0x18C5,32,
    0x4124,1, 0x6984,1, 0x9307,1, 0xBB29,29, 0x9307,1, 0x4124,1, 0x18C5,32, 0x4124,1,
    0x6984,32, 0x4124,1, 0x18C5,35, 0x69E7,1, 0xBB29,1, 0x9307,1, 0x4124,1, 0x18C5,14,
    0x69E7,1, 0xBB29,1, 0x9307,1, 0x4124,1, 0x18C5,44, 0x69E7,1, 0xBB29,1, 0x9307,1,
    0x4124,1, 0x18C5,14, 0x69E7,1, 0xBB29,1, 0x9307,1, 0x4124,1, 0x18C5,44, 0x4124,1,
    0x6984,2, 0x4124,1, 0x18C5,14, 0x4124,1, 0x6984,2, 0x4124,1, 0x18C5,40, 0x1084,36,
    0x18C5,30, 0x1084,36, 0x18C5,35, 0x10A4,27, 0x18C5,15, 0x18C5,175, 0x29A7,9, 0x18C5,57,
    0x29A7,9, 0x18C5,56, 0x29A7,1, 0xDF1D,9, 0x29A7,2, 0x18C5,52, 0xFFFF,5, 0xCF5D,6,
    0xDF1D,1, 0xAD97,2, 0x29A7,1, 0x18C5,51, 0xFFFF,5, 0xCF5D,6, 0xDF1D,1, 0xAD97,2,
    0x29A7,1, 0x18C5,50, 0x29A7,1, 0xFFFF,2, 0xCF5D,12, 0xAD97,1, 0x29A7,2, 0x18C5,31,
    0x6984,15, 0x29A7,2, 0xDF1D,3, 0xCF5D,3, 0xFFFF,1, 0x1882,5, 0xCF5D,3, 0xAD97,3,
    0x29A7,1, 0x18C5,24, 0x28E5,1, 0x4124,5, 0x6984,15, 0x29A7,2, 0xDF1D,3, 0xCF5D,3,
    0xFFFF,1, 0x1882,5, 0xCF5D,3, 0xAD97,3, 0x29A7,1, 0x18C5,24, 0x4125,1, 0x6984,7,
    0xF572,13, 0x29A7,2, 0xDF1D,1, 0xCF5D,5, 0x1882,6, 0xCF5D,4, 0x6B8F,2, 0x29A7,1,
    0x18C5,22, 0x28E5,1, 0x4125,1, 0x69A5,1, 0x9307,1, 0xBB29,5, 0x9307,1, 0xF572,1,
    0xFE98,3, 0xDC4D,9, 0x29A7,2, 0xDF1D,1, 0xCF5D,5, 0x1882,6, 0xCF5D,4, 0x6B8F,2,
    0x29A7,1, 0x18C5,22, 0x4124,1, 0x6984,2, 0xBB29,1, 0xDC4D,5, 0xBB29,1, 0xF572,1,
    0xFE98,3, 0xDC4D,9, 0x29A7,2, 0xDF1D,1, 0xCF5D,5, 0x1882,6, 0xCF5D,4, 0x6B8F,2,
    0x29A7,1, 0x4124,3, 0x18C5,19, 0x4124,1, 0x6984,2, 0x9307,1, 0xBB29,2, 0xDC4D,3,
    0x9307,1, 0xF572,1, 0xDC4D,12, 0x29A7,2, 0xDF1D,1, 0xCF5D,5, 0x1882,6, 0xCF5D,4,
    0x6B8F,2, 0x29A7,1, 0x6984,3, 0x18C5,19, 0x28E5,1, 0x4125,2, 0x69A5,1, 0x9307,1,
    0xBB29,1, 0xDC4D,3, 0x9307,1, 0xF572,1, 0xDC4D,12, 0x29A7,2, 0xDF1D,1, 0xCF5D,5,
    0x1882,6, 0xCF5D,4, 0x6B8F,2, 0x29A7,1, 0xBB29,2, 0x9307,1, 0x4125,2, 0x18C5,20,
    0x4125,1, 0x6984,1, 0x9307,1, 0xDC4D,3, 0x9307,1, 0xF572,1, 0xDC4D,3, 0x9307,3,
    0xDC4D,6, 0x29A7,2, 0xDF1D,1, 0xCF5D,5, 0x1882,6, 0xCF5D,4, 0x6B8F,2, 0x29A7,1,
    0xDC4D,2, 0x9307,1, 0x6984,2, 0x18C5,20, 0x4125,1, 0x6984,1, 0x9307,1, 0xDC4D,3,
    0x9307,1, 0xF572,1, 0xDC4D,3, 0x1882,3, 0xDC4D,6, 0x29A7,2, 0xDF1D,3, 0xCF5D,3,
    0x1882,6, 0xCF5D,3, 0x6B8F,3, 0x29A7,1, 0xBB29,2, 0x6984,3, 0x18C5,17, 0x28E5,1,
    0x4125,2, 0x7A48,1, 0xBB29,1, 0xDC4D,4, 0x9307,1, 0xF572,1, 0xDC4D,3, 0x1882,3,
    0xDC4D,8, 0x29A7,1, 0xAD97,2, 0xCF5D,12, 0x6B8F,1, 0x29A7,2, 0xDC4D,1, 0x9307,2,
    0x4125,3, 0x18C5,17, 0x4124,1, 0x6984,2, 0xBB29,1, 0xDC4D,2, 0xBB29,3, 0x9307,1,
    0xF572,1, 0xDC4D,3, 0x9307,3, 0xDC4D,8, 0x29A7,1, 0xAD97,2, 0xCF5D,12, 0x6B8F,1,
    0x29A7,2, 0xDC4D,1, 0x6984,2, 0x18C5,20, 0x4124,1, 0x6984,1, 0x9307,1, 0xBB29,6,
    0x9307,1, 0xF572,1, 0xDC4D,15, 0x29A7,2, 0xAD97,3, 0xCF5D,6, 0x6B8F,3, 0x29A7,1,
    0x59C4,2, 0xDC4D,1, 0x6984,2, 0x18C5,20, 0x28E5,1, 0x4125,1, 0x69A5,1, 0x9307,6,
    0x6984,1, 0xF572,1, 0xDC4D,17, 0x29A7,1, 0xAD97,2, 0x6B8F,7, 0x29A7,2, 0x9307,3,
    0x59C4,1, 0xBB29,2, 0x4125,3, 0x18C5,19, 0x28E5,1, 0x4124,5, 0x6984,2, 0xF572,1,
    0xDC4D,17, 0x29A7,1, 0xAD97,2, 0x6B8F,7, 0x29A7,2, 0x9307,3, 0x59C4,1, 0xDC4D,2,
    0x9307,1, 0x6984,2, 0x18C5,25, 0x6984,2, 0xF572,1, 0xDC4D,18, 0x29A7,9, 0xBB29,3,
    0x9307,3, 0x59C4,2, 0xBB29,1, 0x6984,2, 0x18C5,25, 0x6984,2, 0xF572,1, 0xDC4D,27,
    0xBB29,2, 0x9307,6, 0x59C4,1, 0x4125,2, 0x18C5,25, 0x6984,2, 0xF572,1, 0xDC4D,27,
    0xBB29,2, 0x6984,1, 0x4124,2, 0x9307,3, 0x59C4,1, 0x18C5,27, 0x6984,2, 0xDC4D,1,
    0xBB29,29, 0x6984,1, 0x18C5,3, 0x9307,3, 0x59C4,2, 0x18C5,25, 0x6984,2, 0xDC4D,1,
    0xBB29,29, 0x6984,1, 0x18C5,33, 0x6984,2, 0xDC4D,1, 0xBB29,29, 0x6984,1, 0x18C5,33,
    0x6984,33, 0x18C5,36, 0xBB29,2, 0x6984,1, 0x18C5,15, 0xBB29,2, 0x6984,1, 0x18C5,45,
    0xBB29,2, 0x6984,1, 0x18C5,15, 0xBB29,2, 0x6984,1, 0x18C5,45, 0x6984,3, 0x18C5,15,
    0x6984,3, 0x18C5,40, 0x10A4,1, 0x1084,35, 0x10A4,1, 0x18C5,29, 0x10A4,1, 0x1084,35,
    0x10A4,1, 0x18C5,34, 0x18C6,1, 0x10A4,26, 0x18C6,1, 0x18C5,13, 0x18C5,176, 0x2126,1,
    0x29A7,8, 0x2126,1, 0x18C5,56, 0x2126,1, 0x29A7,8, 0x2126,1, 0x18C5,55, 0x2126,1,
    0x6B8F,1, 0xDF1D,8, 0x6B8F,1, 0x29A7,1, 0x2126,1, 0x18C5,51, 0x8C72,1, 0xFFFF,4,
    0xDF1D,1, 0xCF5D,6, 0xAD97,2, 0x6B8F,1, 0x2126,1, 0x18C5,50, 0x8C72,1, 0xFFFF,4,
    0xDF1D,1, 0xCF5D,6, 0xAD97,2, 0x6B8F,1, 0x2126,1, 0x18C5,49, 0x2126,1, 0xAD97,1,
    0xFFFF,1, 0xDF1D,1, 0xCF5D,11, 0xAD97,1, 0x6B8F,1, 0x29A7,1, 0x2126,1, 0x18C5,30,
    0x4124,1, 0x6984,14, 0x59C4,1, 0x29A7,1, 0x6B8F,1, 0xDF1D,2, 0xCF5D,3, 0xDF1D,1,
    0x6B8F,1, 0x1882,4, 0x6B8F,1, 0xCF5D,2, 0xAD97,3, 0x6B8F,1, 0x2126,1, 0x18C5,24,
    0x4124,5, 0x5144,1, 0x6984,14, 0x59C4,1, 0x29A7,1, 0x6B8F,1, 0xDF1D,2, 0xCF5D,3,
    0xDF1D,1, 0x6B8F,1, 0x1882,4, 0x6B8F,1, 0xCF5D,2, 0xAD97,3, 0x6B8F,1, 0x2126,1,
    0x18C5,24, 0x6984,7, 0xBB29,1, 0xF572,12, 0x9307,1, 0x29A7,1, 0x6B8F,1, 0xCF5D,5,
    0x6B8F,1, 0x1882,5, 0x6B8F,1, 0xCF5D,3, 0xAD97,1, 0x6B8F,1, 0x29A7,1, 0x2126,1,
    0x18C5,22, 0x4125,2, 0x9307,1, 0xBB29,7, 0xF572,1, 0xFE98,2, 0xF572,1, 0xDC4D,8,
    0x9307,1, 0x29A7,1, 0x6B8F,1, 0xCF5D,5, 0x6B8F,1, 0x1882,5, 0x6B8F,1, 0xCF5D,3,
    0xAD97,1, 0x6B8F,1, 0x29A7,1, 0x2126,1, 0x18C5,22, 0x6984,2, 0x9307,1, 0xDC4D,6,
    0xBB29,1, 0xF572,1, 0xFE98,2, 0xF572,1, 0xDC4D,8, 0x9307,1, 0x29A7,1, 0x6B8F,1,
    0xCF5D,5, 0x6B8F,1, 0x1882,5, 0x6B8F,1, 0xCF5D,3, 0xAD97,1, 0x6B8F,1, 0x29A7,1,
    0x3166,1, 0x4124,2, 0x28E5,1, 0x18C5,19, 0x6984,3, 0xBB29,2, 0xDC4D,4, 0xBB29,1,
    0xDC4D,12, 0x9307,1, 0x29A7,1, 0x6B8F,1, 0xCF5D,5, 0x6B8F,1, 0x1882,5, 0x6B8F,1,
    0xCF5D,3, 0xAD97,1, 0x6B8F,1, 0x29A7,1, 0x59C4,1, 0x6984,2, 0x4125,1, 0x18C5,19,
    0x4125,3, 0x9307,2, 0xDC4D,4, 0xBB29,1, 0xDC4D,12, 0x9307,1, 0x29A7,1, 0x6B8F,1,
    0xCF5D,5, 0x6B8F,1, 0x1882,5, 0x6B8F,1, 0xCF5D,3, 0xAD97,1, 0x6B8F,1, 0x29A7,1,
    0x9307,1, 0xBB29,1, 0x9307,1, 0x69A5,1, 0x4125,1, 0x28E5,1, 0x18C5,20, 0x6984,2,
    0xDC4D,4, 0xBB29,1, 0xDC4D,3, 0xBB29,1, 0x9307,2, 0xBB29,1, 0xDC4D,5, 0x9307,1,
    0x29A7,1, 0x6B8F,1, 0xCF5D,5, 0x6B8F,1, 0x1882,5, 0x6B8F,1, 0xCF5D,3, 0xAD97,1,
    0x6B8F,1, 0x29A7,1, 0x9307,1, 0xDC4D,1, 0xBB29,1, 0x6984,2, 0x4124,1, 0x18C5,20,
    0x6984,2, 0xDC4D,4, 0xBB29,1, 0xDC4D,3, 0x9307,1, 0x1882,2, 0x9307,1, 0xDC4D,5,
    0x9307,1, 0x29A7,1, 0x6B8F,1, 0xDF1D,2, 0xCF5D,3, 0x6B8F,1, 0x1882,5, 0x6B8F,1,
    0xCF5D,2, 0xAD97,1, 0x6B8F,2, 0x29A7,1, 0x9307,1, 0xBB29,1, 0x9307,1, 0x6984,2,
    0x4124,1, 0x18C5,17, 0x4125,3, 0xBB29,2, 0xDC4D,4, 0xBB29,1, 0xDC4D,3, 0x9307,1,
    0x1882,2, 0x9307,1, 0xDC4D,7, 0x9307,1, 0x6B8F,1, 0xAD97,2, 0xCF5D,11, 0xAD97,1,
    0x29A7,2, 0x9307,1, 0xBB29,1, 0x9307,1, 0x69A5,1, 0x4125,2, 0x28E5,1, 0x18C5,17,
    0x6984,2, 0x9307,1, 0xDC4D,2, 0xBB29,5, 0xDC4D,3, 0xBB29,1, 0x9307,2, 0xBB29,1,
    0xDC4D,7, 0x9307,1, 0x6B8F,1, 0xAD97,2, 0xCF5D,11, 0xAD97,1, 0x29A7,2, 0x9307,2,
    0x6984,1, 0x4125,1, 0x18C5,20, 0x6984,2, 0xBB29,8, 0xDC4D,15, 0x9307,1, 0x29A7,1,
    0x6B8F,1, 0xAD97,3, 0xCF5D,5, 0xAD97,1, 0x6B8F,2, 0x29A7,2, 0x59C4,1, 0x9307,2,
    0x6984,1, 0x4125,1, 0x18C5,20, 0x4125,2, 0x9307,7, 0xBB29,1, 0xDC4D,17, 0x9307,1,
    0x6B8F,1, 0xAD97,1, 0x6B8F,7, 0x29A7,2, 0x59C4,1, 0x9307,2, 0x6984,1, 0x9307,1,
    0xBB29,1, 0x7A48,1, 0x4125,2, 0x28E5,1, 0x18C5,19, 0x4124,5, 0x5144,1, 0x6984,1,
    0xBB29,1, 0xDC4D,17, 0x9307,1, 0x6B8F,1, 0xAD97,1, 0x6B8F,7, 0x29A7,2, 0x59C4,1,
    0x9307,2, 0x6984,1, 0x9307,1, 0xDC4D,1, 0xBB29,1, 0x6984,2, 0x4124,1, 0x18C5,24,
    0x4124,1, 0x6984,1, 0xBB29,1, 0xDC4D,18, 0x9307,1, 0x29A7,8, 0x9307,1, 0xBB29,1,
    0x9307,4, 0x6984,1, 0x59C4,1, 0x9307,2, 0x6984,1, 0x4124,1, 0x18C5,24, 0x4124,1,
    0x6984,1, 0xBB29,1, 0xDC4D,27, 0xBB29,2, 0x9307,6, 0x6984,2, 0x4125,1, 0x28E5,1,
    0x18C5,24, 0x4124,1, 0x6984,1, 0xBB29,1, 0xDC4D,27, 0xBB29,2, 0x9307,1, 0x5144,1,
    0x4124,1, 0x6A06,1, 0x9307,2, 0x6984,1, 0x4144,1, 0x18C5,26, 0x4124,1, 0x6984,1,
    0x9307,1, 0xBB29,29, 0x9307,1, 0x4124,1, 0x18C5,2, 0x51E6,1, 0x9307,2, 0x6984,1,
    0x59C4,1, 0x3944,1, 0x18C5,24, 0x4124,1, 0x6984,1, 0x9307,1, 0xBB29,29, 0x9307,1,
    0x4124,1, 0x18C5,32, 0x4124,1, 0x6984,1, 0x9307,1, 0xBB29,29, 0x9307,1, 0x4124,1,
    0x18C5,32, 0x4124,1, 0x6984,32, 0x4124,1, 0x18C5,41, 0x69E7,1, 0xBB29,1, 0x9307,1,
    0x4124,1, 0x18C5,14, 0x69E7,1, 0xBB29,1, 0x9307,1, 0x4124,1, 0x18C5,44, 0x69E7,1,
    0xBB29,1, 0x9307,1, 0x4124,1, 0x18C5,14, 0x69E7,1, 0xBB29,1, 0x9307,1, 0x4124,1,
    0x18C5,44, 0x4124,1, 0x6984,2, 0x4124,1, 0x18C5,14, 0x4124,1, 0x6984,2, 0x4124,1,
    0x18C5,34, 0x1084,36, 0x18C5,30, 0x1084,36, 0x18C5,35, 0x10A4,27, 0x18C5,12, 0x18C5,176,
    0x2126,1, 0x29A7,8, 0x2126,1, 0x18C5,56, 0x2126,1, 0x29A7,8, 0x2126,1, 0x18C5,55,
    0x2126,1, 0x6B8F,1, 0xDF1D,8, 0x6B8F,1, 0x29A7,1, 0x2126,1, 0x18C5,51, 0x8C72,1,
    0xFFFF,4, 0xDF1D,1, 0xCF5D,6, 0xAD97,2, 0x6B8F,1, 0x2126,1, 0x18C5,50, 0x8C72,1,
    0xFFFF,4, 0xDF1D,1, 0xCF5D,6, 0xAD97,2, 0x6B8F,1, 0x2126,1, 0x18C5,49, 0x2126,1,
    0xAD97,1, 0xFFFF,1, 0xDF1D,1, 0xCF5D,11, 0xAD97,1, 0x6B8F,1, 0x29A7,1, 0x2126,1,
    0x18C5,30, 0x4124,1, 0x6984,14, 0x59C4,1, 0x29A7,1, 0x6B8F,1, 0xDF1D,2, 0xCF5D,3,
    0xDF1D,1, 0x6B8F,1, 0x1882,4, 0x6B8F,1, 0xCF5D,2, 0xAD97,3, 0x6B8F,1, 0x2126,1,
    0x18C5,24, 0x4124,5, 0x5144,1, 0x6984,14, 0x59C4,1, 0x29A7,1, 0x6B8F,1, 0xDF1D,2,
    0xCF5D,3, 0xDF1D,1, 0x6B8F,1, 0x1882,4, 0x6B8F,1, 0xCF5D,2, 0xAD97,3, 0x6B8F,1,
    0x2126,1, 0x18C5,24, 0x6984,7, 0xBB29,1, 0xF572,12, 0x9307,1, 0x29A7,1, 0x6B8F,1,
    0xCF5D,5, 0x6B8F,1, 0x1882,5, 0x6B8F,1, 0xCF5D,3, 0xAD97,1, 0x6B8F,1, 0x29A7,1,
    0x2126,1, 0x18C5,22, 0x4125,2, 0x9307,1, 0xBB29,7, 0xF572,1, 0xFE98,2, 0xF572,1,
    0xDC4D,8, 0x9307,1, 0x29A7,1, 0x6B8F,1, 0xCF5D,5, 0x6B8F,1, 0x1882,5, 0x6B8F,1,
    0xCF5D,3, 0xAD97,1, 0x6B8F,1, 0x29A7,1, 0x2126,1, 0x18C5,22, 0x6984,2, 0x9307,1,
    0xDC4D,6, 0xBB29,1, 0xF572,1, 0xFE98,2, 0xF572,1, 0xDC4D,8, 0x9307,1, 0x29A7,1,
    0x6B8F,1, 0xCF5D,5, 0x6B8F,1, 0x1882,5, 0x6B8F,1, 0xCF5D,3, 0xAD97,1, 0x6B8F,1,
    0x29A7,1, 0x3166,1, 0x4124,2, 0x28E5,1, 0x18C5,19, 0x6984,3, 0xBB29,2, 0xDC4D,4,
    0xBB29,1, 0xDC4D,12, 0x9307,1, 0x29A7,1, 0x6B8F,1, 0xCF5D,5, 0x6B8F,1, 0x1882,5,
    0x6B8F,1, 0xCF5D,3, 0xAD97,1, 0x6B8F,1, 0x29A7,1, 0x59C4,1, 0x6984,2, 0x4125,1,
    0x18C5,19, 0x4125,3, 0x9307,2, 0xDC4D,4, 0xBB29,1, 0xDC4D,12, 0x9307,1, 0x29A7,1,
    0x6B8F,1, 0xCF5D,5, 0x6B8F,1, 0x1882,5, 0x6B8F,1, 0xCF5D,3, 0xAD97,1, 0x6B8F,1,
    0x29A7,1, 0x9307,1, 0xBB29,1, 0x9307,1, 0x69A5,1, 0x4125,1, 0x28E5,1, 0x18C5,20,
    0x6984,2, 0xDC4D,4, 0xBB29,1, 0xDC4D,3, 0xBB29,1, 0x9307,2, 0xBB29,1, 0xDC4D,5,
    0x9307,1, 0x29A7,1, 0x6B8F,1, 0xCF5D,5, 0x6B8F,1, 0x1882,5, 0x6B8F,1, 0xCF5D,3,
    0xAD97,1, 0x6B8F,1, 0x29A7,1, 0x9307,1, 0xDC4D,1, 0xBB29,1, 0x6984,2, 0x4124,1,
    0x18C5,20, 0x6984,2, 0xDC4D,4, 0xBB29,1, 0xDC4D,3, 0x9307,1, 0x1882,2, 0x9307,1,
    0xDC4D,5, 0x9307,1, 0x29A7,1, 0x6B8F,1, 0xDF1D,2, 0xCF5D,3, 0x6B8F,1, 0x1882,5,
    0x6B8F,1, 0xCF5D,2, 0xAD97,1, 0x6B8F,2, 0x29A7,1, 0x9307,1, 0xBB29,1, 0x9307,1,
    0x6984,2, 0x4124,1, 0x18C5,17, 0x4125,3, 0xBB29,2, 0xDC4D,4, 0xBB29,1, 0xDC4D,3,
    0x9307,1, 0x1882,2, 0x9307,1, 0xDC4D,7, 0x9307,1, 0x6B8F,1, 0xAD97,2, 0xCF5D,11,
    0xAD97,1, 0x29A7,2, 0x9307,1, 0xBB29,1, 0x9307,1, 0x69A5,1, 0x4125,2, 0x28E5,1,
    0x18C5,17, 0x6984,2, 0x9307,1, 0xDC4D,2, 0xBB29,5, 0xDC4D,3, 0xBB29,1, 0x9307,2,
    0xBB29,1, 0xDC4D,7, 0x9307,1, 0x6B8F,1, 0xAD97,2, 0xCF5D,11, 0xAD97,1, 0x29A7,2,
    0x9307,2, 0x6984,1, 0x4125,1, 0x18C5,20, 0x6984,2, 0xBB29,8, 0xDC4D,15, 0x9307,1,
    0x29A7,1, 0x6B8F,1, 0xAD97,3, 0xCF5D,5, 0xAD97,1, 0x6B8F,2, 0x29A7,2, 0x59C4,1,
    0x9307,2, 0x6984,1, 0x4125,1, 0x18C5,20, 0x4125,2, 0x9307,7, 0xBB29,1, 0xDC4D,17,
    0x9307,1, 0x6B8F,1, 0xAD97,1, 0x6B8F,7, 0x29A7,2, 0x59C4,1, 0x9307,2, 0x6984,1,
    0x9307,1, 0xBB29,1, 0x7A48,1, 0x4125,2, 0x28E5,1, 0x18C5,19, 0x4124,5, 0x5144,1,
    0x6984,1, 0xBB29,1, 0xDC4D,17, 0x9307,1, 0x6B8F,1, 0xAD97,1, 0x6B8F,7, 0x29A7,2,
    0x59C4,1, 0x9307,2, 0x6984,1, 0x9307,1, 0xDC4D,1, 0xBB29,1, 0x6984,2, 0x4124,1,
    0x18C5,24, 0x4124,1, 0x6984,1, 0xBB29,1, 0xDC4D,18, 0x9307,1, 0x29A7,8, 0x9307,1,
    0xBB29,1, 0x9307,4, 0x6984,1, 0x59C4,1, 0x9307,2, 0x6984,1, 0x4124,1, 0x18C5,24,
    0x4124,1, 0x6984,1, 0xBB29,1, 0xDC4D,27, 0xBB29,2, 0x9307,6, 0x6984,2, 0x4125,1,
    0x28E5,1, 0x18C5,24, 0x4124,1, 0x6984,1, 0xBB29,1, 0xDC4D,27, 0xBB29,2, 0x9307,1,
    0x5144,1, 0x4124,1, 0x6A06,1, 0x9307,2, 0x6984,1, 0x4144,1, 0x18C5,26, 0x4124,1,
    0x6984,1, 0x9307,1, 0xBB29,29, 0x9307,1, 0x4124,1, 0x18C5,2, 0x51E6,1, 0x9307,2,
    0x6984,1, 0x59C4,1, 0x3944,1, 0x18C5,24, 0x4124,1, 0x6984,1, 0x9307,1, 0xBB29,29,
    0x9307,1, 0x4124,1, 0x18C5,32, 0x4124,1, 0x6984,1, 0x9307,1, 0xBB29,29, 0x9307,1,
    0x4124,1, 0x18C5,32, 0x4124,1, 0x6984,32, 0x4124,1, 0x18C5,41, 0x69E7,1, 0xBB29,1,
    0x9307,1, 0x4124,1, 0x18C5,14, 0x69E7,1, 0xBB29,1, 0x9307,1, 0x4124,1, 0x18C5,44,
    0x69E7,1, 0xBB29,1, 0x9307,1, 0x4124,1, 0x18C5,14, 0x69E7,1, 0xBB29,1, 0x9307,1,
    0x4124,1, 0x18C5,44, 0x4124,1, 0x6984,2, 0x4124,1, 0x18C5,14, 0x4124,1, 0x6984,2,
    0x4124,1, 0x18C5,34, 0x1084,36, 0x18C5,30, 0x1084,36, 0x18C5,35, 0x10A4,27, 0x18C5,12,
    0x18C5,178, 0x29A7,9, 0x18C5,57, 0x29A7,9, 0x18C5,56, 0x29A7,1, 0xDF1D,9, 0x29A7,2,
    0x18C5,52, 0xFFFF,5, 0xCF5D,6, 0xDF1D,1, 0xAD97,2, 0x29A7,1, 0x18C5,51, 0xFFFF,5,
    0xCF5D,6, 0xDF1D,1, 0xAD97,2, 0x29A7,1, 0x18C5,50, 0x29A7,1, 0xFFFF,2, 0xCF5D,12,
    0xAD97,1, 0x29A7,2, 0x18C5,31, 0x6984,15, 0x29A7,2, 0xDF1D,3, 0xCF5D,3, 0xFFFF,1,
    0x1882,5, 0xCF5D,3, 0xAD97,3, 0x29A7,1, 0x18C5,24, 0x28E5,1, 0x4124,5, 0x6984,15,
    0x29A7,2, 0xDF1D,3, 0xCF5D,3, 0xFFFF,1, 0x1882,5, 0xCF5D,3, 0xAD97,3, 0x29A7,1,
    0x18C5,24, 0x4125,1, 0x6984,7, 0xF572,13, 0x29A7,2, 0xDF1D,1, 0xCF5D,5, 0x1882,6,
    0xCF5D,4, 0x6B8F,2, 0x29A7,1, 0x18C5,22, 0x28E5,1, 0x4125,1, 0x69A5,1, 0x9307,1,
    0xBB29,5, 0x9307,1, 0xF572,1, 0xFE98,3, 0xDC4D,9, 0x29A7,2, 0xDF1D,1, 0xCF5D,5,
    0x1882,6, 0xCF5D,4, 0x6B8F,2, 0x29A7,1, 0x18C5,22, 0x4124,1, 0x6984,2, 0xBB29,1,
    0xDC4D,5, 0xBB29,1, 0xF572,1, 0xFE98,3, 0xDC4D,9, 0x29A7,2, 0xDF1D,1, 0xCF5D,5,
    0x1882,6, 0xCF5D,4, 0x6B8F,2, 0x29A7,1, 0x4124,3, 0x18C5,19, 0x4124,1, 0x6984,2,
    0x9307,1, 0xBB29,2, 0xDC4D,3, 0x9307,1, 0xF572,1, 0xDC4D,12, 0x29A7,2, 0xDF1D,1,
    0xCF5D,5, 0x1882,6, 0xCF5D,4, 0x6B8F,2, 0x29A7,1, 0x6984,3, 0x18C5,19, 0x28E5,1,
    0x4125,2, 0x69A5,1, 0x9307,1, 0xBB29,1, 0xDC4D,3, 0x9307,1, 0xF572,1, 0xDC4D,12,
    0x29A7,2, 0xDF1D,1, 0xCF5D,5, 0x1882,6, 0xCF5D,4, 0x6B8F,2, 0x29A7,1, 0xBB29,2,
    0x9307,1, 0x4125,2, 0x18C5,20, 0x4125,1, 0x6984,1, 0x9307,1, 0xDC4D,3, 0x9307,1,
    0xF572,1, 0xDC4D,3, 0x9307,3, 0xDC4D,6, 0x29A7,2, 0xDF1D,1, 0xCF5D,5, 0x1882,6,
    0xCF5D,4, 0x6B8F,2, 0x29A7,1, 0xDC4D,2, 0x9307,1, 0x6984,2, 0x18C5,20, 0x4125,1,
    0x6984,1, 0x9307,1, 0xDC4D,3, 0x9307,1, 0xF572,1, 0xDC4D,3, 0x1882,3, 0xDC4D,6,
    0x29A7,2, 0xDF1D,3, 0xCF5D,3, 0x1882,6, 0xCF5D,3, 0x6B8F,3, 0x29A7,1, 0xBB29,2,
    0x6984,3, 0x18C5,17, 0x28E5,1, 0x4125,2, 0x7A48,1, 0xBB29,1, 0xDC4D,4, 0x9307,1,
    0xF572,1, 0xDC4D,3, 0x1882,3, 0xDC4D,8, 0x29A7,1, 0xAD97,2, 0xCF5D,12, 0x6B8F,1,
    0x29A7,2, 0xDC4D,1, 0x9307,2, 0x4125,3, 0x18C5,17, 0x4124,1, 0x6984,2, 0xBB29,1,
    0xDC4D,2, 0xBB29,3, 0x9307,1, 0xF572,1, 0xDC4D,3, 0x9307,3, 0xDC4D,8, 0x29A7,1,
    0xAD97,2, 0xCF5D,12, 0x6B8F,1, 0x29A7,2, 0xDC4D,1, 0x6984,2, 0x18C5,20, 0x4124,1,
    0x6984,1, 0x9307,1, 0xBB29,6, 0x9307,1, 0xF572,1, 0xDC4D,15, 0x29A7,2, 0xAD97,3,
    0xCF5D,6, 0x6B8F,3, 0x29A7,1, 0x59C4,2, 0xDC4D,1, 0x6984,2, 0x18C5,20, 0x28E5,1,
    0x4125,1, 0x69A5,1, 0x9307,6, 0x6984,1, 0xF572,1, 0xDC4D,17, 0x29A7,1, 0xAD97,2,
    0x6B8F,7, 0x29A7,2, 0x9307,3, 0x59C4,1, 0xBB29,2, 0x4125,3, 0x18C5,19, 0x28E5,1,
    0x4124,5, 0x6984,2, 0xF572,1, 0xDC4D,17, 0x29A7,1, 0xAD97,2, 0x6B8F,7, 0x29A7,2,
    0x9307,3, 0x59C4,1, 0xDC4D,2, 0x9307,1, 0x6984,2, 0x18C5,25, 0x6984,2, 0xF572,1,
    0xDC4D,18, 0x29A7,9, 0xBB29,3, 0x9307,3, 0x59C4,2, 0xBB29,1, 0x6984,2, 0x18C5,25,
    0x6984,2, 0xF572,1, 0xDC4D,27, 0xBB29,2, 0x9307,6, 0x59C4,1, 0x4125,2, 0x18C5,25,
    0x6984,2, 0xF572,1, 0xDC4D,27, 0xBB29,2, 0x6984,1, 0x4124,2, 0x9307,3, 0x59C4,1,
    0x18C5,27, 0x6984,2, 0xDC4D,1, 0xBB29,29, 0x6984,1, 0x18C5,3, 0x9307,3, 0x59C4,2,
    0x18C5,25, 0x6984,2, 0xDC4D,1, 0xBB29,29, 0x6984,1, 0x18C5,33, 0x6984,2, 0xDC4D,1,
    0xBB29,29, 0x6984,1, 0x18C5,33, 0x6984,33, 0x18C5,36, 0xBB29,2, 0x6984,1, 0x18C5,15,
    0xBB29,2, 0x6984,1, 0x18C5,45, 0xBB29,2, 0x6984,1, 0x18C5,15, 0xBB29,2, 0x6984,1,
    0x18C5,45, 0x6984,3, 0x18C5,15, 0x6984,3, 0x18C5,40, 0x10A4,1, 0x1084,35, 0x10A4,1,
    0x18C5,29, 0x10A4,1, 0x1084,35, 0x10A4,1, 0x18C5,34, 0x18C6,1, 0x10A4,26, 0x18C6,1,
    0x18C5,10, 0x18C5,178, 0x29A7,9, 0x18C5,57, 0x29A7,9, 0x18C5,56, 0x29A7,1, 0xDF1D,9,
    0x29A7,2, 0x18C5,52, 0xFFFF,5, 0xCF5D,6, 0xDF1D,1, 0xAD97,2, 0x29A7,1, 0x18C5,51,
    0xFFFF,5, 0xCF5D,6, 0xDF1D,1, 0xAD97,2, 0x29A7,1, 0x18C5,50, 0x29A7,1, 0xFFFF,2,
    0xCF5D,12, 0xAD97,1, 0x29A7,2, 0x18C5,31, 0x6984,15, 0x29A7,2, 0xDF1D,3, 0xCF5D,3,
    0xFFFF,1, 0x1882,5, 0xCF5D,3, 0xAD97,3, 0x29A7,1, 0x18C5,24, 0x28E5,1, 0x4124,5,
    0x6984,15, 0x29A7,2, 0xDF1D,3, 0xCF5D,3, 0xFFFF,1, 0x1882,5, 0xCF5D,3, 0xAD97,3,
    0x29A7,1, 0x18C5,24, 0x4125,1, 0x6984,7, 0xF572,13, 0x29A7,2, 0xDF1D,1, 0xCF5D,5,
    0x1882,6, 0xCF5D,4, 0x6B8F,2, 0x29A7,1, 0x18C5,22, 0x28E5,1, 0x4125,1, 0x69A5,1,
    0x9307,1, 0xBB29,5, 0x9307,1, 0xF572,1, 0xFE98,3, 0xDC4D,9, 0x29A7,2, 0xDF1D,1,
    0xCF5D,5, 0x1882,6, 0xCF5D,4, 0x6B8F,2, 0x29A7,1, 0x18C5,22, 0x4124,1, 0x6984,2,
    0xBB29,1, 0xDC4D,5, 0xBB29,1, 0xF572,1, 0xFE98,3, 0xDC4D,9, 0x29A7,2, 0xDF1D,1,
    0xCF5D,5, 0x1882,6, 0xCF5D,4, 0x6B8F,2, 0x29A7,1, 0x4124,3, 0x18C5,19, 0x4124,1,
    0x6984,2, 0x9307,1, 0xBB29,2, 0xDC4D,3, 0x9307,1, 0xF572,1, 0xDC4D,12, 0x29A7,2,
    0xDF1D,1, 0xCF5D,5, 0x1882,6, 0xCF5D,4, 0x6B8F,2, 0x29A7,1, 0x6984,3, 0x18C5,19,
    0x28E5,1, 0x4125,2, 0x69A5,1, 0x9307,1, 0xBB29,1, 0xDC4D,3, 0x9307,1, 0xF572,1,
    0xDC4D,12, 0x29A7,2, 0xDF1D,1, 0xCF5D,5, 0x1882,6, 0xCF5D,4, 0x6B8F,2, 0x29A7,1,
    0xBB29,2, 0x9307,1, 0x4125,2, 0x18C5,20, 0x4125,1, 0x6984,1, 0x9307,1, 0xDC4D,3,
    0x9307,1, 0xF572,1, 0xDC4D,3, 0x9307,3, 0xDC4D,6, 0x29A7,2, 0xDF1D,1, 0xCF5D,5,
    0x1882,6, 0xCF5D,4, 0x6B8F,2, 0x29A7,1, 0xDC4D,2, 0x9307,1, 0x6984,2, 0x18C5,20,
    0x4125,1, 0x6984,1, 0x9307,1, 0xDC4D,3, 0x9307,1, 0xF572,1, 0xDC4D,3, 0x1882,3,
    0xDC4D,6, 0x29A7,2, 0xDF1D,3, 0xCF5D,3, 0x1882,6, 0xCF5D,3, 0x6B8F,3, 0x29A7,1,
    0xBB29,2, 0x6984,3, 0x18C5,17, 0x28E5,1, 0x4125,2, 0x7A48,1, 0xBB29,1, 0xDC4D,4,
    0x9307,1, 0xF572,1, 0xDC4D,3, 0x1882,3, 0xDC4D,8, 0x29A7,1, 0xAD97,2, 0xCF5D,12,
    0x6B8F,1, 0x29A7,2, 0xDC4D,1, 0x9307,2, 0x4125,3, 0x18C5,17, 0x4124,1, 0x6984,2,
    0xBB29,1, 0xDC4D,2, 0xBB29,3, 0x9307,1, 0xF572,1, 0xDC4D,3, 0x9307,3, 0xDC4D,8,
    0x29A7,1, 0xAD97,2, 0xCF5D,12, 0x6B8F,1, 0x29A7,2, 0xDC4D,1, 0x6984,2, 0x18C5,20,
    0x4124,1, 0x6984,1, 0x9307,1, 0xBB29,6, 0x9307,1, 0xF572,1, 0xDC4D,15, 0x29A7,2,
    0xAD97,3, 0xCF5D,6, 0x6B8F,3, 0x29A7,1, 0x59C4,2, 0xDC4D,1, 0x6984,2, 0x18C5,20,
    0x28E5,1, 0x4125,1, 0x69A5,1, 0x9307,6, 0x6984,1, 0xF572,1, 0xDC4D,17, 0x29A7,1,
    0xAD97,2, 0x6B8F,7, 0x29A7,2, 0x9307,3, 0x59C4,1, 0xBB29,2, 0x4125,3, 0x18C5,19,
    0x28E5,1, 0x4124,5, 0x6984,2, 0xF572,1, 0xDC4D,17, 0x29A7,1, 0xAD97,2, 0x6B8F,7,
    0x29A7,2, 0x9307,3, 0x59C4,1, 0xDC4D,2, 0x9307,1, 0x6984,2, 0x18C5,25, 0x6984,2,
    0xF572,1, 0xDC4D,18, 0x29A7,9, 0xBB29,3, 0x9307,3, 0x59C4,2, 0xBB29,1, 0x6984,2,
    0x18C5,25, 0x6984,2, 0xF572,1, 0xDC4D,27, 0xBB29,2, 0x9307,6, 0x59C4,1, 0x4125,2,
    0x18C5,25, 0x6984,2, 0xF572,1, 0xDC4D,27, 0xBB29,2, 0x6984,1, 0x4124,2, 0x9307,3,
    0x59C4,1, 0x18C5,27, 0x6984,2, 0xDC4D,1, 0xBB29,29, 0x6984,1, 0x18C5,3, 0x9307,3,
    0x59C4,2, 0x18C5,25, 0x6984,2, 0xDC4D,1, 0xBB29,29, 0x6984,1, 0x18C5,33, 0x6984,2,
    0xDC4D,1, 0xBB29,29, 0x6984,1, 0x18C5,33, 0x6984,33, 0x18C5,36, 0xBB29,2, 0x6984,1,
    0x18C5,15, 0xBB29,2, 0x6984,1, 0x18C5,45, 0xBB29,2, 0x6984,1, 0x18C5,15, 0xBB29,2,
    0x6984,1, 0x18C5,45, 0x6984,3, 0x18C5,15, 0x6984,3, 0x18C5,40, 0x10A4,1, 0x1084,35,
    0x10A4,1, 0x18C5,29, 0x10A4,1, 0x1084,35, 0x10A4,1, 0x18C5,34, 0x18C6,1, 0x10A4,26,
    0x18C6,1, 0x18C5,10, 0x18C5,178, 0x29A7,9, 0x18C5,57, 0x29A7,9, 0x18C5,56, 0x29A7,1,
    0xDF1D,9, 0x29A7,2, 0x18C5,52, 0xFFFF,5, 0xCF5D,6, 0xDF1D,1, 0xAD97,2, 0x29A7,1,
    0x18C5,51, 0xFFFF,5, 0xCF5D,6, 0xDF1D,1, 0xAD97,2, 0x29A7,1, 0x18C5,50, 0x29A7,1,
    0xFFFF,2, 0xCF5D,12, 0xAD97,1, 0x29A7,2, 0x18C5,31, 0x6984,15, 0x29A7,2, 0xDF1D,3,
    0xCF5D,3, 0xFFFF,1, 0x1882,5, 0xCF5D,3, 0xAD97,3, 0x29A7,1, 0x18C5,24, 0x28E5,1,
    0x4124,5, 0x6984,15, 0x29A7,2, 0xDF1D,3, 0xCF5D,3, 0xFFFF,1, 0x1882,5, 0xCF5D,3,
    0xAD97,3, 0x29A7,1, 0x18C5,24, 0x4125,1, 0x6984,7, 0xF572,13, 0x29A7,2, 0xDF1D,1,
    0xCF5D,5, 0x1882,6, 0xCF5D,4, 0x6B8F,2, 0x29A7,1, 0x18C5,22, 0x28E5,1, 0x4125,1,
    0x69A5,1, 0x9307,1, 0xBB29,5, 0x9307,1, 0xF572,1, 0xFE98,3, 0xDC4D,9, 0x29A7,2,
    0xDF1D,1, 0xCF5D,5, 0x1882,6, 0xCF5D,4, 0x6B8F,2, 0x29A7,1, 0x18C5,22, 0x4124,1,
    0x6984,2, 0xBB29,1, 0xDC4D,5, 0xBB29,1, 0xF572,1, 0xFE98,3, 0xDC4D,9, 0x29A7,2,
    0xDF1D,1, 0xCF5D,5, 0x1882,6, 0xCF5D,4, 0x6B8F,2, 0x29A7,1, 0x4124,3, 0x18C5,19,
    0x4124,1, 0x6984,2, 0x9307,1, 0xBB29,2, 0xDC4D,3, 0x9307,1, 0xF572,1, 0xDC4D,12,
    0x29A7,2, 0xDF1D,1, 0xCF5D,5, 0x1882,6, 0xCF5D,4, 0x6B8F,2, 0x29A7,1, 0x6984,3,
    0x18C5,19, 0x28E5,1, 0x4125,2, 0x69A5,1, 0x9307,1, 0xBB29,1, 0xDC4D,3, 0x9307,1,
    0xF572,1, 0xDC4D,12, 0x29A7,2, 0xDF1D,1, 0xCF5D,5, 0x1882,6, 0xCF5D,4, 0x6B8F,2,
    0x29A7,1, 0xBB29,2, 0x9307,1, 0x4125,2, 0x18C5,20, 0x4125,1, 0x6984,1, 0x9307,1,
    0xDC4D,3, 0x9307,1, 0xF572,1, 0xDC4D,3, 0x9307,3, 0xDC4D,6, 0x29A7,2, 0xDF1D,1,
    0xCF5D,5, 0x1882,6, 0xCF5D,4, 0x6B8F,2, 0x29A7,1, 0xDC4D,2, 0x9307,1, 0x6984,2,
    0x18C5,20, 0x4125,1, 0x6984,1, 0x9307,1, 0xDC4D,3, 0x9307,1, 0xF572,1, 0xDC4D,3,
    0x1882,3, 0xDC4D,6, 0x29A7,2, 0xDF1D,3, 0xCF5D,3, 0x1882,6, 0xCF5D,3, 0x6B8F,3,
    0x29A7,1, 0xBB29,2, 0x6984,3, 0x18C5,17, 0x28E5,1, 0x4125,2, 0x7A48,1, 0xBB29,1,
    0xDC4D,4, 0x9307,1, 0xF572,1, 0xDC4D,3, 0x1882,3, 0xDC4D,8, 0x29A7,1, 0xAD97,2,
    0xCF5D,12, 0x6B8F,1, 0x29A7,2, 0xDC4D,1, 0x9307,2, 0x4125,3, 0x18C5,17, 0x4124,1,
    0x6984,2, 0xBB29,1, 0xDC4D,2, 0xBB29,3, 0x9307,1, 0xF572,1, 0xDC4D,3, 0x9307,3,
    0xDC4D,8, 0x29A7,1, 0xAD97,2, 0xCF5D,12, 0x6B8F,1, 0x29A7,2, 0xDC4D,1, 0x6984,2,
    0x18C5,20, 0x4124,1, 0x6984,1, 0x9307,1, 0xBB29,6, 0x9307,1, 0xF572,1, 0xDC4D,15,
    0x29A7,2, 0xAD97,3, 0xCF5D,6, 0x6B8F,3, 0x29A7,1, 0x59C4,2, 0xDC4D,1, 0x6984,2,
    0x18C5,20, 0x28E5,1, 0x4125,1, 0x69A5,1, 0x9307,6, 0x6984,1, 0xF572,1, 0xDC4D,17,
    0x29A7,1, 0xAD97,2, 0x6B8F,7, 0x29A7,2, 0x9307,3, 0x59C4,1, 0xBB29,2, 0x4125,3,
    0x18C5,19, 0x28E5,1, 0x4124,5, 0x6984,2, 0xF572,1, 0xDC4D,17, 0x29A7,1, 0xAD97,2,
    0x6B8F,7, 0x29A7,2, 0x9307,3, 0x59C4,1, 0xDC4D,2, 0x9307,1, 0x6984,2, 0x18C5,25,
    0x6984,2, 0xF572,1, 0xDC4D,18, 0x29A7,9, 0xBB29,3, 0x9307,3, 0x59C4,2, 0xBB29,1,
    0x6984,2, 0x18C5,25, 0x6984,2, 0xF572,1, 0xDC4D,27, 0xBB29,2, 0x9307,6, 0x59C4,1,
    0x4125,2, 0x18C5,25, 0x6984,2, 0xF572,1, 0xDC4D,27, 0xBB29,2, 0x6984,1, 0x4124,2,
    0x9307,3, 0x59C4,1, 0x18C5,27, 0x6984,2, 0xDC4D,1, 0xBB29,29, 0x6984,1, 0x18C5,3,
    0x9307,3, 0x59C4,2, 0x18C5,25, 0x6984,2, 0xDC4D,1, 0xBB29,29, 0x6984,1, 0x18C5,33,
    0x6984,2, 0xDC4D,1, 0xBB29,29, 0x6984,1, 0x18C5,33, 0x6984,33, 0x18C5,42, 0xBB29,2,
    0x6984,1, 0x18C5,15, 0xBB29,2, 0x6984,1, 0x18C5,45, 0xBB29,2, 0x6984,1, 0x18C5,15,
    0xBB29,2, 0x6984,1, 0x18C5,45, 0x6984,3, 0x18C5,15, 0x6984,3, 0x18C5,34, 0x10A4,1,
    0x1084,35, 0x10A4,1, 0x18C5,29, 0x10A4,1, 0x1084,35, 0x10A4,1, 0x18C5,34, 0x18C6,1,
    0x10A4,26, 0x18C6,1, 0x18C5,10, 0x18C5,178, 0x29A7,9, 0x18C5,57, 0x29A7,9, 0x18C5,56,
    0x29A7,1, 0xDF1D,9, 0x29A7,2, 0x18C5,52, 0xFFFF,5, 0xCF5D,6, 0xDF1D,1, 0xAD97,2,
    0x29A7,1, 0x18C5,51, 0xFFFF,5, 0xCF5D,6, 0xDF1D,1, 0xAD97,2, 0x29A7,1, 0x18C5,50,
    0x29A7,1, 0xFFFF,2, 0xCF5D,12, 0xAD97,1, 0x29A7,2, 0x18C5,31, 0x6984,15, 0x29A7,2,
    0xDF1D,3, 0xCF5D,3, 0xFFFF,1, 0x1882,5, 0xCF5D,3, 0xAD97,3, 0x29A7,1, 0x18C5,24,
    0x28E5,1, 0x4124,5, 0x6984,15, 0x29A7,2, 0xDF1D,3, 0xCF5D,3, 0xFFFF,1, 0x1882,5,
    0xCF5D,3, 0xAD97,3, 0x29A7,1, 0x18C5,24, 0x4125,1, 0x6984,7, 0xF572,13, 0x29A7,2,
    0xDF1D,1, 0xCF5D,5, 0x1882,6, 0xCF5D,4, 0x6B8F,2, 0x29A7,1, 0x18C5,22, 0x28E5,1,
    0x4125,1, 0x69A5,1, 0x9307,1, 0xBB29,5, 0x9307,1, 0xF572,1, 0xFE98,3, 0xDC4D,9,
    0x29A7,2, 0xDF1D,1, 0xCF5D,5, 0x1882,6, 0xCF5D,4, 0x6B8F,2, 0x29A7,1, 0x18C5,22,
    0x4124,1, 0x6984,2, 0xBB29,1, 0xDC4D,5, 0xBB29,1, 0xF572,1, 0xFE98,3, 0xDC4D,9,
    0x29A7,2, 0xDF1D,1, 0xCF5D,5, 0x1882,6, 0xCF5D,4, 0x6B8F,2, 0x29A7,1, 0x4124,3,
    0x18C5,19, 0x4124,1, 0x6984,2, 0x9307,1, 0xBB29,2, 0xDC4D,3, 0x9307,1, 0xF572,1,
    0xDC4D,12, 0x29A7,2, 0xDF1D,1, 0xCF5D,5, 0x1882,6, 0xCF5D,4, 0x6B8F,2, 0x29A7,1,
    0x6984,3, 0x18C5,19, 0x28E5,1, 0x4125,2, 0x69A5,1, 0x9307,1, 0xBB29,1, 0xDC4D,3,
    0x9307,1, 0xF572,1, 0xDC4D,12, 0x29A7,2, 0xDF1D,1, 0xCF5D,5, 0x1882,6, 0xCF5D,4,
    0x6B8F,2, 0x29A7,1, 0xBB29,2, 0x9307,1, 0x4125,2, 0x18C5,20, 0x4125,1, 0x6984,1,
    0x9307,1, 0xDC4D,3, 0x9307,1, 0xF572,1, 0xDC4D,3, 0x9307,3, 0xDC4D,6, 0x29A7,2,
    0xDF1D,1, 0xCF5D,5, 0x1882,6, 0xCF5D,4, 0x6B8F,2, 0x29A7,1, 0xDC4D,2, 0x9307,1,
    0x6984,2, 0x18C5,20, 0x4125,1, 0x6984,1, 0x9307,1, 0xDC4D,3, 0x9307,1, 0xF572,1,
    0xDC4D,3, 0x1882,3, 0xDC4D,6, 0x29A7,2, 0xDF1D,3, 0xCF5D,3, 0x1882,6, 0xCF5D,3,
    0x6B8F,3, 0x29A7,1, 0xBB29,2, 0x6984,3, 0x18C5,17, 0x28E5,1, 0x4125,2, 0x7A48,1,
    0xBB29,1, 0xDC4D,4, 0x9307,1, 0xF572,1, 0xDC4D,3, 0x1882,3, 0xDC4D,8, 0x29A7,1,
    0xAD97,2, 0xCF5D,12, 0x6B8F,1, 0x29A7,2, 0xDC4D,1, 0x9307,2, 0x4125,3, 0x18C5,17,
    0x4124,1, 0x6984,2, 0xBB29,1, 0xDC4D,2, 0xBB29,3, 0x9307,1, 0xF572,1, 0xDC4D,3,
    0x9307,3, 0xDC4D,8, 0x29A7,1, 0xAD97,2, 0xCF5D,12, 0x6B8F,1, 0x29A7,2, 0xDC4D,1,
    0x6984,2, 0x18C5,20, 0x4124,1, 0x6984,1, 0x9307,1, 0xBB29,6, 0x9307,1, 0xF572,1,
    0xDC4D,15, 0x29A7,2, 0xAD97,3, 0xCF5D,6, 0x6B8F,3, 0x29A7,1, 0x59C4,2, 0xDC4D,1,
    0x6984,2, 0x18C5,20, 0x28E5,1, 0x4125,1, 0x69A5,1, 0x9307,6, 0x6984,1, 0xF572,1,
    0xDC4D,17, 0x29A7,1, 0xAD97,2, 0x6B8F,7, 0x29A7,2, 0x9307,3, 0x59C4,1, 0xBB29,2,
    0x4125,3, 0x18C5,19, 0x28E5,1, 0x4124,5, 0x6984,2, 0xF572,1, 0xDC4D,17, 0x29A7,1,
    0xAD97,2, 0x6B8F,7, 0x29A7,2, 0x9307,3, 0x59C4,1, 0xDC4D,2, 0x9307,1, 0x6984,2,
    0x18C5,25, 0x6984,2, 0xF572,1, 0xDC4D,18, 0x29A7,9, 0xBB29,3, 0x9307,3, 0x59C4,2,
    0xBB29,1, 0x6984,2, 0x18C5,25, 0x6984,2, 0xF572,1, 0xDC4D,27, 0xBB29,2, 0x9307,6,
    0x59C4,1, 0x4125,2, 0x18C5,25, 0x6984,2, 0xF572,1, 0xDC4D,27, 0xBB29,2, 0x6984,1,
    0x4124,2, 0x9307,3, 0x59C4,1, 0x18C5,27, 0x6984,2, 0xDC4D,1, 0xBB29,29, 0x6984,1,
    0x18C5,3, 0x9307,3, 0x59C4,2, 0x18C5,25, 0x6984,2, 0xDC4D,1, 0xBB29,29, 0x6984,1,
    0x18C5,33, 0x6984,2, 0xDC4D,1, 0xBB29,29, 0x6984,1, 0x18C5,33, 0x6984,33, 0x18C5,42,
    0xBB29,2, 0x6984,1, 0x18C5,15, 0xBB29,2, 0x6984,1, 0x18C5,45, 0xBB29,2, 0x6984,1,
    0x18C5,15, 0xBB29,2, 0x6984,1, 0x18C5,45, 0x6984,3, 0x18C5,15, 0x6984,3, 0x18C5,34,
    0x10A4,1, 0x1084,35, 0x10A4,1, 0x18C5,29, 0x10A4,1, 0x1084,35, 0x10A4,1, 0x18C5,34,
    0x18C6,1, 0x10A4,26, 0x18C6,1, 0x18C5,10, 0x18C5,178, 0x29A7,9, 0x18C5,57, 0x29A7,9,
    0x18C5,56, 0x29A7,1, 0xDF1D,9, 0x29A7,2, 0x18C5,52, 0xFFFF,5, 0xCF5D,6, 0xDF1D,1,
    0xAD97,2, 0x29A7,1, 0x18C5,51, 0xFFFF,5, 0xCF5D,6, 0xDF1D,1, 0xAD97,2, 0x29A7,1,
    0x18C5,50, 0x29A7,1, 0xFFFF,2, 0xCF5D,12, 0xAD97,1, 0x29A7,2, 0x18C5,31, 0x6984,15,
    0x29A7,2, 0xDF1D,3, 0xCF5D,3, 0xFFFF,1, 0x1882,5, 0xCF5D,3, 0xAD97,3, 0x29A7,1,
    0x18C5,24, 0x28E5,1, 0x4124,5, 0x6984,15, 0x29A7,2, 0xDF1D,3, 0xCF5D,3, 0xFFFF,1,
    0x1882,5, 0xCF5D,3, 0xAD97,3, 0x29A7,1, 0x18C5,24, 0x4125,1, 0x6984,7, 0xF572,13,
    0x29A7,2, 0xDF1D,1, 0xCF5D,5, 0x1882,6, 0xCF5D,4, 0x6B8F,2, 0x29A7,1, 0x18C5,22,
    0x28E5,1, 0x4125,1, 0x69A5,1, 0x9307,1, 0xBB29,5, 0x9307,1, 0xF572,1, 0xFE98,3,
    0xDC4D,9, 0x29A7,2, 0xDF1D,1, 0xCF5D,5, 0x1882,6, 0xCF5D,4, 0x6B8F,2, 0x29A7,1,
    0x18C5,22, 0x4124,1, 0x6984,2, 0xBB29,1, 0xDC4D,5, 0xBB29,1, 0xF572,1, 0xFE98,3,
    0xDC4D,9, 0x29A7,2, 0xDF1D,1, 0xCF5D,5, 0x1882,6, 0xCF5D,4, 0x6B8F,2, 0x29A7,1,
    0x4124,3, 0x18C5,19, 0x4124,1, 0x6984,2, 0x9307,1, 0xBB29,2, 0xDC4D,3, 0x9307,1,
    0xF572,1, 0xDC4D,12, 0x29A7,2, 0xDF1D,1, 0xCF5D,5, 0x1882,6, 0xCF5D,4, 0x6B8F,2,
    0x29A7,1, 0x6984,3, 0x18C5,19, 0x28E5,1, 0x4125,2, 0x69A5,1, 0x9307,1, 0xBB29,1,
    0xDC4D,3, 0x9307,1, 0xF572,1, 0xDC4D,12, 0x29A7,2, 0xDF1D,1, 0xCF5D,5, 0x1882,6,
    0xCF5D,4, 0x6B8F,2, 0x29A7,1, 0xBB29,2, 0x9307,1, 0x4125,2, 0x18C5,20, 0x4125,1,
    0x6984,1, 0x9307,1, 0xDC4D,3, 0x9307,1, 0xF572,1, 0xDC4D,3, 0x9307,3, 0xDC4D,6,
    0x29A7,2, 0xDF1D,1, 0xCF5D,5, 0x1882,6, 0xCF5D,4, 0x6B8F,2, 0x29A7,1, 0xDC4D,2,
    0x9307,1, 0x6984,2, 0x18C5,20, 0x4125,1, 0x6984,1, 0x9307,1, 0xDC4D,3, 0x9307,1,
    0xF572,1, 0xDC4D,3, 0x1882,3, 0xDC4D,6, 0x29A7,2, 0xDF1D,3, 0xCF5D,3, 0x1882,6,
    0xCF5D,3, 0x6B8F,3, 0x29A7,1, 0xBB29,2, 0x6984,3, 0x18C5,17, 0x28E5,1, 0x4125,2,
    0x7A48,1, 0xBB29,1, 0xDC4D,4, 0x9307,1, 0xF572,1, 0xDC4D,3, 0x1882,3, 0xDC4D,8,
    0x29A7,1, 0xAD97,2, 0xCF5D,12, 0x6B8F,1, 0x29A7,2, 0xDC4D,1, 0x9307,2, 0x4125,3,
    0x18C5,17, 0x4124,1, 0x6984,2, 0xBB29,1, 0xDC4D,2, 0xBB29,3, 0x9307,1, 0xF572,1,
    0xDC4D,3, 0x9307,3, 0xDC4D,8, 0x29A7,1, 0xAD97,2, 0xCF5D,12, 0x6B8F,1, 0x29A7,2,
    0xDC4D,1, 0x6984,2, 0x18C5,20, 0x4124,1, 0x6984,1, 0x9307,1, 0xBB29,6, 0x9307,1,
    0xF572,1, 0xDC4D,15, 0x29A7,2, 0xAD97,3, 0xCF5D,6, 0x6B8F,3, 0x29A7,1, 0x59C4,2,
    0xDC4D,1, 0x6984,2, 0x18C5,20, 0x28E5,1, 0x4125,1, 0x69A5,1, 0x9307,6, 0x6984,1,
    0xF572,1, 0xDC4D,17, 0x29A7,1, 0xAD97,2, 0x6B8F,7, 0x29A7,2, 0x9307,3, 0x59C4,1,
    0xBB29,2, 0x4125,3, 0x18C5,19, 0x28E5,1, 0x4124,5, 0x6984,2, 0xF572,1, 0xDC4D,17,
    0x29A7,1, 0xAD97,2, 0x6B8F,7, 0x29A7,2, 0x9307,3, 0x59C4,1, 0xDC4D,2, 0x9307,1,
    0x6984,2, 0x18C5,25, 0x6984,2, 0xF572,1, 0xDC4D,18, 0x29A7,9, 0xBB29,3, 0x9307,3,
    0x59C4,2, 0xBB29,1, 0x6984,2, 0x18C5,25, 0x6984,2, 0xF572,1, 0xDC4D,27, 0xBB29,2,
    0x9307,6, 0x59C4,1, 0x4125,2, 0x18C5,25, 0x6984,2, 0xF572,1, 0xDC4D,27, 0xBB29,2,
    0x6984,1, 0x4124,2, 0x9307,3, 0x59C4,1, 0x18C5,27, 0x6984,2, 0xDC4D,1, 0xBB29,29,
    0x6984,1, 0x18C5,3, 0x9307,3, 0x59C4,2, 0x18C5,25, 0x6984,2, 0xDC4D,1, 0xBB29,29,
    0x6984,1, 0x18C5,33, 0x6984,2, 0xDC4D,1, 0xBB29,29, 0x6984,1, 0x18C5,33, 0x6984,33,
    0x18C5,36, 0xBB29,2, 0x6984,1, 0x18C5,15, 0xBB29,2, 0x6984,1, 0x18C5,45, 0xBB29,2,
    0x6984,1, 0x18C5,15, 0xBB29,2, 0x6984,1, 0x18C5,45, 0x6984,3, 0x18C5,15, 0x6984,3,
    0x18C5,40, 0x10A4,1, 0x1084,35, 0x10A4,1, 0x18C5,29, 0x10A4,1, 0x1084,35, 0x10A4,1,
    0x18C5,34, 0x18C6,1, 0x10A4,26, 0x18C6,1, 0x18C5,10, 0x18C5,176, 0x2126,1, 0x29A7,8,
    0x2126,1, 0x18C5,56, 0x2126,1, 0x29A7,8, 0x2126,1, 0x18C5,55, 0x2126,1, 0x6B8F,1,
    0xDF1D,8, 0x6B8F,1, 0x29A7,1, 0x2126,1, 0x18C5,51, 0x8C72,1, 0xFFFF,4, 0xDF1D,1,
    0xCF5D,6, 0xAD97,2, 0x6B8F,1, 0x2126,1, 0x18C5,50, 0x8C72,1, 0xFFFF,4, 0xDF1D,1,
    0xCF5D,6, 0xAD97,2, 0x6B8F,1, 0x2126,1, 0x18C5,49, 0x2126,1, 0xAD97,1, 0xFFFF,1,
    0xDF1D,1, 0xCF5D,11, 0xAD97,1, 0x6B8F,1, 0x29A7,1, 0x2126,1, 0x18C5,30, 0x4124,1,
    0x6984,14, 0x59C4,1, 0x29A7,1, 0x6B8F,1, 0xDF1D,2, 0xCF5D,3, 0xDF1D,1, 0x6B8F,1,
    0x1882,4, 0x6B8F,1, 0xCF5D,2, 0xAD97,3, 0x6B8F,1, 0x2126,1, 0x18C5,24, 0x4124,5,
    0x5144,1, 0x6984,14, 0x59C4,1, 0x29A7,1, 0x6B8F,1, 0xDF1D,2, 0xCF5D,3, 0xDF1D,1,
    0x6B8F,1, 0x1882,4, 0x6B8F,1, 0xCF5D,2, 0xAD97,3, 0x6B8F,1, 0x2126,1, 0x18C5,24,
    0x6984,7, 0xBB29,1, 0xF572,12, 0x9307,1, 0x29A7,1, 0x6B8F,1, 0xCF5D,5, 0x6B8F,1,
    0x1882,5, 0x6B8F,1, 0xCF5D,3, 0xAD97,1, 0x6B8F,1, 0x29A7,1, 0x2126,1, 0x18C5,22,
    0x4125,2, 0x9307,1, 0xBB29,7, 0xF572,1, 0xFE98,2, 0xF572,1, 0xDC4D,8, 0x9307,1,
    0x29A7,1, 0x6B8F,1, 0xCF5D,5, 0x6B8F,1, 0x1882,5, 0x6B8F,1, 0xCF5D,3, 0xAD97,1,
    0x6B8F,1, 0x29A7,1, 0x2126,1, 0x18C5,22, 0x6984,2, 0x9307,1, 0xDC4D,6, 0xBB29,1,
    0xF572,1, 0xFE98,2, 0xF572,1, 0xDC4D,8, 0x9307,1, 0x29A7,1, 0x6B8F,1, 0xCF5D,5,
    0x6B8F,1, 0x1882,5, 0x6B8F,1, 0xCF5D,3, 0xAD97,1, 0x6B8F,1, 0x29A7,1, 0x3166,1,
    0x4124,2, 0x28E5,1, 0x18C5,19, 0x6984,3, 0xBB29,2, 0xDC4D,4, 0xBB29,1, 0xDC4D,12,
    0x9307,1, 0x29A7,1, 0x6B8F,1, 0xCF5D,5, 0x6B8F,1, 0x1882,5, 0x6B8F,1, 0xCF5D,3,
    0xAD97,1, 0x6B8F,1, 0x29A7,1, 0x59C4,1, 0x6984,2, 0x4125,1, 0x18C5,19, 0x4125,3,
    0x9307,2, 0xDC4D,4, 0xBB29,1, 0xDC4D,12, 0x9307,1, 0x29A7,1, 0x6B8F,1, 0xCF5D,5,
    0x6B8F,1, 0x1882,5, 0x6B8F,1, 0xCF5D,3, 0xAD97,1, 0x6B8F,1, 0x29A7,1, 0x9307,1,
    0xBB29,1, 0x9307,1, 0x69A5,1, 0x4125,1, 0x28E5,1, 0x18C5,20, 0x6984,2, 0xDC4D,4,
    0xBB29,1, 0xDC4D,3, 0xBB29,1, 0x9307,2, 0xBB29,1, 0xDC4D,5, 0x9307,1, 0x29A7,1,
    0x6B8F,1, 0xCF5D,5, 0x6B8F,1, 0x1882,5, 0x6B8F,1, 0xCF5D,3, 0xAD97,1, 0x6B8F,1,
    0x29A7,1, 0x9307,1, 0xDC4D,1, 0xBB29,1, 0x6984,2, 0x4124,1, 0x18C5,20, 0x6984,2,
    0xDC4D,4, 0xBB29,1, 0xDC4D,3, 0x9307,1, 0x1882,2, 0x9307,1, 0xDC4D,5, 0x9307,1,
    0x29A7,1, 0x6B8F,1, 0xDF1D,2, 0xCF5D,3, 0x6B8F,1, 0x1882,5, 0x6B8F,1, 0xCF5D,2,
    0xAD97,1, 0x6B8F,2, 0x29A7,1, 0x9307,1, 0xBB29,1, 0x9307,1, 0x6984,2, 0x4124,1,
    0x18C5,17, 0x4125,3, 0xBB29,2, 0xDC4D,4, 0xBB29,1, 0xDC4D,3, 0x9307,1, 0x1882,2,
    0x9307,1, 0xDC4D,7, 0x9307,1, 0x6B8F,1, 0xAD97,2, 0xCF5D,11, 0xAD97,1, 0x29A7,2,
    0x9307,1, 0xBB29,1, 0x9307,1, 0x69A5,1, 0x4125,2, 0x28E5,1, 0x18C5,17, 0x6984,2,
    0x9307,1, 0xDC4D,2, 0xBB29,5, 0xDC4D,3, 0xBB29,1, 0x9307,2, 0xBB29,1, 0xDC4D,7,
    0x9307,1, 0x6B8F,1, 0xAD97,2, 0xCF5D,11, 0xAD97,1, 0x29A7,2, 0x9307,2, 0x6984,1,
    0x4125,1, 0x18C5,20, 0x6984,2, 0xBB29,8, 0xDC4D,15, 0x9307,1, 0x29A7,1, 0x6B8F,1,
    0xAD97,3, 0xCF5D,5, 0xAD97,1, 0x6B8F,2, 0x29A7,2, 0x59C4,1, 0x9307,2, 0x6984,1,
    0x4125,1, 0x18C5,20, 0x4125,2, 0x9307,7, 0xBB29,1, 0xDC4D,17, 0x9307,1, 0x6B8F,1,
    0xAD97,1, 0x6B8F,7, 0x29A7,2, 0x59C4,1, 0x9307,2, 0x6984,1, 0x9307,1, 0xBB29,1,
    0x7A48,1, 0x4125,2, 0x28E5,1, 0x18C5,19, 0x4124,5, 0x5144,1, 0x6984,1, 0xBB29,1,
    0xDC4D,17, 0x9307,1, 0x6B8F,1, 0xAD97,1, 0x6B8F,7, 0x29A7,2, 0x59C4,1, 0x9307,2,
    0x6984,1, 0x9307,1, 0xDC4D,1, 0xBB29,1, 0x6984,2, 0x4124,1, 0x18C5,24, 0x4124,1,
    0x6984,1, 0xBB29,1, 0xDC4D,18, 0x9307,1, 0x29A7,8, 0x9307,1, 0xBB29,1, 0x9307,4,
    0x6984,1, 0x59C4,1, 0x9307,2, 0x6984,1, 0x4124,1, 0x18C5,24, 0x4124,1, 0x6984,1,
    0xBB29,1, 0xDC4D,27, 0xBB29,2, 0x9307,6, 0x6984,2, 0x4125,1, 0x28E5,1, 0x18C5,24,
    0x4124,1, 0x6984,1, 0xBB29,1, 0xDC4D,27, 0xBB29,2, 0x9307,1, 0x5144,1, 0x4124,1,
    0x6A06,1, 0x9307,2, 0x6984,1, 0x4144,1, 0x18C5,26, 0x4124,1, 0x6984,1, 0x9307,1,
    0xBB29,29, 0x9307,1, 0x4124,1, 0x18C5,2, 0x51E6,1, 0x9307,2, 0x6984,1, 0x59C4,1,
    0x3944,1, 0x18C5,24, 0x4124,1, 0x6984,1, 0x9307,1, 0xBB29,29, 0x9307,1, 0x4124,1,
    0x18C5,32, 0x4124,1, 0x6984,1, 0x9307,1, 0xBB29,29, 0x9307,1, 0x4124,1, 0x18C5,32,
    0x4124,1, 0x6984,32, 0x4124,1, 0x18C5,35, 0x69E7,1, 0xBB29,1, 0x9307,1, 0x4124,1,
    0x18C5,14, 0x69E7,1, 0xBB29,1, 0x9307,1, 0x4124,1, 0x18C5,44, 0x69E7,1, 0xBB29,1,
    0x9307,1, 0x4124,1, 0x18C5,14, 0x69E7,1, 0xBB29,1, 0x9307,1, 0x4124,1, 0x18C5,44,
    0x4124,1, 0x6984,2, 0x4124,1, 0x18C5,14, 0x4124,1, 0x6984,2, 0x4124,1, 0x18C5,40,
    0x1084,36, 0x18C5,30, 0x1084,36, 0x18C5,35, 0x10A4,27, 0x18C5,12, 0x18C5,176, 0x2126,1,
    0x29A7,8, 0x2126,1, 0x18C5,56, 0x2126,1, 0x29A7,8, 0x2126,1, 0x18C5,55, 0x2126,1,
    0x6B8F,1, 0xDF1D,8, 0x6B8F,1, 0x29A7,1, 0x2126,1, 0x18C5,51, 0x8C72,1, 0xFFFF,4,
    0xDF1D,1, 0xCF5D,6, 0xAD97,2, 0x6B8F,1, 0x2126,1, 0x18C5,50, 0x8C72,1, 0xFFFF,4,
    0xDF1D,1, 0xCF5D,6, 0xAD97,2, 0x6B8F,1, 0x2126,1, 0x18C5,49, 0x2126,1, 0xAD97,1,
    0xFFFF,1, 0xDF1D,1, 0xCF5D,11, 0xAD97,1, 0x6B8F,1, 0x29A7,1, 0x2126,1, 0x18C5,30,
    0x4124,1, 0x6984,14, 0x59C4,1, 0x29A7,1, 0x6B8F,1, 0xDF1D,2, 0xCF5D,3, 0xDF1D,1,
    0x6B8F,1, 0x1882,4, 0x6B8F,1, 0xCF5D,2, 0xAD97,3, 0x6B8F,1, 0x2126,1, 0x18C5,24,
    0x4124,5, 0x5144,1, 0x6984,14, 0x59C4,1, 0x29A7,1, 0x6B8F,1, 0xDF1D,2, 0xCF5D,3,
    0xDF1D,1, 0x6B8F,1, 0x1882,4, 0x6B8F,1, 0xCF5D,2, 0xAD97,3, 0x6B8F,1, 0x2126,1,
    0x18C5,24, 0x6984,7, 0xBB29,1, 0xF572,12, 0x9307,1, 0x29A7,1, 0x6B8F,1, 0xCF5D,5,
    0x6B8F,1, 0x1882,5, 0x6B8F,1, 0xCF5D,3, 0xAD97,1, 0x6B8F,1, 0x29A7,1, 0x2126,1,
    0x18C5,22, 0x4125,2, 0x9307,1, 0xBB29,7, 0xF572,1, 0xFE98,2, 0xF572,1, 0xDC4D,8,
    0x9307,1, 0x29A7,1, 0x6B8F,1, 0xCF5D,5, 0x6B8F,1, 0x1882,5, 0x6B8F,1, 0xCF5D,3,
    0xAD97,1, 0x6B8F,1, 0x29A7,1, 0x2126,1, 0x18C5,22, 0x6984,2, 0x9307,1, 0xDC4D,6,
    0xBB29,1, 0xF572,1, 0xFE98,2, 0xF572,1, 0xDC4D,8, 0x9307,1, 0x29A7,1, 0x6B8F,1,
    0xCF5D,5, 0x6B8F,1, 0x1882,5, 0x6B8F,1, 0xCF5D,3, 0xAD97,1, 0x6B8F,1, 0x29A7,1,
    0x3166,1, 0x4124,2, 0x28E5,1, 0x18C5,19, 0x6984,3, 0xBB29,2, 0xDC4D,4, 0xBB29,1,
    0xDC4D,12, 0x9307,1, 0x29A7,1, 0x6B8F,1, 0xCF5D,5, 0x6B8F,1, 0x1882,5, 0x6B8F,1,
    0xCF5D,3, 0xAD97,1, 0x6B8F,1, 0x29A7,1, 0x59C4,1, 0x6984,2, 0x4125,1, 0x18C5,19,
    0x4125,3, 0x9307,2, 0xDC4D,4, 0xBB29,1, 0xDC4D,12, 0x9307,1, 0x29A7,1, 0x6B8F,1,
    0xCF5D,5, 0x6B8F,1, 0x1882,5, 0x6B8F,1, 0xCF5D,3, 0xAD97,1, 0x6B8F,1, 0x29A7,1,
    0x9307,1, 0xBB29,1, 0x9307,1, 0x69A5,1, 0x4125,1, 0x28E5,1, 0x18C5,20, 0x6984,2,
    0xDC4D,4, 0xBB29,1, 0xDC4D,3, 0xBB29,1, 0x9307,2, 0xBB29,1, 0xDC4D,5, 0x9307,1,
    0x29A7,1, 0x6B8F,1, 0xCF5D,5, 0x6B8F,1, 0x1882,5, 0x6B8F,1, 0xCF5D,3, 0xAD97,1,
    0x6B8F,1, 0x29A7,1, 0x9307,1, 0xDC4D,1, 0xBB29,1, 0x6984,2, 0x4124,1, 0x18C5,20,
    0x6984,2, 0xDC4D,4, 0xBB29,1, 0xDC4D,3, 0x9307,1, 0x1882,2, 0x9307,1, 0xDC4D,5,
    0x9307,1, 0x29A7,1, 0x6B8F,1, 0xDF1D,2, 0xCF5D,3, 0x6B8F,1, 0x1882,5, 0x6B8F,1,
    0xCF5D,2, 0xAD97,1, 0x6B8F,2, 0x29A7,1, 0x9307,1, 0xBB29,1, 0x9307,1, 0x6984,2,
    0x4124,1, 0x18C5,17, 0x4125,3, 0xBB29,2, 0xDC4D,4, 0xBB29,1, 0xDC4D,3, 0x9307,1,
    0x1882,2, 0x9307,1, 0xDC4D,7, 0x9307,1, 0x6B8F,1, 0xAD97,2, 0xCF5D,11, 0xAD97,1,
    0x29A7,2, 0x9307,1, 0xBB29,1, 0x9307,1, 0x69A5,1, 0x4125,2, 0x28E5,1, 0x18C5,17,
    0x6984,2, 0x9307,1, 0xDC4D,2, 0xBB29,5, 0xDC4D,3, 0xBB29,1, 0x9307,2, 0xBB29,1,
    0xDC4D,7, 0x9307,1, 0x6B8F,1, 0xAD97,2, 0xCF5D,11, 0xAD97,1, 0x29A7,2, 0x9307,2,
    0x6984,1, 0x4125,1, 0x18C5,20, 0x6984,2, 0xBB29,8, 0xDC4D,15, 0x9307,1, 0x29A7,1,
    0x6B8F,1, 0xAD97,3, 0xCF5D,5, 0xAD97,1, 0x6B8F,2, 0x29A7,2, 0x59C4,1, 0x9307,2,
    0x6984,1, 0x4125,1, 0x18C5,20, 0x4125,2, 0x9307,7, 0xBB29,1, 0xDC4D,17, 0x9307,1,
    0x6B8F,1, 0xAD97,1, 0x6B8F,7, 0x29A7,2, 0x59C4,1, 0x9307,2, 0x6984,1, 0x9307,1,
    0xBB29,1, 0x7A48,1, 0x4125,2, 0x28E5,1, 0x18C5,19, 0x4124,5, 0x5144,1, 0x6984,1,
    0xBB29,1, 0xDC4D,17, 0x9307,1, 0x6B8F,1, 0xAD97,1, 0x6B8F,7, 0x29A7,2, 0x59C4,1,
    0x9307,2, 0x6984,1, 0x9307,1, 0xDC4D,1, 0xBB29,1, 0x6984,2, 0x4124,1, 0x18C5,24,
    0x4124,1, 0x6984,1, 0xBB29,1, 0xDC4D,18, 0x9307,1, 0x29A7,8, 0x9307,1, 0xBB29,1,
    0x9307,4, 0x6984,1, 0x59C4,1, 0x9307,2, 0x6984,1, 0x4124,1, 0x18C5,24, 0x4124,1,
    0x6984,1, 0xBB29,1, 0xDC4D,27, 0xBB29,2, 0x9307,6, 0x6984,2, 0x4125,1, 0x28E5,1,
    0x18C5,24, 0x4124,1, 0x6984,1, 0xBB29,1, 0xDC4D,27, 0xBB29,2, 0x9307,1, 0x5144,1,
    0x4124,1, 0x6A06,1, 0x9307,2, 0x6984,1, 0x4144,1, 0x18C5,26, 0x4124,1, 0x6984,1,
    0x9307,1, 0xBB29,29, 0x9307,1, 0x4124,1, 0x18C5,2, 0x51E6,1, 0x9307,2, 0x6984,1,
    0x59C4,1, 0x3944,1, 0x18C5,24, 0x4124,1, 0x6984,1, 0x9307,1, 0xBB29,29, 0x9307,1,
    0x4124,1, 0x18C5,32, 0x4124,1, 0x6984,1, 0x9307,1, 0xBB29,29, 0x9307,1, 0x4124,1,
    0x18C5,32, 0x4124,1, 0x6984,32, 0x4124,1, 0x18C5,41, 0x69E7,1, 0xBB29,1, 0x9307,1,
    0x4124,1, 0x18C5,14, 0x69E7,1, 0xBB29,1, 0x9307,1, 0x4124,1, 0x18C5,44, 0x69E7,1,
    0xBB29,1, 0x9307,1, 0x4124,1, 0x18C5,14, 0x69E7,1, 0xBB29,1, 0x9307,1, 0x4124,1,
    0x18C5,44, 0x4124,1, 0x6984,2, 0x4124,1, 0x18C5,14, 0x4124,1, 0x6984,2, 0x4124,1,
    0x18C5,34, 0x1084,36, 0x18C5,30, 0x1084,36, 0x18C5,35, 0x10A4,27, 0x18C5,12, 0x18C5,175,
    0x29A7,9, 0x18C5,57, 0x29A7,9, 0x18C5,56, 0x29A7,1, 0xDF1D,9, 0x29A7,2, 0x18C5,52,
    0xFFFF,5, 0xCF5D,6, 0xDF1D,1, 0xAD97,2, 0x29A7,1, 0x18C5,51, 0xFFFF,5, 0xCF5D,6,
    0xDF1D,1, 0xAD97,2, 0x29A7,1, 0x18C5,50, 0x29A7,1, 0xFFFF,2, 0xCF5D,12, 0xAD97,1,
    0x29A7,2, 0x18C5,31, 0x6984,15, 0x29A7,2, 0xDF1D,3, 0xCF5D,3, 0xFFFF,1, 0x1882,5,
    0xCF5D,3, 0xAD97,3, 0x29A7,1, 0x18C5,24, 0x28E5,1, 0x4124,5, 0x6984,15, 0x29A7,2,
    0xDF1D,3, 0xCF5D,3, 0xFFFF,1, 0x1882,5, 0xCF5D,3, 0xAD97,3, 0x29A7,1, 0x18C5,24,
    0x4125,1, 0x6984,7, 0xF572,13, 0x29A7,2, 0xDF1D,1, 0xCF5D,5, 0x1882,6, 0xCF5D,4,
    0x6B8F,2, 0x29A7,1, 0x18C5,22, 0x28E5,1, 0x4125,1, 0x69A5,1, 0x9307,1, 0xBB29,5,
    0x9307,1, 0xF572,1, 0xFE98,3, 0xDC4D,9, 0x29A7,2, 0xDF1D,1, 0xCF5D,5, 0x1882,6,
    0xCF5D,4, 0x6B8F,2, 0x29A7,1, 0x18C5,22, 0x4124,1, 0x6984,2, 0xBB29,1, 0xDC4D,5,
    0xBB29,1, 0xF572,1, 0xFE98,3, 0xDC4D,9, 0x29A7,2, 0xDF1D,1, 0xCF5D,5, 0x1882,6,
    0xCF5D,4, 0x6B8F,2, 0x29A7,1, 0x4124,3, 0x18C5,19, 0x4124,1, 0x6984,2, 0x9307,1,
    0xBB29,2, 0xDC4D,3, 0x9307,1, 0xF572,1, 0xDC4D,12, 0x29A7,2, 0xDF1D,1, 0xCF5D,5,
    0x1882,6, 0xCF5D,4, 0x6B8F,2, 0x29A7,1, 0x6984,3, 0x18C5,19, 0x28E5,1, 0x4125,2,
    0x69A5,1, 0x9307,1, 0xBB29,1, 0xDC4D,3, 0x9307,1, 0xF572,1, 0xDC4D,12, 0x29A7,2,
    0xDF1D,1, 0xCF5D,5, 0x1882,6, 0xCF5D,4, 0x6B8F,2, 0x29A7,1, 0xBB29,2, 0x9307,1,
    0x4125,2, 0x18C5,20, 0x4125,1, 0x6984,1, 0x9307,1, 0xDC4D,3, 0x9307,1, 0xF572,1,
    0xDC4D,3, 0x9307,3, 0xDC4D,6, 0x29A7,2, 0xDF1D,1, 0xCF5D,5, 0x1882,6, 0xCF5D,4,
    0x6B8F,2, 0x29A7,1, 0xDC4D,2, 0x9307,1, 0x6984,2, 0x18C5,20, 0x4125,1, 0x6984,1,
    0x9307,1, 0xDC4D,3, 0x9307,1, 0xF572,1, 0xDC4D,3, 0x1882,3, 0xDC4D,6, 0x29A7,2,
    0xDF1D,3, 0xCF5D,3, 0x1882,6, 0xCF5D,3, 0x6B8F,3, 0x29A7,1, 0xBB29,2, 0x6984,3,
    0x18C5,17, 0x28E5,1, 0x4125,2, 0x7A48,1, 0xBB29,1, 0xDC4D,4, 0x9307,1, 0xF572,1,
    0xDC4D,3, 0x1882,3, 0xDC4D,8, 0x29A7,1, 0xAD97,2, 0xCF5D,12, 0x6B8F,1, 0x29A7,2,
    0xDC4D,1, 0x9307,2, 0x4125,3, 0x18C5,17, 0x4124,1, 0x6984,2, 0xBB29,1, 0xDC4D,2,
    0xBB29,3, 0x9307,1, 0xF572,1, 0xDC4D,3, 0x9307,3, 0xDC4D,8, 0x29A7,1, 0xAD97,2,
    0xCF5D,12, 0x6B8F,1, 0x29A7,2, 0xDC4D,1, 0x6984,2, 0x18C5,20, 0x4124,1, 0x6984,1,
    0x9307,1, 0xBB29,6, 0x9307,1, 0xF572,1, 0xDC4D,15, 0x29A7,2, 0xAD97,3, 0xCF5D,6,
    0x6B8F,3, 0x29A7,1, 0x59C4,2, 0xDC4D,1, 0x6984,2, 0x18C5,20, 0x28E5,1, 0x4125,1,
    0x69A5,1, 0x9307,6, 0x6984,1, 0xF572,1, 0xDC4D,17, 0x29A7,1, 0xAD97,2, 0x6B8F,7,
    0x29A7,2, 0x9307,3, 0x59C4,1, 0xBB29,2, 0x4125,3, 0x18C5,19, 0x28E5,1, 0x4124,5,
    0x6984,2, 0xF572,1, 0xDC4D,17, 0x29A7,1, 0xAD97,2, 0x6B8F,7, 0x29A7,2, 0x9307,3,
    0x59C4,1, 0xDC4D,2, 0x9307,1, 0x6984,2, 0x18C5,25, 0x6984,2, 0xF572,1, 0xDC4D,18,
    0x29A7,9, 0xBB29,3, 0x9307,3, 0x59C4,2, 0xBB29,1, 0x6984,2, 0x18C5,25, 0x6984,2,
    0xF572,1, 0xDC4D,27, 0xBB29,2, 0x9307,6, 0x59C4,1, 0x4125,2, 0x18C5,25, 0x6984,2,
    0xF572,1, 0xDC4D,27, 0xBB29,2, 0x6984,1, 0x4124,2, 0x9307,3, 0x59C4,1, 0x18C5,27,
    0x6984,2, 0xDC4D,1, 0xBB29,29, 0x6984,1, 0x18C5,3, 0x9307,3, 0x59C4,2, 0x18C5,25,
    0x6984,2, 0xDC4D,1, 0xBB29,29, 0x6984,1, 0x18C5,33, 0x6984,2, 0xDC4D,1, 0xBB29,29,
    0x6984,1, 0x18C5,33, 0x6984,33, 0x18C5,42, 0xBB29,2, 0x6984,1, 0x18C5,15, 0xBB29,2,
    0x6984,1, 0x18C5,45, 0xBB29,2, 0x6984,1, 0x18C5,15, 0xBB29,2, 0x6984,1, 0x18C5,45,
    0x6984,3, 0x18C5,15, 0x6984,3, 0x18C5,34, 0x10A4,1, 0x1084,35, 0x10A4,1, 0x18C5,29,
    0x10A4,1, 0x1084,35, 0x10A4,1, 0x18C5,34, 0x18C6,1, 0x10A4,26, 0x18C6,1, 0x18C5,13,
    0x18C5,41, 0x1906,1, 0x2126,8, 0x1906,1, 0x18C5,56, 0x2126,1, 0x29A7,8, 0x2126,1,
    0x18C5,55, 0x1906,1, 0x52CC,1, 0x6B8F,8, 0x52CC,1, 0x2126,1, 0x1906,1, 0x18C5,51,
    0x528C,1, 0x8C72,1, 0x9493,1, 0xAD97,1, 0xDF1D,2, 0xCF5D,5, 0xDF1D,1, 0xAD97,1,
    0x6B8F,1, 0x426B,1, 0x1906,1, 0x18C5,50, 0x8C72,1, 0xFFFF,4, 0xDF1D,1, 0xCF5D,6,
    0xAD97,2, 0x6B8F,1, 0x2126,1, 0x18C5,49, 0x1906,1, 0x9493,1, 0xFFFF,2, 0xDF1D,2,
    0xCF5D,8, 0xAD97,2, 0x426B,1, 0x2126,1, 0x1906,1, 0x18C5,45, 0x1906,1, 0x2126,1,
    0x52CC,1, 0xAD97,1, 0xDF1D,2, 0xCF5D,3, 0xAD97,1, 0x6B8F,4, 0xAD97,1, 0xCF5D,2,
    0xAD97,1, 0x6B8F,2, 0x426B,1, 0x1906,1, 0x18C5,44, 0x2126,1, 0x29A7,1, 0x6B8F,1,
    0xDF1D,2, 0xCF5D,3, 0xDF1D,1, 0x6B8F,1, 0x1882,4, 0x6B8F,1, 0xCF5D,2, 0xAD97,3,
    0x6B8F,1, 0x2126,1, 0x18C5,29, 0x4124,1, 0x6984,14, 0x59C4,1, 0x29A7,1, 0x6B8F,1,
    0xDF1D,1, 0xCF5D,4, 0xAD97,1, 0x29A7,1, 0x1882,4, 0x6B8F,1, 0xCF5D,3, 0xAD97,1,
    0x6B8F,2, 0x2126,1, 0x18C5,24, 0x4124,5, 0x5144,1, 0x6984,14, 0x59C4,1, 0x29A7,1,
    0x6B8F,1, 0xCF5D,5, 0x6B8F,1, 0x1882,5, 0x6B8F,1, 0xCF5D,3, 0xAD97,1, 0x6B8F,1,
    0x29A7,1, 0x2126,1, 0x18C5,24, 0x6984,7, 0xBB29,1, 0xF572,12, 0x9307,1, 0x29A7,1,
    0x6B8F,1, 0xCF5D,5, 0x6B8F,1, 0x1882,5, 0x6B8F,1, 0xCF5D,3, 0xAD97,1, 0x6B8F,1,
    0x29A7,1, 0x2126,1, 0x18C5,22, 0x4125,2, 0x9307,1, 0xBB29,7, 0xF572,1, 0xFE98,2,
    0xF572,1, 0xDC4D,8, 0x9307,1, 0x29A7,1, 0x6B8F,1, 0xCF5D,5, 0x6B8F,1, 0x1882,5,
    0x6B8F,1, 0xCF5D,3, 0xAD97,1, 0x6B8F,1, 0x29A7,1, 0x2126,1, 0x18C5,22, 0x6984,2,
    0x9307,1, 0xDC4D,6, 0xBB29,1, 0xF572,1, 0xFE98,2, 0xF572,1, 0xDC4D,8, 0x9307,1,
    0x29A7,1, 0x6B8F,1, 0xCF5D,5, 0x6B8F,1, 0x1882,5, 0x6B8F,1, 0xCF5D,3, 0xAD97,1,
    0x6B8F,1, 0x29A7,1, 0x3166,1, 0x4124,2, 0x28E5,1, 0x18C5,19, 0x6984,3, 0xBB29,2,
    0xDC4D,4, 0xBB29,1, 0xDC4D,12, 0x9307,1, 0x29A7,1, 0x6B8F,1, 0xCF5D,5, 0x6B8F,1,
    0x1882,5, 0x6B8F,1, 0xCF5D,3, 0xAD97,1, 0x6B8F,1, 0x29A7,1, 0x59C4,1, 0x6984,2,
    0x4125,1, 0x18C5,19, 0x4125,3, 0x9307,2, 0xDC4D,4, 0xBB29,1, 0xDC4D,12, 0x9307,1,
    0x29A7,1, 0x6B8F,1, 0xDF1D,1, 0xCF5D,4, 0x6B8F,1, 0x1882,5, 0x6B8F,1, 0xCF5D,2,
    0xAD97,1, 0x6B8F,2, 0x29A7,1, 0x9307,1, 0xBB29,1, 0x9307,1, 0x69A5,1, 0x4125,1,
    0x28E5,1, 0x18C5,20, 0x6984,2, 0xDC4D,4, 0xBB29,1, 0xDC4D,3, 0xBB29,1, 0x9307,2,
    0xBB29,1, 0xDC4D,5, 0xBB29,1, 0x9307,1, 0x6B8F,1, 0xAD97,2, 0xCF5D,3, 0xAD97,1,
    0x6B8F,5, 0xAD97,1, 0xCF5D,2, 0xAD97,1, 0x6B8F,1, 0x29A7,1, 0x6B8F,1, 0xBB29,1,
    0xDC4D,1, 0xBB29,1, 0x6984,2, 0x4124,1, 0x18C5,20, 0x6984,2, 0xDC4D,4, 0xBB29,1,
    0xDC4D,3, 0x9307,1, 0x1882,2, 0x9307,1, 0xDC4D,7, 0x9307,1, 0x6B8F,1, 0xAD97,2,
    0xCF5D,11, 0xAD97,1, 0x29A7,2, 0x9307,1, 0xBB29,2, 0x9307,1, 0x6984,2, 0x4124,1,
    0x18C5,17, 0x4125,3, 0xBB29,2, 0xDC4D,4, 0xBB29,1, 0xDC4D,3, 0x9307,1, 0x1882,2,
    0x9307,1, 0xDC4D,7, 0xBB29,1, 0x6B8F,2, 0xAD97,3, 0xCF5D,6, 0xAD97,3, 0x6B8F,1,
    0x29A7,2, 0x9307,1, 0xBB29,1, 0x9307,1, 0x69A5,1, 0x4125,2, 0x28E5,1, 0x18C5,17,
    0x6984,2, 0x9307,1, 0xDC4D,2, 0xBB29,5, 0xDC4D,3, 0xBB29,1, 0x9307,2, 0xBB29,1,
    0xDC4D,8, 0xBB29,1, 0x9307,1, 0x6B8F,2, 0xAD97,7, 0x6B8F,2, 0x29A7,1, 0x59C4,2,
    0x6984,1, 0x9307,2, 0x6984,1, 0x4125,1, 0x18C5,20, 0x6984,2, 0xBB29,8, 0xDC4D,17,
    0x9307,1, 0x6B8F,1, 0xAD97,1, 0x6B8F,7, 0x29A7,2, 0x59C4,1, 0x9307,2, 0x6984,1,
    0x9307,1, 0x6984,1, 0x4125,1, 0x18C5,20, 0x4125,2, 0x9307,7, 0xBB29,1, 0xDC4D,17,
    0xBB29,1, 0x6B8F,3, 0x29A7,6, 0x6B8F,1, 0x9307,2, 0xBB29,1, 0x9307,5, 0x4125,2,
    0x28E5,1, 0x18C5,19, 0x4124,5, 0x5144,1, 0x6984,1, 0xBB29,1, 0xDC4D,18, 0xBB29,1,
    0x9307,8, 0xBB29,5, 0x9307,2, 0x6984,1, 0x9307,1, 0x6984,2, 0x4124,1, 0x18C5,24,
    0x4124,1, 0x6984,1, 0xBB29,1, 0xDC4D,27, 0xBB29,2, 0x9307,1, 0xBB29,2, 0x9307,3,
    0x6984,3, 0x4124,1, 0x18C5,24, 0x4124,1, 0x6984,1, 0xBB29,1, 0xDC4D,27, 0xBB29,2,
    0x9307,7, 0x6984,1, 0x4964,1, 0x3924,1, 0x18C5,24, 0x4124,1, 0x6984,1, 0xBB29,1,
    0xDC4D,27, 0xBB29,2, 0x9307,1, 0x5144,1, 0x4124,2, 0x5185,1, 0x6A06,2, 0x51A5,1,
    0x3944,1, 0x2905,1, 0x18C5,24, 0x4124,1, 0x6984,1, 0x9307,1, 0xBB29,29, 0x9307,1,
    0x4124,1, 0x18C5,32, 0x4124,1, 0x6984,1, 0x9307,1, 0xBB29,29, 0x9307,1, 0x4124,1,
    0x18C5,32, 0x4124,1, 0x6984,1, 0x9307,1, 0xBB29,29, 0x9307,1, 0x4124,1, 0x18C5,32,
    0x4124,1, 0x6984,32, 0x4124,1, 0x18C5,35, 0x69E7,1, 0xBB29,1, 0x9307,1, 0x4124,1,
    0x18C5,14, 0x69E7,1, 0xBB29,1, 0x9307,1, 0x4124,1, 0x18C5,44, 0x69E7,1, 0xBB29,1,
    0x9307,1, 0x4124,1, 0x18C5,14, 0x69E7,1, 0xBB29,1, 0x9307,1, 0x4124,1, 0x18C5,44,
    0x4124,1, 0x6984,2, 0x4124,1, 0x18C5,14, 0x4124,1, 0x6984,2, 0x4124,1, 0x18C5,40,
    0x1084,36, 0x18C5,30, 0x1084,36, 0x18C5,35, 0x10A4,27, 0x18C5,15, 0x18C5,40, 0x2126,9,
    0x18C5,57, 0x29A7,9, 0x18C5,56, 0x2126,1, 0x6B8F,9, 0x2126,2, 0x18C5,52, 0x8C72,2,
    0xAD97,1, 0xDF1D,2, 0xCF5D,6, 0xDF1D,1, 0x6B8F,2, 0x2126,1, 0x18C5,51, 0xFFFF,5,
    0xCF5D,6, 0xDF1D,1, 0xAD97,2, 0x29A7,1, 0x18C5,50, 0x2126,1, 0xFFFF,2, 0xDF1D,3,
    0xCF5D,7, 0xAD97,2, 0x6B8F,1, 0x2126,2, 0x18C5,46, 0x2126,2, 0x6B8F,1, 0xDF1D,2,
    0xCF5D,3, 0xDF1D,1, 0x6B8F,5, 0xCF5D,3, 0xAD97,1, 0x6B8F,2, 0x2126,1, 0x18C5,45,
    0x29A7,2, 0xDF1D,3, 0xCF5D,3, 0xFFFF,1, 0x1882,5, 0xCF5D,3, 0xAD97,3, 0x29A7,1,
    0x18C5,30, 0x6984,15, 0x29A7,2, 0xDF1D,1, 0xCF5D,5, 0x6B8F,1, 0x1882,5, 0xCF5D,3,
    0xAD97,1, 0x6B8F,2, 0x29A7,1, 0x18C5,24, 0x28E5,1, 0x4124,5, 0x6984,15, 0x29A7,2,
    0xDF1D,1, 0xCF5D,5, 0x1882,6, 0xCF5D,4, 0x6B8F,2, 0x29A7,1, 0x18C5,24, 0x4125,1,
    0x6984,7, 0xF572,13, 0x29A7,2, 0xDF1D,1, 0xCF5D,5, 0x1882,6, 0xCF5D,4, 0x6B8F,2,
    0x29A7,1, 0x18C5,22, 0x28E5,1, 0x4125,1, 0x69A5,1, 0x9307,1, 0xBB29,5, 0x9307,1,
    0xF572,1, 0xFE98,3, 0xDC4D,9, 0x29A7,2, 0xDF1D,1, 0xCF5D,5, 0x1882,6, 0xCF5D,4,
    0x6B8F,2, 0x29A7,1, 0x18C5,22, 0x4124,1, 0x6984,2, 0xBB29,1, 0xDC4D,5, 0xBB29,1,
    0xF572,1, 0xFE98,3, 0xDC4D,9, 0x29A7,2, 0xDF1D,1, 0xCF5D,5, 0x1882,6, 0xCF5D,4,
    0x6B8F,2, 0x29A7,1, 0x4124,3, 0x18C5,19, 0x4124,1, 0x6984,2, 0x9307,1, 0xBB29,2,
    0xDC4D,3, 0x9307,1, 0xF572,1, 0xDC4D,12, 0x29A7,2, 0xDF1D,1, 0xCF5D,5, 0x1882,6,
    0xCF5D,4, 0x6B8F,2, 0x29A7,1, 0x6984,3, 0x18C5,19, 0x28E5,1, 0x4125,2, 0x69A5,1,
    0x9307,1, 0xBB29,1, 0xDC4D,3, 0x9307,1, 0xF572,1, 0xDC4D,12, 0x29A7,2, 0xDF1D,1,
    0xCF5D,5, 0x1882,6, 0xCF5D,3, 0xAD97,1, 0x6B8F,2, 0x29A7,1, 0xBB29,2, 0x9307,1,
    0x4125,2, 0x18C5,20, 0x4125,1, 0x6984,1, 0x9307,1, 0xDC4D,3, 0x9307,1, 0xF572,1,
    0xDC4D,3, 0x9307,3, 0xDC4D,6, 0x9307,2, 0x6B8F,1, 0xAD97,2, 0xCF5D,3, 0x6B8F,6,
    0xCF5D,3, 0x6B8F,1, 0x29A7,2, 0x9307,1, 0xDC4D,2, 0x9307,1, 0x6984,2, 0x18C5,20,
    0x4125,1, 0x6984,1, 0x9307,1, 0xDC4D,3, 0x9307,1, 0xF572,1, 0xDC4D,3, 0x1882,3,
    0xDC4D,8, 0x29A7,1, 0xAD97,2, 0xCF5D,12, 0x6B8F,1, 0x29A7,2, 0xDC4D,1, 0xBB29,2,
    0x6984,3, 0x18C5,17, 0x28E5,1, 0x4125,2, 0x7A48,1, 0xBB29,1, 0xDC4D,4, 0x9307,1,
    0xF572,1, 0xDC4D,3, 0x1882,3, 0xDC4D,8, 0x9307,1, 0x6B8F,2, 0xAD97,3, 0xCF5D,6,
    0xAD97,3, 0x29A7,3, 0xDC4D,1, 0x9307,2, 0x4125,3, 0x18C5,17, 0x4124,1, 0x6984,2,
    0xBB29,1, 0xDC4D,2, 0xBB29,3, 0x9307,1, 0xF572,1, 0xDC4D,3, 0x9307,3, 0xDC4D,9,
    0x9307,2, 0x6B8F,1, 0xAD97,8, 0x6B8F,1, 0x29A7,2, 0x59C4,1, 0x6984,2, 0x9307,1,
    0x6984,2, 0x18C5,20, 0x4124,1, 0x6984,1, 0x9307,1, 0xBB29,6, 0x9307,1, 0xF572,1,
    0xDC4D,17, 0x29A7,1, 0xAD97,2, 0x6B8F,7, 0x29A7,2, 0x9307,3, 0x59C4,1, 0x6984,2,
    0x18C5,20, 0x28E5,1, 0x4125,1, 0x69A5,1, 0x9307,6, 0x6984,1, 0xF572,1, 0xDC4D,17,
    0x9307,1, 0x6B8F,2, 0x29A7,7, 0x9307,2, 0xBB29,1, 0x9307,2, 0x6984,1, 0x9307,2,
    0x4125,3, 0x18C5,19, 0x28E5,1, 0x4124,5, 0x6984,2, 0xF572,1, 0xDC4D,18, 0x9307,9,
    0xBB29,5, 0x9307,1, 0x6984,5, 0x18C5,25, 0x6984,2, 0xF572,1, 0xDC4D,27, 0xBB29,5,
    0x9307,3, 0x59C4,1, 0x6984,2, 0x18C5,25, 0x6984,2, 0xF572,1, 0xDC4D,27, 0xBB29,2,
    0x9307,6, 0x6984,1, 0x4964,2, 0x18C5,25, 0x6984,2, 0xF572,1, 0xDC4D,27, 0xBB29,2,
    0x6984,1, 0x4124,3, 0x6A06,3, 0x3944,2, 0x18C5,25, 0x6984,2, 0xDC4D,1, 0xBB29,29,
    0x6984,1, 0x18C5,33, 0x6984,2, 0xDC4D,1, 0xBB29,29, 0x6984,1, 0x18C5,33, 0x6984,2,
    0xDC4D,1, 0xBB29,29, 0x6984,1, 0x18C5,33, 0x6984,33, 0x18C5,36, 0xBB29,2, 0x6984,1,
    0x18C5,15, 0xBB29,2, 0x6984,1, 0x18C5,45, 0xBB29,2, 0x6984,1, 0x18C5,15, 0xBB29,2,
    0x6984,1, 0x18C5,45, 0x6984,3, 0x18C5,15, 0x6984,3, 0x18C5,40, 0x10A4,1, 0x1084,35,
    0x10A4,1, 0x18C5,29, 0x10A4,1, 0x1084,35, 0x10A4,1, 0x18C5,34, 0x18C6,1, 0x10A4,26,
    0x18C6,1, 0x18C5,16, 0x18C5,38, 0x1906,1, 0x2126,8, 0x1906,1, 0x18C5,56, 0x2126,1,
    0x29A7,8, 0x2126,1, 0x18C5,55, 0x1906,1, 0x52CC,1, 0x6B8F,8, 0x52CC,1, 0x2126,1,
    0x1906,1, 0x18C5,51, 0x528C,1, 0x8C72,1, 0x9493,1, 0xAD97,1, 0xDF1D,2, 0xCF5D,5,
    0xDF1D,1, 0xAD97,1, 0x6B8F,1, 0x426B,1, 0x1906,1, 0x18C5,50, 0x8C72,1, 0xFFFF,4,
    0xDF1D,1, 0xCF5D,6, 0xAD97,2, 0x6B8F,1, 0x2126,1, 0x18C5,49, 0x1906,1, 0x9493,1,
    0xFFFF,2, 0xDF1D,2, 0xCF5D,8, 0xAD97,2, 0x426B,1, 0x2126,1, 0x1906,1, 0x18C5,45,
    0x1906,1, 0x2126,1, 0x52CC,1, 0xAD97,1, 0xDF1D,2, 0xCF5D,3, 0xAD97,1, 0x6B8F,4,
    0xAD97,1, 0xCF5D,2, 0xAD97,1, 0x6B8F,2, 0x426B,1, 0x1906,1, 0x18C5,44, 0x2126,1,
    0x29A7,1, 0x6B8F,1, 0xDF1D,2, 0xCF5D,3, 0xDF1D,1, 0x6B8F,1, 0x1882,4, 0x6B8F,1,
    0xCF5D,2, 0xAD97,3, 0x6B8F,1, 0x2126,1, 0x18C5,29, 0x4124,1, 0x6984,14, 0x59C4,1,
    0x29A7,1, 0x6B8F,1, 0xDF1D,1, 0xCF5D,4, 0xAD97,1, 0x29A7,1, 0x1882,4, 0x6B8F,1,
    0xCF5D,3, 0xAD97,1, 0x6B8F,2, 0x2126,1, 0x18C5,24, 0x4124,5, 0x5144,1, 0x6984,14,
    0x59C4,1, 0x29A7,1, 0x6B8F,1, 0xCF5D,5, 0x6B8F,1, 0x1882,5, 0x6B8F,1, 0xCF5D,3,
    0xAD97,1, 0x6B8F,1, 0x29A7,1, 0x2126,1, 0x18C5,24, 0x6984,7, 0xBB29,1, 0xF572,12,
    0x9307,1, 0x29A7,1, 0x6B8F,1, 0xCF5D,5, 0x6B8F,1, 0x1882,5, 0x6B8F,1, 0xCF5D,3,
    0xAD97,1, 0x6B8F,1, 0x29A7,1, 0x2126,1, 0x18C5,22, 0x4125,2, 0x9307,1, 0xBB29,7,
    0xF572,1, 0xFE98,2, 0xF572,1, 0xDC4D,8, 0x9307,1, 0x29A7,1, 0x6B8F,1, 0xCF5D,5,
    0x6B8F,1, 0x1882,5, 0x6B8F,1, 0xCF5D,3, 0xAD97,1, 0x6B8F,1, 0x29A7,1, 0x2126,1,
    0x18C5,22, 0x6984,2, 0x9307,1, 0xDC4D,6, 0xBB29,1, 0xF572,1, 0xFE98,2, 0xF572,1,
    0xDC4D,8, 0x9307,1, 0x29A7,1, 0x6B8F,1, 0xCF5D,5, 0x6B8F,1, 0x1882,5, 0x6B8F,1,
    0xCF5D,3, 0xAD97,1, 0x6B8F,1, 0x29A7,1, 0x3166,1, 0x4124,2, 0x28E5,1, 0x18C5,19,
    0x6984,3, 0xBB29,2, 0xDC4D,4, 0xBB29,1, 0xDC4D,12, 0x9307,1, 0x29A7,1, 0x6B8F,1,
    0xCF5D,5, 0x6B8F,1, 0x1882,5, 0x6B8F,1, 0xCF5D,3, 0xAD97,1, 0x6B8F,1, 0x29A7,1,
    0x59C4,1, 0x6984,2, 0x4125,1, 0x18C5,19, 0x4125,3, 0x9307,2, 0xDC4D,4, 0xBB29,1,
    0xDC4D,12, 0x9307,1, 0x29A7,1, 0x6B8F,1, 0xDF1D,1, 0xCF5D,4, 0x6B8F,1, 0x1882,5,
    0x6B8F,1, 0xCF5D,2, 0xAD97,1, 0x6B8F,2, 0x29A7,1, 0x9307,1, 0xBB29,1, 0x9307,1,
    0x69A5,1, 0x4125,1, 0x28E5,1, 0x18C5,20, 0x6984,2, 0xDC4D,4, 0xBB29,1, 0xDC4D,3,
    0xBB29,1, 0x9307,2, 0xBB29,1, 0xDC4D,5, 0xBB29,1, 0x9307,1, 0x6B8F,1, 0xAD97,2,
    0xCF5D,3, 0xAD97,1, 0x6B8F,5, 0xAD97,1, 0xCF5D,2, 0xAD97,1, 0x6B8F,1, 0x29A7,1,
    0x6B8F,1, 0xBB29,1, 0xDC4D,1, 0xBB29,1, 0x6984,2, 0x4124,1, 0x18C5,20, 0x6984,2,
    0xDC4D,4, 0xBB29,1, 0xDC4D,3, 0x9307,1, 0x1882,2, 0x9307,1, 0xDC4D,7, 0x9307,1,
    0x6B8F,1, 0xAD97,2, 0xCF5D,11, 0xAD97,1, 0x29A7,2, 0x9307,1, 0xBB29,2, 0x9307,1,
    0x6984,2, 0x4124,1, 0x18C5,17, 0x4125,3, 0xBB29,2, 0xDC4D,4, 0xBB29,1, 0xDC4D,3,
    0x9307,1, 0x1882,2, 0x9307,1, 0xDC4D,7, 0xBB29,1, 0x6B8F,2, 0xAD97,3, 0xCF5D,6,
    0xAD97,3, 0x6B8F,1, 0x29A7,2, 0x9307,1, 0xBB29,1, 0x9307,1, 0x69A5,1, 0x4125,2,
    0x28E5,1, 0x18C5,17, 0x6984,2, 0x9307,1, 0xDC4D,2, 0xBB29,5, 0xDC4D,3, 0xBB29,1,
    0x9307,2, 0xBB29,1, 0xDC4D,8, 0xBB29,1, 0x9307,1, 0x6B8F,2, 0xAD97,7, 0x6B8F,2,
    0x29A7,1, 0x59C4,2, 0x6984,1, 0x9307,2, 0x6984,1, 0x4125,1, 0x18C5,20, 0x6984,2,
    0xBB29,8, 0xDC4D,17, 0x9307,1, 0x6B8F,1, 0xAD97,1, 0x6B8F,7, 0x29A7,2, 0x59C4,1,
    0x9307,2, 0x6984,1, 0x9307,1, 0x6984,1, 0x4125,1, 0x18C5,20, 0x4125,2, 0x9307,7,
    0xBB29,1, 0xDC4D,17, 0xBB29,1, 0x6B8F,3, 0x29A7,6, 0x6B8F,1, 0x9307,2, 0xBB29,1,
    0x9307,5, 0x4125,2, 0x28E5,1, 0x18C5,19, 0x4124,5, 0x5144,1, 0x6984,1, 0xBB29,1,
    0xDC4D,18, 0xBB29,1, 0x9307,8, 0xBB29,5, 0x9307,2, 0x6984,1, 0x9307,1, 0x6984,2,
    0x4124,1, 0x18C5,24, 0x4124,1, 0x6984,1, 0xBB29,1, 0xDC4D,27, 0xBB29,2, 0x9307,1,
    0xBB29,2, 0x9307,3, 0x6984,3, 0x4124,1, 0x18C5,24, 0x4124,1, 0x6984,1, 0xBB29,1,
    0xDC4D,27, 0xBB29,2, 0x9307,7, 0x6984,1, 0x4964,1, 0x3924,1, 0x18C5,24, 0x4124,1,
    0x6984,1, 0xBB29,1, 0xDC4D,27, 0xBB29,2, 0x9307,1, 0x5144,1, 0x4124,2, 0x5185,1,
    0x6A06,2, 0x51A5,1, 0x3944,1, 0x2905,1, 0x18C5,24, 0x4124,1, 0x6984,1, 0x9307,1,
    0xBB29,29, 0x9307,1, 0x4124,1, 0x18C5,32, 0x4124,1, 0x6984,1, 0x9307,1, 0xBB29,29,
    0x9307,1, 0x4124,1, 0x18C5,32, 0x4124,1, 0x6984,1, 0x9307,1, 0xBB29,29, 0x9307,1,
    0x4124,1, 0x18C5,32, 0x4124,1, 0x6984,32, 0x4124,1, 0x18C5,41, 0x69E7,1, 0xBB29,1,
    0x9307,1, 0x4124,1, 0x18C5,14, 0x69E7,1, 0xBB29,1, 0x9307,1, 0x4124,1, 0x18C5,44,
    0x69E7,1, 0xBB29,1, 0x9307,1, 0x4124,1, 0x18C5,14, 0x69E7,1, 0xBB29,1, 0x9307,1,
    0x4124,1, 0x18C5,44, 0x4124,1, 0x6984,2, 0x4124,1, 0x18C5,14, 0x4124,1, 0x6984,2,
    0x4124,1, 0x18C5,34, 0x1084,36, 0x18C5,30, 0x1084,36, 0x18C5,35, 0x10A4,27, 0x18C5,18,
    0x18C5,37, 0x2126,9, 0x18C5,57, 0x29A7,9, 0x18C5,56, 0x2126,1, 0x6B8F,9, 0x2126,2,
    0x18C5,52, 0x8C72,2, 0xAD97,1, 0xDF1D,2, 0xCF5D,6, 0xDF1D,1, 0x6B8F,2, 0x2126,1,
    0x18C5,51, 0xFFFF,5, 0xCF5D,6, 0xDF1D,1, 0xAD97,2, 0x29A7,1, 0x18C5,50, 0x2126,1,
    0xFFFF,2, 0xDF1D,3, 0xCF5D,7, 0xAD97,2, 0x6B8F,1, 0x2126,2, 0x18C5,46, 0x2126,2,
    0x6B8F,1, 0xDF1D,2, 0xCF5D,3, 0xDF1D,1, 0x6B8F,5, 0xCF5D,3, 0xAD97,1, 0x6B8F,2,
    0x2126,1, 0x18C5,45, 0x29A7,2, 0xDF1D,3, 0xCF5D,3, 0xFFFF,1, 0x1882,5, 0xCF5D,3,
    0xAD97,3, 0x29A7,1, 0x18C5,30, 0x6984,15, 0x29A7,2, 0xDF1D,1, 0xCF5D,5, 0x6B8F,1,
    0x1882,5, 0xCF5D,3, 0xAD97,1, 0x6B8F,2, 0x29A7,1, 0x18C5,24, 0x28E5,1, 0x4124,5,
    0x6984,15, 0x29A7,2, 0xDF1D,1, 0xCF5D,5, 0x1882,6, 0xCF5D,4, 0x6B8F,2, 0x29A7,1,
    0x18C5,24, 0x4125,1, 0x6984,7, 0xF572,13, 0x29A7,2, 0xDF1D,1, 0xCF5D,5, 0x1882,6,
    0xCF5D,4, 0x6B8F,2, 0x29A7,1, 0x18C5,22, 0x28E5,1, 0x4125,1, 0x69A5,1, 0x9307,1,
    0xBB29,5, 0x9307,1, 0xF572,1, 0xFE98,3, 0xDC4D,9, 0x29A7,2, 0xDF1D,1, 0xCF5D,5,
    0x1882,6, 0xCF5D,4, 0x6B8F,2, 0x29A7,1, 0x18C5,22, 0x4124,1, 0x6984,2, 0xBB29,1,
    0xDC4D,5, 0xBB29,1, 0xF572,1, 0xFE98,3, 0xDC4D,9, 0x29A7,2, 0xDF1D,1, 0xCF5D,5,
    0x1882,6, 0xCF5D,4, 0x6B8F,2, 0x29A7,1, 0x4124,3, 0x18C5,19, 0x4124,1, 0x6984,2,
    0x9307,1, 0xBB29,2, 0xDC4D,3, 0x9307,1, 0xF572,1, 0xDC4D,12, 0x29A7,2, 0xDF1D,1,
    0xCF5D,5, 0x1882,6, 0xCF5D,4, 0x6B8F,2, 0x29A7,1, 0x6984,3, 0x18C5,19, 0x28E5,1,
    0x4125,2, 0x69A5,1, 0x9307,1, 0xBB29,1, 0xDC4D,3, 0x9307,1, 0xF572,1, 0xDC4D,12,
    0x29A7,2, 0xDF1D,1, 0xCF5D,5, 0x1882,6, 0xCF5D,3, 0xAD97,1, 0x6B8F,2, 0x29A7,1,
    0xBB29,2, 0x9307,1, 0x4125,2, 0x18C5,20, 0x4125,1, 0x6984,1, 0x9307,1, 0xDC4D,3,
    0x9307,1, 0xF572,1, 0xDC4D,3, 0x9307,3, 0xDC4D,6, 0x9307,2, 0x6B8F,1, 0xAD97,2,
    0xCF5D,3, 0x6B8F,6, 0xCF5D,3, 0x6B8F,1, 0x29A7,2, 0x9307,1, 0xDC4D,2, 0x9307,1,
    0x6984,2, 0x18C5,20, 0x4125,1, 0x6984,1, 0x9307,1, 0xDC4D,3, 0x9307,1, 0xF572,1,
    0xDC4D,3, 0x1882,3, 0xDC4D,8, 0x29A7,1, 0xAD97,2, 0xCF5D,12, 0x6B8F,1, 0x29A7,2,
    0xDC4D,1, 0xBB29,2, 0x6984,3, 0x18C5,17, 0x28E5,1, 0x4125,2, 0x7A48,1, 0xBB29,1,
    0xDC4D,4, 0x9307,1, 0xF572,1, 0xDC4D,3, 0x1882,3, 0xDC4D,8, 0x9307,1, 0x6B8F,2,
    0xAD97,3, 0xCF5D,6, 0xAD97,3, 0x29A7,3, 0xDC4D,1, 0x9307,2, 0x4125,3, 0x18C5,17,
    0x4124,1, 0x6984,2, 0xBB29,1, 0xDC4D,2, 0xBB29,3, 0x9307,1, 0xF572,1, 0xDC4D,3,
    0x9307,3, 0xDC4D,9, 0x9307,2, 0x6B8F,1, 0xAD97,8, 0x6B8F,1, 0x29A7,2, 0x59C4,1,
    0x6984,2, 0x9307,1, 0x6984,2, 0x18C5,20, 0x4124,1, 0x6984,1, 0x9307,1, 0xBB29,6,
    0x9307,1, 0xF572,1, 0xDC4D,17, 0x29A7,1, 0xAD97,2, 0x6B8F,7, 0x29A7,2, 0x9307,3,
    0x59C4,1, 0x6984,2, 0x18C5,20, 0x28E5,1, 0x4125,1, 0x69A5,1, 0x9307,6, 0x6984,1,
    0xF572,1, 0xDC4D,17, 0x9307,1, 0x6B8F,2, 0x29A7,7, 0x9307,2, 0xBB29,1, 0x9307,2,
    0x6984,1, 0x9307,2, 0x4125,3, 0x18C5,19, 0x28E5,1, 0x4124,5, 0x6984,2, 0xF572,1,
    0xDC4D,18, 0x9307,9, 0xBB29,5, 0x9307,1, 0x6984,5, 0x18C5,25, 0x6984,2, 0xF572,1,
    0xDC4D,27, 0xBB29,5, 0x9307,3, 0x59C4,1, 0x6984,2, 0x18C5,25, 0x6984,2, 0xF572,1,
    0xDC4D,27, 0xBB29,2, 0x9307,6, 0x6984,1, 0x4964,2, 0x18C5,25, 0x6984,2, 0xF572,1,
    0xDC4D,27, 0xBB29,2, 0x6984,1, 0x4124,3, 0x6A06,3, 0x3944,2, 0x18C5,25, 0x6984,2,
    0xDC4D,1, 0xBB29,29, 0x6984,1, 0x18C5,33, 0x6984,2, 0xDC4D,1, 0xBB29,29, 0x6984,1,
    0x18C5,33, 0x6984,2, 0xDC4D,1, 0xBB29,29, 0x6984,1, 0x18C5,33, 0x6984,33, 0x18C5,42,
    0xBB29,2, 0x6984,1, 0x18C5,15, 0xBB29,2, 0x6984,1, 0x18C5,45, 0xBB29,2, 0x6984,1,
    0x18C5,15, 0xBB29,2, 0x6984,1, 0x18C5,45, 0x6984,3, 0x18C5,15, 0x6984,3, 0x18C5,34,
    0x10A4,1, 0x1084,35, 0x10A4,1, 0x18C5,29, 0x10A4,1, 0x1084,35, 0x10A4,1, 0x18C5,34,
    0x18C6,1, 0x10A4,26, 0x18C6,1, 0x18C5,19, 0x18C5,35, 0x1906,1, 0x2126,8, 0x1906,1,
    0x18C5,56, 0x2126,1, 0x29A7,8, 0x2126,1, 0x18C5,55, 0x1906,1, 0x52CC,1, 0x6B8F,8,
    0x52CC,1, 0x2126,1, 0x1906,1, 0x18C5,51, 0x528C,1, 0x8C72,1, 0x9493,1, 0xAD97,1,
    0xDF1D,2, 0xCF5D,5, 0xDF1D,1, 0xAD97,1, 0x6B8F,1, 0x426B,1, 0x1906,1, 0x18C5,50,
    0x8C72,1, 0xFFFF,4, 0xDF1D,1, 0xCF5D,6, 0xAD97,2, 0x6B8F,1, 0x2126,1, 0x18C5,49,
    0x1906,1, 0x9493,1, 0xFFFF,2, 0xDF1D,2, 0xCF5D,8, 0xAD97,2, 0x426B,1, 0x2126,1,
    0x1906,1, 0x18C5,45, 0x1906,1, 0x2126,1, 0x52CC,1, 0xAD97,1, 0xDF1D,2, 0xCF5D,3,
    0xAD97,1, 0x6B8F,4, 0xAD97,1, 0xCF5D,2, 0xAD97,1, 0x6B8F,2, 0x426B,1, 0x1906,1,
    0x18C5,44, 0x2126,1, 0x29A7,1, 0x6B8F,1, 0xDF1D,2, 0xCF5D,3, 0xDF1D,1, 0x6B8F,1,
    0x1882,4, 0x6B8F,1, 0xCF5D,2, 0xAD97,3, 0x6B8F,1, 0x2126,1, 0x18C5,29, 0x4124,1,
    0x6984,14, 0x59C4,1, 0x29A7,1, 0x6B8F,1, 0xDF1D,1, 0xCF5D,4, 0xAD97,1, 0x29A7,1,
    0x1882,4, 0x6B8F,1, 0xCF5D,3, 0xAD97,1, 0x6B8F,2, 0x2126,1, 0x18C5,24, 0x4124,5,
    0x5144,1, 0x6984,14, 0x59C4,1, 0x29A7,1, 0x6B8F,1, 0xCF5D,5, 0x6B8F,1, 0x1882,5,
    0x6B8F,1, 0xCF5D,3, 0xAD97,1, 0x6B8F,1, 0x29A7,1, 0x2126,1, 0x18C5,24, 0x6984,7,
    0xBB29,1, 0xF572,12, 0x9307,1, 0x29A7,1, 0x6B8F,1, 0xCF5D,5, 0x6B8F,1, 0x1882,5,
    0x6B8F,1, 0xCF5D,3, 0xAD97,1, 0x6B8F,1, 0x29A7,1, 0x2126,1, 0x18C5,22, 0x4125,2,
    0x9307,1, 0xBB29,7, 0xF572,1, 0xFE98,2, 0xF572,1, 0xDC4D,8, 0x9307,1, 0x29A7,1,
    0x6B8F,1, 0xCF5D,5, 0x6B8F,1, 0x1882,5, 0x6B8F,1, 0xCF5D,3, 0xAD97,1, 0x6B8F,1,
    0x29A7,1, 0x2126,1, 0x18C5,22, 0x6984,2, 0x9307,1, 0xDC4D,6, 0xBB29,1, 0xF572,1,
    0xFE98,2, 0xF572,1, 0xDC4D,8, 0x9307,1, 0x29A7,1, 0x6B8F,1, 0xCF5D,5, 0x6B8F,1,
    0x1882,5, 0x6B8F,1, 0xCF5D,3, 0xAD97,1, 0x6B8F,1, 0x29A7,1, 0x3166,1, 0x4124,2,
    0x28E5,1, 0x18C5,19, 0x6984,3, 0xBB29,2, 0xDC4D,4, 0xBB29,1, 0xDC4D,12, 0x9307,1,
    0x29A7,1, 0x6B8F,1, 0xCF5D,5, 0x6B8F,1, 0x1882,5, 0x6B8F,1, 0xCF5D,3, 0xAD97,1,
    0x6B8F,1, 0x29A7,1, 0x59C4,1, 0x6984,2, 0x4125,1, 0x18C5,19, 0x4125,3, 0x9307,2,
    0xDC4D,4, 0xBB29,1, 0xDC4D,12, 0x9307,1, 0x29A7,1, 0x6B8F,1, 0xDF1D,1, 0xCF5D,4,
    0x6B8F,1, 0x1882,5, 0x6B8F,1, 0xCF5D,2, 0xAD97,1, 0x6B8F,2, 0x29A7,1, 0x9307,1,
    0xBB29,1, 0x9307,1, 0x69A5,1, 0x4125,1, 0x28E5,1, 0x18C5,20, 0x6984,2, 0xDC4D,4,
    0xBB29,1, 0xDC4D,3, 0xBB29,1, 0x9307,2, 0xBB29,1, 0xDC4D,5, 0xBB29,1, 0x9307,1,
    0x6B8F,1, 0xAD97,2, 0xCF5D,3, 0xAD97,1, 0x6B8F,5, 0xAD97,1, 0xCF5D,2, 0xAD97,1,
    0x6B8F,1, 0x29A7,1, 0x6B8F,1, 0xBB29,1, 0xDC4D,1, 0xBB29,1, 0x6984,2, 0x4124,1,
    0x18C5,20, 0x6984,2, 0xDC4D,4, 0xBB29,1, 0xDC4D,3, 0x9307,1, 0x1882,2, 0x9307,1,
    0xDC4D,7, 0x9307,1, 0x6B8F,1, 0xAD97,2, 0xCF5D,11, 0xAD97,1, 0x29A7,2, 0x9307,1,
    0xBB29,2, 0x9307,1, 0x6984,2, 0x4124,1, 0x18C5,17, 0x4125,3, 0xBB29,2, 0xDC4D,4,
    0xBB29,1, 0xDC4D,3, 0x9307,1, 0x1882,2, 0x9307,1, 0xDC4D,7, 0xBB29,1, 0x6B8F,2,
    0xAD97,3, 0xCF5D,6, 0xAD97,3, 0x6B8F,1, 0x29A7,2, 0x9307,1, 0xBB29,1, 0x9307,1,
    0x69A5,1, 0x4125,2, 0x28E5,1, 0x18C5,17, 0x6984,2, 0x9307,1, 0xDC4D,2, 0xBB29,5,
    0xDC4D,3, 0xBB29,1, 0x9307,2, 0xBB29,1, 0xDC4D,8, 0xBB29,1, 0x9307,1, 0x6B8F,2,
    0xAD97,7, 0x6B8F,2, 0x29A7,1, 0x59C4,2, 0x6984,1, 0x9307,2, 0x6984,1, 0x4125,1,
    0x18C5,20, 0x6984,2, 0xBB29,8, 0xDC4D,17, 0x9307,1, 0x6B8F,1, 0xAD97,1, 0x6B8F,7,
    0x29A7,2, 0x59C4,1, 0x9307,2, 0x6984,1, 0x9307,1, 0x6984,1, 0x4125,1, 0x18C5,20,
    0x4125,2, 0x9307,7, 0xBB29,1, 0xDC4D,17, 0xBB29,1, 0x6B8F,3, 0x29A7,6, 0x6B8F,1,
    0x9307,2, 0xBB29,1, 0x9307,5, 0x4125,2, 0x28E5,1, 0x18C5,19, 0x4124,5, 0x5144,1,
    0x6984,1, 0xBB29,1, 0xDC4D,18, 0xBB29,1, 0x9307,8, 0xBB29,5, 0x9307,2, 0x6984,1,
    0x9307,1, 0x6984,2, 0x4124,1, 0x18C5,24, 0x4124,1, 0x6984,1, 0xBB29,1, 0xDC4D,27,
    0xBB29,2, 0x9307,1, 0xBB29,2, 0x9307,3, 0x6984,3, 0x4124,1, 0x18C5,24, 0x4124,1,
    0x6984,1, 0xBB29,1, 0xDC4D,27, 0xBB29,2, 0x9307,7, 0x6984,1, 0x4964,1, 0x3924,1,
    0x18C5,24, 0x4124,1, 0x6984,1, 0xBB29,1, 0xDC4D,27, 0xBB29,2, 0x9307,1, 0x5144,1,
    0x4124,2, 0x5185,1, 0x6A06,2, 0x51A5,1, 0x3944,1, 0x2905,1, 0x18C5,24, 0x4124,1,
    0x6984,1, 0x9307,1, 0xBB29,29, 0x9307,1, 0x4124,1, 0x18C5,32, 0x4124,1, 0x6984,1,
    0x9307,1, 0xBB29,29, 0x9307,1, 0x4124,1, 0x18C5,32, 0x4124,1, 0x6984,1, 0x9307,1,
    0xBB29,29, 0x9307,1, 0x4124,1, 0x18C5,32, 0x4124,1, 0x6984,32, 0x4124,1, 0x18C5,35,
    0x69E7,1, 0xBB29,1, 0x9307,1, 0x4124,1, 0x18C5,14, 0x69E7,1, 0xBB29,1, 0x9307,1,
    0x4124,1, 0x18C5,44, 0x69E7,1, 0xBB29,1, 0x9307,1, 0x4124,1, 0x18C5,14, 0x69E7,1,
    0xBB29,1, 0x9307,1, 0x4124,1, 0x18C5,44, 0x4124,1, 0x6984,2, 0x4124,1, 0x18C5,14,
    0x4124,1, 0x6984,2, 0x4124,1, 0x18C5,40, 0x1084,36, 0x18C5,30, 0x1084,36, 0x18C5,35,
    0x10A4,27, 0x18C5,21, 0x18C5,34, 0x2126,9, 0x18C5,57, 0x29A7,9, 0x18C5,56, 0x2126,1,
    0x6B8F,9, 0x2126,2, 0x18C5,52, 0x8C72,2, 0xAD97,1, 0xDF1D,2, 0xCF5D,6, 0xDF1D,1,
    0x6B8F,2, 0x2126,1, 0x18C5,51, 0xFFFF,5, 0xCF5D,6, 0xDF1D,1, 0xAD97,2, 0x29A7,1,
    0x18C5,50, 0x2126,1, 0xFFFF,2, 0xDF1D,3, 0xCF5D,7, 0xAD97,2, 0x6B8F,1, 0x2126,2,
    0x18C5,46, 0x2126,2, 0x6B8F,1, 0xDF1D,2, 0xCF5D,3, 0xDF1D,1, 0x6B8F,5, 0xCF5D,3,
    0xAD97,1, 0x6B8F,2, 0x2126,1, 0x18C5,45, 0x29A7,2, 0xDF1D,3, 0xCF5D,3, 0xFFFF,1,
    0x1882,5, 0xCF5D,3, 0xAD97,3, 0x29A7,1, 0x18C5,30, 0x6984,15, 0x29A7,2, 0xDF1D,1,
    0xCF5D,5, 0x6B8F,1, 0x1882,5, 0xCF5D,3, 0xAD97,1, 0x6B8F,2, 0x29A7,1, 0x18C5,24,
    0x28E5,1, 0x4124,5, 0x6984,15, 0x29A7,2, 0xDF1D,1, 0xCF5D,5, 0x1882,6, 0xCF5D,4,
    0x6B8F,2, 0x29A7,1, 0x18C5,24, 0x4125,1, 0x6984,7, 0xF572,13, 0x29A7,2, 0xDF1D,1,
    0xCF5D,5, 0x1882,6, 0xCF5D,4, 0x6B8F,2, 0x29A7,1, 0x18C5,22, 0x28E5,1, 0x4125,1,
    0x69A5,1, 0x9307,1, 0xBB29,5, 0x9307,1, 0xF572,1, 0xFE98,3, 0xDC4D,9, 0x29A7,2,
    0xDF1D,1, 0xCF5D,5, 0x1882,6, 0xCF5D,4, 0x6B8F,2, 0x29A7,1, 0x18C5,22, 0x4124,1,
    0x6984,2, 0xBB29,1, 0xDC4D,5, 0xBB29,1, 0xF572,1, 0xFE98,3, 0xDC4D,9, 0x29A7,2,
    0xDF1D,1, 0xCF5D,5, 0x1882,6, 0xCF5D,4, 0x6B8F,2, 0x29A7,1, 0x4124,3, 0x18C5,19,
    0x4124,1, 0x6984,2, 0x9307,1, 0xBB29,2, 0xDC4D,3, 0x9307,1, 0xF572,1, 0xDC4D,12,
    0x29A7,2, 0xDF1D,1, 0xCF5D,5, 0x1882,6, 0xCF5D,4, 0x6B8F,2, 0x29A7,1, 0x6984,3,
    0x18C5,19, 0x28E5,1, 0x4125,2, 0x69A5,1, 0x9307,1, 0xBB29,1, 0xDC4D,3, 0x9307,1,
    0xF572,1, 0xDC4D,12, 0x29A7,2, 0xDF1D,1, 0xCF5D,5, 0x1882,6, 0xCF5D,3, 0xAD97,1,
    0x6B8F,2, 0x29A7,1, 0xBB29,2, 0x9307,1, 0x4125,2, 0x18C5,20, 0x4125,1, 0x6984,1,
    0x9307,1, 0xDC4D,3, 0x9307,1, 0xF572,1, 0xDC4D,3, 0x9307,3, 0xDC4D,6, 0x9307,2,
    0x6B8F,1, 0xAD97,2, 0xCF5D,3, 0x6B8F,6, 0xCF5D,3, 0x6B8F,1, 0x29A7,2, 0x9307,1,
    0xDC4D,2, 0x9307,1, 0x6984,2, 0x18C5,20, 0x4125,1, 0x6984,1, 0x9307,1, 0xDC4D,3,
    0x9307,1, 0xF572,1, 0xDC4D,3, 0x1882,3, 0xDC4D,8, 0x29A7,1, 0xAD97,2, 0xCF5D,12,
    0x6B8F,1, 0x29A7,2, 0xDC4D,1, 0xBB29,2, 0x6984,3, 0x18C5,17, 0x28E5,1, 0x4125,2,
    0x7A48,1, 0xBB29,1, 0xDC4D,4, 0x9307,1, 0xF572,1, 0xDC4D,3, 0x1882,3, 0xDC4D,8,
    0x9307,1, 0x6B8F,2, 0xAD97,3, 0xCF5D,6, 0xAD97,3, 0x29A7,3, 0xDC4D,1, 0x9307,2,
    0x4125,3, 0x18C5,17, 0x4124,1, 0x6984,2, 0xBB29,1, 0xDC4D,2, 0xBB29,3, 0x9307,1,
    0xF572,1, 0xDC4D,3, 0x9307,3, 0xDC4D,9, 0x9307,2, 0x6B8F,1, 0xAD97,8, 0x6B8F,1,
    0x29A7,2, 0x59C4,1, 0x6984,2, 0x9307,1, 0x6984,2, 0x18C5,20, 0x4124,1, 0x6984,1,
    0x9307,1, 0xBB29,6, 0x9307,1, 0xF572,1, 0xDC4D,17, 0x29A7,1, 0xAD97,2, 0x6B8F,7,
    0x29A7,2, 0x9307,3, 0x59C4,1, 0x6984,2, 0x18C5,20, 0x28E5,1, 0x4125,1, 0x69A5,1,
    0x9307,6, 0x6984,1, 0xF572,1, 0xDC4D,17, 0x9307,1, 0x6B8F,2, 0x29A7,7, 0x9307,2,
    0xBB29,1, 0x9307,2, 0x6984,1, 0x9307,2, 0x4125,3, 0x18C5,19, 0x28E5,1, 0x4124,5,
    0x6984,2, 0xF572,1, 0xDC4D,18, 0x9307,9, 0xBB29,5, 0x9307,1, 0x6984,5, 0x18C5,25,
    0x6984,2, 0xF572,1, 0xDC4D,27, 0xBB29,5, 0x9307,3, 0x59C4,1, 0x6984,2, 0x18C5,25,
    0x6984,2, 0xF572,1, 0xDC4D,27, 0xBB29,2, 0x9307,6, 0x6984,1, 0x4964,2, 0x18C5,25,
    0x6984,2, 0xF572,1, 0xDC4D,27, 0xBB29,2, 0x6984,1, 0x4124,3, 0x6A06,3, 0x3944,2,
    0x18C5,25, 0x6984,2, 0xDC4D,1, 0xBB29,29, 0x6984,1, 0x18C5,33, 0x6984,2, 0xDC4D,1,
    0xBB29,29, 0x6984,1, 0x18C5,33, 0x6984,2, 0xDC4D,1, 0xBB29,29, 0x6984,1, 0x18C5,33,
    0x6984,33, 0x18C5,36, 0xBB29,2, 0x6984,1, 0x18C5,15, 0xBB29,2, 0x6984,1, 0x18C5,45,
    0xBB29,2, 0x6984,1, 0x18C5,15, 0xBB29,2, 0x6984,1, 0x18C5,45, 0x6984,3, 0x18C5,15,
    0x6984,3, 0x18C5,40, 0x10A4,1, 0x1084,35, 0x10A4,1, 0x18C5,29, 0x10A4,1, 0x1084,35,
    0x10A4,1, 0x18C5,34, 0x18C6,1, 0x10A4,26, 0x18C6,1, 0x18C5,22, 0x18C5,32, 0x1906,1,
    0x2126,8, 0x1906,1, 0x18C5,56, 0x2126,1, 0x29A7,8, 0x2126,1, 0x18C5,55, 0x1906,1,
    0x52CC,1, 0x6B8F,8, 0x52CC,1, 0x2126,1, 0x1906,1, 0x18C5,51, 0x528C,1, 0x8C72,1,
    0x9493,1, 0xAD97,1, 0xDF1D,2, 0xCF5D,5, 0xDF1D,1, 0xAD97,1, 0x6B8F,1, 0x426B,1,
    0x1906,1, 0x18C5,50, 0x8C72,1, 0xFFFF,4, 0xDF1D,1, 0xCF5D,6, 0xAD97,2, 0x6B8F,1,
    0x2126,1, 0x18C5,49, 0x1906,1, 0x9493,1, 0xFFFF,2, 0xDF1D,2, 0xCF5D,8, 0xAD97,2,
    0x426B,1, 0x2126,1, 0x1906,1, 0x18C5,45, 0x1906,1, 0x2126,1, 0x52CC,1, 0xAD97,1,
    0xDF1D,2, 0xCF5D,3, 0xAD97,1, 0x6B8F,4, 0xAD97,1, 0xCF5D,2, 0xAD97,1, 0x6B8F,2,
    0x426B,1, 0x1906,1, 0x18C5,44, 0x2126,1, 0x29A7,1, 0x6B8F,1, 0xDF1D,2, 0xCF5D,3,
    0xDF1D,1, 0x6B8F,1, 0x1882,4, 0x6B8F,1, 0xCF5D,2, 0xAD97,3, 0x6B8F,1, 0x2126,1,
    0x18C5,29, 0x4124,1, 0x6984,14, 0x59C4,1, 0x29A7,1, 0x6B8F,1, 0xDF1D,1, 0xCF5D,4,
    0xAD97,1, 0x29A7,1, 0x1882,4, 0x6B8F,1, 0xCF5D,3, 0xAD97,1, 0x6B8F,2, 0x2126,1,
    0x18C5,24, 0x4124,5, 0x5144,1, 0x6984,14, 0x59C4,1, 0x29A7,1, 0x6B8F,1, 0xCF5D,5,
    0x6B8F,1, 0x1882,5, 0x6B8F,1, 0xCF5D,3, 0xAD97,1, 0x6B8F,1, 0x29A7,1, 0x2126,1,
    0x18C5,24, 0x6984,7, 0xBB29,1, 0xF572,12, 0x9307,1, 0x29A7,1, 0x6B8F,1, 0xCF5D,5,
    0x6B8F,1, 0x1882,5, 0x6B8F,1, 0xCF5D,3, 0xAD97,1, 0x6B8F,1, 0x29A7,1, 0x2126,1,
    0x18C5,22, 0x4125,2, 0x9307,1, 0xBB29,7, 0xF572,1, 0xFE98,2, 0xF572,1, 0xDC4D,8,
    0x9307,1, 0x29A7,1, 0x6B8F,1, 0xCF5D,5, 0x6B8F,1, 0x1882,5, 0x6B8F,1, 0xCF5D,3,
    0xAD97,1, 0x6B8F,1, 0x29A7,1, 0x2126,1, 0x18C5,22, 0x6984,2, 0x9307,1, 0xDC4D,6,
    0xBB29,1, 0xF572,1, 0xFE98,2, 0xF572,1, 0xDC4D,8, 0x9307,1, 0x29A7,1, 0x6B8F,1,
    0xCF5D,5, 0x6B8F,1, 0x1882,5, 0x6B8F,1, 0xCF5D,3, 0xAD97,1, 0x6B8F,1, 0x29A7,1,
    0x3166,1, 0x4124,2, 0x28E5,1, 0x18C5,19, 0x6984,3, 0xBB29,2, 0xDC4D,4, 0xBB29,1,
    0xDC4D,12, 0x9307,1, 0x29A7,1, 0x6B8F,1, 0xCF5D,5, 0x6B8F,1, 0x1882,5, 0x6B8F,1,
    0xCF5D,3, 0xAD97,1, 0x6B8F,1, 0x29A7,1, 0x59C4,1, 0x6984,2, 0x4125,1, 0x18C5,19,
    0x4125,3, 0x9307,2, 0xDC4D,4, 0xBB29,1, 0xDC4D,12, 0x9307,1, 0x29A7,1, 0x6B8F,1,
    0xDF1D,1, 0xCF5D,4, 0x6B8F,1, 0x1882,5, 0x6B8F,1, 0xCF5D,2, 0xAD97,1, 0x6B8F,2,
    0x29A7,1, 0x9307,1, 0xBB29,1, 0x9307,1, 0x69A5,1, 0x4125,1, 0x28E5,1, 0x18C5,20,
    0x6984,2, 0xDC4D,4, 0xBB29,1, 0xDC4D,3, 0xBB29,1, 0x9307,2, 0xBB29,1, 0xDC4D,5,
    0xBB29,1, 0x9307,1, 0x6B8F,1, 0xAD97,2, 0xCF5D,3, 0xAD97,1, 0x6B8F,5, 0xAD97,1,
    0xCF5D,2, 0xAD97,1, 0x6B8F,1, 0x29A7,1, 0x6B8F,1, 0xBB29,1, 0xDC4D,1, 0xBB29,1,
    0x6984,2, 0x4124,1, 0x18C5,20, 0x6984,2, 0xDC4D,4, 0xBB29,1, 0xDC4D,3, 0x9307,1,
    0x1882,2, 0x9307,1, 0xDC4D,7, 0x9307,1, 0x6B8F,1, 0xAD97,2, 0xCF5D,11, 0xAD97,1,
    0x29A7,2, 0x9307,1, 0xBB29,2, 0x9307,1, 0x6984,2, 0x4124,1, 0x18C5,17, 0x4125,3,
    0xBB29,2, 0xDC4D,4, 0xBB29,1, 0xDC4D,3, 0x9307,1, 0x1882,2, 0x9307,1, 0xDC4D,7,
    0xBB29,1, 0x6B8F,2, 0xAD97,3, 0xCF5D,6, 0xAD97,3, 0x6B8F,1, 0x29A7,2, 0x9307,1,
    0xBB29,1, 0x9307,1, 0x69A5,1, 0x4125,2, 0x28E5,1, 0x18C5,17, 0x6984,2, 0x9307,1,
    0xDC4D,2, 0xBB29,5, 0xDC4D,3, 0xBB29,1, 0x9307,2, 0xBB29,1, 0xDC4D,8, 0xBB29,1,
    0x9307,1, 0x6B8F,2, 0xAD97,7, 0x6B8F,2, 0x29A7,1, 0x59C4,2, 0x6984,1, 0x9307,2,
    0x6984,1, 0x4125,1, 0x18C5,20, 0x6984,2, 0xBB29,8, 0xDC4D,17, 0x9307,1, 0x6B8F,1,
    0xAD97,1, 0x6B8F,7, 0x29A7,2, 0x59C4,1, 0x9307,2, 0x6984,1, 0x9307,1, 0x6984,1,
    0x4125,1, 0x18C5,20, 0x4125,2, 0x9307,7, 0xBB29,1, 0xDC4D,17, 0xBB29,1, 0x6B8F,3,
    0x29A7,6, 0x6B8F,1, 0x9307,2, 0xBB29,1, 0x9307,5, 0x4125,2, 0x28E5,1, 0x18C5,19,
    0x4124,5, 0x5144,1, 0x6984,1, 0xBB29,1, 0xDC4D,18, 0xBB29,1, 0x9307,8, 0xBB29,5,
    0x9307,2, 0x6984,1, 0x9307,1, 0x6984,2, 0x4124,1, 0x18C5,24, 0x4124,1, 0x6984,1,
    0xBB29,1, 0xDC4D,27, 0xBB29,2, 0x9307,1, 0xBB29,2, 0x9307,3, 0x6984,3, 0x4124,1,
    0x18C5,24, 0x4124,1, 0x6984,1, 0xBB29,1, 0xDC4D,27, 0xBB29,2, 0x9307,7, 0x6984,1,
    0x4964,1, 0x3924,1, 0x18C5,24, 0x4124,1, 0x6984,1, 0xBB29,1, 0xDC4D,27, 0xBB29,2,
    0x9307,1, 0x5144,1, 0x4124,2, 0x5185,1, 0x6A06,2, 0x51A5,1, 0x3944,1, 0x2905,1,
    0x18C5,24, 0x4124,1, 0x6984,1, 0x9307,1, 0xBB29,29, 0x9307,1, 0x4124,1, 0x18C5,32,
    0x4124,1, 0x6984,1, 0x9307,1, 0xBB29,29, 0x9307,1, 0x4124,1, 0x18C5,32, 0x4124,1,
    0x6984,1, 0x9307,1, 0xBB29,29, 0x9307,1, 0x4124,1, 0x18C5,32, 0x4124,1, 0x6984,32,
    0x4124,1, 0x18C5,41, 0x69E7,1, 0xBB29,1, 0x9307,1, 0x4124,1, 0x18C5,14, 0x69E7,1,
    0xBB29,1, 0x9307,1, 0x4124,1, 0x18C5,44, 0x69E7,1, 0xBB29,1, 0x9307,1, 0x4124,1,
    0x18C5,14, 0x69E7,1, 0xBB29,1, 0x9307,1, 0x4124,1, 0x18C5,44, 0x4124,1, 0x6984,2,
    0x4124,1, 0x18C5,14, 0x4124,1, 0x6984,2, 0x4124,1, 0x18C5,34, 0x1084,36, 0x18C5,30,
    0x1084,36, 0x18C5,35, 0x10A4,27, 0x18C5,24, 0x18C5,32, 0x1906,1, 0x2126,8, 0x1906,1,
    0x18C5,56, 0x2126,1, 0x29A7,8, 0x2126,1, 0x18C5,55, 0x1906,1, 0x52CC,1, 0x6B8F,8,
    0x52CC,1, 0x2126,1, 0x1906,1, 0x18C5,51, 0x528C,1, 0x8C72,1, 0x9493,1, 0xAD97,1,
    0xDF1D,2, 0xCF5D,5, 0xDF1D,1, 0xAD97,1, 0x6B8F,1, 0x426B,1, 0x1906,1, 0x18C5,50,
    0x8C72,1, 0xFFFF,4, 0xDF1D,1, 0xCF5D,6, 0xAD97,2, 0x6B8F,1, 0x2126,1, 0x18C5,49,
    0x1906,1, 0x9493,1, 0xFFFF,2, 0xDF1D,2, 0xCF5D,8, 0xAD97,2, 0x426B,1, 0x2126,1,
    0x1906,1, 0x18C5,45, 0x1906,1, 0x2126,1, 0x52CC,1, 0xAD97,1, 0xDF1D,2, 0xCF5D,3,
    0xAD97,1, 0x6B8F,4, 0xAD97,1, 0xCF5D,2, 0xAD97,1, 0x6B8F,2, 0x426B,1, 0x1906,1,
    0x18C5,44, 0x2126,1, 0x29A7,1, 0x6B8F,1, 0xDF1D,2, 0xCF5D,3, 0xDF1D,1, 0x6B8F,1,
    0x1882,4, 0x6B8F,1, 0xCF5D,2, 0xAD97,3, 0x6B8F,1, 0x2126,1, 0x18C5,29, 0x4124,1,
    0x6984,14, 0x59C4,1, 0x29A7,1, 0x6B8F,1, 0xDF1D,1, 0xCF5D,4, 0xAD97,1, 0x29A7,1,
    0x1882,4, 0x6B8F,1, 0xCF5D,3, 0xAD97,1, 0x6B8F,2, 0x2126,1, 0x18C5,24, 0x4124,5,
    0x5144,1, 0x6984,14, 0x59C4,1, 0x29A7,1, 0x6B8F,1, 0xCF5D,5, 0x6B8F,1, 0x1882,5,
    0x6B8F,1, 0xCF5D,3, 0xAD97,1, 0x6B8F,1, 0x29A7,1, 0x2126,1, 0x18C5,24, 0x6984,7,
    0xBB29,1, 0xF572,12, 0x9307,1, 0x29A7,1, 0x6B8F,1, 0xCF5D,5, 0x6B8F,1, 0x1882,5,
    0x6B8F,1, 0xCF5D,3, 0xAD97,1, 0x6B8F,1, 0x29A7,1, 0x2126,1, 0x18C5,22, 0x4125,2,
    0x9307,1, 0xBB29,7, 0xF572,1, 0xFE98,2, 0xF572,1, 0xDC4D,8, 0x9307,1, 0x29A7,1,
    0x6B8F,1, 0xCF5D,5, 0x6B8F,1, 0x1882,5, 0x6B8F,1, 0xCF5D,3, 0xAD97,1, 0x6B8F,1,
    0x29A7,1, 0x2126,1, 0x18C5,22, 0x6984,2, 0x9307,1, 0xDC4D,6, 0xBB29,1, 0xF572,1,
    0xFE98,2, 0xF572,1, 0xDC4D,8, 0x9307,1, 0x29A7,1, 0x6B8F,1, 0xCF5D,5, 0x6B8F,1,
    0x1882,5, 0x6B8F,1, 0xCF5D,3, 0xAD97,1, 0x6B8F,1, 0x29A7,1, 0x3166,1, 0x4124,2,
    0x28E5,1, 0x18C5,19, 0x6984,3, 0xBB29,2, 0xDC4D,4, 0xBB29,1, 0xDC4D,12, 0x9307,1,
    0x29A7,1, 0x6B8F,1, 0xCF5D,5, 0x6B8F,1, 0x1882,5, 0x6B8F,1, 0xCF5D,3, 0xAD97,1,
    0x6B8F,1, 0x29A7,1, 0x59C4,1, 0x6984,2, 0x4125,1, 0x18C5,19, 0x4125,3, 0x9307,2,
    0xDC4D,4, 0xBB29,1, 0xDC4D,12, 0x9307,1, 0x29A7,1, 0x6B8F,1, 0xDF1D,1, 0xCF5D,4,
    0x6B8F,1, 0x1882,5, 0x6B8F,1, 0xCF5D,2, 0xAD97,1, 0x6B8F,2, 0x29A7,1, 0x9307,1,
    0xBB29,1, 0x9307,1, 0x69A5,1, 0x4125,1, 0x28E5,1, 0x18C5,20, 0x6984,2, 0xDC4D,4,
    0xBB29,1, 0xDC4D,3, 0xBB29,1, 0x9307,2, 0xBB29,1, 0xDC4D,5, 0xBB29,1, 0x9307,1,
    0x6B8F,1, 0xAD97,2, 0xCF5D,3, 0xAD97,1, 0x6B8F,5, 0xAD97,1, 0xCF5D,2, 0xAD97,1,
    0x6B8F,1, 0x29A7,1, 0x6B8F,1, 0xBB29,1, 0xDC4D,1, 0xBB29,1, 0x6984,2, 0x4124,1,
    0x18C5,20, 0x6984,2, 0xDC4D,4, 0xBB29,1, 0xDC4D,3, 0x9307,1, 0x1882,2, 0x9307,1,
    0xDC4D,7, 0x9307,1, 0x6B8F,1, 0xAD97,2, 0xCF5D,11, 0xAD97,1, 0x29A7,2, 0x9307,1,
    0xBB29,2, 0x9307,1, 0x6984,2, 0x4124,1, 0x18C5,17, 0x4125,3, 0xBB29,2, 0xDC4D,4,
    0xBB29,1, 0xDC4D,3, 0x9307,1, 0x1882,2, 0x9307,1, 0xDC4D,7, 0xBB29,1, 0x6B8F,2,
    0xAD97,3, 0xCF5D,6, 0xAD97,3, 0x6B8F,1, 0x29A7,2, 0x9307,1, 0xBB29,1, 0x9307,1,
    0x69A5,1, 0x4125,2, 0x28E5,1, 0x18C5,17, 0x6984,2, 0x9307,1, 0xDC4D,2, 0xBB29,5,
    0xDC4D,3, 0xBB29,1, 0x9307,2, 0xBB29,1, 0xDC4D,8, 0xBB29,1, 0x9307,1, 0x6B8F,2,
    0xAD97,7, 0x6B8F,2, 0x29A7,1, 0x59C4,2, 0x6984,1, 0x9307,2, 0x6984,1, 0x4125,1,
    0x18C5,20, 0x6984,2, 0xBB29,8, 0xDC4D,17, 0x9307,1, 0x6B8F,1, 0xAD97,1, 0x6B8F,7,
    0x29A7,2, 0x59C4,1, 0x9307,2, 0x6984,1, 0x9307,1, 0x6984,1, 0x4125,1, 0x18C5,20,
    0x4125,2, 0x9307,7, 0xBB29,1, 0xDC4D,17, 0xBB29,1, 0x6B8F,3, 0x29A7,6, 0x6B8F,1,
    0x9307,2, 0xBB29,1, 0x9307,5, 0x4125,2, 0x28E5,1, 0x18C5,19, 0x4124,5, 0x5144,1,
    0x6984,1, 0xBB29,1, 0xDC4D,18, 0xBB29,1, 0x9307,8, 0xBB29,5, 0x9307,2, 0x6984,1,
    0x9307,1, 0x6984,2, 0x4124,1, 0x18C5,24, 0x4124,1, 0x6984,1, 0xBB29,1, 0xDC4D,27,
    0xBB29,2, 0x9307,1, 0xBB29,2, 0x9307,3, 0x6984,3, 0x4124,1, 0x18C5,24, 0x4124,1,
    0x6984,1, 0xBB29,1, 0xDC4D,27, 0xBB29,2, 0x9307,7, 0x6984,1, 0x4964,1, 0x3924,1,
    0x18C5,24, 0x4124,1, 0x6984,1, 0xBB29,1, 0xDC4D,27, 0xBB29,2, 0x9307,1, 0x5144,1,
    0x4124,2, 0x5185,1, 0x6A06,2, 0x51A5,1, 0x3944,1, 0x2905,1, 0x18C5,24, 0x4124,1,
    0x6984,1, 0x9307,1, 0xBB29,29, 0x9307,1, 0x4124,1, 0x18C5,32, 0x4124,1, 0x6984,1,
    0x9307,1, 0xBB29,29, 0x9307,1, 0x4124,1, 0x18C5,32, 0x4124,1, 0x6984,1, 0x9307,1,
    0xBB29,29, 0x9307,1, 0x4124,1, 0x18C5,32, 0x4124,1, 0x6984,32, 0x4124,1, 0x18C5,41,
    0x69E7,1, 0xBB29,1, 0x9307,1, 0x4124,1, 0x18C5,14, 0x69E7,1, 0xBB29,1, 0x9307,1,
    0x4124,1, 0x18C5,44, 0x69E7,1, 0xBB29,1, 0x9307,1, 0x4124,1, 0x18C5,14, 0x69E7,1,
    0xBB29,1, 0x9307,1, 0x4124,1, 0x18C5,44, 0x4124,1, 0x6984,2, 0x4124,1, 0x18C5,14,
    0x4124,1, 0x6984,2, 0x4124,1, 0x18C5,34, 0x1084,36, 0x18C5,30, 0x1084,36, 0x18C5,35,
    0x10A4,27, 0x18C5,24, 0x18C5,31, 0x2126,9, 0x18C5,57, 0x29A7,9, 0x18C5,56, 0x2126,1,
    0x6B8F,9, 0x2126,2, 0x18C5,52, 0x8C72,2, 0xAD97,1, 0xDF1D,2, 0xCF5D,6, 0xDF1D,1,
    0x6B8F,2, 0x2126,1, 0x18C5,51, 0xFFFF,5, 0xCF5D,6, 0xDF1D,1, 0xAD97,2, 0x29A7,1,
    0x18C5,50, 0x2126,1, 0xFFFF,2, 0xDF1D,3, 0xCF5D,7, 0xAD97,2, 0x6B8F,1, 0x2126,2,
    0x18C5,46, 0x2126,2, 0x6B8F,1, 0xDF1D,2, 0xCF5D,3, 0xDF1D,1, 0x6B8F,5, 0xCF5D,3,
    0xAD97,1, 0x6B8F,2, 0x2126,1, 0x18C5,45, 0x29A7,2, 0xDF1D,3, 0xCF5D,3, 0xFFFF,1,
    0x1882,5, 0xCF5D,3, 0xAD97,3, 0x29A7,1, 0x18C5,30, 0x6984,15, 0x29A7,2, 0xDF1D,1,
    0xCF5D,5, 0x6B8F,1, 0x1882,5, 0xCF5D,3, 0xAD97,1, 0x6B8F,2, 0x29A7,1, 0x18C5,24,
    0x28E5,1, 0x4124,5, 0x6984,15, 0x29A7,2, 0xDF1D,1, 0xCF5D,5, 0x1882,6, 0xCF5D,4,
    0x6B8F,2, 0x29A7,1, 0x18C5,24, 0x4125,1, 0x6984,7, 0xF572,13, 0x29A7,2, 0xDF1D,1,
    0xCF5D,5, 0x1882,6, 0xCF5D,4, 0x6B8F,2, 0x29A7,1, 0x18C5,22, 0x28E5,1, 0x4125,1,
    0x69A5,1, 0x9307,1, 0xBB29,5, 0x9307,1, 0xF572,1, 0xFE98,3, 0xDC4D,9, 0x29A7,2,
    0xDF1D,1, 0xCF5D,5, 0x1882,6, 0xCF5D,4, 0x6B8F,2, 0x29A7,1, 0x18C5,22, 0x4124,1,
    0x6984,2, 0xBB29,1, 0xDC4D,5, 0xBB29,1, 0xF572,1, 0xFE98,3, 0xDC4D,9, 0x29A7,2,
    0xDF1D,1, 0xCF5D,5, 0x1882,6, 0xCF5D,4, 0x6B8F,2, 0x29A7,1, 0x4124,3, 0x18C5,19,
    0x4124,1, 0x6984,2, 0x9307,1, 0xBB29,2, 0xDC4D,3, 0x9307,1, 0xF572,1, 0xDC4D,12,
    0x29A7,2, 0xDF1D,1, 0xCF5D,5, 0x1882,6, 0xCF5D,4, 0x6B8F,2, 0x29A7,1, 0x6984,3,
    0x18C5,19, 0x28E5,1, 0x4125,2, 0x69A5,1, 0x9307,1, 0xBB29,1, 0xDC4D,3, 0x9307,1,
    0xF572,1, 0xDC4D,12, 0x29A7,2, 0xDF1D,1, 0xCF5D,5, 0x1882,6, 0xCF5D,3, 0xAD97,1,
    0x6B8F,2, 0x29A7,1, 0xBB29,2, 0x9307,1, 0x4125,2, 0x18C5,20, 0x4125,1, 0x6984,1,
    0x9307,1, 0xDC4D,3, 0x9307,1, 0xF572,1, 0xDC4D,3, 0x9307,3, 0xDC4D,6, 0x9307,2,
    0x6B8F,1, 0xAD97,2, 0xCF5D,3, 0x6B8F,6, 0xCF5D,3, 0x6B8F,1, 0x29A7,2, 0x9307,1,
    0xDC4D,2, 0x9307,1, 0x6984,2, 0x18C5,20, 0x4125,1, 0x6984,1, 0x9307,1, 0xDC4D,3,
    0x9307,1, 0xF572,1, 0xDC4D,3, 0x1882,3, 0xDC4D,8, 0x29A7,1, 0xAD97,2, 0xCF5D,12,
    0x6B8F,1, 0x29A7,2, 0xDC4D,1, 0xBB29,2, 0x6984,3, 0x18C5,17, 0x28E5,1, 0x4125,2,
    0x7A48,1, 0xBB29,1, 0xDC4D,4, 0x9307,1, 0xF572,1, 0xDC4D,3, 0x1882,3, 0xDC4D,8,
    0x9307,1, 0x6B8F,2, 0xAD97,3, 0xCF5D,6, 0xAD97,3, 0x29A7,3, 0xDC4D,1, 0x9307,2,
    0x4125,3, 0x18C5,17, 0x4124,1, 0x6984,2, 0xBB29,1, 0xDC4D,2, 0xBB29,3, 0x9307,1,
    0xF572,1, 0xDC4D,3, 0x9307,3, 0xDC4D,9, 0x9307,2, 0x6B8F,1, 0xAD97,8, 0x6B8F,1,
    0x29A7,2, 0x59C4,1, 0x6984,2, 0x9307,1, 0x6984,2, 0x18C5,20, 0x4124,1, 0x6984,1,
    0x9307,1, 0xBB29,6, 0x9307,1, 0xF572,1, 0xDC4D,17, 0x29A7,1, 0xAD97,2, 0x6B8F,7,
    0x29A7,2, 0x9307,3, 0x59C4,1, 0x6984,2, 0x18C5,20, 0x28E5,1, 0x4125,1, 0x69A5,1,
    0x9307,6, 0x6984,1, 0xF572,1, 0xDC4D,17, 0x9307,1, 0x6B8F,2, 0x29A7,7, 0x9307,2,
    0xBB29,1, 0x9307,2, 0x6984,1, 0x9307,2, 0x4125,3, 0x18C5,19, 0x28E5,1, 0x4124,5,
    0x6984,2, 0xF572,1, 0xDC4D,18, 0x9307,9, 0xBB29,5, 0x9307,1, 0x6984,5, 0x18C5,25,
    0x6984,2, 0xF572,1, 0xDC4D,27, 0xBB29,5, 0x9307,3, 0x59C4,1, 0x6984,2, 0x18C5,25,
    0x6984,2, 0xF572,1, 0xDC4D,27, 0xBB29,2, 0x9307,6, 0x6984,1, 0x4964,2, 0x18C5,25,
    0x6984,2, 0xF572,1, 0xDC4D,27, 0xBB29,2, 0x6984,1, 0x4124,3, 0x6A06,3, 0x3944,2,
    0x18C5,25, 0x6984,2, 0xDC4D,1, 0xBB29,29, 0x6984,1, 0x18C5,33, 0x6984,2, 0xDC4D,1,
    0xBB29,29, 0x6984,1, 0x18C5,33, 0x6984,2, 0xDC4D,1, 0xBB29,29, 0x6984,1, 0x18C5,33,
    0x6984,33, 0x18C5,36, 0xBB29,2, 0x6984,1, 0x18C5,15, 0xBB29,2, 0x6984,1, 0x18C5,45,
    0xBB29,2, 0x6984,1, 0x18C5,15, 0xBB29,2, 0x6984,1, 0x18C5,45, 0x6984,3, 0x18C5,15,
    0x6984,3, 0x18C5,40, 0x10A4,1, 0x1084,35, 0x10A4,1, 0x18C5,29, 0x10A4,1, 0x1084,35,
    0x10A4,1, 0x18C5,34, 0x18C6,1, 0x10A4,26, 0x18C6,1, 0x18C5,25, 0x18C5,31, 0x2126,9,
    0x18C5,57, 0x29A7,9, 0x18C5,56, 0x2126,1, 0x6B8F,9, 0x2126,2, 0x18C5,52, 0x8C72,2,
    0xAD97,1, 0xDF1D,2, 0xCF5D,6, 0xDF1D,1, 0x6B8F,2, 0x2126,1, 0x18C5,51, 0xFFFF,5,
    0xCF5D,6, 0xDF1D,1, 0xAD97,2, 0x29A7,1, 0x18C5,50, 0x2126,1, 0xFFFF,2, 0xDF1D,3,
    0xCF5D,7, 0xAD97,2, 0x6B8F,1, 0x2126,2, 0x18C5,46, 0x2126,2, 0x6B8F,1, 0xDF1D,2,
    0xCF5D,3, 0xDF1D,1, 0x6B8F,5, 0xCF5D,3, 0xAD97,1, 0x6B8F,2, 0x2126,1, 0x18C5,45,
    0x29A7,2, 0xDF1D,3, 0xCF5D,3, 0xFFFF,1, 0x1882,5, 0xCF5D,3, 0xAD97,3, 0x29A7,1,
    0x18C5,30, 0x6984,15, 0x29A7,2, 0xDF1D,1, 0xCF5D,5, 0x6B8F,1, 0x1882,5, 0xCF5D,3,
    0xAD97,1, 0x6B8F,2, 0x29A7,1, 0x18C5,24, 0x28E5,1, 0x4124,5, 0x6984,15, 0x29A7,2,
    0xDF1D,1, 0xCF5D,5, 0x1882,6, 0xCF5D,4, 0x6B8F,2, 0x29A7,1, 0x18C5,24, 0x4125,1,
    0x6984,7, 0xF572,13, 0x29A7,2, 0xDF1D,1, 0xCF5D,5, 0x1882,6, 0xCF5D,4, 0x6B8F,2,
    0x29A7,1, 0x18C5,22, 0x28E5,1, 0x4125,1, 0x69A5,1, 0x9307,1, 0xBB29,5, 0x9307,1,
    0xF572,1, 0xFE98,3, 0xDC4D,9, 0x29A7,2, 0xDF1D,1, 0xCF5D,5, 0x1882,6, 0xCF5D,4,
    0x6B8F,2, 0x29A7,1, 0x18C5,22, 0x4124,1, 0x6984,2, 0xBB29,1, 0xDC4D,5, 0xBB29,1,
    0xF572,1, 0xFE98,3, 0xDC4D,9, 0x29A7,2, 0xDF1D,1, 0xCF5D,5, 0x1882,6, 0xCF5D,4,
    0x6B8F,2, 0x29A7,1, 0x4124,3, 0x18C5,19, 0x4124,1, 0x6984,2, 0x9307,1, 0xBB29,2,
    0xDC4D,3, 0x9307,1, 0xF572,1, 0xDC4D,12, 0x29A7,2, 0xDF1D,1, 0xCF5D,5, 0x1882,6,
    0xCF5D,4, 0x6B8F,2, 0x29A7,1, 0x6984,3, 0x18C5,19, 0x28E5,1, 0x4125,2, 0x69A5,1,
    0x9307,1, 0xBB29,1, 0xDC4D,3, 0x9307,1, 0xF572,1, 0xDC4D,12, 0x29A7,2, 0xDF1D,1,
    0xCF5D,5, 0x1882,6, 0xCF5D,3, 0xAD97,1, 0x6B8F,2, 0x29A7,1, 0xBB29,2, 0x9307,1,
    0x4125,2, 0x18C5,20, 0x4125,1, 0x6984,1, 0x9307,1, 0xDC4D,3, 0x9307,1, 0xF572,1,
    0xDC4D,3, 0x9307,3, 0xDC4D,6, 0x9307,2, 0x6B8F,1, 0xAD97,2, 0xCF5D,3, 0x6B8F,6,
    0xCF5D,3, 0x6B8F,1, 0x29A7,2, 0x9307,1, 0xDC4D,2, 0x9307,1, 0x6984,2, 0x18C5,20,
    0x4125,1, 0x6984,1, 0x9307,1, 0xDC4D,3, 0x9307,1, 0xF572,1, 0xDC4D,3, 0x1882,3,
    0xDC4D,8, 0x29A7,1, 0xAD97,2, 0xCF5D,12, 0x6B8F,1, 0x29A7,2, 0xDC4D,1, 0xBB29,2,
    0x6984,3, 0x18C5,17, 0x28E5,1, 0x4125,2, 0x7A48,1, 0xBB29,1, 0xDC4D,4, 0x9307,1,
    0xF572,1, 0xDC4D,3, 0x1882,3, 0xDC4D,8, 0x9307,1, 0x6B8F,2, 0xAD97,3, 0xCF5D,6,
    0xAD97,3, 0x29A7,3, 0xDC4D,1, 0x9307,2, 0x4125,3, 0x18C5,17, 0x4124,1, 0x6984,2,
    0xBB29,1, 0xDC4D,2, 0xBB29,3, 0x9307,1, 0xF572,1, 0xDC4D,3, 0x9307,3, 0xDC4D,9,
    0x9307,2, 0x6B8F,1, 0xAD97,8, 0x6B8F,1, 0x29A7,2, 0x59C4,1, 0x6984,2, 0x9307,1,
    0x6984,2, 0x18C5,20, 0x4124,1, 0x6984,1, 0x9307,1, 0xBB29,6, 0x9307,1, 0xF572,1,
    0xDC4D,17, 0x29A7,1, 0xAD97,2, 0x6B8F,7, 0x29A7,2, 0x9307,3, 0x59C4,1, 0x6984,2,
    0x18C5,20, 0x28E5,1, 0x4125,1, 0x69A5,1, 0x9307,6, 0x6984,1, 0xF572,1, 0xDC4D,17,
    0x9307,1, 0x6B8F,2, 0x29A7,7, 0x9307,2, 0xBB29,1, 0x9307,2, 0x6984,1, 0x9307,2,
    0x4125,3, 0x18C5,19, 0x28E5,1, 0x4124,5, 0x6984,2, 0xF572,1, 0xDC4D,18, 0x9307,9,
    0xBB29,5, 0x9307,1, 0x6984,5, 0x18C5,25, 0x6984,2, 0xF572,1, 0xDC4D,27, 0xBB29,5,
    0x9307,3, 0x59C4,1, 0x6984,2, 0x18C5,25, 0x6984,2, 0xF572,1, 0xDC4D,27, 0xBB29,2,
    0x9307,6, 0x6984,1, 0x4964,2, 0x18C5,25, 0x6984,2, 0xF572,1, 0xDC4D,27, 0xBB29,2,
    0x6984,1, 0x4124,3, 0x6A06,3, 0x3944,2, 0x18C5,25, 0x6984,2, 0xDC4D,1, 0xBB29,29,
    0x6984,1, 0x18C5,33, 0x6984,2, 0xDC4D,1, 0xBB29,29, 0x6984,1, 0x18C5,33, 0x6984,2,
    0xDC4D,1, 0xBB29,29, 0x6984,1, 0x18C5,33, 0x6984,33, 0x18C5,36, 0xBB29,2, 0x6984,1,
    0x18C5,15, 0xBB29,2, 0x6984,1, 0x18C5,45, 0xBB29,2, 0x6984,1, 0x18C5,15, 0xBB29,2,
    0x6984,1, 0x18C5,45, 0x6984,3, 0x18C5,15, 0x6984,3, 0x18C5,40, 0x10A4,1, 0x1084,35,
    0x10A4,1, 0x18C5,29, 0x10A4,1, 0x1084,35, 0x10A4,1, 0x18C5,34, 0x18C6,1, 0x10A4,26,
    0x18C6,1, 0x18C5,25, 0x18C5,31, 0x2126,9, 0x18C5,57, 0x29A7,9, 0x18C5,56, 0x2126,1,
    0x6B8F,9, 0x2126,2, 0x18C5,52, 0x8C72,2, 0xAD97,1, 0xDF1D,2, 0xCF5D,6, 0xDF1D,1,
    0x6B8F,2, 0x2126,1, 0x18C5,51, 0xFFFF,5, 0xCF5D,6, 0xDF1D,1, 0xAD97,2, 0x29A7,1,
    0x18C5,50, 0x2126,1, 0xFFFF,2, 0xDF1D,3, 0xCF5D,7, 0xAD97,2, 0x6B8F,1, 0x2126,2,
    0x18C5,46, 0x2126,2, 0x6B8F,1, 0xDF1D,2, 0xCF5D,3, 0xDF1D,1, 0x6B8F,5, 0xCF5D,3,
    0xAD97,1, 0x6B8F,2, 0x2126,1, 0x18C5,45, 0x29A7,2, 0xDF1D,3, 0xCF5D,3, 0xFFFF,1,
    0x1882,5, 0xCF5D,3, 0xAD97,3, 0x29A7,1, 0x18C5,30, 0x6984,15, 0x29A7,2, 0xDF1D,1,
    0xCF5D,5, 0x6B8F,1, 0x1882,5, 0xCF5D,3, 0xAD97,1, 0x6B8F,2, 0x29A7,1, 0x18C5,24,
    0x28E5,1, 0x4124,5, 0x6984,15, 0x29A7,2, 0xDF1D,1, 0xCF5D,5, 0x1882,6, 0xCF5D,4,
    0x6B8F,2, 0x29A7,1, 0x18C5,24, 0x4125,1, 0x6984,7, 0xF572,13, 0x29A7,2, 0xDF1D,1,
    0xCF5D,5, 0x1882,6, 0xCF5D,4, 0x6B8F,2, 0x29A7,1, 0x18C5,22, 0x28E5,1, 0x4125,1,
    0x69A5,1, 0x9307,1, 0xBB29,5, 0x9307,1, 0xF572,1, 0xFE98,3, 0xDC4D,9, 0x29A7,2,
    0xDF1D,1, 0xCF5D,5, 0x1882,6, 0xCF5D,4, 0x6B8F,2, 0x29A7,1, 0x18C5,22, 0x4124,1,
    0x6984,2, 0xBB29,1, 0xDC4D,5, 0xBB29,1, 0xF572,1, 0xFE98,3, 0xDC4D,9, 0x29A7,2,
    0xDF1D,1, 0xCF5D,5, 0x1882,6, 0xCF5D,4, 0x6B8F,2, 0x29A7,1, 0x4124,3, 0x18C5,19,
    0x4124,1, 0x6984,2, 0x9307,1, 0xBB29,2, 0xDC4D,3, 0x9307,1, 0xF572,1, 0xDC4D,12,
    0x29A7,2, 0xDF1D,1, 0xCF5D,5, 0x1882,6, 0xCF5D,4, 0x6B8F,2, 0x29A7,1, 0x6984,3,
    0x18C5,19, 0x28E5,1, 0x4125,2, 0x69A5,1, 0x9307,1, 0xBB29,1, 0xDC4D,3, 0x9307,1,
    0xF572,1, 0xDC4D,12, 0x29A7,2, 0xDF1D,1, 0xCF5D,5, 0x1882,6, 0xCF5D,3, 0xAD97,1,
    0x6B8F,2, 0x29A7,1, 0xBB29,2, 0x9307,1, 0x4125,2, 0x18C5,20, 0x4125,1, 0x6984,1,
    0x9307,1, 0xDC4D,3, 0x9307,1, 0xF572,1, 0xDC4D,3, 0x9307,3, 0xDC4D,6, 0x9307,2,
    0x6B8F,1, 0xAD97,2, 0xCF5D,3, 0x6B8F,6, 0xCF5D,3, 0x6B8F,1, 0x29A7,2, 0x9307,1,
    0xDC4D,2, 0x9307,1, 0x6984,2, 0x18C5,20, 0x4125,1, 0x6984,1, 0x9307,1, 0xDC4D,3,
    0x9307,1, 0xF572,1, 0xDC4D,3, 0x1882,3, 0xDC4D,8, 0x29A7,1, 0xAD97,2, 0xCF5D,12,
    0x6B8F,1, 0x29A7,2, 0xDC4D,1, 0xBB29,2, 0x6984,3, 0x18C5,17, 0x28E5,1, 0x4125,2,
    0x7A48,1, 0xBB29,1, 0xDC4D,4, 0x9307,1, 0xF572,1, 0xDC4D,3, 0x1882,3, 0xDC4D,8,
    0x9307,1, 0x6B8F,2, 0xAD97,3, 0xCF5D,6, 0xAD97,3, 0x29A7,3, 0xDC4D,1, 0x9307,2,
    0x4125,3, 0x18C5,17, 0x4124,1, 0x6984,2, 0xBB29,1, 0xDC4D,2, 0xBB29,3, 0x9307,1,
    0xF572,1, 0xDC4D,3, 0x9307,3, 0xDC4D,9, 0x9307,2, 0x6B8F,1, 0xAD97,8, 0x6B8F,1,
    0x29A7,2, 0x59C4,1, 0x6984,2, 0x9307,1, 0x6984,2, 0x18C5,20, 0x4124,1, 0x6984,1,
    0x9307,1, 0xBB29,6, 0x9307,1, 0xF572,1, 0xDC4D,17, 0x29A7,1, 0xAD97,2, 0x6B8F,7,
    0x29A7,2, 0x9307,3, 0x59C4,1, 0x6984,2, 0x18C5,20, 0x28E5,1, 0x4125,1, 0x69A5,1,
    0x9307,6, 0x6984,1, 0xF572,1, 0xDC4D,17, 0x9307,1, 0x6B8F,2, 0x29A7,7, 0x9307,2,
    0xBB29,1, 0x9307,2, 0x6984,1, 0x9307,2, 0x4125,3, 0x18C5,19, 0x28E5,1, 0x4124,5,
    0x6984,2, 0xF572,1, 0xDC4D,18, 0x9307,9, 0xBB29,5, 0x9307,1, 0x6984,5, 0x18C5,25,
    0x6984,2, 0xF572,1, 0xDC4D,27, 0xBB29,5, 0x9307,3, 0x59C4,1, 0x6984,2, 0x18C5,25,
    0x6984,2, 0xF572,1, 0xDC4D,27, 0xBB29,2, 0x9307,6, 0x6984,1, 0x4964,2, 0x18C5,25,
    0x6984,2, 0xF572,1, 0xDC4D,27, 0xBB29,2, 0x6984,1, 0x4124,3, 0x6A06,3, 0x3944,2,
    0x18C5,25, 0x6984,2, 0xDC4D,1, 0xBB29,29, 0x6984,1, 0x18C5,33, 0x6984,2, 0xDC4D,1,
    0xBB29,29, 0x6984,1, 0x18C5,33, 0x6984,2, 0xDC4D,1, 0xBB29,29, 0x6984,1, 0x18C5,33,
    0x6984,33, 0x18C5,42, 0xBB29,2, 0x6984,1, 0x18C5,15, 0xBB29,2, 0x6984,1, 0x18C5,45,
    0xBB29,2, 0x6984,1, 0x18C5,15, 0xBB29,2, 0x6984,1, 0x18C5,45, 0x6984,3, 0x18C5,15,
    0x6984,3, 0x18C5,34, 0x10A4,1, 0x1084,35, 0x10A4,1, 0x18C5,29, 0x10A4,1, 0x1084,35,
    0x10A4,1, 0x18C5,34, 0x18C6,1, 0x10A4,26, 0x18C6,1, 0x18C5,25, 0x18C5,31, 0x2126,9,
    0x18C5,57, 0x29A7,9, 0x18C5,56, 0x2126,1, 0x6B8F,9, 0x2126,2, 0x18C5,52, 0x8C72,2,
    0xAD97,1, 0xDF1D,2, 0xCF5D,6, 0xDF1D,1, 0x6B8F,2, 0x2126,1, 0x18C5,51, 0xFFFF,5,
    0xCF5D,6, 0xDF1D,1, 0xAD97,2, 0x29A7,1, 0x18C5,50, 0x2126,1, 0xFFFF,2, 0xDF1D,3,
    0xCF5D,7, 0xAD97,2, 0x6B8F,1, 0x2126,2, 0x18C5,46, 0x2126,2, 0x6B8F,1, 0xDF1D,2,
    0xCF5D,3, 0xDF1D,1, 0x6B8F,5, 0xCF5D,3, 0xAD97,1, 0x6B8F,2, 0x2126,1, 0x18C5,45,
    0x29A7,2, 0xDF1D,3, 0xCF5D,3, 0xFFFF,1, 0x1882,5, 0xCF5D,3, 0xAD97,3, 0x29A7,1,
    0x18C5,30, 0x6984,15, 0x29A7,2, 0xDF1D,1, 0xCF5D,5, 0x6B8F,1, 0x1882,5, 0xCF5D,3,
    0xAD97,1, 0x6B8F,2, 0x29A7,1, 0x18C5,24, 0x28E5,1, 0x4124,5, 0x6984,15, 0x29A7,2,
    0xDF1D,1, 0xCF5D,5, 0x1882,6, 0xCF5D,4, 0x6B8F,2, 0x29A7,1, 0x18C5,24, 0x4125,1,
    0x6984,7, 0xF572,13, 0x29A7,2, 0xDF1D,1, 0xCF5D,5, 0x1882,6, 0xCF5D,4, 0x6B8F,2,
    0x29A7,1, 0x18C5,22, 0x28E5,1, 0x4125,1, 0x69A5,1, 0x9307,1, 0xBB29,5, 0x9307,1,
    0xF572,1, 0xFE98,3, 0xDC4D,9, 0x29A7,2, 0xDF1D,1, 0xCF5D,5, 0x1882,6, 0xCF5D,4,
    0x6B8F,2, 0x29A7,1, 0x18C5,22, 0x4124,1, 0x6984,2, 0xBB29,1, 0xDC4D,5, 0xBB29,1,
    0xF572,1, 0xFE98,3, 0xDC4D,9, 0x29A7,2, 0xDF1D,1, 0xCF5D,5, 0x1882,6, 0xCF5D,4,
    0x6B8F,2, 0x29A7,1, 0x4124,3, 0x18C5,19, 0x4124,1, 0x6984,2, 0x9307,1, 0xBB29,2,
    0xDC4D,3, 0x9307,1, 0xF572,1, 0xDC4D,12, 0x29A7,2, 0xDF1D,1, 0xCF5D,5, 0x1882,6,
    0xCF5D,4, 0x6B8F,2, 0x29A7,1, 0x6984,3, 0x18C5,19, 0x28E5,1, 0x4125,2, 0x69A5,1,
    0x9307,1, 0xBB29,1, 0xDC4D,3, 0x9307,1, 0xF572,1, 0xDC4D,12, 0x29A7,2, 0xDF1D,1,
    0xCF5D,5, 0x1882,6, 0xCF5D,3, 0xAD97,1, 0x6B8F,2, 0x29A7,1, 0xBB29,2, 0x9307,1,
    0x4125,2, 0x18C5,20, 0x4125,1, 0x6984,1, 0x9307,1, 0xDC4D,3, 0x9307,1, 0xF572,1,
    0xDC4D,3, 0x9307,3, 0xDC4D,6, 0x9307,2, 0x6B8F,1, 0xAD97,2, 0xCF5D,3, 0x6B8F,6,
    0xCF5D,3, 0x6B8F,1, 0x29A7,2, 0x9307,1, 0xDC4D,2, 0x9307,1, 0x6984,2, 0x18C5,20,
    0x4125,1, 0x6984,1, 0x9307,1, 0xDC4D,3, 0x9307,1, 0xF572,1, 0xDC4D,3, 0x1882,3,
    0xDC4D,8, 0x29A7,1, 0xAD97,2, 0xCF5D,12, 0x6B8F,1, 0x29A7,2, 0xDC4D,1, 0xBB29,2,
    0x6984,3, 0x18C5,17, 0x28E5,1, 0x4125,2, 0x7A48,1, 0xBB29,1, 0xDC4D,4, 0x9307,1,
    0xF572,1, 0xDC4D,3, 0x1882,3, 0xDC4D,8, 0x9307,1, 0x6B8F,2, 0xAD97,3, 0xCF5D,6,
    0xAD97,3, 0x29A7,3, 0xDC4D,1, 0x9307,2, 0x4125,3, 0x18C5,17, 0x4124,1, 0x6984,2,
    0xBB29,1, 0xDC4D,2, 0xBB29,3, 0x9307,1, 0xF572,1, 0xDC4D,3, 0x9307,3, 0xDC4D,9,
    0x9307,2, 0x6B8F,1, 0xAD97,8, 0x6B8F,1, 0x29A7,2, 0x59C4,1, 0x6984,2, 0x9307,1,
    0x6984,2, 0x18C5,20, 0x4124,1, 0x6984,1, 0x9307,1, 0xBB29,6, 0x9307,1, 0xF572,1,
    0xDC4D,17, 0x29A7,1, 0xAD97,2, 0x6B8F,7, 0x29A7,2, 0x9307,3, 0x59C4,1, 0x6984,2,
    0x18C5,20, 0x28E5,1, 0x4125,1, 0x69A5,1, 0x9307,6, 0x6984,1, 0xF572,1, 0xDC4D,17,
    0x9307,1, 0x6B8F,2, 0x29A7,7, 0x9307,2, 0xBB29,1, 0x9307,2, 0x6984,1, 0x9307,2,
    0x4125,3, 0x18C5,19, 0x28E5,1, 0x4124,5, 0x6984,2, 0xF572,1, 0xDC4D,18, 0x9307,9,
    0xBB29,5, 0x9307,1, 0x6984,5, 0x18C5,25, 0x6984,2, 0xF572,1, 0xDC4D,27, 0xBB29,5,
    0x9307,3, 0x59C4,1, 0x6984,2, 0x18C5,25, 0x6984,2, 0xF572,1, 0xDC4D,27, 0xBB29,2,
    0x9307,6, 0x6984,1, 0x4964,2, 0x18C5,25, 0x6984,2, 0xF572,1, 0xDC4D,27, 0xBB29,2,
    0x6984,1, 0x4124,3, 0x6A06,3, 0x3944,2, 0x18C5,25, 0x6984,2, 0xDC4D,1, 0xBB29,29,
    0x6984,1, 0x18C5,33, 0x6984,2, 0xDC4D,1, 0xBB29,29, 0x6984,1, 0x18C5,33, 0x6984,2,
    0xDC4D,1, 0xBB29,29, 0x6984,1, 0x18C5,33, 0x6984,33, 0x18C5,42, 0xBB29,2, 0x6984,1,
    0x18C5,15, 0xBB29,2, 0x6984,1, 0x18C5,45, 0xBB29,2, 0x6984,1, 0x18C5,15, 0xBB29,2,
    0x6984,1, 0x18C5,45, 0x6984,3, 0x18C5,15, 0x6984,3, 0x18C5,34, 0x10A4,1, 0x1084,35,
    0x10A4,1, 0x18C5,29, 0x10A4,1, 0x1084,35, 0x10A4,1, 0x18C5,34, 0x18C6,1, 0x10A4,26,
    0x18C6,1, 0x18C5,25, 0x18C5,163, 0x29A7,9, 0x18C5,57, 0x29A7,9, 0x18C5,56, 0x29A7,1,
    0xDF1D,9, 0x29A7,2, 0x18C5,52, 0xFFFF,5, 0xCF5D,6, 0xDF1D,1, 0xAD97,2, 0x29A7,1,
    0x18C5,51, 0xFFFF,5, 0xCF5D,6, 0xDF1D,1, 0xAD97,2, 0x29A7,1, 0x18C5,50, 0x29A7,1,
    0xFFFF,2, 0xCF5D,12, 0xAD97,1, 0x29A7,2, 0x18C5,31, 0x6984,15, 0x29A7,2, 0xDF1D,3,
    0xCF5D,3, 0xFFFF,1, 0x1882,5, 0xCF5D,3, 0xAD97,3, 0x29A7,1, 0x18C5,24, 0x28E5,1,
    0x4124,5, 0x6984,15, 0x29A7,2, 0xDF1D,3, 0xCF5D,3, 0xFFFF,1, 0x1882,5, 0xCF5D,3,
    0xAD97,3, 0x29A7,1, 0x18C5,24, 0x4125,1, 0x6984,7, 0xF572,13, 0x29A7,2, 0xDF1D,1,
    0xCF5D,5, 0x1882,6, 0xCF5D,4, 0x6B8F,2, 0x29A7,1, 0x18C5,22, 0x28E5,1, 0x4125,1,
    0x69A5,1, 0x9307,1, 0xBB29,5, 0x9307,1, 0xF572,1, 0xFE98,3, 0xDC4D,9, 0x29A7,2,
    0xDF1D,1, 0xCF5D,5, 0x1882,6, 0xCF5D,4, 0x6B8F,2, 0x29A7,1, 0x18C5,22, 0x4124,1,
    0x6984,2, 0xBB29,1, 0xDC4D,5, 0xBB29,1, 0xF572,1, 0xFE98,3, 0xDC4D,9, 0x29A7,2,
    0xDF1D,1, 0xCF5D,5, 0x1882,6, 0xCF5D,4, 0x6B8F,2, 0x29A7,1, 0x4124,3, 0x18C5,19,
    0x4124,1, 0x6984,2, 0x9307,1, 0xBB29,2, 0xDC4D,3, 0x9307,1, 0xF572,1, 0xDC4D,12,
    0x29A7,2, 0xDF1D,1, 0xCF5D,5, 0x1882,6, 0xCF5D,4, 0x6B8F,2, 0x29A7,1, 0x6984,3,
    0x18C5,19, 0x28E5,1, 0x4125,2, 0x69A5,1, 0x9307,1, 0xBB29,1, 0xDC4D,3, 0x9307,1,
    0xF572,1, 0xDC4D,12, 0x29A7,2, 0xDF1D,1, 0xCF5D,5, 0x1882,6, 0xCF5D,4, 0x6B8F,2,
    0x29A7,1, 0xBB29,2, 0x9307,1, 0x4125,2, 0x18C5,20, 0x4125,1, 0x6984,1, 0x9307,1,
    0xDC4D,3, 0x9307,1, 0xF572,1, 0xDC4D,3, 0x9307,3, 0xDC4D,6, 0x29A7,2, 0xDF1D,1,
    0xCF5D,5, 0x1882,6, 0xCF5D,4, 0x6B8F,2, 0x29A7,1, 0xDC4D,2, 0x9307,1, 0x6984,2,
    0x18C5,20, 0x4125,1, 0x6984,1, 0x9307,1, 0xDC4D,3, 0x9307,1, 0xF572,1, 0xDC4D,3,
    0x1882,3, 0xDC4D,6, 0x29A7,2, 0xDF1D,3, 0xCF5D,3, 0x1882,6, 0xCF5D,3, 0x6B8F,3,
    0x29A7,1, 0xBB29,2, 0x6984,3, 0x18C5,17, 0x28E5,1, 0x4125,2, 0x7A48,1, 0xBB29,1,
    0xDC4D,4, 0x9307,1, 0xF572,1, 0xDC4D,3, 0x1882,3, 0xDC4D,8, 0x29A7,1, 0xAD97,2,
    0xCF5D,12, 0x6B8F,1, 0x29A7,2, 0xDC4D,1, 0x9307,2, 0x4125,3, 0x18C5,17, 0x4124,1,
    0x6984,2, 0xBB29,1, 0xDC4D,2, 0xBB29,3, 0x9307,1, 0xF572,1, 0xDC4D,3, 0x9307,3,
    0xDC4D,8, 0x29A7,1, 0xAD97,2, 0xCF5D,12, 0x6B8F,1, 0x29A7,2, 0xDC4D,1, 0x6984,2,
    0x18C5,20, 0x4124,1, 0x6984,1, 0x9307,1, 0xBB29,6, 0x9307,1, 0xF572,1, 0xDC4D,15,
    0x29A7,2, 0xAD97,3, 0xCF5D,6, 0x6B8F,3, 0x29A7,1, 0x59C4,2, 0xDC4D,1, 0x6984,2,
    0x18C5,20, 0x28E5,1, 0x4125,1, 0x69A5,1, 0x9307,6, 0x6984,1, 0xF572,1, 0xDC4D,17,
    0x29A7,1, 0xAD97,2, 0x6B8F,7, 0x29A7,2, 0x9307,3, 0x59C4,1, 0xBB29,2, 0x4125,3,
    0x18C5,19, 0x28E5,1, 0x4124,5, 0x6984,2, 0xF572,1, 0xDC4D,17, 0x29A7,1, 0xAD97,2,
    0x6B8F,7, 0x29A7,2, 0x9307,3, 0x59C4,1, 0xDC4D,2, 0x9307,1, 0x6984,2, 0x18C5,25,
    0x6984,2, 0xF572,1, 0xDC4D,18, 0x29A7,9, 0xBB29,3, 0x9307,3, 0x59C4,2, 0xBB29,1,
    0x6984,2, 0x18C5,25, 0x6984,2, 0xF572,1, 0xDC4D,27, 0xBB29,2, 0x9307,6, 0x59C4,1,
    0x4125,2, 0x18C5,25, 0x6984,2, 0xF572,1, 0xDC4D,27, 0xBB29,2, 0x6984,1, 0x4124,2,
    0x9307,3, 0x59C4,1, 0x18C5,27, 0x6984,2, 0xDC4D,1, 0xBB29,29, 0x6984,1, 0x18C5,3,
    0x9307,3, 0x59C4,2, 0x18C5,25, 0x6984,2, 0xDC4D,1, 0xBB29,29, 0x6984,1, 0x18C5,33,
    0x6984,2, 0xDC4D,1, 0xBB29,29, 0x6984,1, 0x18C5,33, 0x6984,33, 0x18C5,36, 0xBB29,2,
    0x6984,1, 0x18C5,15, 0xBB29,2, 0x6984,1, 0x18C5,45, 0xBB29,2, 0x6984,1, 0x18C5,15,
    0xBB29,2, 0x6984,1, 0x18C5,45, 0x6984,3, 0x18C5,15, 0x6984,3, 0x18C5,40, 0x10A4,1,
    0x1084,35, 0x10A4,1, 0x18C5,29, 0x10A4,1, 0x1084,35, 0x10A4,1, 0x18C5,34, 0x18C6,1,
    0x10A4,26, 0x18C6,1, 0x18C5,25, 0x18C5,164, 0x2126,1, 0x29A7,8, 0x2126,1, 0x18C5,56,
    0x2126,1, 0x29A7,8, 0x2126,1, 0x18C5,55, 0x2126,1, 0x6B8F,1, 0xDF1D,8, 0x6B8F,1,
    0x29A7,1, 0x2126,1, 0x18C5,51, 0x8C72,1, 0xFFFF,4, 0xDF1D,1, 0xCF5D,6, 0xAD97,2,
    0x6B8F,1, 0x2126,1, 0x18C5,50, 0x8C72,1, 0xFFFF,4, 0xDF1D,1, 0xCF5D,6, 0xAD97,2,
    0x6B8F,1, 0x2126,1, 0x18C5,49, 0x2126,1, 0xAD97,1, 0xFFFF,1, 0xDF1D,1, 0xCF5D,11,
    0xAD97,1, 0x6B8F,1, 0x29A7,1, 0x2126,1, 0x18C5,30, 0x4124,1, 0x6984,14, 0x59C4,1,
    0x29A7,1, 0x6B8F,1, 0xDF1D,2, 0xCF5D,3, 0xDF1D,1, 0x6B8F,1, 0x1882,4, 0x6B8F,1,
    0xCF5D,2, 0xAD97,3, 0x6B8F,1, 0x2126,1, 0x18C5,24, 0x4124,5, 0x5144,1, 0x6984,14,
    0x59C4,1, 0x29A7,1, 0x6B8F,1, 0xDF1D,2, 0xCF5D,3, 0xDF1D,1, 0x6B8F,1, 0x1882,4,
    0x6B8F,1, 0xCF5D,2, 0xAD97,3, 0x6B8F,1, 0x2126,1, 0x18C5,24, 0x6984,7, 0xBB29,1,
    0xF572,12, 0x9307,1, 0x29A7,1, 0x6B8F,1, 0xCF5D,5, 0x6B8F,1, 0x1882,5, 0x6B8F,1,
    0xCF5D,3, 0xAD97,1, 0x6B8F,1, 0x29A7,1, 0x2126,1, 0x18C5,22, 0x4125,2, 0x9307,1,
    0xBB29,7, 0xF572,1, 0xFE98,2, 0xF572,1, 0xDC4D,8, 0x9307,1, 0x29A7,1, 0x6B8F,1,
    0xCF5D,5, 0x6B8F,1, 0x1882,5, 0x6B8F,1, 0xCF5D,3, 0xAD97,1, 0x6B8F,1, 0x29A7,1,
    0x2126,1, 0x18C5,22, 0x6984,2, 0x9307,1, 0xDC4D,6, 0xBB29,1, 0xF572,1, 0xFE98,2,
    0xF572,1, 0xDC4D,8, 0x9307,1, 0x29A7,1, 0x6B8F,1, 0xCF5D,5, 0x6B8F,1, 0x1882,5,
    0x6B8F,1, 0xCF5D,3, 0xAD97,1, 0x6B8F,1, 0x29A7,1, 0x3166,1, 0x4124,2, 0x28E5,1,
    0x18C5,19, 0x6984,3, 0xBB29,2, 0xDC4D,4, 0xBB29,1, 0xDC4D,12, 0x9307,1, 0x29A7,1,
    0x6B8F,1, 0xCF5D,5, 0x6B8F,1, 0x1882,5, 0x6B8F,1, 0xCF5D,3, 0xAD97,1, 0x6B8F,1,
    0x29A7,1, 0x59C4,1, 0x6984,2, 0x4125,1, 0x18C5,19, 0x4125,3, 0x9307,2, 0xDC4D,4,
    0xBB29,1, 0xDC4D,12, 0x9307,1, 0x29A7,1, 0x6B8F,1, 0xCF5D,5, 0x6B8F,1, 0x1882,5,
    0x6B8F,1, 0xCF5D,3, 0xAD97,1, 0x6B8F,1, 0x29A7,1, 0x9307,1, 0xBB29,1, 0x9307,1,
    0x69A5,1, 0x4125,1, 0x28E5,1, 0x18C5,20, 0x6984,2, 0xDC4D,4, 0xBB29,1, 0xDC4D,3,
    0xBB29,1, 0x9307,2, 0xBB29,1, 0xDC4D,5, 0x9307,1, 0x29A7,1, 0x6B8F,1, 0xCF5D,5,
    0x6B8F,1, 0x1882,5, 0x6B8F,1, 0xCF5D,3, 0xAD97,1, 0x6B8F,1, 0x29A7,1, 0x9307,1,
    0xDC4D,1, 0xBB29,1, 0x6984,2, 0x4124,1, 0x18C5,20, 0x6984,2, 0xDC4D,4, 0xBB29,1,
    0xDC4D,3, 0x9307,1, 0x1882,2, 0x9307,1, 0xDC4D,5, 0x9307,1, 0x29A7,1, 0x6B8F,1,
    0xDF1D,2, 0xCF5D,3, 0x6B8F,1, 0x1882,5, 0x6B8F,1, 0xCF5D,2, 0xAD97,1, 0x6B8F,2,
    0x29A7,1, 0x9307,1, 0xBB29,1, 0x9307,1, 0x6984,2, 0x4124,1, 0x18C5,17, 0x4125,3,
    0xBB29,2, 0xDC4D,4, 0xBB29,1, 0xDC4D,3, 0x9307,1, 0x1882,2, 0x9307,1, 0xDC4D,7,
    0x9307,1, 0x6B8F,1, 0xAD97,2, 0xCF5D,11, 0xAD97,1, 0x29A7,2, 0x9307,1, 0xBB29,1,
    0x9307,1, 0x69A5,1, 0x4125,2, 0x28E5,1, 0x18C5,17, 0x6984,2, 0x9307,1, 0xDC4D,2,
    0xBB29,5, 0xDC4D,3, 0xBB29,1, 0x9307,2, 0xBB29,1, 0xDC4D,7, 0x9307,1, 0x6B8F,1,
    0xAD97,2, 0xCF5D,11, 0xAD97,1, 0x29A7,2, 0x9307,2, 0x6984,1, 0x4125,1, 0x18C5,20,
    0x6984,2, 0xBB29,8, 0xDC4D,15, 0x9307,1, 0x29A7,1, 0x6B8F,1, 0xAD97,3, 0xCF5D,5,
    0xAD97,1, 0x6B8F,2, 0x29A7,2, 0x59C4,1, 0x9307,2, 0x6984,1, 0x4125,1, 0x18C5,20,
    0x4125,2, 0x9307,7, 0xBB29,1, 0xDC4D,17, 0x9307,1, 0x6B8F,1, 0xAD97,1, 0x6B8F,7,
    0x29A7,2, 0x59C4,1, 0x9307,2, 0x6984,1, 0x9307,1, 0xBB29,1, 0x7A48,1, 0x4125,2,
    0x28E5,1, 0x18C5,19, 0x4124,5, 0x5144,1, 0x6984,1, 0xBB29,1, 0xDC4D,17, 0x9307,1,
    0x6B8F,1, 0xAD97,1, 0x6B8F,7, 0x29A7,2, 0x59C4,1, 0x9307,2, 0x6984,1, 0x9307,1,
    0xDC4D,1, 0xBB29,1, 0x6984,2, 0x4124,1, 0x18C5,24, 0x4124,1, 0x6984,1, 0xBB29,1,
    0xDC4D,18, 0x9307,1, 0x29A7,8, 0x9307,1, 0xBB29,1, 0x9307,4, 0x6984,1, 0x59C4,1,
    0x9307,2, 0x6984,1, 0x4124,1, 0x18C5,24, 0x4124,1, 0x6984,1, 0xBB29,1, 0xDC4D,27,
    0xBB29,2, 0x9307,6, 0x6984,2, 0x4125,1, 0x28E5,1, 0x18C5,24, 0x4124,1, 0x6984,1,
    0xBB29,1, 0xDC4D,27, 0xBB29,2, 0x9307,1, 0x5144,1, 0x4124,1, 0x6A06,1, 0x9307,2,
    0x6984,1, 0x4144,1, 0x18C5,26, 0x4124,1, 0x6984,1, 0x9307,1, 0xBB29,29, 0x9307,1,
    0x4124,1, 0x18C5,2, 0x51E6,1, 0x9307,2, 0x6984,1, 0x59C4,1, 0x3944,1, 0x18C5,24,
    0x4124,1, 0x6984,1, 0x9307,1, 0xBB29,29, 0x9307,1, 0x4124,1, 0x18C5,32, 0x4124,1,
    0x6984,1, 0x9307,1, 0xBB29,29, 0x9307,1, 0x4124,1, 0x18C5,32, 0x4124,1, 0x6984,32,
    0x4124,1, 0x18C5,35, 0x69E7,1, 0xBB29,1, 0x9307,1, 0x4124,1, 0x18C5,14, 0x69E7,1,
    0xBB29,1, 0x9307,1, 0x4124,1, 0x18C5,44, 0x69E7,1, 0xBB29,1, 0x9307,1, 0x4124,1,
    0x18C5,14, 0x69E7,1, 0xBB29,1, 0x9307,1, 0x4124,1, 0x18C5,44, 0x4124,1, 0x6984,2,
    0x4124,1, 0x18C5,14, 0x4124,1, 0x6984,2, 0x4124,1, 0x18C5,40, 0x1084,36, 0x18C5,30,
    0x1084,36, 0x18C5,35, 0x10A4,27, 0x18C5,24, 0x18C5,164, 0x2126,1, 0x29A7,8, 0x2126,1,
    0x18C5,56, 0x2126,1, 0x29A7,8, 0x2126,1, 0x18C5,55, 0x2126,1, 0x6B8F,1, 0xDF1D,8,
    0x6B8F,1, 0x29A7,1, 0x2126,1, 0x18C5,51, 0x8C72,1, 0xFFFF,4, 0xDF1D,1, 0xCF5D,6,
    0xAD97,2, 0x6B8F,1, 0x2126,1, 0x18C5,50, 0x8C72,1, 0xFFFF,4, 0xDF1D,1, 0xCF5D,6,
    0xAD97,2, 0x6B8F,1, 0x2126,1, 0x18C5,49, 0x2126,1, 0xAD97,1, 0xFFFF,1, 0xDF1D,1,
    0xCF5D,11, 0xAD97,1, 0x6B8F,1, 0x29A7,1, 0x2126,1, 0x18C5,30, 0x4124,1, 0x6984,14,
    0x59C4,1, 0x29A7,1, 0x6B8F,1, 0xDF1D,2, 0xCF5D,3, 0xDF1D,1, 0x6B8F,1, 0x1882,4,
    0x6B8F,1, 0xCF5D,2, 0xAD97,3, 0x6B8F,1, 0x2126,1, 0x18C5,24, 0x4124,5, 0x5144,1,
    0x6984,14, 0x59C4,1, 0x29A7,1, 0x6B8F,1, 0xDF1D,2, 0xCF5D,3, 0xDF1D,1, 0x6B8F,1,
    0x1882,4, 0x6B8F,1, 0xCF5D,2, 0xAD97,3, 0x6B8F,1, 0x2126,1, 0x18C5,24, 0x6984,7,
    0xBB29,1, 0xF572,12, 0x9307,1, 0x29A7,1, 0x6B8F,1, 0xCF5D,5, 0x6B8F,1, 0x1882,5,
    0x6B8F,1, 0xCF5D,3, 0xAD97,1, 0x6B8F,1, 0x29A7,1, 0x2126,1, 0x18C5,22, 0x4125,2,
    0x9307,1, 0xBB29,7, 0xF572,1, 0xFE98,2, 0xF572,1, 0xDC4D,8, 0x9307,1, 0x29A7,1,
    0x6B8F,1, 0xCF5D,5, 0x6B8F,1, 0x1882,5, 0x6B8F,1, 0xCF5D,3, 0xAD97,1, 0x6B8F,1,
    0x29A7,1, 0x2126,1, 0x18C5,22, 0x6984,2, 0x9307,1, 0xDC4D,6, 0xBB29,1, 0xF572,1,
    0xFE98,2, 0xF572,1, 0xDC4D,8, 0x9307,1, 0x29A7,1, 0x6B8F,1, 0xCF5D,5, 0x6B8F,1,
    0x1882,5, 0x6B8F,1, 0xCF5D,3, 0xAD97,1, 0x6B8F,1, 0x29A7,1, 0x3166,1, 0x4124,2,
    0x28E5,1, 0x18C5,19, 0x6984,3, 0xBB29,2, 0xDC4D,4, 0xBB29,1, 0xDC4D,12, 0x9307,1,
    0x29A7,1, 0x6B8F,1, 0xCF5D,5, 0x6B8F,1, 0x1882,5, 0x6B8F,1, 0xCF5D,3, 0xAD97,1,
    0x6B8F,1, 0x29A7,1, 0x59C4,1, 0x6984,2, 0x4125,1, 0x18C5,19, 0x4125,3, 0x9307,2,
    0xDC4D,4, 0xBB29,1, 0xDC4D,12, 0x9307,1, 0x29A7,1, 0x6B8F,1, 0xCF5D,5, 0x6B8F,1,
    0x1882,5, 0x6B8F,1, 0xCF5D,3, 0xAD97,1, 0x6B8F,1, 0x29A7,1, 0x9307,1, 0xBB29,1,
    0x9307,1, 0x69A5,1, 0x4125,1, 0x28E5,1, 0x18C5,20, 0x6984,2, 0xDC4D,4, 0xBB29,1,
    0xDC4D,3, 0xBB29,1, 0x9307,2, 0xBB29,1, 0xDC4D,5, 0x9307,1, 0x29A7,1, 0x6B8F,1,
    0xCF5D,5, 0x6B8F,1, 0x1882,5, 0x6B8F,1, 0xCF5D,3, 0xAD97,1, 0x6B8F,1, 0x29A7,1,
    0x9307,1, 0xDC4D,1, 0xBB29,1, 0x6984,2, 0x4124,1, 0x18C5,20, 0x6984,2, 0xDC4D,4,
    0xBB29,1, 0xDC4D,3, 0x9307,1, 0x1882,2, 0x9307,1, 0xDC4D,5, 0x9307,1, 0x29A7,1,
    0x6B8F,1, 0xDF1D,2, 0xCF5D,3, 0x6B8F,1, 0x1882,5, 0x6B8F,1, 0xCF5D,2, 0xAD97,1,
    0x6B8F,2, 0x29A7,1, 0x9307,1, 0xBB29,1, 0x9307,1, 0x6984,2, 0x4124,1, 0x18C5,17,
    0x4125,3, 0xBB29,2, 0xDC4D,4, 0xBB29,1, 0xDC4D,3, 0x9307,1, 0x1882,2, 0x9307,1,
    0xDC4D,7, 0x9307,1, 0x6B8F,1, 0xAD97,2, 0xCF5D,11, 0xAD97,1, 0x29A7,2, 0x9307,1,
    0xBB29,1, 0x9307,1, 0x69A5,1, 0x4125,2, 0x28E5,1, 0x18C5,17, 0x6984,2, 0x9307,1,
    0xDC4D,2, 0xBB29,5, 0xDC4D,3, 0xBB29,1, 0x9307,2, 0xBB29,1, 0xDC4D,7, 0x9307,1,
    0x6B8F,1, 0xAD97,2, 0xCF5D,11, 0xAD97,1, 0x29A7,2, 0x9307,2, 0x6984,1, 0x4125,1,
    0x18C5,20, 0x6984,2, 0xBB29,8, 0xDC4D,15, 0x9307,1, 0x29A7,1, 0x6B8F,1, 0xAD97,3,
    0xCF5D,5, 0xAD97,1, 0x6B8F,2, 0x29A7,2, 0x59C4,1, 0x9307,2, 0x6984,1, 0x4125,1,
    0x18C5,20, 0x4125,2, 0x9307,7, 0xBB29,1, 0xDC4D,17, 0x9307,1, 0x6B8F,1, 0xAD97,1,
    0x6B8F,7, 0x29A7,2, 0x59C4,1, 0x9307,2, 0x6984,1, 0x9307,1, 0xBB29,1, 0x7A48,1,
    0x4125,2, 0x28E5,1, 0x18C5,19, 0x4124,5, 0x5144,1, 0x6984,1, 0xBB29,1, 0xDC4D,17,
    0x9307,1, 0x6B8F,1, 0xAD97,1, 0x6B8F,7, 0x29A7,2, 0x59C4,1, 0x9307,2, 0x6984,1,
    0x9307,1, 0xDC4D,1, 0xBB29,1, 0x6984,2, 0x4124,1, 0x18C5,24, 0x4124,1, 0x6984,1,
    0xBB29,1, 0xDC4D,18, 0x9307,1, 0x29A7,8, 0x9307,1, 0xBB29,1, 0x9307,4, 0x6984,1,
    0x59C4,1, 0x9307,2, 0x6984,1, 0x4124,1, 0x18C5,24, 0x4124,1, 0x6984,1, 0xBB29,1,
    0xDC4D,27, 0xBB29,2, 0x9307,6, 0x6984,2, 0x4125,1, 0x28E5,1, 0x18C5,24, 0x4124,1,
    0x6984,1, 0xBB29,1, 0xDC4D,27, 0xBB29,2, 0x9307,1, 0x5144,1, 0x4124,1, 0x6A06,1,
    0x9307,2, 0x6984,1, 0x4144,1, 0x18C5,26, 0x4124,1, 0x6984,1, 0x9307,1, 0xBB29,29,
    0x9307,1, 0x4124,1, 0x18C5,2, 0x51E6,1, 0x9307,2, 0x6984,1, 0x59C4,1, 0x3944,1,
    0x18C5,24, 0x4124,1, 0x6984,1, 0x9307,1, 0xBB29,29, 0x9307,1, 0x4124,1, 0x18C5,32,
    0x4124,1, 0x6984,1, 0x9307,1, 0xBB29,29, 0x9307,1, 0x4124,1, 0x18C5,32, 0x4124,1,
    0x6984,32, 0x4124,1, 0x18C5,41, 0x69E7,1, 0xBB29,1, 0x9307,1, 0x4124,1, 0x18C5,14,
    0x69E7,1, 0xBB29,1, 0x9307,1, 0x4124,1, 0x18C5,44, 0x69E7,1, 0xBB29,1, 0x9307,1,
    0x4124,1, 0x18C5,14, 0x69E7,1, 0xBB29,1, 0x9307,1, 0x4124,1, 0x18C5,44, 0x4124,1,
    0x6984,2, 0x4124,1, 0x18C5,14, 0x4124,1, 0x6984,2, 0x4124,1, 0x18C5,34, 0x1084,36,
    0x18C5,30, 0x1084,36, 0x18C5,35, 0x10A4,27, 0x18C5,24, 0x18C5,166, 0x29A7,9, 0x18C5,57,
    0x29A7,9, 0x18C5,56, 0x29A7,1, 0xDF1D,9, 0x29A7,2, 0x18C5,52, 0xFFFF,5, 0xCF5D,6,
    0xDF1D,1, 0xAD97,2, 0x29A7,1, 0x18C5,51, 0xFFFF,5, 0xCF5D,6, 0xDF1D,1, 0xAD97,2,
    0x29A7,1, 0x18C5,50, 0x29A7,1, 0xFFFF,2, 0xCF5D,12, 0xAD97,1, 0x29A7,2, 0x18C5,31,
    0x6984,15, 0x29A7,2, 0xDF1D,3, 0xCF5D,3, 0xFFFF,1, 0x1882,5, 0xCF5D,3, 0xAD97,3,
    0x29A7,1, 0x18C5,24, 0x28E5,1, 0x4124,5, 0x6984,15, 0x29A7,2, 0xDF1D,3, 0xCF5D,3,
    0xFFFF,1, 0x1882,5, 0xCF5D,3, 0xAD97,3, 0x29A7,1, 0x18C5,24, 0x4125,1, 0x6984,7,
    0xF572,13, 0x29A7,2, 0xDF1D,1, 0xCF5D,5, 0x1882,6, 0xCF5D,4, 0x6B8F,2, 0x29A7,1,
    0x18C5,22, 0x28E5,1, 0x4125,1, 0x69A5,1, 0x9307,1, 0xBB29,5, 0x9307,1, 0xF572,1,
    0xFE98,3, 0xDC4D,9, 0x29A7,2, 0xDF1D,1, 0xCF5D,5, 0x1882,6, 0xCF5D,4, 0x6B8F,2,
    0x29A7,1, 0x18C5,22, 0x4124,1, 0x6984,2, 0xBB29,1, 0xDC4D,5, 0xBB29,1, 0xF572,1,
    0xFE98,3, 0xDC4D,9, 0x29A7,2, 0xDF1D,1, 0xCF5D,5, 0x1882,6, 0xCF5D,4, 0x6B8F,2,
    0x29A7,1, 0x4124,3, 0x18C5,19, 0x4124,1, 0x6984,2, 0x9307,1, 0xBB29,2, 0xDC4D,3,
    0x9307,1, 0xF572,1, 0xDC4D,12, 0x29A7,2, 0xDF1D,1, 0xCF5D,5, 0x1882,6, 0xCF5D,4,
    0x6B8F,2, 0x29A7,1, 0x6984,3, 0x18C5,19, 0x28E5,1, 0x4125,2, 0x69A5,1, 0x9307,1,
    0xBB29,1, 0xDC4D,3, 0x9307,1, 0xF572,1, 0xDC4D,12, 0x29A7,2, 0xDF1D,1, 0xCF5D,5,
    0x1882,6, 0xCF5D,4, 0x6B8F,2, 0x29A7,1, 0xBB29,2, 0x9307,1, 0x4125,2, 0x18C5,20,
    0x4125,1, 0x6984,1, 0x9307,1, 0xDC4D,3, 0x9307,1, 0xF572,1, 0xDC4D,3, 0x9307,3,
    0xDC4D,6, 0x29A7,2, 0xDF1D,1, 0xCF5D,5, 0x1882,6, 0xCF5D,4, 0x6B8F,2, 0x29A7,1,
    0xDC4D,2, 0x9307,1, 0x6984,2, 0x18C5,20, 0x4125,1, 0x6984,1, 0x9307,1, 0xDC4D,3,
    0x9307,1, 0xF572,1, 0xDC4D,3, 0x1882,3, 0xDC4D,6, 0x29A7,2, 0xDF1D,3, 0xCF5D,3,
    0x1882,6, 0xCF5D,3, 0x6B8F,3, 0x29A7,1, 0xBB29,2, 0x6984,3, 0x18C5,17, 0x28E5,1,
    0x4125,2, 0x7A48,1, 0xBB29,1, 0xDC4D,4, 0x9307,1, 0xF572,1, 0xDC4D,3, 0x1882,3,
    0xDC4D,8, 0x29A7,1, 0xAD97,2, 0xCF5D,12, 0x6B8F,1, 0x29A7,2, 0xDC4D,1, 0x9307,2,
    0x4125,3, 0x18C5,17, 0x4124,1, 0x6984,2, 0xBB29,1, 0xDC4D,2, 0xBB29,3, 0x9307,1,
    0xF572,1, 0xDC4D,3, 0x9307,3, 0xDC4D,8, 0x29A7,1, 0xAD97,2, 0xCF5D,12, 0x6B8F,1,
    0x29A7,2, 0xDC4D,1, 0x6984,2, 0x18C5,20, 0x4124,1, 0x6984,1, 0x9307,1, 0xBB29,6,
    0x9307,1, 0xF572,1, 0xDC4D,15, 0x29A7,2, 0xAD97,3, 0xCF5D,6, 0x6B8F,3, 0x29A7,1,
    0x59C4,2, 0xDC4D,1, 0x6984,2, 0x18C5,20, 0x28E5,1, 0x4125,1, 0x69A5,1, 0x9307,6,
    0x6984,1, 0xF572,1, 0xDC4D,17, 0x29A7,1, 0xAD97,2, 0x6B8F,7, 0x29A7,2, 0x9307,3,
    0x59C4,1, 0xBB29,2, 0x4125,3, 0x18C5,19, 0x28E5,1, 0x4124,5, 0x6984,2, 0xF572,1,
    0xDC4D,17, 0x29A7,1, 0xAD97,2, 0x6B8F,7, 0x29A7,2, 0x9307,3, 0x59C4,1, 0xDC4D,2,
    0x9307,1, 0x6984,2, 0x18C5,25, 0x6984,2, 0xF572,1, 0xDC4D,18, 0x29A7,9, 0xBB29,3,
    0x9307,3, 0x59C4,2, 0xBB29,1, 0x6984,2, 0x18C5,25, 0x6984,2, 0xF572,1, 0xDC4D,27,
    0xBB29,2, 0x9307,6, 0x59C4,1, 0x4125,2, 0x18C5,25, 0x6984,2, 0xF572,1, 0xDC4D,27,
    0xBB29,2, 0x6984,1, 0x4124,2, 0x9307,3, 0x59C4,1, 0x18C5,27, 0x6984,2, 0xDC4D,1,
    0xBB29,29, 0x6984,1, 0x18C5,3, 0x9307,3, 0x59C4,2, 0x18C5,25, 0x6984,2, 0xDC4D,1,
    0xBB29,29, 0x6984,1, 0x18C5,33, 0x6984,2, 0xDC4D,1, 0xBB29,29, 0x6984,1, 0x18C5,33,
    0x6984,33, 0x18C5,42, 0xBB29,2, 0x6984,1, 0x18C5,15, 0xBB29,2, 0x6984,1, 0x18C5,45,
    0xBB29,2, 0x6984,1, 0x18C5,15, 0xBB29,2, 0x6984,1, 0x18C5,45, 0x6984,3, 0x18C5,15,
    0x6984,3, 0x18C5,34, 0x10A4,1, 0x1084,35, 0x10A4,1, 0x18C5,29, 0x10A4,1, 0x1084,35,
    0x10A4,1, 0x18C5,34, 0x18C6,1, 0x10A4,26, 0x18C6,1, 0x18C5,22, 0x18C5,167, 0x2126,1,
    0x29A7,8, 0x2126,1, 0x18C5,56, 0x2126,1, 0x29A7,8, 0x2126,1, 0x18C5,55, 0x2126,1,
    0x6B8F,1, 0xDF1D,8, 0x6B8F,1, 0x29A7,1, 0x2126,1, 0x18C5,51, 0x8C72,1, 0xFFFF,4,
    0xDF1D,1, 0xCF5D,6, 0xAD97,2, 0x6B8F,1, 0x2126,1, 0x18C5,50, 0x8C72,1, 0xFFFF,4,
    0xDF1D,1, 0xCF5D,6, 0xAD97,2, 0x6B8F,1, 0x2126,1, 0x18C5,49, 0x2126,1, 0xAD97,1,
    0xFFFF,1, 0xDF1D,1, 0xCF5D,11, 0xAD97,1, 0x6B8F,1, 0x29A7,1, 0x2126,1, 0x18C5,30,
    0x4124,1, 0x6984,14, 0x59C4,1, 0x29A7,1, 0x6B8F,1, 0xDF1D,2, 0xCF5D,3, 0xDF1D,1,
    0x6B8F,1, 0x1882,4, 0x6B8F,1, 0xCF5D,2, 0xAD97,3, 0x6B8F,1, 0x2126,1, 0x18C5,24,
    0x4124,5, 0x5144,1, 0x6984,14, 0x59C4,1, 0x29A7,1, 0x6B8F,1, 0xDF1D,2, 0xCF5D,3,
    0xDF1D,1, 0x6B8F,1, 0x1882,4, 0x6B8F,1, 0xCF5D,2, 0xAD97,3, 0x6B8F,1, 0x2126,1,
    0x18C5,24, 0x6984,7, 0xBB29,1, 0xF572,12, 0x9307,1, 0x29A7,1, 0x6B8F,1, 0xCF5D,5,
    0x6B8F,1, 0x1882,5, 0x6B8F,1, 0xCF5D,3, 0xAD97,1, 0x6B8F,1, 0x29A7,1, 0x2126,1,
    0x18C5,22, 0x4125,2, 0x9307,1, 0xBB29,7, 0xF572,1, 0xFE98,2, 0xF572,1, 0xDC4D,8,
    0x9307,1, 0x29A7,1, 0x6B8F,1, 0xCF5D,5, 0x6B8F,1, 0x1882,5, 0x6B8F,1, 0xCF5D,3,
    0xAD97,1, 0x6B8F,1, 0x29A7,1, 0x2126,1, 0x18C5,22, 0x6984,2, 0x9307,1, 0xDC4D,6,
    0xBB29,1, 0xF572,1, 0xFE98,2, 0xF572,1, 0xDC4D,8, 0x9307,1, 0x29A7,1, 0x6B8F,1,
    0xCF5D,5, 0x6B8F,1, 0x1882,5, 0x6B8F,1, 0xCF5D,3, 0xAD97,1, 0x6B8F,1, 0x29A7,1,
    0x3166,1, 0x4124,2, 0x28E5,1, 0x18C5,19, 0x6984,3, 0xBB29,2, 0xDC4D,4, 0xBB29,1,
    0xDC4D,12, 0x9307,1, 0x29A7,1, 0x6B8F,1, 0xCF5D,5, 0x6B8F,1, 0x1882,5, 0x6B8F,1,
    0xCF5D,3, 0xAD97,1, 0x6B8F,1, 0x29A7,1, 0x59C4,1, 0x6984,2, 0x4125,1, 0x18C5,19,
    0x4125,3, 0x9307,2, 0xDC4D,4, 0xBB29,1, 0xDC4D,12, 0x9307,1, 0x29A7,1, 0x6B8F,1,
    0xCF5D,5, 0x6B8F,1, 0x1882,5, 0x6B8F,1, 0xCF5D,3, 0xAD97,1, 0x6B8F,1, 0x29A7,1,
    0x9307,1, 0xBB29,1, 0x9307,1, 0x69A5,1, 0x4125,1, 0x28E5,1, 0x18C5,20, 0x6984,2,
    0xDC4D,4, 0xBB29,1, 0xDC4D,3, 0xBB29,1, 0x9307,2, 0xBB29,1, 0xDC4D,5, 0x9307,1,
    0x29A7,1, 0x6B8F,1, 0xCF5D,5, 0x6B8F,1, 0x1882,5, 0x6B8F,1, 0xCF5D,3, 0xAD97,1,
    0x6B8F,1, 0x29A7,1, 0x9307,1, 0xDC4D,1, 0xBB29,1, 0x6984,2, 0x4124,1, 0x18C5,20,
    0x6984,2, 0xDC4D,4, 0xBB29,1, 0xDC4D,3, 0x9307,1, 0x1882,2, 0x9307,1, 0xDC4D,5,
    0x9307,1, 0x29A7,1, 0x6B8F,1, 0xDF1D,2, 0xCF5D,3, 0x6B8F,1, 0x1882,5, 0x6B8F,1,
    0xCF5D,2, 0xAD97,1, 0x6B8F,2, 0x29A7,1, 0x9307,1, 0xBB29,1, 0x9307,1, 0x6984,2,
    0x4124,1, 0x18C5,17, 0x4125,3, 0xBB29,2, 0xDC4D,4, 0xBB29,1, 0xDC4D,3, 0x9307,1,
    0x1882,2, 0x9307,1, 0xDC4D,7, 0x9307,1, 0x6B8F,1, 0xAD97,2, 0xCF5D,11, 0xAD97,1,
    0x29A7,2, 0x9307,1, 0xBB29,1, 0x9307,1, 0x69A5,1, 0x4125,2, 0x28E5,1, 0x18C5,17,
    0x6984,2, 0x9307,1, 0xDC4D,2, 0xBB29,5, 0xDC4D,3, 0xBB29,1, 0x9307,2, 0xBB29,1,
    0xDC4D,7, 0x9307,1, 0x6B8F,1, 0xAD97,2, 0xCF5D,11, 0xAD97,1, 0x29A7,2, 0x9307,2,
    0x6984,1, 0x4125,1, 0x18C5,20, 0x6984,2, 0xBB29,8, 0xDC4D,15, 0x9307,1, 0x29A7,1,
    0x6B8F,1, 0xAD97,3, 0xCF5D,5, 0xAD97,1, 0x6B8F,2, 0x29A7,2, 0x59C4,1, 0x9307,2,
    0x6984,1, 0x4125,1, 0x18C5,20, 0x4125,2, 0x9307,7, 0xBB29,1, 0xDC4D,17, 0x9307,1,
    0x6B8F,1, 0xAD97,1, 0x6B8F,7, 0x29A7,2, 0x59C4,1, 0x9307,2, 0x6984,1, 0x9307,1,
    0xBB29,1, 0x7A48,1, 0x4125,2, 0x28E5,1, 0x18C5,19, 0x4124,5, 0x5144,1, 0x6984,1,
    0xBB29,1, 0xDC4D,17, 0x9307,1, 0x6B8F,1, 0xAD97,1, 0x6B8F,7, 0x29A7,2, 0x59C4,1,
    0x9307,2, 0x6984,1, 0x9307,1, 0xDC4D,1, 0xBB29,1, 0x6984,2, 0x4124,1, 0x18C5,24,
    0x4124,1, 0x6984,1, 0xBB29,1, 0xDC4D,18, 0x9307,1, 0x29A7,8, 0x9307,1, 0xBB29,1,
    0x9307,4, 0x6984,1, 0x59C4,1, 0x9307,2, 0x6984,1, 0x4124,1, 0x18C5,24, 0x4124,1,
    0x6984,1, 0xBB29,1, 0xDC4D,27, 0xBB29,2, 0x9307,6, 0x6984,2, 0x4125,1, 0x28E5,1,
    0x18C5,24, 0x4124,1, 0x6984,1, 0xBB29,1, 0xDC4D,27, 0xBB29,2, 0x9307,1, 0x5144,1,
    0x4124,1, 0x6A06,1, 0x9307,2, 0x6984,1, 0x4144,1, 0x18C5,26, 0x4124,1, 0x6984,1,
    0x9307,1, 0xBB29,29, 0x9307,1, 0x4124,1, 0x18C5,2, 0x51E6,1, 0x9307,2, 0x6984,1,
    0x59C4,1, 0x3944,1, 0x18C5,24, 0x4124,1, 0x6984,1, 0x9307,1, 0xBB29,29, 0x9307,1,
    0x4124,1, 0x18C5,32, 0x4124,1, 0x6984,1, 0x9307,1, 0xBB29,29, 0x9307,1, 0x4124,1,
    0x18C5,32, 0x4124,1, 0x6984,32, 0x4124,1, 0x18C5,35, 0x69E7,1, 0xBB29,1, 0x9307,1,
    0x4124,1, 0x18C5,14, 0x69E7,1, 0xBB29,1, 0x9307,1, 0x4124,1, 0x18C5,44, 0x69E7,1,
    0xBB29,1, 0x9307,1, 0x4124,1, 0x18C5,14, 0x69E7,1, 0xBB29,1, 0x9307,1, 0x4124,1,
    0x18C5,44, 0x4124,1, 0x6984,2, 0x4124,1, 0x18C5,14, 0x4124,1, 0x6984,2, 0x4124,1,
    0x18C5,40, 0x1084,36, 0x18C5,30, 0x1084,36, 0x18C5,35, 0x10A4,27, 0x18C5,21, 0x18C5,169,
    0x29A7,9, 0x18C5,57, 0x29A7,9, 0x18C5,56, 0x29A7,1, 0xDF1D,9, 0x29A7,2, 0x18C5,52,
    0xFFFF,5, 0xCF5D,6, 0xDF1D,1, 0xAD97,2, 0x29A7,1, 0x18C5,51, 0xFFFF,5, 0xCF5D,6,
    0xDF1D,1, 0xAD97,2, 0x29A7,1, 0x18C5,50, 0x29A7,1, 0xFFFF,2, 0xCF5D,12, 0xAD97,1,
    0x29A7,2, 0x18C5,31, 0x6984,15, 0x29A7,2, 0xDF1D,3, 0xCF5D,3, 0xFFFF,1, 0x1882,5,
    0xCF5D,3, 0xAD97,3, 0x29A7,1, 0x18C5,24, 0x28E5,1, 0x4124,5, 0x6984,15, 0x29A7,2,
    0xDF1D,3, 0xCF5D,3, 0xFFFF,1, 0x1882,5, 0xCF5D,3, 0xAD97,3, 0x29A7,1, 0x18C5,24,
    0x4125,1, 0x6984,7, 0xF572,13, 0x29A7,2, 0xDF1D,1, 0xCF5D,5, 0x1882,6, 0xCF5D,4,
    0x6B8F,2, 0x29A7,1, 0x18C5,22, 0x28E5,1, 0x4125,1, 0x69A5,1, 0x9307,1, 0xBB29,5,
    0x9307,1, 0xF572,1, 0xFE98,3, 0xDC4D,9, 0x29A7,2, 0xDF1D,1, 0xCF5D,5, 0x1882,6,
    0xCF5D,4, 0x6B8F,2, 0x29A7,1, 0x18C5,22, 0x4124,1, 0x6984,2, 0xBB29,1, 0xDC4D,5,
    0xBB29,1, 0xF572,1, 0xFE98,3, 0xDC4D,9, 0x29A7,2, 0xDF1D,1, 0xCF5D,5, 0x1882,6,
    0xCF5D,4, 0x6B8F,2, 0x29A7,1, 0x4124,3, 0x18C5,19, 0x4124,1, 0x6984,2, 0x9307,1,
    0xBB29,2, 0xDC4D,3, 0x9307,1, 0xF572,1, 0xDC4D,12, 0x29A7,2, 0xDF1D,1, 0xCF5D,5,
    0x1882,6, 0xCF5D,4, 0x6B8F,2, 0x29A7,1, 0x6984,3, 0x18C5,19, 0x28E5,1, 0x4125,2,
    0x69A5,1, 0x9307,1, 0xBB29,1, 0xDC4D,3, 0x9307,1, 0xF572,1, 0xDC4D,12, 0x29A7,2,
    0xDF1D,1, 0xCF5D,5, 0x1882,6, 0xCF5D,4, 0x6B8F,2, 0x29A7,1, 0xBB29,2, 0x9307,1,
    0x4125,2, 0x18C5,20, 0x4125,1, 0x6984,1, 0x9307,1, 0xDC4D,3, 0x9307,1, 0xF572,1,
    0xDC4D,3, 0x9307,3, 0xDC4D,6, 0x29A7,2, 0xDF1D,1, 0xCF5D,5, 0x1882,6, 0xCF5D,4,
    0x6B8F,2, 0x29A7,1, 0xDC4D,2, 0x9307,1, 0x6984,2, 0x18C5,20, 0x4125,1, 0x6984,1,
    0x9307,1, 0xDC4D,3, 0x9307,1, 0xF572,1, 0xDC4D,3, 0x1882,3, 0xDC4D,6, 0x29A7,2,
    0xDF1D,3, 0xCF5D,3, 0x1882,6, 0xCF5D,3, 0x6B8F,3, 0x29A7,1, 0xBB29,2, 0x6984,3,
    0x18C5,17, 0x28E5,1, 0x4125,2, 0x7A48,1, 0xBB29,1, 0xDC4D,4, 0x9307,1, 0xF572,1,
    0xDC4D,3, 0x1882,3, 0xDC4D,8, 0x29A7,1, 0xAD97,2, 0xCF5D,12, 0x6B8F,1, 0x29A7,2,
    0xDC4D,1, 0x9307,2, 0x4125,3, 0x18C5,17, 0x4124,1, 0x6984,2, 0xBB29,1, 0xDC4D,2,
    0xBB29,3, 0x9307,1, 0xF572,1, 0xDC4D,3, 0x9307,3, 0xDC4D,8, 0x29A7,1, 0xAD97,2,
    0xCF5D,12, 0x6B8F,1, 0x29A7,2, 0xDC4D,1, 0x6984,2, 0x18C5,20, 0x4124,1, 0x6984,1,
    0x9307,1, 0xBB29,6, 0x9307,1, 0xF572,1, 0xDC4D,15, 0x29A7,2, 0xAD97,3, 0xCF5D,6,
    0x6B8F,3, 0x29A7,1, 0x59C4,2, 0xDC4D,1, 0x6984,2, 0x18C5,20, 0x28E5,1, 0x4125,1,
    0x69A5,1, 0x9307,6, 0x6984,1, 0xF572,1, 0xDC4D,17, 0x29A7,1, 0xAD97,2, 0x6B8F,7,
    0x29A7,2, 0x9307,3, 0x59C4,1, 0xBB29,2, 0x4125,3, 0x18C5,19, 0x28E5,1, 0x4124,5,
    0x6984,2, 0xF572,1, 0xDC4D,17, 0x29A7,1, 0xAD97,2, 0x6B8F,7, 0x29A7,2, 0x9307,3,
    0x59C4,1, 0xDC4D,2, 0x9307,1, 0x6984,2, 0x18C5,25, 0x6984,2, 0xF572,1, 0xDC4D,18,
    0x29A7,9, 0xBB29,3, 0x9307,3, 0x59C4,2, 0xBB29,1, 0x6984,2, 0x18C5,25, 0x6984,2,
    0xF572,1, 0xDC4D,27, 0xBB29,2, 0x9307,6, 0x59C4,1, 0x4125,2, 0x18C5,25, 0x6984,2,
    0xF572,1, 0xDC4D,27, 0xBB29,2, 0x6984,1, 0x4124,2, 0x9307,3, 0x59C4,1, 0x18C5,27,
    0x6984,2, 0xDC4D,1, 0xBB29,29, 0x6984,1, 0x18C5,3, 0x9307,3, 0x59C4,2, 0x18C5,25,
    0x6984,2, 0xDC4D,1, 0xBB29,29, 0x6984,1, 0x18C5,33, 0x6984,2, 0xDC4D,1, 0xBB29,29,
    0x6984,1, 0x18C5,33, 0x6984,33, 0x18C5,36, 0xBB29,2, 0x6984,1, 0x18C5,15, 0xBB29,2,
    0x6984,1, 0x18C5,45, 0xBB29,2, 0x6984,1, 0x18C5,15, 0xBB29,2, 0x6984,1, 0x18C5,45,
    0x6984,3, 0x18C5,15, 0x6984,3, 0x18C5,40, 0x10A4,1, 0x1084,35, 0x10A4,1, 0x18C5,29,
    0x10A4,1, 0x1084,35, 0x10A4,1, 0x18C5,34, 0x18C6,1, 0x10A4,26, 0x18C6,1, 0x18C5,19,
    0x18C5,170, 0x2126,1, 0x29A7,8, 0x2126,1, 0x18C5,56, 0x2126,1, 0x29A7,8, 0x2126,1,
    0x18C5,55, 0x2126,1, 0x6B8F,1, 0xDF1D,8, 0x6B8F,1, 0x29A7,1, 0x2126,1, 0x18C5,51,
    0x8C72,1, 0xFFFF,4, 0xDF1D,1, 0xCF5D,6, 0xAD97,2, 0x6B8F,1, 0x2126,1, 0x18C5,50,
    0x8C72,1, 0xFFFF,4, 0xDF1D,1, 0xCF5D,6, 0xAD97,2, 0x6B8F,1, 0x2126,1, 0x18C5,49,
    0x2126,1, 0xAD97,1, 0xFFFF,1, 0xDF1D,1, 0xCF5D,11, 0xAD97,1, 0x6B8F,1, 0x29A7,1,
    0x2126,1, 0x18C5,30, 0x4124,1, 0x6984,14, 0x59C4,1, 0x29A7,1, 0x6B8F,1, 0xDF1D,2,
    0xCF5D,3, 0xDF1D,1, 0x6B8F,1, 0x1882,4, 0x6B8F,1, 0xCF5D,2, 0xAD97,3, 0x6B8F,1,
    0x2126,1, 0x18C5,24, 0x4124,5, 0x5144,1, 0x6984,14, 0x59C4,1, 0x29A7,1, 0x6B8F,1,
    0xDF1D,2, 0xCF5D,3, 0xDF1D,1, 0x6B8F,1, 0x1882,4, 0x6B8F,1, 0xCF5D,2, 0xAD97,3,
    0x6B8F,1, 0x2126,1, 0x18C5,24, 0x6984,7, 0xBB29,1, 0xF572,12, 0x9307,1, 0x29A7,1,
    0x6B8F,1, 0xCF5D,5, 0x6B8F,1, 0x1882,5, 0x6B8F,1, 0xCF5D,3, 0xAD97,1, 0x6B8F,1,
    0x29A7,1, 0x2126,1, 0x18C5,22, 0x4125,2, 0x9307,1, 0xBB29,7, 0xF572,1, 0xFE98,2,
    0xF572,1, 0xDC4D,8, 0x9307,1, 0x29A7,1, 0x6B8F,1, 0xCF5D,5, 0x6B8F,1, 0x1882,5,
    0x6B8F,1, 0xCF5D,3, 0xAD97,1, 0x6B8F,1, 0x29A7,1, 0x2126,1, 0x18C5,22, 0x6984,2,
    0x9307,1, 0xDC4D,6, 0xBB29,1, 0xF572,1, 0xFE98,2, 0xF572,1, 0xDC4D,8, 0x9307,1,
    0x29A7,1, 0x6B8F,1, 0xCF5D,5, 0x6B8F,1, 0x1882,5, 0x6B8F,1, 0xCF5D,3, 0xAD97,1,
    0x6B8F,1, 0x29A7,1, 0x3166,1, 0x4124,2, 0x28E5,1, 0x18C5,19, 0x6984,3, 0xBB29,2,
    0xDC4D,4, 0xBB29,1, 0xDC4D,12, 0x9307,1, 0x29A7,1, 0x6B8F,1, 0xCF5D,5, 0x6B8F,1,
    0x1882,5, 0x6B8F,1, 0xCF5D,3, 0xAD97,1, 0x6B8F,1, 0x29A7,1, 0x59C4,1, 0x6984,2,
    0x4125,1, 0x18C5,19, 0x4125,3, 0x9307,2, 0xDC4D,4, 0xBB29,1, 0xDC4D,12, 0x9307,1,
    0x29A7,1, 0x6B8F,1, 0xCF5D,5, 0x6B8F,1, 0x1882,5, 0x6B8F,1, 0xCF5D,3, 0xAD97,1,
    0x6B8F,1, 0x29A7,1, 0x9307,1, 0xBB29,1, 0x9307,1, 0x69A5,1, 0x4125,1, 0x28E5,1,
    0x18C5,20, 0x6984,2, 0xDC4D,4, 0xBB29,1, 0xDC4D,3, 0xBB29,1, 0x9307,2, 0xBB29,1,
    0xDC4D,5, 0x9307,1, 0x29A7,1, 0x6B8F,1, 0xCF5D,5, 0x6B8F,1, 0x1882,5, 0x6B8F,1,
    0xCF5D,3, 0xAD97,1, 0x6B8F,1, 0x29A7,1, 0x9307,1, 0xDC4D,1, 0xBB29,1, 0x6984,2,
    0x4124,1, 0x18C5,20, 0x6984,2, 0xDC4D,4, 0xBB29,1, 0xDC4D,3, 0x9307,1, 0x1882,2,
    0x9307,1, 0xDC4D,5, 0x9307,1, 0x29A7,1, 0x6B8F,1, 0xDF1D,2, 0xCF5D,3, 0x6B8F,1,
    0x1882,5, 0x6B8F,1, 0xCF5D,2, 0xAD97,1, 0x6B8F,2, 0x29A7,1, 0x9307,1, 0xBB29,1,
    0x9307,1, 0x6984,2, 0x4124,1, 0x18C5,17, 0x4125,3, 0xBB29,2, 0xDC4D,4, 0xBB29,1,
    0xDC4D,3, 0x9307,1, 0x1882,2, 0x9307,1, 0xDC4D,7, 0x9307,1, 0x6B8F,1, 0xAD97,2,
    0xCF5D,11, 0xAD97,1, 0x29A7,2, 0x9307,1, 0xBB29,1, 0x9307,1, 0x69A5,1, 0x4125,2,
    0x28E5,1, 0x18C5,17, 0x6984,2, 0x9307,1, 0xDC4D,2, 0xBB29,5, 0xDC4D,3, 0xBB29,1,
    0x9307,2, 0xBB29,1, 0xDC4D,7, 0x9307,1, 0x6B8F,1, 0xAD97,2, 0xCF5D,11, 0xAD97,1,
    0x29A7,2, 0x9307,2, 0x6984,1, 0x4125,1, 0x18C5,20, 0x6984,2, 0xBB29,8, 0xDC4D,15,
    0x9307,1, 0x29A7,1, 0x6B8F,1, 0xAD97,3, 0xCF5D,5, 0xAD97,1, 0x6B8F,2, 0x29A7,2,
    0x59C4,1, 0x9307,2, 0x6984,1, 0x4125,1, 0x18C5,20, 0x4125,2, 0x9307,7, 0xBB29,1,
    0xDC4D,17, 0x9307,1, 0x6B8F,1, 0xAD97,1, 0x6B8F,7, 0x29A7,2, 0x59C4,1, 0x9307,2,
    0x6984,1, 0x9307,1, 0xBB29,1, 0x7A48,1, 0x4125,2, 0x28E5,1, 0x18C5,19, 0x4124,5,
    0x5144,1, 0x6984,1, 0xBB29,1, 0xDC4D,17, 0x9307,1, 0x6B8F,1, 0xAD97,1, 0x6B8F,7,
    0x29A7,2, 0x59C4,1, 0x9307,2, 0x6984,1, 0x9307,1, 0xDC4D,1, 0xBB29,1, 0x6984,2,
    0x4124,1, 0x18C5,24, 0x4124,1, 0x6984,1, 0xBB29,1, 0xDC4D,18, 0x9307,1, 0x29A7,8,
    0x9307,1, 0xBB29,1, 0x9307,4, 0x6984,1, 0x59C4,1, 0x9307,2, 0x6984,1, 0x4124,1,
    0x18C5,24, 0x4124,1, 0x6984,1, 0xBB29,1, 0xDC4D,27, 0xBB29,2, 0x9307,6, 0x6984,2,
    0x4125,1, 0x28E5,1, 0x18C5,24, 0x4124,1, 0x6984,1, 0xBB29,1, 0xDC4D,27, 0xBB29,2,
    0x9307,1, 0x5144,1, 0x4124,1, 0x6A06,1, 0x9307,2, 0x6984,1, 0x4144,1, 0x18C5,26,
    0x4124,1, 0x6984,1, 0x9307,1, 0xBB29,29, 0x9307,1, 0x4124,1, 0x18C5,2, 0x51E6,1,
    0x9307,2, 0x6984,1, 0x59C4,1, 0x3944,1, 0x18C5,24, 0x4124,1, 0x6984,1, 0x9307,1,
    0xBB29,29, 0x9307,1, 0x4124,1, 0x18C5,32, 0x4124,1, 0x6984,1, 0x9307,1, 0xBB29,29,
    0x9307,1, 0x4124,1, 0x18C5,32, 0x4124,1, 0x6984,32, 0x4124,1, 0x18C5,41, 0x69E7,1,
    0xBB29,1, 0x9307,1, 0x4124,1, 0x18C5,14, 0x69E7,1, 0xBB29,1, 0x9307,1, 0x4124,1,
    0x18C5,44, 0x69E7,1, 0xBB29,1, 0x9307,1, 0x4124,1, 0x18C5,14, 0x69E7,1, 0xBB29,1,
    0x9307,1, 0x4124,1, 0x18C5,44, 0x4124,1, 0x6984,2, 0x4124,1, 0x18C5,14, 0x4124,1,
    0x6984,2, 0x4124,1, 0x18C5,34, 0x1084,36, 0x18C5,30, 0x1084,36, 0x18C5,35, 0x10A4,27,
    0x18C5,18, 0x18C5,172, 0x29A7,9, 0x18C5,57, 0x29A7,9, 0x18C5,56, 0x29A7,1, 0xDF1D,9,
    0x29A7,2, 0x18C5,52, 0xFFFF,5, 0xCF5D,6, 0xDF1D,1, 0xAD97,2, 0x29A7,1, 0x18C5,51,
    0xFFFF,5, 0xCF5D,6, 0xDF1D,1, 0xAD97,2, 0x29A7,1, 0x18C5,50, 0x29A7,1, 0xFFFF,2,
    0xCF5D,12, 0xAD97,1, 0x29A7,2, 0x18C5,31, 0x6984,15, 0x29A7,2, 0xDF1D,3, 0xCF5D,3,
    0xFFFF,1, 0x1882,5, 0xCF5D,3, 0xAD97,3, 0x29A7,1, 0x18C5,24, 0x28E5,1, 0x4124,5,
    0x6984,15, 0x29A7,2, 0xDF1D,3, 0xCF5D,3, 0xFFFF,1, 0x1882,5, 0xCF5D,3, 0xAD97,3,
    0x29A7,1, 0x18C5,24, 0x4125,1, 0x6984,7, 0xF572,13, 0x29A7,2, 0xDF1D,1, 0xCF5D,5,
    0x1882,6, 0xCF5D,4, 0x6B8F,2, 0x29A7,1, 0x18C5,22, 0x28E5,1, 0x4125,1, 0x69A5,1,
    0x9307,1, 0xBB29,5, 0x9307,1, 0xF572,1, 0xFE98,3, 0xDC4D,9, 0x29A7,2, 0xDF1D,1,
    0xCF5D,5, 0x1882,6, 0xCF5D,4, 0x6B8F,2, 0x29A7,1, 0x18C5,22, 0x4124,1, 0x6984,2,
    0xBB29,1, 0xDC4D,5, 0xBB29,1, 0xF572,1, 0xFE98,3, 0xDC4D,9, 0x29A7,2, 0xDF1D,1,
    0xCF5D,5, 0x1882,6, 0xCF5D,4, 0x6B8F,2, 0x29A7,1, 0x4124,3, 0x18C5,19, 0x4124,1,
    0x6984,2, 0x9307,1, 0xBB29,2, 0xDC4D,3, 0x9307,1, 0xF572,1, 0xDC4D,12, 0x29A7,2,
    0xDF1D,1, 0xCF5D,5, 0x1882,6, 0xCF5D,4, 0x6B8F,2, 0x29A7,1, 0x6984,3, 0x18C5,19,
    0x28E5,1, 0x4125,2, 0x69A5,1, 0x9307,1, 0xBB29,1, 0xDC4D,3, 0x9307,1, 0xF572,1,
    0xDC4D,12, 0x29A7,2, 0xDF1D,1, 0xCF5D,5, 0x1882,6, 0xCF5D,4, 0x6B8F,2, 0x29A7,1,
    0xBB29,2, 0x9307,1, 0x4125,2, 0x18C5,20, 0x4125,1, 0x6984,1, 0x9307,1, 0xDC4D,3,
    0x9307,1, 0xF572,1, 0xDC4D,3, 0x9307,3, 0xDC4D,6, 0x29A7,2, 0xDF1D,1, 0xCF5D,5,
    0x1882,6, 0xCF5D,4, 0x6B8F,2, 0x29A7,1, 0xDC4D,2, 0x9307,1, 0x6984,2, 0x18C5,20,
    0x4125,1, 0x6984,1, 0x9307,1, 0xDC4D,3, 0x9307,1, 0xF572,1, 0xDC4D,3, 0x1882,3,
    0xDC4D,6, 0x29A7,2, 0xDF1D,3, 0xCF5D,3, 0x1882,6, 0xCF5D,3, 0x6B8F,3, 0x29A7,1,
    0xBB29,2, 0x6984,3, 0x18C5,17, 0x28E5,1, 0x4125,2, 0x7A48,1, 0xBB29,1, 0xDC4D,4,
    0x9307,1, 0xF572,1, 0xDC4D,3, 0x1882,3, 0xDC4D,8, 0x29A7,1, 0xAD97,2, 0xCF5D,12,
    0x6B8F,1, 0x29A7,2, 0xDC4D,1, 0x9307,2, 0x4125,3, 0x18C5,17, 0x4124,1, 0x6984,2,
    0xBB29,1, 0xDC4D,2, 0xBB29,3, 0x9307,1, 0xF572,1, 0xDC4D,3, 0x9307,3, 0xDC4D,8,
    0x29A7,1, 0xAD97,2, 0xCF5D,12, 0x6B8F,1, 0x29A7,2, 0xDC4D,1, 0x6984,2, 0x18C5,20,
    0x4124,1, 0x6984,1, 0x9307,1, 0xBB29,6, 0x9307,1, 0xF572,1, 0xDC4D,15, 0x29A7,2,
    0xAD97,3, 0xCF5D,6, 0x6B8F,3, 0x29A7,1, 0x59C4,2, 0xDC4D,1, 0x6984,2, 0x18C5,20,
    0x28E5,1, 0x4125,1, 0x69A5,1, 0x9307,6, 0x6984,1, 0xF572,1, 0xDC4D,17, 0x29A7,1,
    0xAD97,2, 0x6B8F,7, 0x29A7,2, 0x9307,3, 0x59C4,1, 0xBB29,2, 0x4125,3, 0x18C5,19,
    0x28E5,1, 0x4124,5, 0x6984,2, 0xF572,1, 0xDC4D,17, 0x29A7,1, 0xAD97,2, 0x6B8F,7,
    0x29A7,2, 0x9307,3, 0x59C4,1, 0xDC4D,2, 0x9307,1, 0x6984,2, 0x18C5,25, 0x6984,2,
    0xF572,1, 0xDC4D,18, 0x29A7,9, 0xBB29,3, 0x9307,3, 0x59C4,2, 0xBB29,1, 0x6984,2,
    0x18C5,25, 0x6984,2, 0xF572,1, 0xDC4D,27, 0xBB29,2, 0x9307,6, 0x59C4,1, 0x4125,2,
    0x18C5,25, 0x6984,2, 0xF572,1, 0xDC4D,27, 0xBB29,2, 0x6984,1, 0x4124,2, 0x9307,3,
    0x59C4,1, 0x18C5,27, 0x6984,2, 0xDC4D,1, 0xBB29,29, 0x6984,1, 0x18C5,3, 0x9307,3,
    0x59C4,2, 0x18C5,25, 0x6984,2, 0xDC4D,1, 0xBB29,29, 0x6984,1, 0x18C5,33, 0x6984,2,
    0xDC4D,1, 0xBB29,29, 0x6984,1, 0x18C5,33, 0x6984,33, 0x18C5,42, 0xBB29,2, 0x6984,1,
    0x18C5,15, 0xBB29,2, 0x6984,1, 0x18C5,45, 0xBB29,2, 0x6984,1, 0x18C5,15, 0xBB29,2,
    0x6984,1, 0x18C5,45, 0x6984,3, 0x18C5,15, 0x6984,3, 0x18C5,34, 0x10A4,1, 0x1084,35,
    0x10A4,1, 0x18C5,29, 0x10A4,1, 0x1084,35, 0x10A4,1, 0x18C5,34, 0x18C6,1, 0x10A4,26,
    0x18C6,1, 0x18C5,16, 0x18C5,173, 0x2126,1, 0x29A7,8, 0x2126,1, 0x18C5,56, 0x2126,1,
    0x29A7,8, 0x2126,1, 0x18C5,55, 0x2126,1, 0x6B8F,1, 0xDF1D,8, 0x6B8F,1, 0x29A7,1,
    0x2126,1, 0x18C5,51, 0x8C72,1, 0xFFFF,4, 0xDF1D,1, 0xCF5D,6, 0xAD97,2, 0x6B8F,1,
    0x2126,1, 0x18C5,50, 0x8C72,1, 0xFFFF,4, 0xDF1D,1, 0xCF5D,6, 0xAD97,2, 0x6B8F,1,
    0x2126,1, 0x18C5,49, 0x2126,1, 0xAD97,1, 0xFFFF,1, 0xDF1D,1, 0xCF5D,11, 0xAD97,1,
    0x6B8F,1, 0x29A7,1, 0x2126,1, 0x18C5,30, 0x4124,1, 0x6984,14, 0x59C4,1, 0x29A7,1,
    0x6B8F,1, 0xDF1D,2, 0xCF5D,3, 0xDF1D,1, 0x6B8F,1, 0x1882,4, 0x6B8F,1, 0xCF5D,2,
    0xAD97,3, 0x6B8F,1, 0x2126,1, 0x18C5,24, 0x4124,5, 0x5144,1, 0x6984,14, 0x59C4,1,
    0x29A7,1, 0x6B8F,1, 0xDF1D,2, 0xCF5D,3, 0xDF1D,1, 0x6B8F,1, 0x1882,4, 0x6B8F,1,
    0xCF5D,2, 0xAD97,3, 0x6B8F,1, 0x2126,1, 0x18C5,24, 0x6984,7, 0xBB29,1, 0xF572,12,
    0x9307,1, 0x29A7,1, 0x6B8F,1, 0xCF5D,5, 0x6B8F,1, 0x1882,5, 0x6B8F,1, 0xCF5D,3,
    0xAD97,1, 0x6B8F,1, 0x29A7,1, 0x2126,1, 0x18C5,22, 0x4125,2, 0x9307,1, 0xBB29,7,
    0xF572,1, 0xFE98,2, 0xF572,1, 0xDC4D,8, 0x9307,1, 0x29A7,1, 0x6B8F,1, 0xCF5D,5,
    0x6B8F,1, 0x1882,5, 0x6B8F,1, 0xCF5D,3, 0xAD97,1, 0x6B8F,1, 0x29A7,1, 0x2126,1,
    0x18C5,22, 0x6984,2, 0x9307,1, 0xDC4D,6, 0xBB29,1, 0xF572,1, 0xFE98,2, 0xF572,1,
    0xDC4D,8, 0x9307,1, 0x29A7,1, 0x6B8F,1, 0xCF5D,5, 0x6B8F,1, 0x1882,5, 0x6B8F,1,
    0xCF5D,3, 0xAD97,1, 0x6B8F,1, 0x29A7,1, 0x3166,1, 0x4124,2, 0x28E5,1, 0x18C5,19,
    0x6984,3, 0xBB29,2, 0xDC4D,4, 0xBB29,1, 0xDC4D,12, 0x9307,1, 0x29A7,1, 0x6B8F,1,
    0xCF5D,5, 0x6B8F,1, 0x1882,5, 0x6B8F,1, 0xCF5D,3, 0xAD97,1, 0x6B8F,1, 0x29A7,1,
    0x59C4,1, 0x6984,2, 0x4125,1, 0x18C5,19, 0x4125,3, 0x9307,2, 0xDC4D,4, 0xBB29,1,
    0xDC4D,12, 0x9307,1, 0x29A7,1, 0x6B8F,1, 0xCF5D,5, 0x6B8F,1, 0x1882,5, 0x6B8F,1,
    0xCF5D,3, 0xAD97,1, 0x6B8F,1, 0x29A7,1, 0x9307,1, 0xBB29,1, 0x9307,1, 0x69A5,1,
    0x4125,1, 0x28E5,1, 0x18C5,20, 0x6984,2, 0xDC4D,4, 0xBB29,1, 0xDC4D,3, 0xBB29,1,
    0x9307,2, 0xBB29,1, 0xDC4D,5, 0x9307,1, 0x29A7,1, 0x6B8F,1, 0xCF5D,5, 0x6B8F,1,
    0x1882,5, 0x6B8F,1, 0xCF5D,3, 0xAD97,1, 0x6B8F,1, 0x29A7,1, 0x9307,1, 0xDC4D,1,
    0xBB29,1, 0x6984,2, 0x4124,1, 0x18C5,20, 0x6984,2, 0xDC4D,4, 0xBB29,1, 0xDC4D,3,
    0x9307,1, 0x1882,2, 0x9307,1, 0xDC4D,5, 0x9307,1, 0x29A7,1, 0x6B8F,1, 0xDF1D,2,
    0xCF5D,3, 0x6B8F,1, 0x1882,5, 0x6B8F,1, 0xCF5D,2, 0xAD97,1, 0x6B8F,2, 0x29A7,1,
    0x9307,1, 0xBB29,1, 0x9307,1, 0x6984,2, 0x4124,1, 0x18C5,17, 0x4125,3, 0xBB29,2,
    0xDC4D,4, 0xBB29,1, 0xDC4D,3, 0x9307,1, 0x1882,2, 0x9307,1, 0xDC4D,7, 0x9307,1,
    0x6B8F,1, 0xAD97,2, 0xCF5D,11, 0xAD97,1, 0x29A7,2, 0x9307,1, 0xBB29,1, 0x9307,1,
    0x69A5,1, 0x4125,2, 0x28E5,1, 0x18C5,17, 0x6984,2, 0x9307,1, 0xDC4D,2, 0xBB29,5,
    0xDC4D,3, 0xBB29,1, 0x9307,2, 0xBB29,1, 0xDC4D,7, 0x9307,1, 0x6B8F,1, 0xAD97,2,
    0xCF5D,11, 0xAD97,1, 0x29A7,2, 0x9307,2, 0x6984,1, 0x4125,1, 0x18C5,20, 0x6984,2,
    0xBB29,8, 0xDC4D,15, 0x9307,1, 0x29A7,1, 0x6B8F,1, 0xAD97,3, 0xCF5D,5, 0xAD97,1,
    0x6B8F,2, 0x29A7,2, 0x59C4,1, 0x9307,2, 0x6984,1, 0x4125,1, 0x18C5,20, 0x4125,2,
    0x9307,7, 0xBB29,1, 0xDC4D,17, 0x9307,1, 0x6B8F,1, 0xAD97,1, 0x6B8F,7, 0x29A7,2,
    0x59C4,1, 0x9307,2, 0x6984,1, 0x9307,1, 0xBB29,1, 0x7A48,1, 0x4125,2, 0x28E5,1,
    0x18C5,19, 0x4124,5, 0x5144,1, 0x6984,1, 0xBB29,1, 0xDC4D,17, 0x9307,1, 0x6B8F,1,
    0xAD97,1, 0x6B8F,7, 0x29A7,2, 0x59C4,1, 0x9307,2, 0x6984,1, 0x9307,1, 0xDC4D,1,
    0xBB29,1, 0x6984,2, 0x4124,1, 0x18C5,24, 0x4124,1, 0x6984,1, 0xBB29,1, 0xDC4D,18,
    0x9307,1, 0x29A7,8, 0x9307,1, 0xBB29,1, 0x9307,4, 0x6984,1, 0x59C4,1, 0x9307,2,
    0x6984,1, 0x4124,1, 0x18C5,24, 0x4124,1, 0x6984,1, 0xBB29,1, 0xDC4D,27, 0xBB29,2,
    0x9307,6, 0x6984,2, 0x4125,1, 0x28E5,1, 0x18C5,24, 0x4124,1, 0x6984,1, 0xBB29,1,
    0xDC4D,27, 0xBB29,2, 0x9307,1, 0x5144,1, 0x4124,1, 0x6A06,1, 0x9307,2, 0x6984,1,
    0x4144,1, 0x18C5,26, 0x4124,1, 0x6984,1, 0x9307,1, 0xBB29,29, 0x9307,1, 0x4124,1,
    0x18C5,2, 0x51E6,1, 0x9307,2, 0x6984,1, 0x59C4,1, 0x3944,1, 0x18C5,24, 0x4124,1,
    0x6984,1, 0x9307,1, 0xBB29,29, 0x9307,1, 0x4124,1, 0x18C5,32, 0x4124,1, 0x6984,1,
    0x9307,1, 0xBB29,29, 0x9307,1, 0x4124,1, 0x18C5,32, 0x4124,1, 0x6984,32, 0x4124,1,
    0x18C5,35, 0x69E7,1, 0xBB29,1, 0x9307,1, 0x4124,1, 0x18C5,14, 0x69E7,1, 0xBB29,1,
    0x9307,1, 0x4124,1, 0x18C5,44, 0x69E7,1, 0xBB29,1, 0x9307,1, 0x4124,1, 0x18C5,14,
    0x69E7,1, 0xBB29,1, 0x9307,1, 0x4124,1, 0x18C5,44, 0x4124,1, 0x6984,2, 0x4124,1,
    0x18C5,14, 0x4124,1, 0x6984,2, 0x4124,1, 0x18C5,40, 0x1084,36, 0x18C5,30, 0x1084,36,
    0x18C5,35, 0x10A4,27, 0x18C5,15, 0x18C5,175, 0x29A7,9, 0x18C5,57, 0x29A7,9, 0x18C5,56,
    0x29A7,1, 0xDF1D,9, 0x29A7,2, 0x18C5,52, 0xFFFF,5, 0xCF5D,6, 0xDF1D,1, 0xAD97,2,
    0x29A7,1, 0x18C5,51, 0xFFFF,5, 0xCF5D,6, 0xDF1D,1, 0xAD97,2, 0x29A7,1, 0x18C5,50,
    0x29A7,1, 0xFFFF,2, 0xCF5D,12, 0xAD97,1, 0x29A7,2, 0x18C5,31, 0x6984,15, 0x29A7,2,
    0xDF1D,3, 0xCF5D,3, 0xFFFF,1, 0x1882,5, 0xCF5D,3, 0xAD97,3, 0x29A7,1, 0x18C5,24,
    0x28E5,1, 0x4124,5, 0x6984,15, 0x29A7,2, 0xDF1D,3, 0xCF5D,3, 0xFFFF,1, 0x1882,5,
    0xCF5D,3, 0xAD97,3, 0x29A7,1, 0x18C5,24, 0x4125,1, 0x6984,7, 0xF572,13, 0x29A7,2,
    0xDF1D,1, 0xCF5D,5, 0x1882,6, 0xCF5D,4, 0x6B8F,2, 0x29A7,1, 0x18C5,22, 0x28E5,1,
    0x4125,1, 0x69A5,1, 0x9307,1, 0xBB29,5, 0x9307,1, 0xF572,1, 0xFE98,3, 0xDC4D,9,
    0x29A7,2, 0xDF1D,1, 0xCF5D,5, 0x1882,6, 0xCF5D,4, 0x6B8F,2, 0x29A7,1, 0x18C5,22,
    0x4124,1, 0x6984,2, 0xBB29,1, 0xDC4D,5, 0xBB29,1, 0xF572,1, 0xFE98,3, 0xDC4D,9,
    0x29A7,2, 0xDF1D,1, 0xCF5D,5, 0x1882,6, 0xCF5D,4, 0x6B8F,2, 0x29A7,1, 0x4124,3,
    0x18C5,19, 0x4124,1, 0x6984,2, 0x9307,1, 0xBB29,2, 0xDC4D,3, 0x9307,1, 0xF572,1,
    0xDC4D,12, 0x29A7,2, 0xDF1D,1, 0xCF5D,5, 0x1882,6, 0xCF5D,4, 0x6B8F,2, 0x29A7,1,
    0x6984,3, 0x18C5,19, 0x28E5,1, 0x4125,2, 0x69A5,1, 0x9307,1, 0xBB29,1, 0xDC4D,3,
    0x9307,1, 0xF572,1, 0xDC4D,12, 0x29A7,2, 0xDF1D,1, 0xCF5D,5, 0x1882,6, 0xCF5D,4,
    0x6B8F,2, 0x29A7,1, 0xBB29,2, 0x9307,1, 0x4125,2, 0x18C5,20, 0x4125,1, 0x6984,1,
    0x9307,1, 0xDC4D,3, 0x9307,1, 0xF572,1, 0xDC4D,3, 0x9307,3, 0xDC4D,6, 0x29A7,2,
    0xDF1D,1, 0xCF5D,5, 0x1882,6, 0xCF5D,4, 0x6B8F,2, 0x29A7,1, 0xDC4D,2, 0x9307,1,
    0x6984,2, 0x18C5,20, 0x4125,1, 0x6984,1, 0x9307,1, 0xDC4D,3, 0x9307,1, 0xF572,1,
    0xDC4D,3, 0x1882,3, 0xDC4D,6, 0x29A7,2, 0xDF1D,3, 0xCF5D,3, 0x1882,6, 0xCF5D,3,
    0x6B8F,3, 0x29A7,1, 0xBB29,2, 0x6984,3, 0x18C5,17, 0x28E5,1, 0x4125,2, 0x7A48,1,
    0xBB29,1, 0xDC4D,4, 0x9307,1, 0xF572,1, 0xDC4D,3, 0x1882,3, 0xDC4D,8, 0x29A7,1,
    0xAD97,2, 0xCF5D,12, 0x6B8F,1, 0x29A7,2, 0xDC4D,1, 0x9307,2, 0x4125,3, 0x18C5,17,
    0x4124,1, 0x6984,2, 0xBB29,1, 0xDC4D,2, 0xBB29,3, 0x9307,1, 0xF572,1, 0xDC4D,3,
    0x9307,3, 0xDC4D,8, 0x29A7,1, 0xAD97,2, 0xCF5D,12, 0x6B8F,1, 0x29A7,2, 0xDC4D,1,
    0x6984,2, 0x18C5,20, 0x4124,1, 0x6984,1, 0x9307,1, 0xBB29,6, 0x9307,1, 0xF572,1,
    0xDC4D,15, 0x29A7,2, 0xAD97,3, 0xCF5D,6, 0x6B8F,3, 0x29A7,1, 0x59C4,2, 0xDC4D,1,
    0x6984,2, 0x18C5,20, 0x28E5,1, 0x4125,1, 0x69A5,1, 0x9307,6, 0x6984,1, 0xF572,1,
    0xDC4D,17, 0x29A7,1, 0xAD97,2, 0x6B8F,7, 0x29A7,2, 0x9307,3, 0x59C4,1, 0xBB29,2,
    0x4125,3, 0x18C5,19, 0x28E5,1, 0x4124,5, 0x6984,2, 0xF572,1, 0xDC4D,17, 0x29A7,1,
    0xAD97,2, 0x6B8F,7, 0x29A7,2, 0x9307,3, 0x59C4,1, 0xDC4D,2, 0x9307,1, 0x6984,2,
    0x18C5,25, 0x6984,2, 0xF572,1, 0xDC4D,18, 0x29A7,9, 0xBB29,3, 0x9307,3, 0x59C4,2,
    0xBB29,1, 0x6984,2, 0x18C5,25, 0x6984,2, 0xF572,1, 0xDC4D,27, 0xBB29,2, 0x9307,6,
    0x59C4,1, 0x4125,2, 0x18C5,25, 0x6984,2, 0xF572,1, 0xDC4D,27, 0xBB29,2, 0x6984,1,
    0x4124,2, 0x9307,3, 0x59C4,1, 0x18C5,27, 0x6984,2, 0xDC4D,1, 0xBB29,29, 0x6984,1,
    0x18C5,3, 0x9307,3, 0x59C4,2, 0x18C5,25, 0x6984,2, 0xDC4D,1, 0xBB29,29, 0x6984,1,
    0x18C5,33, 0x6984,2, 0xDC4D,1, 0xBB29,29, 0x6984,1, 0x18C5,33, 0x6984,33, 0x18C5,36,
    0xBB29,2, 0x6984,1, 0x18C5,15, 0xBB29,2, 0x6984,1, 0x18C5,45, 0xBB29,2, 0x6984,1,
    0x18C5,15, 0xBB29,2, 0x6984,1, 0x18C5,45, 0x6984,3, 0x18C5,15, 0x6984,3, 0x18C5,40,
    0x10A4,1, 0x1084,35, 0x10A4,1, 0x18C5,29, 0x10A4,1, 0x1084,35, 0x10A4,1, 0x18C5,34,
    0x18C6,1, 0x10A4,26, 0x18C6,1, 0x18C5,13, 0x18C5,176, 0x2126,1, 0x29A7,8, 0x2126,1,
    0x18C5,56, 0x2126,1, 0x29A7,8, 0x2126,1, 0x18C5,55, 0x2126,1, 0x6B8F,1, 0xDF1D,8,
    0x6B8F,1, 0x29A7,1, 0x2126,1, 0x18C5,51, 0x8C72,1, 0xFFFF,4, 0xDF1D,1, 0xCF5D,6,
    0xAD97,2, 0x6B8F,1, 0x2126,1, 0x18C5,50, 0x8C72,1, 0xFFFF,4, 0xDF1D,1, 0xCF5D,6,
    0xAD97,2, 0x6B8F,1, 0x2126,1, 0x18C5,49, 0x2126,1, 0xAD97,1, 0xFFFF,1, 0xDF1D,1,
    0xCF5D,11, 0xAD97,1, 0x6B8F,1, 0x29A7,1, 0x2126,1, 0x18C5,30, 0x4124,1, 0x6984,14,
    0x59C4,1, 0x29A7,1, 0x6B8F,1, 0xDF1D,2, 0xCF5D,3, 0xDF1D,1, 0x6B8F,1, 0x1882,4,
    0x6B8F,1, 0xCF5D,2, 0xAD97,3, 0x6B8F,1, 0x2126,1, 0x18C5,24, 0x4124,5, 0x5144,1,
    0x6984,14, 0x59C4,1, 0x29A7,1, 0x6B8F,1, 0xDF1D,2, 0xCF5D,3, 0xDF1D,1, 0x6B8F,1,
    0x1882,4, 0x6B8F,1, 0xCF5D,2, 0xAD97,3, 0x6B8F,1, 0x2126,1, 0x18C5,24, 0x6984,7,
    0xBB29,1, 0xF572,12, 0x9307,1, 0x29A7,1, 0x6B8F,1, 0xCF5D,5, 0x6B8F,1, 0x1882,5,
    0x6B8F,1, 0xCF5D,3, 0xAD97,1, 0x6B8F,1, 0x29A7,1, 0x2126,1, 0x18C5,22, 0x4125,2,
    0x9307,1, 0xBB29,7, 0xF572,1, 0xFE98,2, 0xF572,1, 0xDC4D,8, 0x9307,1, 0x29A7,1,
    0x6B8F,1, 0xCF5D,5, 0x6B8F,1, 0x1882,5, 0x6B8F,1, 0xCF5D,3, 0xAD97,1, 0x6B8F,1,
    0x29A7,1, 0x2126,1, 0x18C5,22, 0x6984,2, 0x9307,1, 0xDC4D,6, 0xBB29,1, 0xF572,1,
    0xFE98,2, 0xF572,1, 0xDC4D,8, 0x9307,1, 0x29A7,1, 0x6B8F,1, 0xCF5D,5, 0x6B8F,1,
    0x1882,5, 0x6B8F,1, 0xCF5D,3, 0xAD97,1, 0x6B8F,1, 0x29A7,1, 0x3166,1, 0x4124,2,
    0x28E5,1, 0x18C5,19, 0x6984,3, 0xBB29,2, 0xDC4D,4, 0xBB29,1, 0xDC4D,12, 0x9307,1,
    0x29A7,1, 0x6B8F,1, 0xCF5D,5, 0x6B8F,1, 0x1882,5, 0x6B8F,1, 0xCF5D,3, 0xAD97,1,
    0x6B8F,1, 0x29A7,1, 0x59C4,1, 0x6984,2, 0x4125,1, 0x18C5,19, 0x4125,3, 0x9307,2,
    0xDC4D,4, 0xBB29,1, 0xDC4D,12, 0x9307,1, 0x29A7,1, 0x6B8F,1, 0xCF5D,5, 0x6B8F,1,
    0x1882,5, 0x6B8F,1, 0xCF5D,3, 0xAD97,1, 0x6B8F,1, 0x29A7,1, 0x9307,1, 0xBB29,1,
    0x9307,1, 0x69A5,1, 0x4125,1, 0x28E5,1, 0x18C5,20, 0x6984,2, 0xDC4D,4, 0xBB29,1,
    0xDC4D,3, 0xBB29,1, 0x9307,2, 0xBB29,1, 0xDC4D,5, 0x9307,1, 0x29A7,1, 0x6B8F,1,
    0xCF5D,5, 0x6B8F,1, 0x1882,5, 0x6B8F,1, 0xCF5D,3, 0xAD97,1, 0x6B8F,1, 0x29A7,1,
    0x9307,1, 0xDC4D,1, 0xBB29,1, 0x6984,2, 0x4124,1, 0x18C5,20, 0x6984,2, 0xDC4D,4,
    0xBB29,1, 0xDC4D,3, 0x9307,1, 0x1882,2, 0x9307,1, 0xDC4D,5, 0x9307,1, 0x29A7,1,
    0x6B8F,1, 0xDF1D,2, 0xCF5D,3, 0x6B8F,1, 0x1882,5, 0x6B8F,1, 0xCF5D,2, 0xAD97,1,
    0x6B8F,2, 0x29A7,1, 0x9307,1, 0xBB29,1, 0x9307,1, 0x6984,2, 0x4124,1, 0x18C5,17,
    0x4125,3, 0xBB29,2, 0xDC4D,4, 0xBB29,1, 0xDC4D,3, 0x9307,1, 0x1882,2, 0x9307,1,
    0xDC4D,7, 0x9307,1, 0x6B8F,1, 0xAD97,2, 0xCF5D,11, 0xAD97,1, 0x29A7,2, 0x9307,1,
    0xBB29,1, 0x9307,1, 0x69A5,1, 0x4125,2, 0x28E5,1, 0x18C5,17, 0x6984,2, 0x9307,1,
    0xDC4D,2, 0xBB29,5, 0xDC4D,3, 0xBB29,1, 0x9307,2, 0xBB29,1, 0xDC4D,7, 0x9307,1,
    0x6B8F,1, 0xAD97,2, 0xCF5D,11, 0xAD97,1, 0x29A7,2, 0x9307,2, 0x6984,1, 0x4125,1,
    0x18C5,20, 0x6984,2, 0xBB29,8, 0xDC4D,15, 0x9307,1, 0x29A7,1, 0x6B8F,1, 0xAD97,3,
    0xCF5D,5, 0xAD97,1, 0x6B8F,2, 0x29A7,2, 0x59C4,1, 0x9307,2, 0x6984,1, 0x4125,1,
    0x18C5,20, 0x4125,2, 0x9307,7, 0xBB29,1, 0xDC4D,17, 0x9307,1, 0x6B8F,1, 0xAD97,1,
    0x6B8F,7, 0x29A7,2, 0x59C4,1, 0x9307,2, 0x6984,1, 0x9307,1, 0xBB29,1, 0x7A48,1,
    0x4125,2, 0x28E5,1, 0x18C5,19, 0x4124,5, 0x5144,1, 0x6984,1, 0xBB29,1, 0xDC4D,17,
    0x9307,1, 0x6B8F,1, 0xAD97,1, 0x6B8F,7, 0x29A7,2, 0x59C4,1, 0x9307,2, 0x6984,1,
    0x9307,1, 0xDC4D,1, 0xBB29,1, 0x6984,2, 0x4124,1, 0x18C5,24, 0x4124,1, 0x6984,1,
    0xBB29,1, 0xDC4D,18, 0x9307,1, 0x29A7,8, 0x9307,1, 0xBB29,1, 0x9307,4, 0x6984,1,
    0x59C4,1, 0x9307,2, 0x6984,1, 0x4124,1, 0x18C5,24, 0x4124,1, 0x6984,1, 0xBB29,1,
    0xDC4D,27, 0xBB29,2, 0x9307,6, 0x6984,2, 0x4125,1, 0x28E5,1, 0x18C5,24, 0x4124,1,
    0x6984,1, 0xBB29,1, 0xDC4D,27, 0xBB29,2, 0x9307,1, 0x5144,1, 0x4124,1, 0x6A06,1,
    0x9307,2, 0x6984,1, 0x4144,1, 0x18C5,26, 0x4124,1, 0x6984,1, 0x9307,1, 0xBB29,29,
    0x9307,1, 0x4124,1, 0x18C5,2, 0x51E6,1, 0x9307,2, 0x6984,1, 0x59C4,1, 0x3944,1,
    0x18C5,24, 0x4124,1, 0x6984,1, 0x9307,1, 0xBB29,29, 0x9307,1, 0x4124,1, 0x18C5,32,
    0x4124,1, 0x6984,1, 0x9307,1, 0xBB29,29, 0x9307,1, 0x4124,1, 0x18C5,32, 0x4124,1,
    0x6984,32, 0x4124,1, 0x18C5,41, 0x69E7,1, 0xBB29,1, 0x9307,1, 0x4124,1, 0x18C5,14,
    0x69E7,1, 0xBB29,1, 0x9307,1, 0x4124,1, 0x18C5,44, 0x69E7,1, 0xBB29,1, 0x9307,1,
    0x4124,1, 0x18C5,14, 0x69E7,1, 0xBB29,1, 0x9307,1, 0x4124,1, 0x18C5,44, 0x4124,1,
    0x6984,2, 0x4124,1, 0x18C5,14, 0x4124,1, 0x6984,2, 0x4124,1, 0x18C5,34, 0x1084,36,
    0x18C5,30, 0x1084,36, 0x18C5,35, 0x10A4,27, 0x18C5,12, 0x18C5,176, 0x2126,1, 0x29A7,8,
    0x2126,1, 0x18C5,56, 0x2126,1, 0x29A7,8, 0x2126,1, 0x18C5,55, 0x2126,1, 0x6B8F,1,
    0xDF1D,8, 0x6B8F,1, 0x29A7,1, 0x2126,1, 0x18C5,51, 0x8C72,1, 0xFFFF,4, 0xDF1D,1,
    0xCF5D,6, 0xAD97,2, 0x6B8F,1, 0x2126,1, 0x18C5,50, 0x8C72,1, 0xFFFF,4, 0xDF1D,1,
    0xCF5D,6, 0xAD97,2, 0x6B8F,1, 0x2126,1, 0x18C5,49, 0x2126,1, 0xAD97,1, 0xFFFF,1,
    0xDF1D,1, 0xCF5D,11, 0xAD97,1, 0x6B8F,1, 0x29A7,1, 0x2126,1, 0x18C5,30, 0x4124,1,
    0x6984,14, 0x59C4,1, 0x29A7,1, 0x6B8F,1, 0xDF1D,2, 0xCF5D,3, 0xDF1D,1, 0x6B8F,1,
    0x1882,4, 0x6B8F,1, 0xCF5D,2, 0xAD97,3, 0x6B8F,1, 0x2126,1, 0x18C5,24, 0x4124,5,
    0x5144,1, 0x6984,14, 0x59C4,1, 0x29A7,1, 0x6B8F,1, 0xDF1D,2, 0xCF5D,3, 0xDF1D,1,
    0x6B8F,1, 0x1882,4, 0x6B8F,1, 0xCF5D,2, 0xAD97,3, 0x6B8F,1, 0x2126,1, 0x18C5,24,
    0x6984,7, 0xBB29,1, 0xF572,12, 0x9307,1, 0x29A7,1, 0x6B8F,1, 0xCF5D,5, 0x6B8F,1,
    0x1882,5, 0x6B8F,1, 0xCF5D,3, 0xAD97,1, 0x6B8F,1, 0x29A7,1, 0x2126,1, 0x18C5,22,
    0x4125,2, 0x9307,1, 0xBB29,7, 0xF572,1, 0xFE98,2, 0xF572,1, 0xDC4D,8, 0x9307,1,
    0x29A7,1, 0x6B8F,1, 0xCF5D,5, 0x6B8F,1, 0x1882,5, 0x6B8F,1, 0xCF5D,3, 0xAD97,1,
    0x6B8F,1, 0x29A7,1, 0x2126,1, 0x18C5,22, 0x6984,2, 0x9307,1, 0xDC4D,6, 0xBB29,1,
    0xF572,1, 0xFE98,2, 0xF572,1, 0xDC4D,8, 0x9307,1, 0x29A7,1, 0x6B8F,1, 0xCF5D,5,
    0x6B8F,1, 0x1882,5, 0x6B8F,1, 0xCF5D,3, 0xAD97,1, 0x6B8F,1, 0x29A7,1, 0x3166,1,
    0x4124,2, 0x28E5,1, 0x18C5,19, 0x6984,3, 0xBB29,2, 0xDC4D,4, 0xBB29,1, 0xDC4D,12,
    0x9307,1, 0x29A7,1, 0x6B8F,1, 0xCF5D,5, 0x6B8F,1, 0x1882,5, 0x6B8F,1, 0xCF5D,3,
    0xAD97,1, 0x6B8F,1, 0x29A7,1, 0x59C4,1, 0x6984,2, 0x4125,1, 0x18C5,19, 0x4125,3,
    0x9307,2, 0xDC4D,4, 0xBB29,1, 0xDC4D,12, 0x9307,1, 0x29A7,1, 0x6B8F,1, 0xCF5D,5,
    0x6B8F,1, 0x1882,5, 0x6B8F,1, 0xCF5D,3, 0xAD97,1, 0x6B8F,1, 0x29A7,1, 0x9307,1,
    0xBB29,1, 0x9307,1, 0x69A5,1, 0x4125,1, 0x28E5,1, 0x18C5,20, 0x6984,2, 0xDC4D,4,
    0xBB29,1, 0xDC4D,3, 0xBB29,1, 0x9307,2, 0xBB29,1, 0xDC4D,5, 0x9307,1, 0x29A7,1,
    0x6B8F,1, 0xCF5D,5, 0x6B8F,1, 0x1882,5, 0x6B8F,1, 0xCF5D,3, 0xAD97,1, 0x6B8F,1,
    0x29A7,1, 0x9307,1, 0xDC4D,1, 0xBB29,1, 0x6984,2, 0x4124,1, 0x18C5,20, 0x6984,2,
    0xDC4D,4, 0xBB29,1, 0xDC4D,3, 0x9307,1, 0x1882,2, 0x9307,1, 0xDC4D,5, 0x9307,1,
    0x29A7,1, 0x6B8F,1, 0xDF1D,2, 0xCF5D,3, 0x6B8F,1, 0x1882,5, 0x6B8F,1, 0xCF5D,2,
    0xAD97,1, 0x6B8F,2, 0x29A7,1, 0x9307,1, 0xBB29,1, 0x9307,1, 0x6984,2, 0x4124,1,
    0x18C5,17, 0x4125,3, 0xBB29,2, 0xDC4D,4, 0xBB29,1, 0xDC4D,3, 0x9307,1, 0x1882,2,
    0x9307,1, 0xDC4D,7, 0x9307,1, 0x6B8F,1, 0xAD97,2, 0xCF5D,11, 0xAD97,1, 0x29A7,2,
    0x9307,1, 0xBB29,1, 0x9307,1, 0x69A5,1, 0x4125,2, 0x28E5,1, 0x18C5,17, 0x6984,2,
    0x9307,1, 0xDC4D,2, 0xBB29,5, 0xDC4D,3, 0xBB29,1, 0x9307,2, 0xBB29,1, 0xDC4D,7,
    0x9307,1, 0x6B8F,1, 0xAD97,2, 0xCF5D,11, 0xAD97,1, 0x29A7,2, 0x9307,2, 0x6984,1,
    0x4125,1, 0x18C5,20, 0x6984,2, 0xBB29,8, 0xDC4D,15, 0x9307,1, 0x29A7,1, 0x6B8F,1,
    0xAD97,3, 0xCF5D,5, 0xAD97,1, 0x6B8F,2, 0x29A7,2, 0x59C4,1, 0x9307,2, 0x6984,1,
    0x4125,1, 0x18C5,20, 0x4125,2, 0x9307,7, 0xBB29,1, 0xDC4D,17, 0x9307,1, 0x6B8F,1,
    0xAD97,1, 0x6B8F,7, 0x29A7,2, 0x59C4,1, 0x9307,2, 0x6984,1, 0x9307,1, 0xBB29,1,
    0x7A48,1, 0x4125,2, 0x28E5,1, 0x18C5,19, 0x4124,5, 0x5144,1, 0x6984,1, 0xBB29,1,
    0xDC4D,17, 0x9307,1, 0x6B8F,1, 0xAD97,1, 0x6B8F,7, 0x29A7,2, 0x59C4,1, 0x9307,2,
    0x6984,1, 0x9307,1, 0xDC4D,1, 0xBB29,1, 0x6984,2, 0x4124,1, 0x18C5,24, 0x4124,1,
    0x6984,1, 0xBB29,1, 0xDC4D,18, 0x9307,1, 0x29A7,8, 0x9307,1, 0xBB29,1, 0x9307,4,
    0x6984,1, 0x59C4,1, 0x9307,2, 0x6984,1, 0x4124,1, 0x18C5,24, 0x4124,1, 0x6984,1,
    0xBB29,1, 0xDC4D,27, 0xBB29,2, 0x9307,6, 0x6984,2, 0x4125,1, 0x28E5,1, 0x18C5,24,
    0x4124,1, 0x6984,1, 0xBB29,1, 0xDC4D,27, 0xBB29,2, 0x9307,1, 0x5144,1, 0x4124,1,
    0x6A06,1, 0x9307,2, 0x6984,1, 0x4144,1, 0x18C5,26, 0x4124,1, 0x6984,1, 0x9307,1,
    0xBB29,29, 0x9307,1, 0x4124,1, 0x18C5,2, 0x51E6,1, 0x9307,2, 0x6984,1, 0x59C4,1,
    0x3944,1, 0x18C5,24, 0x4124,1, 0x6984,1, 0x9307,1, 0xBB29,29, 0x9307,1, 0x4124,1,
    0x18C5,32, 0x4124,1, 0x6984,1, 0x9307,1, 0xBB29,29, 0x9307,1, 0x4124,1, 0x18C5,32,
    0x4124,1, 0x6984,32, 0x4124,1, 0x18C5,41, 0x69E7,1, 0xBB29,1, 0x9307,1, 0x4124,1,
    0x18C5,14, 0x69E7,1, 0xBB29,1, 0x9307,1, 0x4124,1, 0x18C5,44, 0x69E7,1, 0xBB29,1,
    0x9307,1, 0x4124,1, 0x18C5,14, 0x69E7,1, 0xBB29,1, 0x9307,1, 0x4124,1, 0x18C5,44,
    0x4124,1, 0x6984,2, 0x4124,1, 0x18C5,14, 0x4124,1, 0x6984,2, 0x4124,1, 0x18C5,34,
    0x1084,36, 0x18C5,30, 0x1084,36, 0x18C5,35, 0x10A4,27, 0x18C5,12, 0x18C5,46, 0x2126,9,
    0x18C5,57, 0x29A7,9, 0x18C5,56, 0x2126,1, 0x6B8F,9, 0x2126,2, 0x18C5,52, 0x8C72,2,
    0xAD97,1, 0xDF1D,2, 0xCF5D,6, 0xDF1D,1, 0x6B8F,2, 0x2126,1, 0x18C5,51, 0xFFFF,5,
    0xCF5D,6, 0xDF1D,1, 0xAD97,2, 0x29A7,1, 0x18C5,50, 0x2126,1, 0xFFFF,2, 0xDF1D,3,
    0xCF5D,7, 0xAD97,2, 0x6B8F,1, 0x2126,2, 0x18C5,46, 0x2126,2, 0x6B8F,1, 0xDF1D,2,
    0xCF5D,3, 0xDF1D,1, 0x6B8F,5, 0xCF5D,3, 0xAD97,1, 0x6B8F,2, 0x2126,1, 0x18C5,45,
    0x29A7,2, 0xDF1D,3, 0xCF5D,3, 0xFFFF,1, 0x1882,5, 0xCF5D,3, 0xAD97,3, 0x29A7,1,
    0x18C5,30, 0x6984,15, 0x29A7,2, 0xDF1D,1, 0xCF5D,5, 0x6B8F,1, 0x1882,5, 0xCF5D,3,
    0xAD97,1, 0x6B8F,2, 0x29A7,1, 0x18C5,24, 0x28E5,1, 0x4124,5, 0x6984,15, 0x29A7,2,
    0xDF1D,1, 0xCF5D,5, 0x1882,6, 0xCF5D,4, 0x6B8F,2, 0x29A7,1, 0x18C5,24, 0x4125,1,
    0x6984,7, 0xF572,13, 0x29A7,2, 0xDF1D,1, 0xCF5D,5, 0x1882,6, 0xCF5D,4, 0x6B8F,2,
    0x29A7,1, 0x18C5,22, 0x28E5,1, 0x4125,1, 0x69A5,1, 0x9307,1, 0xBB29,5, 0x9307,1,
    0xF572,1, 0xFE98,3, 0xDC4D,9, 0x29A7,2, 0xDF1D,1, 0xCF5D,5, 0x1882,6, 0xCF5D,4,
    0x6B8F,2, 0x29A7,1, 0x18C5,22, 0x4124,1, 0x6984,2, 0xBB29,1, 0xDC4D,5, 0xBB29,1,
    0xF572,1, 0xFE98,3, 0xDC4D,9, 0x29A7,2, 0xDF1D,1, 0xCF5D,5, 0x1882,6, 0xCF5D,4,
    0x6B8F,2, 0x29A7,1, 0x4124,3, 0x18C5,19, 0x4124,1, 0x6984,2, 0x9307,1, 0xBB29,2,
    0xDC4D,3, 0x9307,1, 0xF572,1, 0xDC4D,12, 0x29A7,2, 0xDF1D,1, 0xCF5D,5, 0x1882,6,
    0xCF5D,4, 0x6B8F,2, 0x29A7,1, 0x6984,3, 0x18C5,19, 0x28E5,1, 0x4125,2, 0x69A5,1,
    0x9307,1, 0xBB29,1, 0xDC4D,3, 0x9307,1, 0xF572,1, 0xDC4D,12, 0x29A7,2, 0xDF1D,1,
    0xCF5D,5, 0x1882,6, 0xCF5D,3, 0xAD97,1, 0x6B8F,2, 0x29A7,1, 0xBB29,2, 0x9307,1,
    0x4125,2, 0x18C5,20, 0x4125,1, 0x6984,1, 0x9307,1, 0xDC4D,3, 0x9307,1, 0xF572,1,
    0xDC4D,3, 0x9307,3, 0xDC4D,6, 0x9307,2, 0x6B8F,1, 0xAD97,2, 0xCF5D,3, 0x6B8F,6,
    0xCF5D,3, 0x6B8F,1, 0x29A7,2, 0x9307,1, 0xDC4D,2, 0x9307,1, 0x6984,2, 0x18C5,20,
    0x4125,1, 0x6984,1, 0x9307,1, 0xDC4D,3, 0x9307,1, 0xF572,1, 0xDC4D,3, 0x1882,3,
    0xDC4D,8, 0x29A7,1, 0xAD97,2, 0xCF5D,12, 0x6B8F,1, 0x29A7,2, 0xDC4D,1, 0xBB29,2,
    0x6984,3, 0x18C5,17, 0x28E5,1, 0x4125,2, 0x7A48,1, 0xBB29,1, 0xDC4D,4, 0x9307,1,
    0xF572,1, 0xDC4D,3, 0x1882,3, 0xDC4D,8, 0x9307,1, 0x6B8F,2, 0xAD97,3, 0xCF5D,6,
    0xAD97,3, 0x29A7,3, 0xDC4D,1, 0x9307,2, 0x4125,3, 0x18C5,17, 0x4124,1, 0x6984,2,
    0xBB29,1, 0xDC4D,2, 0xBB29,3, 0x9307,1, 0xF572,1, 0xDC4D,3, 0x9307,3, 0xDC4D,9,
    0x9307,2, 0x6B8F,1, 0xAD97,8, 0x6B8F,1, 0x29A7,2, 0x59C4,1, 0x6984,2, 0x9307,1,
    0x6984,2, 0x18C5,20, 0x4124,1, 0x6984,1, 0x9307,1, 0xBB29,6, 0x9307,1, 0xF572,1,
    0xDC4D,17, 0x29A7,1, 0xAD97,2, 0x6B8F,7, 0x29A7,2, 0x9307,3, 0x59C4,1, 0x6984,2,
    0x18C5,20, 0x28E5,1, 0x4125,1, 0x69A5,1, 0x9307,6, 0x6984,1, 0xF572,1, 0xDC4D,17,
    0x9307,1, 0x6B8F,2, 0x29A7,7, 0x9307,2, 0xBB29,1, 0x9307,2, 0x6984,1, 0x9307,2,
    0x4125,3, 0x18C5,19, 0x28E5,1, 0x4124,5, 0x6984,2, 0xF572,1, 0xDC4D,18, 0x9307,9,
    0xBB29,5, 0x9307,1, 0x6984,5, 0x18C5,25, 0x6984,2, 0xF572,1, 0xDC4D,27, 0xBB29,5,
    0x9307,3, 0x59C4,1, 0x6984,2, 0x18C5,25, 0x6984,2, 0xF572,1, 0xDC4D,27, 0xBB29,2,
    0x9307,6, 0x6984,1, 0x4964,2, 0x18C5,25, 0x6984,2, 0xF572,1, 0xDC4D,27, 0xBB29,2,
    0x6984,1, 0x4124,3, 0x6A06,3, 0x3944,2, 0x18C5,25, 0x6984,2, 0xDC4D,1, 0xBB29,29,
    0x6984,1, 0x18C5,33, 0x6984,2, 0xDC4D,1, 0xBB29,29, 0x6984,1, 0x18C5,33, 0x6984,2,
    0xDC4D,1, 0xBB29,29, 0x6984,1, 0x18C5,33, 0x6984,33, 0x18C5,36, 0xBB29,2, 0x6984,1,
    0x18C5,15, 0xBB29,2, 0x6984,1, 0x18C5,45, 0xBB29,2, 0x6984,1, 0x18C5,15, 0xBB29,2,
    0x6984,1, 0x18C5,45, 0x6984,3, 0x18C5,15, 0x6984,3, 0x18C5,40, 0x10A4,1, 0x1084,35,
    0x10A4,1, 0x18C5,29, 0x10A4,1, 0x1084,35, 0x10A4,1, 0x18C5,34, 0x18C6,1, 0x10A4,26,
    0x18C6,1, 0x18C5,10, 0x18C5,46, 0x2126,9, 0x18C5,57, 0x29A7,9, 0x18C5,56, 0x2126,1,
    0x6B8F,9, 0x2126,2, 0x18C5,52, 0x8C72,2, 0xAD97,1, 0xDF1D,2, 0xCF5D,6, 0xDF1D,1,
    0x6B8F,2, 0x2126,1, 0x18C5,51, 0xFFFF,5, 0xCF5D,6, 0xDF1D,1, 0xAD97,2, 0x29A7,1,
    0x18C5,50, 0x2126,1, 0xFFFF,2, 0xDF1D,3, 0xCF5D,7, 0xAD97,2, 0x6B8F,1, 0x2126,2,
    0x18C5,46, 0x2126,2, 0x6B8F,1, 0xDF1D,2, 0xCF5D,3, 0xDF1D,1, 0x6B8F,5, 0xCF5D,3,
    0xAD97,1, 0x6B8F,2, 0x2126,1, 0x18C5,45, 0x29A7,2, 0xDF1D,3, 0xCF5D,3, 0xFFFF,1,
    0x1882,5, 0xCF5D,3, 0xAD97,3, 0x29A7,1, 0x18C5,30, 0x6984,15, 0x29A7,2, 0xDF1D,1,
    0xCF5D,5, 0x6B8F,1, 0x1882,5, 0xCF5D,3, 0xAD97,1, 0x6B8F,2, 0x29A7,1, 0x18C5,24,
    0x28E5,1, 0x4124,5, 0x6984,15, 0x29A7,2, 0xDF1D,1, 0xCF5D,5, 0x1882,6, 0xCF5D,4,
    0x6B8F,2, 0x29A7,1, 0x18C5,24, 0x4125,1, 0x6984,7, 0xF572,13, 0x29A7,2, 0xDF1D,1,
    0xCF5D,5, 0x1882,6, 0xCF5D,4, 0x6B8F,2, 0x29A7,1, 0x18C5,22, 0x28E5,1, 0x4125,1,
    0x69A5,1, 0x9307,1, 0xBB29,5, 0x9307,1, 0xF572,1, 0xFE98,3, 0xDC4D,9, 0x29A7,2,
    0xDF1D,1, 0xCF5D,5, 0x1882,6, 0xCF5D,4, 0x6B8F,2, 0x29A7,1, 0x18C5,22, 0x4124,1,
    0x6984,2, 0xBB29,1, 0xDC4D,5, 0xBB29,1, 0xF572,1, 0xFE98,3, 0xDC4D,9, 0x29A7,2,
    0xDF1D,1, 0xCF5D,5, 0x1882,6, 0xCF5D,4, 0x6B8F,2, 0x29A7,1, 0x4124,3, 0x18C5,19,
    0x4124,1, 0x6984,2, 0x9307,1, 0xBB29,2, 0xDC4D,3, 0x9307,1, 0xF572,1, 0xDC4D,12,
    0x29A7,2, 0xDF1D,1, 0xCF5D,5, 0x1882,6, 0xCF5D,4, 0x6B8F,2, 0x29A7,1, 0x6984,3,
    0x18C5,19, 0x28E5,1, 0x4125,2, 0x69A5,1, 0x9307,1, 0xBB29,1, 0xDC4D,3, 0x9307,1,
    0xF572,1, 0xDC4D,12, 0x29A7,2, 0xDF1D,1, 0xCF5D,5, 0x1882,6, 0xCF5D,3, 0xAD97,1,
    0x6B8F,2, 0x29A7,1, 0xBB29,2, 0x9307,1, 0x4125,2, 0x18C5,20, 0x4125,1, 0x6984,1,
    0x9307,1, 0xDC4D,3, 0x9307,1, 0xF572,1, 0xDC4D,3, 0x9307,3, 0xDC4D,6, 0x9307,2,
    0x6B8F,1, 0xAD97,2, 0xCF5D,3, 0x6B8F,6, 0xCF5D,3, 0x6B8F,1, 0x29A7,2, 0x9307,1,
    0xDC4D,2, 0x9307,1, 0x6984,2, 0x18C5,20, 0x4125,1, 0x6984,1, 0x9307,1, 0xDC4D,3,
    0x9307,1, 0xF572,1, 0xDC4D,3, 0x1882,3, 0xDC4D,8, 0x29A7,1, 0xAD97,2, 0xCF5D,12,
    0x6B8F,1, 0x29A7,2, 0xDC4D,1, 0xBB29,2, 0x6984,3, 0x18C5,17, 0x28E5,1, 0x4125,2,
    0x7A48,1, 0xBB29,1, 0xDC4D,4, 0x9307,1, 0xF572,1, 0xDC4D,3, 0x1882,3, 0xDC4D,8,
    0x9307,1, 0x6B8F,2, 0xAD97,3, 0xCF5D,6, 0xAD97,3, 0x29A7,3, 0xDC4D,1, 0x9307,2,
    0x4125,3, 0x18C5,17, 0x4124,1, 0x6984,2, 0xBB29,1, 0xDC4D,2, 0xBB29,3, 0x9307,1,
    0xF572,1, 0xDC4D,3, 0x9307,3, 0xDC4D,9, 0x9307,2, 0x6B8F,1, 0xAD97,8, 0x6B8F,1,
    0x29A7,2, 0x59C4,1, 0x6984,2, 0x9307,1, 0x6984,2, 0x18C5,20, 0x4124,1, 0x6984,1,
    0x9307,1, 0xBB29,6, 0x9307,1, 0xF572,1, 0xDC4D,17, 0x29A7,1, 0xAD97,2, 0x6B8F,7,
    0x29A7,2, 0x9307,3, 0x59C4,1, 0x6984,2, 0x18C5,20, 0x28E5,1, 0x4125,1, 0x69A5,1,
    0x9307,6, 0x6984,1, 0xF572,1, 0xDC4D,17, 0x9307,1, 0x6B8F,2, 0x29A7,7, 0x9307,2,
    0xBB29,1, 0x9307,2, 0x6984,1, 0x9307,2, 0x4125,3, 0x18C5,19, 0x28E5,1, 0x4124,5,
    0x6984,2, 0xF572,1, 0xDC4D,18, 0x9307,9, 0xBB29,5, 0x9307,1, 0x6984,5, 0x18C5,25,
    0x6984,2, 0xF572,1, 0xDC4D,27, 0xBB29,5, 0x9307,3, 0x59C4,1, 0x6984,2, 0x18C5,25,
    0x6984,2, 0xF572,1, 0xDC4D,27, 0xBB29,2, 0x9307,6, 0x6984,1, 0x4964,2, 0x18C5,25,
    0x6984,2, 0xF572,1, 0xDC4D,27, 0xBB29,2, 0x6984,1, 0x4124,3, 0x6A06,3, 0x3944,2,
    0x18C5,25, 0x6984,2, 0xDC4D,1, 0xBB29,29, 0x6984,1, 0x18C5,33, 0x6984,2, 0xDC4D,1,
    0xBB29,29, 0x6984,1, 0x18C5,33, 0x6984,2, 0xDC4D,1, 0xBB29,29, 0x6984,1, 0x18C5,33,
    0x6984,33, 0x18C5,36, 0xBB29,2, 0x6984,1, 0x18C5,15, 0xBB29,2, 0x6984,1, 0x18C5,45,
    0xBB29,2, 0x6984,1, 0x18C5,15, 0xBB29,2, 0x6984,1, 0x18C5,45, 0x6984,3, 0x18C5,15,
    0x6984,3, 0x18C5,40, 0x10A4,1, 0x1084,35, 0x10A4,1, 0x18C5,29, 0x10A4,1, 0x1084,35,
    0x10A4,1, 0x18C5,34, 0x18C6,1, 0x10A4,26, 0x18C6,1, 0x18C5,10, 0x18C5,46, 0x2126,9,
    0x18C5,57, 0x29A7,9, 0x18C5,56, 0x2126,1, 0x6B8F,9, 0x2126,2, 0x18C5,52, 0x8C72,2,
    0xAD97,1, 0xDF1D,2, 0xCF5D,6, 0xDF1D,1, 0x6B8F,2, 0x2126,1, 0x18C5,51, 0xFFFF,5,
    0xCF5D,6, 0xDF1D,1, 0xAD97,2, 0x29A7,1, 0x18C5,50, 0x2126,1, 0xFFFF,2, 0xDF1D,3,
    0xCF5D,7, 0xAD97,2, 0x6B8F,1, 0x2126,2, 0x18C5,46, 0x2126,2, 0x6B8F,1, 0xDF1D,2,
    0xCF5D,3, 0xDF1D,1, 0x6B8F,5, 0xCF5D,3, 0xAD97,1, 0x6B8F,2, 0x2126,1, 0x18C5,45,
    0x29A7,2, 0xDF1D,3, 0xCF5D,3, 0xFFFF,1, 0x1882,5, 0xCF5D,3, 0xAD97,3, 0x29A7,1,
    0x18C5,30, 0x6984,15, 0x29A7,2, 0xDF1D,1, 0xCF5D,5, 0x6B8F,1, 0x1882,5, 0xCF5D,3,
    0xAD97,1, 0x6B8F,2, 0x29A7,1, 0x18C5,24, 0x28E5,1, 0x4124,5, 0x6984,15, 0x29A7,2,
    0xDF1D,1, 0xCF5D,5, 0x1882,6, 0xCF5D,4, 0x6B8F,2, 0x29A7,1, 0x18C5,24, 0x4125,1,
    0x6984,7, 0xF572,13, 0x29A7,2, 0xDF1D,1, 0xCF5D,5, 0x1882,6, 0xCF5D,4, 0x6B8F,2,
    0x29A7,1, 0x18C5,22, 0x28E5,1, 0x4125,1, 0x69A5,1, 0x9307,1, 0xBB29,5, 0x9307,1,
    0xF572,1, 0xFE98,3, 0xDC4D,9, 0x29A7,2, 0xDF1D,1, 0xCF5D,5, 0x1882,6, 0xCF5D,4,
    0x6B8F,2, 0x29A7,1, 0x18C5,22, 0x4124,1, 0x6984,2, 0xBB29,1, 0xDC4D,5, 0xBB29,1,
    0xF572,1, 0xFE98,3, 0xDC4D,9, 0x29A7,2, 0xDF1D,1, 0xCF5D,5, 0x1882,6, 0xCF5D,4,
    0x6B8F,2, 0x29A7,1, 0x4124,3, 0x18C5,19, 0x4124,1, 0x6984,2, 0x9307,1, 0xBB29,2,
    0xDC4D,3, 0x9307,1, 0xF572,1, 0xDC4D,12, 0x29A7,2, 0xDF1D,1, 0xCF5D,5, 0x1882,6,
    0xCF5D,4, 0x6B8F,2, 0x29A7,1, 0x6984,3, 0x18C5,19, 0x28E5,1, 0x4125,2, 0x69A5,1,
    0x9307,1, 0xBB29,1, 0xDC4D,3, 0x9307,1, 0xF572,1, 0xDC4D,12, 0x29A7,2, 0xDF1D,1,
    0xCF5D,5, 0x1882,6, 0xCF5D,3, 0xAD97,1, 0x6B8F,2, 0x29A7,1, 0xBB29,2, 0x9307,1,
    0x4125,2, 0x18C5,20, 0x4125,1, 0x6984,1, 0x9307,1, 0xDC4D,3, 0x9307,1, 0xF572,1,
    0xDC4D,3, 0x9307,3, 0xDC4D,6, 0x9307,2, 0x6B8F,1, 0xAD97,2, 0xCF5D,3, 0x6B8F,6,
    0xCF5D,3, 0x6B8F,1, 0x29A7,2, 0x9307,1, 0xDC4D,2, 0x9307,1, 0x6984,2, 0x18C5,20,
    0x4125,1, 0x6984,1, 0x9307,1, 0xDC4D,3, 0x9307,1, 0xF572,1, 0xDC4D,3, 0x1882,3,
    0xDC4D,8, 0x29A7,1, 0xAD97,2, 0xCF5D,12, 0x6B8F,1, 0x29A7,2, 0xDC4D,1, 0xBB29,2,
    0x6984,3, 0x18C5,17, 0x28E5,1, 0x4125,2, 0x7A48,1, 0xBB29,1, 0xDC4D,4, 0x9307,1,
    0xF572,1, 0xDC4D,3, 0x1882,3, 0xDC4D,8, 0x9307,1, 0x6B8F,2, 0xAD97,3, 0xCF5D,6,
    0xAD97,3, 0x29A7,3, 0xDC4D,1, 0x9307,2, 0x4125,3, 0x18C5,17, 0x4124,1, 0x6984,2,
    0xBB29,1, 0xDC4D,2, 0xBB29,3, 0x9307,1, 0xF572,1, 0xDC4D,3, 0x9307,3, 0xDC4D,9,
    0x9307,2, 0x6B8F,1, 0xAD97,8, 0x6B8F,1, 0x29A7,2, 0x59C4,1, 0x6984,2, 0x9307,1,
    0x6984,2, 0x18C5,20, 0x4124,1, 0x6984,1, 0x9307,1, 0xBB29,6, 0x9307,1, 0xF572,1,
    0xDC4D,17, 0x29A7,1, 0xAD97,2, 0x6B8F,7, 0x29A7,2, 0x9307,3, 0x59C4,1, 0x6984,2,
    0x18C5,20, 0x28E5,1, 0x4125,1, 0x69A5,1, 0x9307,6, 0x6984,1, 0xF572,1, 0xDC4D,17,
    0x9307,1, 0x6B8F,2, 0x29A7,7, 0x9307,2, 0xBB29,1, 0x9307,2, 0x6984,1, 0x9307,2,
    0x4125,3, 0x18C5,19, 0x28E5,1, 0x4124,5, 0x6984,2, 0xF572,1, 0xDC4D,18, 0x9307,9,
    0xBB29,5, 0x9307,1, 0x6984,5, 0x18C5,25, 0x6984,2, 0xF572,1, 0xDC4D,27, 0xBB29,5,
    0x9307,3, 0x59C4,1, 0x6984,2, 0x18C5,25, 0x6984,2, 0xF572,1, 0xDC4D,27, 0xBB29,2,
    0x9307,6, 0x6984,1, 0x4964,2, 0x18C5,25, 0x6984,2, 0xF572,1, 0xDC4D,27, 0xBB29,2,
    0x6984,1, 0x4124,3, 0x6A06,3, 0x3944,2, 0x18C5,25, 0x6984,2, 0xDC4D,1, 0xBB29,29,
    0x6984,1, 0x18C5,33, 0x6984,2, 0xDC4D,1, 0xBB29,29, 0x6984,1, 0x18C5,33, 0x6984,2,
    0xDC4D,1, 0xBB29,29, 0x6984,1, 0x18C5,33, 0x6984,33, 0x18C5,42, 0xBB29,2, 0x6984,1,
    0x18C5,15, 0xBB29,2, 0x6984,1, 0x18C5,45, 0xBB29,2, 0x6984,1, 0x18C5,15, 0xBB29,2,
    0x6984,1, 0x18C5,45, 0x6984,3, 0x18C5,15, 0x6984,3, 0x18C5,34, 0x10A4,1, 0x1084,35,
    0x10A4,1, 0x18C5,29, 0x10A4,1, 0x1084,35, 0x10A4,1, 0x18C5,34, 0x18C6,1, 0x10A4,26,
    0x18C6,1, 0x18C5,10, 0x18C5,46, 0x2126,9, 0x18C5,57, 0x29A7,9, 0x18C5,56, 0x2126,1,
    0x6B8F,9, 0x2126,2, 0x18C5,52, 0x8C72,2, 0xAD97,1, 0xDF1D,2, 0xCF5D,6, 0xDF1D,1,
    0x6B8F,2, 0x2126,1, 0x18C5,51, 0xFFFF,5, 0xCF5D,6, 0xDF1D,1, 0xAD97,2, 0x29A7,1,
    0x18C5,50, 0x2126,1, 0xFFFF,2, 0xDF1D,3, 0xCF5D,7, 0xAD97,2, 0x6B8F,1, 0x2126,2,
    0x18C5,46, 0x2126,2, 0x6B8F,1, 0xDF1D,2, 0xCF5D,3, 0xDF1D,1, 0x6B8F,5, 0xCF5D,3,
    0xAD97,1, 0x6B8F,2, 0x2126,1, 0x18C5,45, 0x29A7,2, 0xDF1D,3, 0xCF5D,3, 0xFFFF,1,
    0x1882,5, 0xCF5D,3, 0xAD97,3, 0x29A7,1, 0x18C5,30, 0x6984,15, 0x29A7,2, 0xDF1D,1,
    0xCF5D,5, 0x6B8F,1, 0x1882,5, 0xCF5D,3, 0xAD97,1, 0x6B8F,2, 0x29A7,1, 0x18C5,24,
    0x28E5,1, 0x4124,5, 0x6984,15, 0x29A7,2, 0xDF1D,1, 0xCF5D,5, 0x1882,6, 0xCF5D,4,
    0x6B8F,2, 0x29A7,1, 0x18C5,24, 0x4125,1, 0x6984,7, 0xF572,13, 0x29A7,2, 0xDF1D,1,
    0xCF5D,5, 0x1882,6, 0xCF5D,4, 0x6B8F,2, 0x29A7,1, 0x18C5,22, 0x28E5,1, 0x4125,1,
    0x69A5,1, 0x9307,1, 0xBB29,5, 0x9307,1, 0xF572,1, 0xFE98,3, 0xDC4D,9, 0x29A7,2,
    0xDF1D,1, 0xCF5D,5, 0x1882,6, 0xCF5D,4, 0x6B8F,2, 0x29A7,1, 0x18C5,22, 0x4124,1,
    0x6984,2, 0xBB29,1, 0xDC4D,5, 0xBB29,1, 0xF572,1, 0xFE98,3, 0xDC4D,9, 0x29A7,2,
    0xDF1D,1, 0xCF5D,5, 0x1882,6, 0xCF5D,4, 0x6B8F,2, 0x29A7,1, 0x4124,3, 0x18C5,19,
    0x4124,1, 0x6984,2, 0x9307,1, 0xBB29,2, 0xDC4D,3, 0x9307,1, 0xF572,1, 0xDC4D,12,
    0x29A7,2, 0xDF1D,1, 0xCF5D,5, 0x1882,6, 0xCF5D,4, 0x6B8F,2, 0x29A7,1, 0x6984,3,
    0x18C5,19, 0x28E5,1, 0x4125,2, 0x69A5,1, 0x9307,1, 0xBB29,1, 0xDC4D,3, 0x9307,1,
    0xF572,1, 0xDC4D,12, 0x29A7,2, 0xDF1D,1, 0xCF5D,5, 0x1882,6, 0xCF5D,3, 0xAD97,1,
    0x6B8F,2, 0x29A7,1, 0xBB29,2, 0x9307,1, 0x4125,2, 0x18C5,20, 0x4125,1, 0x6984,1,
    0x9307,1, 0xDC4D,3, 0x9307,1, 0xF572,1, 0xDC4D,3, 0x9307,3, 0xDC4D,6, 0x9307,2,
    0x6B8F,1, 0xAD97,2, 0xCF5D,3, 0x6B8F,6, 0xCF5D,3, 0x6B8F,1, 0x29A7,2, 0x9307,1,
    0xDC4D,2, 0x9307,1, 0x6984,2, 0x18C5,20, 0x4125,1, 0x6984,1, 0x9307,1, 0xDC4D,3,
    0x9307,1, 0xF572,1, 0xDC4D,3, 0x1882,3, 0xDC4D,8, 0x29A7,1, 0xAD97,2, 0xCF5D,12,
    0x6B8F,1, 0x29A7,2, 0xDC4D,1, 0xBB29,2, 0x6984,3, 0x18C5,17, 0x28E5,1, 0x4125,2,
    0x7A48,1, 0xBB29,1, 0xDC4D,4, 0x9307,1, 0xF572,1, 0xDC4D,3, 0x1882,3, 0xDC4D,8,
    0x9307,1, 0x6B8F,2, 0xAD97,3, 0xCF5D,6, 0xAD97,3, 0x29A7,3, 0xDC4D,1, 0x9307,2,
    0x4125,3, 0x18C5,17, 0x4124,1, 0x6984,2, 0xBB29,1, 0xDC4D,2, 0xBB29,3, 0x9307,1,
    0xF572,1, 0xDC4D,3, 0x9307,3, 0xDC4D,9, 0x9307,2, 0x6B8F,1, 0xAD97,8, 0x6B8F,1,
    0x29A7,2, 0x59C4,1, 0x6984,2, 0x9307,1, 0x6984,2, 0x18C5,20, 0x4124,1, 0x6984,1,
    0x9307,1, 0xBB29,6, 0x9307,1, 0xF572,1, 0xDC4D,17, 0x29A7,1, 0xAD97,2, 0x6B8F,7,
    0x29A7,2, 0x9307,3, 0x59C4,1, 0x6984,2, 0x18C5,20, 0x28E5,1, 0x4125,1, 0x69A5,1,
    0x9307,6, 0x6984,1, 0xF572,1, 0xDC4D,17, 0x9307,1, 0x6B8F,2, 0x29A7,7, 0x9307,2,
    0xBB29,1, 0x9307,2, 0x6984,1, 0x9307,2, 0x4125,3, 0x18C5,19, 0x28E5,1, 0x4124,5,
    0x6984,2, 0xF572,1, 0xDC4D,18, 0x9307,9, 0xBB29,5, 0x9307,1, 0x6984,5, 0x18C5,25,
    0x6984,2, 0xF572,1, 0xDC4D,27, 0xBB29,5, 0x9307,3, 0x59C4,1, 0x6984,2, 0x18C5,25,
    0x6984,2, 0xF572,1, 0xDC4D,27, 0xBB29,2, 0x9307,6, 0x6984,1, 0x4964,2, 0x18C5,25,
    0x6984,2, 0xF572,1, 0xDC4D,27, 0xBB29,2, 0x6984,1, 0x4124,3, 0x6A06,3, 0x3944,2,
    0x18C5,25, 0x6984,2, 0xDC4D,1, 0xBB29,29, 0x6984,1, 0x18C5,33, 0x6984,2, 0xDC4D,1,
    0xBB29,29, 0x6984,1, 0x18C5,33, 0x6984,2, 0xDC4D,1, 0xBB29,29, 0x6984,1, 0x18C5,33,
    0x6984,33, 0x18C5,42, 0xBB29,2, 0x6984,1, 0x18C5,15, 0xBB29,2, 0x6984,1, 0x18C5,45,
    0xBB29,2, 0x6984,1, 0x18C5,15, 0xBB29,2, 0x6984,1, 0x18C5,45, 0x6984,3, 0x18C5,15,
    0x6984,3, 0x18C5,34, 0x10A4,1, 0x1084,35, 0x10A4,1, 0x18C5,29, 0x10A4,1, 0x1084,35,
    0x10A4,1, 0x18C5,34, 0x18C6,1, 0x10A4,26, 0x18C6,1, 0x18C5,10, 0x18C5,46, 0x2126,9,
    0x18C5,57, 0x29A7,9, 0x18C5,56, 0x2126,1, 0x6B8F,9, 0x2126,2, 0x18C5,52, 0x8C72,2,
    0xAD97,1, 0xDF1D,2, 0xCF5D,6, 0xDF1D,1, 0x6B8F,2, 0x2126,1, 0x18C5,51, 0xFFFF,5,
    0xCF5D,6, 0xDF1D,1, 0xAD97,2, 0x29A7,1, 0x18C5,50, 0x2126,1, 0xFFFF,2, 0xDF1D,3,
    0xCF5D,7, 0xAD97,2, 0x6B8F,1, 0x2126,2, 0x18C5,46, 0x2126,2, 0x6B8F,1, 0xDF1D,2,
    0xCF5D,3, 0xDF1D,1, 0x6B8F,5, 0xCF5D,3, 0xAD97,1, 0x6B8F,2, 0x2126,1, 0x18C5,45,
    0x29A7,2, 0xDF1D,3, 0xCF5D,3, 0xFFFF,1, 0x1882,5, 0xCF5D,3, 0xAD97,3, 0x29A7,1,
    0x18C5,30, 0x6984,15, 0x29A7,2, 0xDF1D,1, 0xCF5D,5, 0x6B8F,1, 0x1882,5, 0xCF5D,3,
    0xAD97,1, 0x6B8F,2, 0x29A7,1, 0x18C5,24, 0x28E5,1, 0x4124,5, 0x6984,15, 0x29A7,2,
    0xDF1D,1, 0xCF5D,5, 0x1882,6, 0xCF5D,4, 0x6B8F,2, 0x29A7,1, 0x18C5,24, 0x4125,1,
    0x6984,7, 0xF572,13, 0x29A7,2, 0xDF1D,1, 0xCF5D,5, 0x1882,6, 0xCF5D,4, 0x6B8F,2,
    0x29A7,1, 0x18C5,22, 0x28E5,1, 0x4125,1, 0x69A5,1, 0x9307,1, 0xBB29,5, 0x9307,1,
    0xF572,1, 0xFE98,3, 0xDC4D,9, 0x29A7,2, 0xDF1D,1, 0xCF5D,5, 0x1882,6, 0xCF5D,4,
    0x6B8F,2, 0x29A7,1, 0x18C5,22, 0x4124,1, 0x6984,2, 0xBB29,1, 0xDC4D,5, 0xBB29,1,
    0xF572,1, 0xFE98,3, 0xDC4D,9, 0x29A7,2, 0xDF1D,1, 0xCF5D,5, 0x1882,6, 0xCF5D,4,
    0x6B8F,2, 0x29A7,1, 0x4124,3, 0x18C5,19, 0x4124,1, 0x6984,2, 0x9307,1, 0xBB29,2,
    0xDC4D,3, 0x9307,1, 0xF572,1, 0xDC4D,12, 0x29A7,2, 0xDF1D,1, 0xCF5D,5, 0x1882,6,
    0xCF5D,4, 0x6B8F,2, 0x29A7,1, 0x6984,3, 0x18C5,19, 0x28E5,1, 0x4125,2, 0x69A5,1,
    0x9307,1, 0xBB29,1, 0xDC4D,3, 0x9307,1, 0xF572,1, 0xDC4D,12, 0x29A7,2, 0xDF1D,1,
    0xCF5D,5, 0x1882,6, 0xCF5D,3, 0xAD97,1, 0x6B8F,2, 0x29A7,1, 0xBB29,2, 0x9307,1,
    0x4125,2, 0x18C5,20, 0x4125,1, 0x6984,1, 0x9307,1, 0xDC4D,3, 0x9307,1, 0xF572,1,
    0xDC4D,3, 0x9307,3, 0xDC4D,6, 0x9307,2, 0x6B8F,1, 0xAD97,2, 0xCF5D,3, 0x6B8F,6,
    0xCF5D,3, 0x6B8F,1, 0x29A7,2, 0x9307,1, 0xDC4D,2, 0x9307,1, 0x6984,2, 0x18C5,20,
    0x4125,1, 0x6984,1, 0x9307,1, 0xDC4D,3, 0x9307,1, 0xF572,1, 0xDC4D,3, 0x1882,3,
    0xDC4D,8, 0x29A7,1, 0xAD97,2, 0xCF5D,12, 0x6B8F,1, 0x29A7,2, 0xDC4D,1, 0xBB29,2,
    0x6984,3, 0x18C5,17, 0x28E5,1, 0x4125,2, 0x7A48,1, 0xBB29,1, 0xDC4D,4, 0x9307,1,
    0xF572,1, 0xDC4D,3, 0x1882,3, 0xDC4D,8, 0x9307,1, 0x6B8F,2, 0xAD97,3, 0xCF5D,6,
    0xAD97,3, 0x29A7,3, 0xDC4D,1, 0x9307,2, 0x4125,3, 0x18C5,17, 0x4124,1, 0x6984,2,
    0xBB29,1, 0xDC4D,2, 0xBB29,3, 0x9307,1, 0xF572,1, 0xDC4D,3, 0x9307,3, 0xDC4D,9,
    0x9307,2, 0x6B8F,1, 0xAD97,8, 0x6B8F,1, 0x29A7,2, 0x59C4,1, 0x6984,2, 0x9307,1,
    0x6984,2, 0x18C5,20, 0x4124,1, 0x6984,1, 0x9307,1, 0xBB29,6, 0x9307,1, 0xF572,1,
    0xDC4D,17, 0x29A7,1, 0xAD97,2, 0x6B8F,7, 0x29A7,2, 0x9307,3, 0x59C4,1, 0x6984,2,
    0x18C5,20, 0x28E5,1, 0x4125,1, 0x69A5,1, 0x9307,6, 0x6984,1, 0xF572,1, 0xDC4D,17,
    0x9307,1, 0x6B8F,2, 0x29A7,7, 0x9307,2, 0xBB29,1, 0x9307,2, 0x6984,1, 0x9307,2,
    0x4125,3, 0x18C5,19, 0x28E5,1, 0x4124,5, 0x6984,2, 0xF572,1, 0xDC4D,18, 0x9307,9,
    0xBB29,5, 0x9307,1, 0x6984,5, 0x18C5,25, 0x6984,2, 0xF572,1, 0xDC4D,27, 0xBB29,5,
    0x9307,3, 0x59C4,1, 0x6984,2, 0x18C5,25, 0x6984,2, 0xF572,1, 0xDC4D,27, 0xBB29,2,
    0x9307,6, 0x6984,1, 0x4964,2, 0x18C5,25, 0x6984,2, 0xF572,1, 0xDC4D,27, 0xBB29,2,
    0x6984,1, 0x4124,3, 0x6A06,3, 0x3944,2, 0x18C5,25, 0x6984,2, 0xDC4D,1, 0xBB29,29,
    0x6984,1, 0x18C5,33, 0x6984,2, 0xDC4D,1, 0xBB29,29, 0x6984,1, 0x18C5,33, 0x6984,2,
    0xDC4D,1, 0xBB29,29, 0x6984,1, 0x18C5,33, 0x6984,33, 0x18C5,36, 0xBB29,2, 0x6984,1,
    0x18C5,15, 0xBB29,2, 0x6984,1, 0x18C5,45, 0xBB29,2, 0x6984,1, 0x18C5,15, 0xBB29,2,
    0x6984,1, 0x18C5,45, 0x6984,3, 0x18C5,15, 0x6984,3, 0x18C5,40, 0x10A4,1, 0x1084,35,
    0x10A4,1, 0x18C5,29, 0x10A4,1, 0x1084,35, 0x10A4,1, 0x18C5,34, 0x18C6,1, 0x10A4,26,
    0x18C6,1, 0x18C5,10, 0x18C5,44, 0x1906,1, 0x2126,8, 0x1906,1, 0x18C5,56, 0x2126,1,
    0x29A7,8, 0x2126,1, 0x18C5,55, 0x1906,1, 0x52CC,1, 0x6B8F,8, 0x52CC,1, 0x2126,1,
    0x1906,1, 0x18C5,51, 0x528C,1, 0x8C72,1, 0x9493,1, 0xAD97,1, 0xDF1D,2, 0xCF5D,5,
    0xDF1D,1, 0xAD97,1, 0x6B8F,1, 0x426B,1, 0x1906,1, 0x18C5,50, 0x8C72,1, 0xFFFF,4,
    0xDF1D,1, 0xCF5D,6, 0xAD97,2, 0x6B8F,1, 0x2126,1, 0x18C5,49, 0x1906,1, 0x9493,1,
    0xFFFF,2, 0xDF1D,2, 0xCF5D,8, 0xAD97,2, 0x426B,1, 0x2126,1, 0x1906,1, 0x18C5,45,
    0x1906,1, 0x2126,1, 0x52CC,1, 0xAD97,1, 0xDF1D,2, 0xCF5D,3, 0xAD97,1, 0x6B8F,4,
    0xAD97,1, 0xCF5D,2, 0xAD97,1, 0x6B8F,2, 0x426B,1, 0x1906,1, 0x18C5,44, 0x2126,1,
    0x29A7,1, 0x6B8F,1, 0xDF1D,2, 0xCF5D,3, 0xDF1D,1, 0x6B8F,1, 0x1882,4, 0x6B8F,1,
    0xCF5D,2, 0xAD97,3, 0x6B8F,1, 0x2126,1, 0x18C5,29, 0x4124,1, 0x6984,14, 0x59C4,1,
    0x29A7,1, 0x6B8F,1, 0xDF1D,1, 0xCF5D,4, 0xAD97,1, 0x29A7,1, 0x1882,4, 0x6B8F,1,
    0xCF5D,3, 0xAD97,1, 0x6B8F,2, 0x2126,1, 0x18C5,24, 0x4124,5, 0x5144,1, 0x6984,14,
    0x59C4,1, 0x29A7,1, 0x6B8F,1, 0xCF5D,5, 0x6B8F,1, 0x1882,5, 0x6B8F,1, 0xCF5D,3,
    0xAD97,1, 0x6B8F,1, 0x29A7,1, 0x2126,1, 0x18C5,24, 0x6984,7, 0xBB29,1, 0xF572,12,
    0x9307,1, 0x29A7,1, 0x6B8F,1, 0xCF5D,5, 0x6B8F,1, 0x1882,5, 0x6B8F,1, 0xCF5D,3,
    0xAD97,1, 0x6B8F,1, 0x29A7,1, 0x2126,1, 0x18C5,22, 0x4125,2, 0x9307,1, 0xBB29,7,
    0xF572,1, 0xFE98,2, 0xF572,1, 0xDC4D,8, 0x9307,1, 0x29A7,1, 0x6B8F,1, 0xCF5D,5,
    0x6B8F,1, 0x1882,5, 0x6B8F,1, 0xCF5D,3, 0xAD97,1, 0x6B8F,1, 0x29A7,1, 0x2126,1,
    0x18C5,22, 0x6984,2, 0x9307,1, 0xDC4D,6, 0xBB29,1, 0xF572,1, 0xFE98,2, 0xF572,1,
    0xDC4D,8, 0x9307,1, 0x29A7,1, 0x6B8F,1, 0xCF5D,5, 0x6B8F,1, 0x1882,5, 0x6B8F,1,
    0xCF5D,3, 0xAD97,1, 0x6B8F,1, 0x29A7,1, 0x3166,1, 0x4124,2, 0x28E5,1, 0x18C5,19,
    0x6984,3, 0xBB29,2, 0xDC4D,4, 0xBB29,1, 0xDC4D,12, 0x9307,1, 0x29A7,1, 0x6B8F,1,
    0xCF5D,5, 0x6B8F,1, 0x1882,5, 0x6B8F,1, 0xCF5D,3, 0xAD97,1, 0x6B8F,1, 0x29A7,1,
    0x59C4,1, 0x6984,2, 0x4125,1, 0x18C5,19, 0x4125,3, 0x9307,2, 0xDC4D,4, 0xBB29,1,
    0xDC4D,12, 0x9307,1, 0x29A7,1, 0x6B8F,1, 0xDF1D,1, 0xCF5D,4, 0x6B8F,1, 0x1882,5,
    0x6B8F,1, 0xCF5D,2, 0xAD97,1, 0x6B8F,2, 0x29A7,1, 0x9307,1, 0xBB29,1, 0x9307,1,
    0x69A5,1, 0x4125,1, 0x28E5,1, 0x18C5,20, 0x6984,2, 0xDC4D,4, 0xBB29,1, 0xDC4D,3,
    0xBB29,1, 0x9307,2, 0xBB29,1, 0xDC4D,5, 0xBB29,1, 0x9307,1, 0x6B8F,1, 0xAD97,2,
    0xCF5D,3, 0xAD97,1, 0x6B8F,5, 0xAD97,1, 0xCF5D,2, 0xAD97,1, 0x6B8F,1, 0x29A7,1,
    0x6B8F,1, 0xBB29,1, 0xDC4D,1, 0xBB29,1, 0x6984,2, 0x4124,1, 0x18C5,20, 0x6984,2,
    0xDC4D,4, 0xBB29,1, 0xDC4D,3, 0x9307,1, 0x1882,2, 0x9307,1, 0xDC4D,7, 0x9307,1,
    0x6B8F,1, 0xAD97,2, 0xCF5D,11, 0xAD97,1, 0x29A7,2, 0x9307,1, 0xBB29,2, 0x9307,1,
    0x6984,2, 0x4124,1, 0x18C5,17, 0x4125,3, 0xBB29,2, 0xDC4D,4, 0xBB29,1, 0xDC4D,3,
    0x9307,1, 0x1882,2, 0x9307,1, 0xDC4D,7, 0xBB29,1, 0x6B8F,2, 0xAD97,3, 0xCF5D,6,
    0xAD97,3, 0x6B8F,1, 0x29A7,2, 0x9307,1, 0xBB29,1, 0x9307,1, 0x69A5,1, 0x4125,2,
    0x28E5,1, 0x18C5,17, 0x6984,2, 0x9307,1, 0xDC4D,2, 0xBB29,5, 0xDC4D,3, 0xBB29,1,
    0x9307,2, 0xBB29,1, 0xDC4D,8, 0xBB29,1, 0x9307,1, 0x6B8F,2, 0xAD97,7, 0x6B8F,2,
    0x29A7,1, 0x59C4,2, 0x6984,1, 0x9307,2, 0x6984,1, 0x4125,1, 0x18C5,20, 0x6984,2,
    0xBB29,8, 0xDC4D,17, 0x9307,1, 0x6B8F,1, 0xAD97,1, 0x6B8F,7, 0x29A7,2, 0x59C4,1,
    0x9307,2, 0x6984,1, 0x9307,1, 0x6984,1, 0x4125,1, 0x18C5,20, 0x4125,2, 0x9307,7,
    0xBB29,1, 0xDC4D,17, 0xBB29,1, 0x6B8F,3, 0x29A7,6, 0x6B8F,1, 0x9307,2, 0xBB29,1,
    0x9307,5, 0x4125,2, 0x28E5,1, 0x18C5,19, 0x4124,5, 0x5144,1, 0x6984,1, 0xBB29,1,
    0xDC4D,18, 0xBB29,1, 0x9307,8, 0xBB29,5, 0x9307,2, 0x6984,1, 0x9307,1, 0x6984,2,
    0x4124,1, 0x18C5,24, 0x4124,1, 0x6984,1, 0xBB29,1, 0xDC4D,27, 0xBB29,2, 0x9307,1,
    0xBB29,2, 0x9307,3, 0x6984,3, 0x4124,1, 0x18C5,24, 0x4124,1, 0x6984,1, 0xBB29,1,
    0xDC4D,27, 0xBB29,2, 0x9307,7, 0x6984,1, 0x4964,1, 0x3924,1, 0x18C5,24, 0x4124,1,
    0x6984,1, 0xBB29,1, 0xDC4D,27, 0xBB29,2, 0x9307,1, 0x5144,1, 0x4124,2, 0x5185,1,
    0x6A06,2, 0x51A5,1, 0x3944,1, 0x2905,1, 0x18C5,24, 0x4124,1, 0x6984,1, 0x9307,1,
    0xBB29,29, 0x9307,1, 0x4124,1, 0x18C5,32, 0x4124,1, 0x6984,1, 0x9307,1, 0xBB29,29,
    0x9307,1, 0x4124,1, 0x18C5,32, 0x4124,1, 0x6984,1, 0x9307,1, 0xBB29,29, 0x9307,1,
    0x4124,1, 0x18C5,32, 0x4124,1, 0x6984,32, 0x4124,1, 0x18C5,35, 0x69E7,1, 0xBB29,1,
    0x9307,1, 0x4124,1, 0x18C5,14, 0x69E7,1, 0xBB29,1, 0x9307,1, 0x4124,1, 0x18C5,44,
    0x69E7,1, 0xBB29,1, 0x9307,1, 0x4124,1, 0x18C5,14, 0x69E7,1, 0xBB29,1, 0x9307,1,
    0x4124,1, 0x18C5,44, 0x4124,1, 0x6984,2, 0x4124,1, 0x18C5,14, 0x4124,1, 0x6984,2,
    0x4124,1, 0x18C5,40, 0x1084,36, 0x18C5,30, 0x1084,36, 0x18C5,35, 0x10A4,27, 0x18C5,12,
    0x18C5,44, 0x1906,1, 0x2126,8, 0x1906,1, 0x18C5,56, 0x2126,1, 0x29A7,8, 0x2126,1,
    0x18C5,55, 0x1906,1, 0x52CC,1, 0x6B8F,8, 0x52CC,1, 0x2126,1, 0x1906,1, 0x18C5,51,
    0x528C,1, 0x8C72,1, 0x9493,1, 0xAD97,1, 0xDF1D,2, 0xCF5D,5, 0xDF1D,1, 0xAD97,1,
    0x6B8F,1, 0x426B,1, 0x1906,1, 0x18C5,50, 0x8C72,1, 0xFFFF,4, 0xDF1D,1, 0xCF5D,6,
    0xAD97,2, 0x6B8F,1, 0x2126,1, 0x18C5,49, 0x1906,1, 0x9493,1, 0xFFFF,2, 0xDF1D,2,
    0xCF5D,8, 0xAD97,2, 0x426B,1, 0x2126,1, 0x1906,1, 0x18C5,45, 0x1906,1, 0x2126,1,
    0x52CC,1, 0xAD97,1, 0xDF1D,2, 0xCF5D,3, 0xAD97,1, 0x6B8F,4, 0xAD97,1, 0xCF5D,2,
    0xAD97,1, 0x6B8F,2, 0x426B,1, 0x1906,1, 0x18C5,44, 0x2126,1, 0x29A7,1, 0x6B8F,1,
    0xDF1D,2, 0xCF5D,3, 0xDF1D,1, 0x6B8F,1, 0x1882,4, 0x6B8F,1, 0xCF5D,2, 0xAD97,3,
    0x6B8F,1, 0x2126,1, 0x18C5,29, 0x4124,1, 0x6984,14, 0x59C4,1, 0x29A7,1, 0x6B8F,1,
    0xDF1D,1, 0xCF5D,4, 0xAD97,1, 0x29A7,1, 0x1882,4, 0x6B8F,1, 0xCF5D,3, 0xAD97,1,
    0x6B8F,2, 0x2126,1, 0x18C5,24, 0x4124,5, 0x5144,1, 0x6984,14, 0x59C4,1, 0x29A7,1,
    0x6B8F,1, 0xCF5D,5, 0x6B8F,1, 0x1882,5, 0x6B8F,1, 0xCF5D,3, 0xAD97,1, 0x6B8F,1,
    0x29A7,1, 0x2126,1, 0x18C5,24, 0x6984,7, 0xBB29,1, 0xF572,12, 0x9307,1, 0x29A7,1,
    0x6B8F,1, 0xCF5D,5, 0x6B8F,1, 0x1882,5, 0x6B8F,1, 0xCF5D,3, 0xAD97,1, 0x6B8F,1,
    0x29A7,1, 0x2126,1, 0x18C5,22, 0x4125,2, 0x9307,1, 0xBB29,7, 0xF572,1, 0xFE98,2,
    0xF572,1, 0xDC4D,8, 0x9307,1, 0x29A7,1, 0x6B8F,1, 0xCF5D,5, 0x6B8F,1, 0x1882,5,
    0x6B8F,1, 0xCF5D,3, 0xAD97,1, 0x6B8F,1, 0x29A7,1, 0x2126,1, 0x18C5,22, 0x6984,2,
    0x9307,1, 0xDC4D,6, 0xBB29,1, 0xF572,1, 0xFE98,2, 0xF572,1, 0xDC4D,8, 0x9307,1,
    0x29A7,1, 0x6B8F,1, 0xCF5D,5, 0x6B8F,1, 0x1882,5, 0x6B8F,1, 0xCF5D,3, 0xAD97,1,
    0x6B8F,1, 0x29A7,1, 0x3166,1, 0x4124,2, 0x28E5,1, 0x18C5,19, 0x6984,3, 0xBB29,2,
    0xDC4D,4, 0xBB29,1, 0xDC4D,12, 0x9307,1, 0x29A7,1, 0x6B8F,1, 0xCF5D,5, 0x6B8F,1,
    0x1882,5, 0x6B8F,1, 0xCF5D,3, 0xAD97,1, 0x6B8F,1, 0x29A7,1, 0x59C4,1, 0x6984,2,
    0x4125,1, 0x18C5,19, 0x4125,3, 0x9307,2, 0xDC4D,4, 0xBB29,1, 0xDC4D,12, 0x9307,1,
    0x29A7,1, 0x6B8F,1, 0xDF1D,1, 0xCF5D,4, 0x6B8F,1, 0x1882,5, 0x6B8F,1, 0xCF5D,2,
    0xAD97,1, 0x6B8F,2, 0x29A7,1, 0x9307,1, 0xBB29,1, 0x9307,1, 0x69A5,1, 0x4125,1,
    0x28E5,1, 0x18C5,20, 0x6984,2, 0xDC4D,4, 0xBB29,1, 0xDC4D,3, 0xBB29,1, 0x9307,2,
    0xBB29,1, 0xDC4D,5, 0xBB29,1, 0x9307,1, 0x6B8F,1, 0xAD97,2, 0xCF5D,3, 0xAD97,1,
    0x6B8F,5, 0xAD97,1, 0xCF5D,2, 0xAD97,1, 0x6B8F,1, 0x29A7,1, 0x6B8F,1, 0xBB29,1,
    0xDC4D,1, 0xBB29,1, 0x6984,2, 0x4124,1, 0x18C5,20, 0x6984,2, 0xDC4D,4, 0xBB29,1,
    0xDC4D,3, 0x9307,1, 0x1882,2, 0x9307,1, 0xDC4D,7, 0x9307,1, 0x6B8F,1, 0xAD97,2,
    0xCF5D,11, 0xAD97,1, 0x29A7,2, 0x9307,1, 0xBB29,2, 0x9307,1, 0x6984,2, 0x4124,1,
    0x18C5,17, 0x4125,3, 0xBB29,2, 0xDC4D,4, 0xBB29,1, 0xDC4D,3, 0x9307,1, 0x1882,2,
    0x9307,1, 0xDC4D,7, 0xBB29,1, 0x6B8F,2, 0xAD97,3, 0xCF5D,6, 0xAD97,3, 0x6B8F,1,
    0x29A7,2, 0x9307,1, 0xBB29,1, 0x9307,1, 0x69A5,1, 0x4125,2, 0x28E5,1, 0x18C5,17,
    0x6984,2, 0x9307,1, 0xDC4D,2, 0xBB29,5, 0xDC4D,3, 0xBB29,1, 0x9307,2, 0xBB29,1,
    0xDC4D,8, 0xBB29,1, 0x9307,1, 0x6B8F,2, 0xAD97,7, 0x6B8F,2, 0x29A7,1, 0x59C4,2,
    0x6984,1, 0x9307,2, 0x6984,1, 0x4125,1, 0x18C5,20, 0x6984,2, 0xBB29,8, 0xDC4D,17,
    0x9307,1, 0x6B8F,1, 0xAD97,1, 0x6B8F,7, 0x29A7,2, 0x59C4,1, 0x9307,2, 0x6984,1,
    0x9307,1, 0x6984,1, 0x4125,1, 0x18C5,20, 0x4125,2, 0x9307,7, 0xBB29,1, 0xDC4D,17,
    0xBB29,1, 0x6B8F,3, 0x29A7,6, 0x6B8F,1, 0x9307,2, 0xBB29,1, 0x9307,5, 0x4125,2,
    0x28E5,1, 0x18C5,19, 0x4124,5, 0x5144,1, 0x6984,1, 0xBB29,1, 0xDC4D,18, 0xBB29,1,
    0x9307,8, 0xBB29,5, 0x9307,2, 0x6984,1, 0x9307,1, 0x6984,2, 0x4124,1, 0x18C5,24,
    0x4124,1, 0x6984,1, 0xBB29,1, 0xDC4D,27, 0xBB29,2, 0x9307,1, 0xBB29,2, 0x9307,3,
    0x6984,3, 0x4124,1, 0x18C5,24, 0x4124,1, 0x6984,1, 0xBB29,1, 0xDC4D,27, 0xBB29,2,
    0x9307,7, 0x6984,1, 0x4964,1, 0x3924,1, 0x18C5,24, 0x4124,1, 0x6984,1, 0xBB29,1,
    0xDC4D,27, 0xBB29,2, 0x9307,1, 0x5144,1, 0x4124,2, 0x5185,1, 0x6A06,2, 0x51A5,1,
    0x3944,1, 0x2905,1, 0x18C5,24, 0x4124,1, 0x6984,1, 0x9307,1, 0xBB29,29, 0x9307,1,
    0x4124,1, 0x18C5,32, 0x4124,1, 0x6984,1, 0x9307,1, 0xBB29,29, 0x9307,1, 0x4124,1,
    0x18C5,32, 0x4124,1, 0x6984,1, 0x9307,1, 0xBB29,29, 0x9307,1, 0x4124,1, 0x18C5,32,
    0x4124,1, 0x6984,32, 0x4124,1, 0x18C5,41, 0x69E7,1, 0xBB29,1, 0x9307,1, 0x4124,1,
    0x18C5,14, 0x69E7,1, 0xBB29,1, 0x9307,1, 0x4124,1, 0x18C5,44, 0x69E7,1, 0xBB29,1,
    0x9307,1, 0x4124,1, 0x18C5,14, 0x69E7,1, 0xBB29,1, 0x9307,1, 0x4124,1, 0x18C5,44,
    0x4124,1, 0x6984,2, 0x4124,1, 0x18C5,14, 0x4124,1, 0x6984,2, 0x4124,1, 0x18C5,34,
    0x1084,36, 0x18C5,30, 0x1084,36, 0x18C5,35, 0x10A4,27, 0x18C5,12, 0x18C5,43, 0x2126,9,
    0x18C5,57, 0x29A7,9, 0x18C5,56, 0x2126,1, 0x6B8F,9, 0x2126,2, 0x18C5,52, 0x8C72,2,
    0xAD97,1, 0xDF1D,2, 0xCF5D,6, 0xDF1D,1, 0x6B8F,2, 0x2126,1, 0x18C5,51, 0xFFFF,5,
    0xCF5D,6, 0xDF1D,1, 0xAD97,2, 0x29A7,1, 0x18C5,50, 0x2126,1, 0xFFFF,2, 0xDF1D,3,
    0xCF5D,7, 0xAD97,2, 0x6B8F,1, 0x2126,2, 0x18C5,46, 0x2126,2, 0x6B8F,1, 0xDF1D,2,
    0xCF5D,3, 0xDF1D,1, 0x6B8F,5, 0xCF5D,3, 0xAD97,1, 0x6B8F,2, 0x2126,1, 0x18C5,45,
    0x29A7,2, 0xDF1D,3, 0xCF5D,3, 0xFFFF,1, 0x1882,5, 0xCF5D,3, 0xAD97,3, 0x29A7,1,
    0x18C5,30, 0x6984,15, 0x29A7,2, 0xDF1D,1, 0xCF5D,5, 0x6B8F,1, 0x1882,5, 0xCF5D,3,
    0xAD97,1, 0x6B8F,2, 0x29A7,1, 0x18C5,24, 0x28E5,1, 0x4124,5, 0x6984,15, 0x29A7,2,
    0xDF1D,1, 0xCF5D,5, 0x1882,6, 0xCF5D,4, 0x6B8F,2, 0x29A7,1, 0x18C5,24, 0x4125,1,
    0x6984,7, 0xF572,13, 0x29A7,2, 0xDF1D,1, 0xCF5D,5, 0x1882,6, 0xCF5D,4, 0x6B8F,2,
    0x29A7,1, 0x18C5,22, 0x28E5,1, 0x4125,1, 0x69A5,1, 0x9307,1, 0xBB29,5, 0x9307,1,
    0xF572,1, 0xFE98,3, 0xDC4D,9, 0x29A7,2, 0xDF1D,1, 0xCF5D,5, 0x1882,6, 0xCF5D,4,
    0x6B8F,2, 0x29A7,1, 0x18C5,22, 0x4124,1, 0x6984,2, 0xBB29,1, 0xDC4D,5, 0xBB29,1,
    0xF572,1, 0xFE98,3, 0xDC4D,9, 0x29A7,2, 0xDF1D,1, 0xCF5D,5, 0x1882,6, 0xCF5D,4,
    0x6B8F,2, 0x29A7,1, 0x4124,3, 0x18C5,19, 0x4124,1, 0x6984,2, 0x9307,1, 0xBB29,2,
    0xDC4D,3, 0x9307,1, 0xF572,1, 0xDC4D,12, 0x29A7,2, 0xDF1D,1, 0xCF5D,5, 0x1882,6,
    0xCF5D,4, 0x6B8F,2, 0x29A7,1, 0x6984,3, 0x18C5,19, 0x28E5,1, 0x4125,2, 0x69A5,1,
    0x9307,1, 0xBB29,1, 0xDC4D,3, 0x9307,1, 0xF572,1, 0xDC4D,12, 0x29A7,2, 0xDF1D,1,
    0xCF5D,5, 0x1882,6, 0xCF5D,3, 0xAD97,1, 0x6B8F,2, 0x29A7,1, 0xBB29,2, 0x9307,1,
    0x4125,2, 0x18C5,20, 0x4125,1, 0x6984,1, 0x9307,1, 0xDC4D,3, 0x9307,1, 0xF572,1,
    0xDC4D,3, 0x9307,3, 0xDC4D,6, 0x9307,2, 0x6B8F,1, 0xAD97,2, 0xCF5D,3, 0x6B8F,6,
    0xCF5D,3, 0x6B8F,1, 0x29A7,2, 0x9307,1, 0xDC4D,2, 0x9307,1, 0x6984,2, 0x18C5,20,
    0x4125,1, 0x6984,1, 0x9307,1, 0xDC4D,3, 0x9307,1, 0xF572,1, 0xDC4D,3, 0x1882,3,
    0xDC4D,8, 0x29A7,1, 0xAD97,2, 0xCF5D,12, 0x6B8F,1, 0x29A7,2, 0xDC4D,1, 0xBB29,2,
    0x6984,3, 0x18C5,17, 0x28E5,1, 0x4125,2, 0x7A48,1, 0xBB29,1, 0xDC4D,4, 0x9307,1,
    0xF572,1, 0xDC4D,3, 0x1882,3, 0xDC4D,8, 0x9307,1, 0x6B8F,2, 0xAD97,3, 0xCF5D,6,
    0xAD97,3, 0x29A7,3, 0xDC4D,1, 0x9307,2, 0x4125,3, 0x18C5,17, 0x4124,1, 0x6984,2,
    0xBB29,1, 0xDC4D,2, 0xBB29,3, 0x9307,1, 0xF572,1, 0xDC4D,3, 0x9307,3, 0xDC4D,9,
    0x9307,2, 0x6B8F,1, 0xAD97,8, 0x6B8F,1, 0x29A7,2, 0x59C4,1, 0x6984,2, 0x9307,1,
    0x6984,2, 0x18C5,20, 0x4124,1, 0x6984,1, 0x9307,1, 0xBB29,6, 0x9307,1, 0xF572,1,
    0xDC4D,17, 0x29A7,1, 0xAD97,2, 0x6B8F,7, 0x29A7,2, 0x9307,3, 0x59C4,1, 0x6984,2,
    0x18C5,20, 0x28E5,1, 0x4125,1, 0x69A5,1, 0x9307,6, 0x6984,1, 0xF572,1, 0xDC4D,17,
    0x9307,1, 0x6B8F,2, 0x29A7,7, 0x9307,2, 0xBB29,1, 0x9307,2, 0x6984,1, 0x9307,2,
    0x4125,3, 0x18C5,19, 0x28E5,1, 0x4124,5, 0x6984,2, 0xF572,1, 0xDC4D,18, 0x9307,9,
    0xBB29,5, 0x9307,1, 0x6984,5, 0x18C5,25, 0x6984,2, 0xF572,1, 0xDC4D,27, 0xBB29,5,
    0x9307,3, 0x59C4,1, 0x6984,2, 0x18C5,25, 0x6984,2, 0xF572,1, 0xDC4D,27, 0xBB29,2,
    0x9307,6, 0x6984,1, 0x4964,2, 0x18C5,25, 0x6984,2, 0xF572,1, 0xDC4D,27, 0xBB29,2,
    0x6984,1, 0x4124,3, 0x6A06,3, 0x3944,2, 0x18C5,25, 0x6984,2, 0xDC4D,1, 0xBB29,29,
    0x6984,1, 0x18C5,33, 0x6984,2, 0xDC4D,1, 0xBB29,29, 0x6984,1, 0x18C5,33, 0x6984,2,
    0xDC4D,1, 0xBB29,29, 0x6984,1, 0x18C5,33, 0x6984,33, 0x18C5,42, 0xBB29,2, 0x6984,1,
    0x18C5,15, 0xBB29,2, 0x6984,1, 0x18C5,45, 0xBB29,2, 0x6984,1, 0x18C5,15, 0xBB29,2,
    0x6984,1, 0x18C5,45, 0x6984,3, 0x18C5,15, 0x6984,3, 0x18C5,34, 0x10A4,1, 0x1084,35,
    0x10A4,1, 0x18C5,29, 0x10A4,1, 0x1084,35, 0x10A4,1, 0x18C5,34, 0x18C6,1, 0x10A4,26,
    0x18C6,1, 0x18C5,13, 0x18C5,41, 0x1906,1, 0x2126,8, 0x1906,1, 0x18C5,56, 0x2126,1,
    0x29A7,8, 0x2126,1, 0x18C5,55, 0x1906,1, 0x52CC,1, 0x6B8F,8, 0x52CC,1, 0x2126,1,
    0x1906,1, 0x18C5,51, 0x528C,1, 0x8C72,1, 0x9493,1, 0xAD97,1, 0xDF1D,2, 0xCF5D,5,
    0xDF1D,1, 0xAD97,1, 0x6B8F,1, 0x426B,1, 0x1906,1, 0x18C5,50, 0x8C72,1, 0xFFFF,4,
    0xDF1D,1, 0xCF5D,6, 0xAD97,2, 0x6B8F,1, 0x2126,1, 0x18C5,49, 0x1906,1, 0x9493,1,
    0xFFFF,2, 0xDF1D,2, 0xCF5D,8, 0xAD97,2, 0x426B,1, 0x2126,1, 0x1906,1, 0x18C5,45,
    0x1906,1, 0x2126,1, 0x52CC,1, 0xAD97,1, 0xDF1D,2, 0xCF5D,3, 0xAD97,1, 0x6B8F,4,
    0xAD97,1, 0xCF5D,2, 0xAD97,1, 0x6B8F,2, 0x426B,1, 0x1906,1, 0x18C5,44, 0x2126,1,
    0x29A7,1, 0x6B8F,1, 0xDF1D,2, 0xCF5D,3, 0xDF1D,1, 0x6B8F,1, 0x1882,4, 0x6B8F,1,
    0xCF5D,2, 0xAD97,3, 0x6B8F,1, 0x2126,1, 0x18C5,29, 0x4124,1, 0x6984,14, 0x59C4,1,
    0x29A7,1, 0x6B8F,1, 0xDF1D,1, 0xCF5D,4, 0xAD97,1, 0x29A7,1, 0x1882,4, 0x6B8F,1,
    0xCF5D,3, 0xAD97,1, 0x6B8F,2, 0x2126,1, 0x18C5,24, 0x4124,5, 0x5144,1, 0x6984,14,
    0x59C4,1, 0x29A7,1, 0x6B8F,1, 0xCF5D,5, 0x6B8F,1, 0x1882,5, 0x6B8F,1, 0xCF5D,3,
    0xAD97,1, 0x6B8F,1, 0x29A7,1, 0x2126,1, 0x18C5,24, 0x6984,7, 0xBB29,1, 0xF572,12,
    0x9307,1, 0x29A7,1, 0x6B8F,1, 0xCF5D,5, 0x6B8F,1, 0x1882,5, 0x6B8F,1, 0xCF5D,3,
    0xAD97,1, 0x6B8F,1, 0x29A7,1, 0x2126,1, 0x18C5,22, 0x4125,2, 0x9307,1, 0xBB29,7,
    0xF572,1, 0xFE98,2, 0xF572,1, 0xDC4D,8, 0x9307,1, 0x29A7,1, 0x6B8F,1, 0xCF5D,5,
    0x6B8F,1, 0x1882,5, 0x6B8F,1, 0xCF5D,3, 0xAD97,1, 0x6B8F,1, 0x29A7,1, 0x2126,1,
    0x18C5,22, 0x6984,2, 0x9307,1, 0xDC4D,6, 0xBB29,1, 0xF572,1, 0xFE98,2, 0xF572,1,
    0xDC4D,8, 0x9307,1, 0x29A7,1, 0x6B8F,1, 0xCF5D,5, 0x6B8F,1, 0x1882,5, 0x6B8F,1,
    0xCF5D,3, 0xAD97,1, 0x6B8F,1, 0x29A7,1, 0x3166,1, 0x4124,2, 0x28E5,1, 0x18C5,19,
    0x6984,3, 0xBB29,2, 0xDC4D,4, 0xBB29,1, 0xDC4D,12, 0x9307,1, 0x29A7,1, 0x6B8F,1,
    0xCF5D,5, 0x6B8F,1, 0x1882,5, 0x6B8F,1, 0xCF5D,3, 0xAD97,1, 0x6B8F,1, 0x29A7,1,
    0x59C4,1, 0x6984,2, 0x4125,1, 0x18C5,19, 0x4125,3, 0x9307,2, 0xDC4D,4, 0xBB29,1,
    0xDC4D,12, 0x9307,1, 0x29A7,1, 0x6B8F,1, 0xDF1D,1, 0xCF5D,4, 0x6B8F,1, 0x1882,5,
    0x6B8F,1, 0xCF5D,2, 0xAD97,1, 0x6B8F,2, 0x29A7,1, 0x9307,1, 0xBB29,1, 0x9307,1,
    0x69A5,1, 0x4125,1, 0x28E5,1, 0x18C5,20, 0x6984,2, 0xDC4D,4, 0xBB29,1, 0xDC4D,3,
    0xBB29,1, 0x9307,2, 0xBB29,1, 0xDC4D,5, 0xBB29,1, 0x9307,1, 0x6B8F,1, 0xAD97,2,
    0xCF5D,3, 0xAD97,1, 0x6B8F,5, 0xAD97,1, 0xCF5D,2, 0xAD97,1, 0x6B8F,1, 0x29A7,1,
    0x6B8F,1, 0xBB29,1, 0xDC4D,1, 0xBB29,1, 0x6984,2, 0x4124,1, 0x18C5,20, 0x6984,2,
    0xDC4D,4, 0xBB29,1, 0xDC4D,3, 0x9307,1, 0x1882,2, 0x9307,1, 0xDC4D,7, 0x9307,1,
    0x6B8F,1, 0xAD97,2, 0xCF5D,11, 0xAD97,1, 0x29A7,2, 0x9307,1, 0xBB29,2, 0x9307,1,
    0x6984,2, 0x4124,1, 0x18C5,17, 0x4125,3, 0xBB29,2, 0xDC4D,4, 0xBB29,1, 0xDC4D,3,
    0x9307,1, 0x1882,2, 0x9307,1, 0xDC4D,7, 0xBB29,1, 0x6B8F,2, 0xAD97,3, 0xCF5D,6,
    0xAD97,3, 0x6B8F,1, 0x29A7,2, 0x9307,1, 0xBB29,1, 0x9307,1, 0x69A5,1, 0x4125,2,
    0x28E5,1, 0x18C5,17, 0x6984,2, 0x9307,1, 0xDC4D,2, 0xBB29,5, 0xDC4D,3, 0xBB29,1,
    0x9307,2, 0xBB29,1, 0xDC4D,8, 0xBB29,1, 0x9307,1, 0x6B8F,2, 0xAD97,7, 0x6B8F,2,
    0x29A7,1, 0x59C4,2, 0x6984,1, 0x9307,2, 0x6984,1, 0x4125,1, 0x18C5,20, 0x6984,2,
    0xBB29,8, 0xDC4D,17, 0x9307,1, 0x6B8F,1, 0xAD97,1, 0x6B8F,7, 0x29A7,2, 0x59C4,1,
    0x9307,2, 0x6984,1, 0x9307,1, 0x6984,1, 0x4125,1, 0x18C5,20, 0x4125,2, 0x9307,7,
    0xBB29,1, 0xDC4D,17, 0xBB29,1, 0x6B8F,3, 0x29A7,6, 0x6B8F,1, 0x9307,2, 0xBB29,1,
    0x9307,5, 0x4125,2, 0x28E5,1, 0x18C5,19, 0x4124,5, 0x5144,1, 0x6984,1, 0xBB29,1,
    0xDC4D,18, 0xBB29,1, 0x9307,8, 0xBB29,5, 0x9307,2, 0x6984,1, 0x9307,1, 0x6984,2,
    0x4124,1, 0x18C5,24, 0x4124,1, 0x6984,1, 0xBB29,1, 0xDC4D,27, 0xBB29,2, 0x9307,1,
    0xBB29,2, 0x9307,3, 0x6984,3, 0x4124,1, 0x18C5,24, 0x4124,1, 0x6984,1, 0xBB29,1,
    0xDC4D,27, 0xBB29,2, 0x9307,7, 0x6984,1, 0x4964,1, 0x3924,1, 0x18C5,24, 0x4124,1,
    0x6984,1, 0xBB29,1, 0xDC4D,27, 0xBB29,2, 0x9307,1, 0x5144,1, 0x4124,2, 0x5185,1,
    0x6A06,2, 0x51A5,1, 0x3944,1, 0x2905,1, 0x18C5,24, 0x4124,1, 0x6984,1, 0x9307,1,
    0xBB29,29, 0x9307,1, 0x4124,1, 0x18C5,32, 0x4124,1, 0x6984,1, 0x9307,1, 0xBB29,29,
    0x9307,1, 0x4124,1, 0x18C5,32, 0x4124,1, 0x6984,1, 0x9307,1, 0xBB29,29, 0x9307,1,
    0x4124,1, 0x18C5,32, 0x4124,1, 0x6984,32, 0x4124,1, 0x18C5,35, 0x69E7,1, 0xBB29,1,
    0x9307,1, 0x4124,1, 0x18C5,14, 0x69E7,1, 0xBB29,1, 0x9307,1, 0x4124,1, 0x18C5,44,
    0x69E7,1, 0xBB29,1, 0x9307,1, 0x4124,1, 0x18C5,14, 0x69E7,1, 0xBB29,1, 0x9307,1,
    0x4124,1, 0x18C5,44, 0x4124,1, 0x6984,2, 0x4124,1, 0x18C5,14, 0x4124,1, 0x6984,2,
    0x4124,1, 0x18C5,40, 0x1084,36, 0x18C5,30, 0x1084,36, 0x18C5,35, 0x10A4,27, 0x18C5,15,
    0x18C5,40, 0x2126,9, 0x18C5,57, 0x29A7,9, 0x18C5,56, 0x2126,1, 0x6B8F,9, 0x2126,2,
    0x18C5,52, 0x8C72,2, 0xAD97,1, 0xDF1D,2, 0xCF5D,6, 0xDF1D,1, 0x6B8F,2, 0x2126,1,
    0x18C5,51, 0xFFFF,5, 0xCF5D,6, 0xDF1D,1, 0xAD97,2, 0x29A7,1, 0x18C5,50, 0x2126,1,
    0xFFFF,2, 0xDF1D,3, 0xCF5D,7, 0xAD97,2, 0x6B8F,1, 0x2126,2, 0x18C5,46, 0x2126,2,
    0x6B8F,1, 0xDF1D,2, 0xCF5D,3, 0xDF1D,1, 0x6B8F,5, 0xCF5D,3, 0xAD97,1, 0x6B8F,2,
    0x2126,1, 0x18C5,45, 0x29A7,2, 0xDF1D,3, 0xCF5D,3, 0xFFFF,1, 0x1882,5, 0xCF5D,3,
    0xAD97,3, 0x29A7,1, 0x18C5,30, 0x6984,15, 0x29A7,2, 0xDF1D,1, 0xCF5D,5, 0x6B8F,1,
    0x1882,5, 0xCF5D,3, 0xAD97,1, 0x6B8F,2, 0x29A7,1, 0x18C5,24, 0x28E5,1, 0x4124,5,
    0x6984,15, 0x29A7,2, 0xDF1D,1, 0xCF5D,5, 0x1882,6, 0xCF5D,4, 0x6B8F,2, 0x29A7,1,
    0x18C5,24, 0x4125,1, 0x6984,7, 0xF572,13, 0x29A7,2, 0xDF1D,1, 0xCF5D,5, 0x1882,6,
    0xCF5D,4, 0x6B8F,2, 0x29A7,1, 0x18C5,22, 0x28E5,1, 0x4125,1, 0x69A5,1, 0x9307,1,
    0xBB29,5, 0x9307,1, 0xF572,1, 0xFE98,3, 0xDC4D,9, 0x29A7,2, 0xDF1D,1, 0xCF5D,5,
    0x1882,6, 0xCF5D,4, 0x6B8F,2, 0x29A7,1, 0x18C5,22, 0x4124,1, 0x6984,2, 0xBB29,1,
    0xDC4D,5, 0xBB29,1, 0xF572,1, 0xFE98,3, 0xDC4D,9, 0x29A7,2, 0xDF1D,1, 0xCF5D,5,
    0x1882,6, 0xCF5D,4, 0x6B8F,2, 0x29A7,1, 0x4124,3, 0x18C5,19, 0x4124,1, 0x6984,2,
    0x9307,1, 0xBB29,2, 0xDC4D,3, 0x9307,1, 0xF572,1, 0xDC4D,12, 0x29A7,2, 0xDF1D,1,
    0xCF5D,5, 0x1882,6, 0xCF5D,4, 0x6B8F,2, 0x29A7,1, 0x6984,3, 0x18C5,19, 0x28E5,1,
    0x4125,2, 0x69A5,1, 0x9307,1, 0xBB29,1, 0xDC4D,3, 0x9307,1, 0xF572,1, 0xDC4D,12,
    0x29A7,2, 0xDF1D,1, 0xCF5D,5, 0x1882,6, 0xCF5D,3, 0xAD97,1, 0x6B8F,2, 0x29A7,1,
    0xBB29,2, 0x9307,1, 0x4125,2, 0x18C5,20, 0x4125,1, 0x6984,1, 0x9307,1, 0xDC4D,3,
    0x9307,1, 0xF572,1, 0xDC4D,3, 0x9307,3, 0xDC4D,6, 0x9307,2, 0x6B8F,1, 0xAD97,2,
    0xCF5D,3, 0x6B8F,6, 0xCF5D,3, 0x6B8F,1, 0x29A7,2, 0x9307,1, 0xDC4D,2, 0x9307,1,
    0x6984,2, 0x18C5,20, 0x4125,1, 0x6984,1, 0x9307,1, 0xDC4D,3, 0x9307,1, 0xF572,1,
    0xDC4D,3, 0x1882,3, 0xDC4D,8, 0x29A7,1, 0xAD97,2, 0xCF5D,12, 0x6B8F,1, 0x29A7,2,
    0xDC4D,1, 0xBB29,2, 0x6984,3, 0x18C5,17, 0x28E5,1, 0x4125,2, 0x7A48,1, 0xBB29,1,
    0xDC4D,4, 0x9307,1, 0xF572,1, 0xDC4D,3, 0x1882,3, 0xDC4D,8, 0x9307,1, 0x6B8F,2,
    0xAD97,3, 0xCF5D,6, 0xAD97,3, 0x29A7,3, 0xDC4D,1, 0x9307,2, 0x4125,3, 0x18C5,17,
    0x4124,1, 0x6984,2, 0xBB29,1, 0xDC4D,2, 0xBB29,3, 0x9307,1, 0xF572,1, 0xDC4D,3,
    0x9307,3, 0xDC4D,9, 0x9307,2, 0x6B8F,1, 0xAD97,8, 0x6B8F,1, 0x29A7,2, 0x59C4,1,
    0x6984,2, 0x9307,1, 0x6984,2, 0x18C5,20, 0x4124,1, 0x6984,1, 0x9307,1, 0xBB29,6,
    0x9307,1, 0xF572,1, 0xDC4D,17, 0x29A7,1, 0xAD97,2, 0x6B8F,7, 0x29A7,2, 0x9307,3,
    0x59C4,1, 0x6984,2, 0x18C5,20, 0x28E5,1, 0x4125,1, 0x69A5,1, 0x9307,6, 0x6984,1,
    0xF572,1, 0xDC4D,17, 0x9307,1, 0x6B8F,2, 0x29A7,7, 0x9307,2, 0xBB29,1, 0x9307,2,
    0x6984,1, 0x9307,2, 0x4125,3, 0x18C5,19, 0x28E5,1, 0x4124,5, 0x6984,2, 0xF572,1,
    0xDC4D,18, 0x9307,9, 0xBB29,5, 0x9307,1, 0x6984,5, 0x18C5,25, 0x6984,2, 0xF572,1,
    0xDC4D,27, 0xBB29,5, 0x9307,3, 0x59C4,1, 0x6984,2, 0x18C5,25, 0x6984,2, 0xF572,1,
    0xDC4D,27, 0xBB29,2, 0x9307,6, 0x6984,1, 0x4964,2, 0x18C5,25, 0x6984,2, 0xF572,1,
    0xDC4D,27, 0xBB29,2, 0x6984,1, 0x4124,3, 0x6A06,3, 0x3944,2, 0x18C5,25, 0x6984,2,
    0xDC4D,1, 0xBB29,29, 0x6984,1, 0x18C5,33, 0x6984,2, 0xDC4D,1, 0xBB29,29, 0x6984,1,
    0x18C5,33, 0x6984,2, 0xDC4D,1, 0xBB29,29, 0x6984,1, 0x18C5,33, 0x6984,33, 0x18C5,36,
    0xBB29,2, 0x6984,1, 0x18C5,15, 0xBB29,2, 0x6984,1, 0x18C5,45, 0xBB29,2, 0x6984,1,
    0x18C5,15, 0xBB29,2, 0x6984,1, 0x18C5,45, 0x6984,3, 0x18C5,15, 0x6984,3, 0x18C5,40,
    0x10A4,1, 0x1084,35, 0x10A4,1, 0x18C5,29, 0x10A4,1, 0x1084,35, 0x10A4,1, 0x18C5,34,
    0x18C6,1, 0x10A4,26, 0x18C6,1, 0x18C5,16, 0x18C5,38, 0x1906,1, 0x2126,8, 0x1906,1,
    0x18C5,56, 0x2126,1, 0x29A7,8, 0x2126,1, 0x18C5,55, 0x1906,1, 0x52CC,1, 0x6B8F,8,
    0x52CC,1, 0x2126,1, 0x1906,1, 0x18C5,51, 0x528C,1, 0x8C72,1, 0x9493,1, 0xAD97,1,
    0xDF1D,2, 0xCF5D,5, 0xDF1D,1, 0xAD97,1, 0x6B8F,1, 0x426B,1, 0x1906,1, 0x18C5,50,
    0x8C72,1, 0xFFFF,4, 0xDF1D,1, 0xCF5D,6, 0xAD97,2, 0x6B8F,1, 0x2126,1, 0x18C5,49,
    0x1906,1, 0x9493,1, 0xFFFF,2, 0xDF1D,2, 0xCF5D,8, 0xAD97,2, 0x426B,1, 0x2126,1,
    0x1906,1, 0x18C5,45, 0x1906,1, 0x2126,1, 0x52CC,1, 0xAD97,1, 0xDF1D,2, 0xCF5D,3,
    0xAD97,1, 0x6B8F,4, 0xAD97,1, 0xCF5D,2, 0xAD97,1, 0x6B8F,2, 0x426B,1, 0x1906,1,
    0x18C5,44, 0x2126,1, 0x29A7,1, 0x6B8F,1, 0xDF1D,2, 0xCF5D,3, 0xDF1D,1, 0x6B8F,1,
    0x1882,4, 0x6B8F,1, 0xCF5D,2, 0xAD97,3, 0x6B8F,1, 0x2126,1, 0x18C5,29, 0x4124,1,
    0x6984,14, 0x59C4,1, 0x29A7,1, 0x6B8F,1, 0xDF1D,1, 0xCF5D,4, 0xAD97,1, 0x29A7,1,
    0x1882,4, 0x6B8F,1, 0xCF5D,3, 0xAD97,1, 0x6B8F,2, 0x2126,1, 0x18C5,24, 0x4124,5,
    0x5144,1, 0x6984,14, 0x59C4,1, 0x29A7,1, 0x6B8F,1, 0xCF5D,5, 0x6B8F,1, 0x1882,5,
    0x6B8F,1, 0xCF5D,3, 0xAD97,1, 0x6B8F,1, 0x29A7,1, 0x2126,1, 0x18C5,24, 0x6984,7,
    0xBB29,1, 0xF572,12, 0x9307,1, 0x29A7,1, 0x6B8F,1, 0xCF5D,5, 0x6B8F,1, 0x1882,5,
    0x6B8F,1, 0xCF5D,3, 0xAD97,1, 0x6B8F,1, 0x29A7,1, 0x2126,1, 0x18C5,22, 0x4125,2,
    0x9307,1, 0xBB29,7, 0xF572,1, 0xFE98,2, 0xF572,1, 0xDC4D,8, 0x9307,1, 0x29A7,1,
    0x6B8F,1, 0xCF5D,5, 0x6B8F,1, 0x1882,5, 0x6B8F,1, 0xCF5D,3, 0xAD97,1, 0x6B8F,1,
    0x29A7,1, 0x2126,1, 0x18C5,22, 0x6984,2, 0x9307,1, 0xDC4D,6, 0xBB29,1, 0xF572,1,
    0xFE98,2, 0xF572,1, 0xDC4D,8, 0x9307,1, 0x29A7,1, 0x6B8F,1, 0xCF5D,5, 0x6B8F,1,
    0x1882,5, 0x6B8F,1, 0xCF5D,3, 0xAD97,1, 0x6B8F,1, 0x29A7,1, 0x3166,1, 0x4124,2,
    0x28E5,1, 0x18C5,19, 0x6984,3, 0xBB29,2, 0xDC4D,4, 0xBB29,1, 0xDC4D,12, 0x9307,1,
    0x29A7,1, 0x6B8F,1, 0xCF5D,5, 0x6B8F,1, 0x1882,5, 0x6B8F,1, 0xCF5D,3, 0xAD97,1,
    0x6B8F,1, 0x29A7,1, 0x59C4,1, 0x6984,2, 0x4125,1, 0x18C5,19, 0x4125,3, 0x9307,2,
    0xDC4D,4, 0xBB29,1, 0xDC4D,12, 0x9307,1, 0x29A7,1, 0x6B8F,1, 0xDF1D,1, 0xCF5D,4,
    0x6B8F,1, 0x1882,5, 0x6B8F,1, 0xCF5D,2, 0xAD97,1, 0x6B8F,2, 0x29A7,1, 0x9307,1,
    0xBB29,1, 0x9307,1, 0x69A5,1, 0x4125,1, 0x28E5,1, 0x18C5,20, 0x6984,2, 0xDC4D,4,
    0xBB29,1, 0xDC4D,3, 0xBB29,1, 0x9307,2, 0xBB29,1, 0xDC4D,5, 0xBB29,1, 0x9307,1,
    0x6B8F,1, 0xAD97,2, 0xCF5D,3, 0xAD97,1, 0x6B8F,5, 0xAD97,1, 0xCF5D,2, 0xAD97,1,
    0x6B8F,1, 0x29A7,1, 0x6B8F,1, 0xBB29,1, 0xDC4D,1, 0xBB29,1, 0x6984,2, 0x4124,1,
    0x18C5,20, 0x6984,2, 0xDC4D,4, 0xBB29,1, 0xDC4D,3, 0x9307,1, 0x1882,2, 0x9307,1,
    0xDC4D,7, 0x9307,1, 0x6B8F,1, 0xAD97,2, 0xCF5D,11, 0xAD97,1, 0x29A7,2, 0x9307,1,
    0xBB29,2, 0x9307,1, 0x6984,2, 0x4124,1, 0x18C5,17, 0x4125,3, 0xBB29,2, 0xDC4D,4,
    0xBB29,1, 0xDC4D,3, 0x9307,1, 0x1882,2, 0x9307,1, 0xDC4D,7, 0xBB29,1, 0x6B8F,2,
    0xAD97,3, 0xCF5D,6, 0xAD97,3, 0x6B8F,1, 0x29A7,2, 0x9307,1, 0xBB29,1, 0x9307,1,
    0x69A5,1, 0x4125,2, 0x28E5,1, 0x18C5,17, 0x6984,2, 0x9307,1, 0xDC4D,2, 0xBB29,5,
    0xDC4D,3, 0xBB29,1, 0x9307,2, 0xBB29,1, 0xDC4D,8, 0xBB29,1, 0x9307,1, 0x6B8F,2,
    0xAD97,7, 0x6B8F,2, 0x29A7,1, 0x59C4,2, 0x6984,1, 0x9307,2, 0x6984,1, 0x4125,1,
    0x18C5,20, 0x6984,2, 0xBB29,8, 0xDC4D,17, 0x9307,1, 0x6B8F,1, 0xAD97,1, 0x6B8F,7,
    0x29A7,2, 0x59C4,1, 0x9307,2, 0x6984,1, 0x9307,1, 0x6984,1, 0x4125,1, 0x18C5,20,
    0x4125,2, 0x9307,7, 0xBB29,1, 0xDC4D,17, 0xBB29,1, 0x6B8F,3, 0x29A7,6, 0x6B8F,1,
    0x9307,2, 0xBB29,1, 0x9307,5, 0x4125,2, 0x28E5,1, 0x18C5,19, 0x4124,5, 0x5144,1,
    0x6984,1, 0xBB29,1, 0xDC4D,18, 0xBB29,1, 0x9307,8, 0xBB29,5, 0x9307,2, 0x6984,1,
    0x9307,1, 0x6984,2, 0x4124,1, 0x18C5,24, 0x4124,1, 0x6984,1, 0xBB29,1, 0xDC4D,27,
    0xBB29,2, 0x9307,1, 0xBB29,2, 0x9307,3, 0x6984,3, 0x4124,1, 0x18C5,24, 0x4124,1,
    0x6984,1, 0xBB29,1, 0xDC4D,27, 0xBB29,2, 0x9307,7, 0x6984,1, 0x4964,1, 0x3924,1,
    0x18C5,24, 0x4124,1, 0x6984,1, 0xBB29,1, 0xDC4D,27, 0xBB29,2, 0x9307,1, 0x5144,1,
    0x4124,2, 0x5185,1, 0x6A06,2, 0x51A5,1, 0x3944,1, 0x2905,1, 0x18C5,24, 0x4124,1,
    0x6984,1, 0x9307,1, 0xBB29,29, 0x9307,1, 0x4124,1, 0x18C5,32, 0x4124,1, 0x6984,1,
    0x9307,1, 0xBB29,29, 0x9307,1, 0x4124,1, 0x18C5,32, 0x4124,1, 0x6984,1, 0x9307,1,
    0xBB29,29, 0x9307,1, 0x4124,1, 0x18C5,32, 0x4124,1, 0x6984,32, 0x4124,1, 0x18C5,41,
    0x69E7,1, 0xBB29,1, 0x9307,1, 0x4124,1, 0x18C5,14, 0x69E7,1, 0xBB29,1, 0x9307,1,
    0x4124,1, 0x18C5,44, 0x69E7,1, 0xBB29,1, 0x9307,1, 0x4124,1, 0x18C5,14, 0x69E7,1,
    0xBB29,1, 0x9307,1, 0x4124,1, 0x18C5,44, 0x4124,1, 0x6984,2, 0x4124,1, 0x18C5,14,
    0x4124,1, 0x6984,2, 0x4124,1, 0x18C5,34, 0x1084,36, 0x18C5,30, 0x1084,36, 0x18C5,35,
    0x10A4,27, 0x18C5,18, 0x18C5,37, 0x2126,9, 0x18C5,57, 0x29A7,9, 0x18C5,56, 0x2126,1,
    0x6B8F,9, 0x2126,2, 0x18C5,52, 0x8C72,2, 0xAD97,1, 0xDF1D,2, 0xCF5D,6, 0xDF1D,1,
    0x6B8F,2, 0x2126,1, 0x18C5,51, 0xFFFF,5, 0xCF5D,6, 0xDF1D,1, 0xAD97,2, 0x29A7,1,
    0x18C5,50, 0x2126,1, 0xFFFF,2, 0xDF1D,3, 0xCF5D,7, 0xAD97,2, 0x6B8F,1, 0x2126,2,
    0x18C5,46, 0x2126,2, 0x6B8F,1, 0xDF1D,2, 0xCF5D,3, 0xDF1D,1, 0x6B8F,5, 0xCF5D,3,
    0xAD97,1, 0x6B8F,2, 0x2126,1, 0x18C5,45, 0x29A7,2, 0xDF1D,3, 0xCF5D,3, 0xFFFF,1,
    0x1882,5, 0xCF5D,3, 0xAD97,3, 0x29A7,1, 0x18C5,30, 0x6984,15, 0x29A7,2, 0xDF1D,1,
    0xCF5D,5, 0x6B8F,1, 0x1882,5, 0xCF5D,3, 0xAD97,1, 0x6B8F,2, 0x29A7,1, 0x18C5,24,
    0x28E5,1, 0x4124,5, 0x6984,15, 0x29A7,2, 0xDF1D,1, 0xCF5D,5, 0x1882,6, 0xCF5D,4,
    0x6B8F,2, 0x29A7,1, 0x18C5,24, 0x4125,1, 0x6984,7, 0xF572,13, 0x29A7,2, 0xDF1D,1,
    0xCF5D,5, 0x1882,6, 0xCF5D,4, 0x6B8F,2, 0x29A7,1, 0x18C5,22, 0x28E5,1, 0x4125,1,
    0x69A5,1, 0x9307,1, 0xBB29,5, 0x9307,1, 0xF572,1, 0xFE98,3, 0xDC4D,9, 0x29A7,2,
    0xDF1D,1, 0xCF5D,5, 0x1882,6, 0xCF5D,4, 0x6B8F,2, 0x29A7,1, 0x18C5,22, 0x4124,1,
    0x6984,2, 0xBB29,1, 0xDC4D,5, 0xBB29,1, 0xF572,1, 0xFE98,3, 0xDC4D,9, 0x29A7,2,
    0xDF1D,1, 0xCF5D,5, 0x1882,6, 0xCF5D,4, 0x6B8F,2, 0x29A7,1, 0x4124,3, 0x18C5,19,
    0x4124,1, 0x6984,2, 0x9307,1, 0xBB29,2, 0xDC4D,3, 0x9307,1, 0xF572,1, 0xDC4D,12,
    0x29A7,2, 0xDF1D,1, 0xCF5D,5, 0x1882,6, 0xCF5D,4, 0x6B8F,2, 0x29A7,1, 0x6984,3,
    0x18C5,19, 0x28E5,1, 0x4125,2, 0x69A5,1, 0x9307,1, 0xBB29,1, 0xDC4D,3, 0x9307,1,
    0xF572,1, 0xDC4D,12, 0x29A7,2, 0xDF1D,1, 0xCF5D,5, 0x1882,6, 0xCF5D,3, 0xAD97,1,
    0x6B8F,2, 0x29A7,1, 0xBB29,2, 0x9307,1, 0x4125,2, 0x18C5,20, 0x4125,1, 0x6984,1,
    0x9307,1, 0xDC4D,3, 0x9307,1, 0xF572,1, 0xDC4D,3, 0x9307,3, 0xDC4D,6, 0x9307,2,
    0x6B8F,1, 0xAD97,2, 0xCF5D,3, 0x6B8F,6, 0xCF5D,3, 0x6B8F,1, 0x29A7,2, 0x9307,1,
    0xDC4D,2, 0x9307,1, 0x6984,2, 0x18C5,20, 0x4125,1, 0x6984,1, 0x9307,1, 0xDC4D,3,
    0x9307,1, 0xF572,1, 0xDC4D,3, 0x1882,3, 0xDC4D,8, 0x29A7,1, 0xAD97,2, 0xCF5D,12,
    0x6B8F,1, 0x29A7,2, 0xDC4D,1, 0xBB29,2, 0x6984,3, 0x18C5,17, 0x28E5,1, 0x4125,2,
    0x7A48,1, 0xBB29,1, 0xDC4D,4, 0x9307,1, 0xF572,1, 0xDC4D,3, 0x1882,3, 0xDC4D,8,
    0x9307,1, 0x6B8F,2, 0xAD97,3, 0xCF5D,6, 0xAD97,3, 0x29A7,3, 0xDC4D,1, 0x9307,2,
    0x4125,3, 0x18C5,17, 0x4124,1, 0x6984,2, 0xBB29,1, 0xDC4D,2, 0xBB29,3, 0x9307,1,
    0xF572,1, 0xDC4D,3, 0x9307,3, 0xDC4D,9, 0x9307,2, 0x6B8F,1, 0xAD97,8, 0x6B8F,1,
    0x29A7,2, 0x59C4,1, 0x6984,2, 0x9307,1, 0x6984,2, 0x18C5,20, 0x4124,1, 0x6984,1,
    0x9307,1, 0xBB29,6, 0x9307,1, 0xF572,1, 0xDC4D,17, 0x29A7,1, 0xAD97,2, 0x6B8F,7,
    0x29A7,2, 0x9307,3, 0x59C4,1, 0x6984,2, 0x18C5,20, 0x28E5,1, 0x4125,1, 0x69A5,1,
    0x9307,6, 0x6984,1, 0xF572,1, 0xDC4D,17, 0x9307,1, 0x6B8F,2, 0x29A7,7, 0x9307,2,
    0xBB29,1, 0x9307,2, 0x6984,1, 0x9307,2, 0x4125,3, 0x18C5,19, 0x28E5,1, 0x4124,5,
    0x6984,2, 0xF572,1, 0xDC4D,18, 0x9307,9, 0xBB29,5, 0x9307,1, 0x6984,5, 0x18C5,25,
    0x6984,2, 0xF572,1, 0xDC4D,27, 0xBB29,5, 0x9307,3, 0x59C4,1, 0x6984,2, 0x18C5,25,
    0x6984,2, 0xF572,1, 0xDC4D,27, 0xBB29,2, 0x9307,6, 0x6984,1, 0x4964,2, 0x18C5,25,
    0x6984,2, 0xF572,1, 0xDC4D,27, 0xBB29,2, 0x6984,1, 0x4124,3, 0x6A06,3, 0x3944,2,
    0x18C5,25, 0x6984,2, 0xDC4D,1, 0xBB29,29, 0x6984,1, 0x18C5,33, 0x6984,2, 0xDC4D,1,
    0xBB29,29, 0x6984,1, 0x18C5,33, 0x6984,2, 0xDC4D,1, 0xBB29,29, 0x6984,1, 0x18C5,33,
    0x6984,33, 0x18C5,42, 0xBB29,2, 0x6984,1, 0x18C5,15, 0xBB29,2, 0x6984,1, 0x18C5,45,
    0xBB29,2, 0x6984,1, 0x18C5,15, 0xBB29,2, 0x6984,1, 0x18C5,45, 0x6984,3, 0x18C5,15,
    0x6984,3, 0x18C5,34, 0x10A4,1, 0x1084,35, 0x10A4,1, 0x18C5,29, 0x10A4,1, 0x1084,35,
    0x10A4,1, 0x18C5,34, 0x18C6,1, 0x10A4,26, 0x18C6,1, 0x18C5,19, 0x18C5,167, 0x2126,1,
    0x29A7,8, 0x2126,1, 0x18C5,56, 0x2126,1, 0x29A7,8, 0x2126,1, 0x18C5,55, 0x2126,1,
    0x6B8F,1, 0xDF1D,8, 0x6B8F,1, 0x29A7,1, 0x2126,1, 0x18C5,51, 0x8C72,1, 0xFFFF,4,
    0xDF1D,1, 0xCF5D,6, 0xAD97,2, 0x6B8F,1, 0x2126,1, 0x18C5,50, 0x8C72,1, 0xFFFF,4,
    0xDF1D,1, 0xCF5D,6, 0xAD97,2, 0x6B8F,1, 0x2126,1, 0x18C5,49, 0x2126,1, 0xAD97,1,
    0xFFFF,1, 0xDF1D,1, 0xCF5D,11, 0xAD97,1, 0x6B8F,1, 0x29A7,1, 0x2126,1, 0x18C5,30,
    0x4124,1, 0x6984,14, 0x59C4,1, 0x29A7,1, 0x6B8F,1, 0xDF1D,2, 0xCF5D,3, 0xDF1D,1,
    0x6B8F,1, 0x1882,4, 0x6B8F,1, 0xCF5D,2, 0xAD97,3, 0x6B8F,1, 0x2126,1, 0x18C5,24,
    0x4124,5, 0x5144,1, 0x6984,14, 0x59C4,1, 0x29A7,1, 0x6B8F,1, 0xDF1D,2, 0xCF5D,3,
    0xDF1D,1, 0x6B8F,1, 0x1882,4, 0x6B8F,1, 0xCF5D,2, 0xAD97,3, 0x6B8F,1, 0x2126,1,
    0x18C5,24, 0x6984,7, 0xBB29,1, 0xF572,12, 0x9307,1, 0x29A7,1, 0x6B8F,1, 0xCF5D,5,
    0x6B8F,1, 0x1882,5, 0x6B8F,1, 0xCF5D,3, 0xAD97,1, 0x6B8F,1, 0x29A7,1, 0x2126,1,
    0x18C5,22, 0x4125,2, 0x9307,1, 0xBB29,7, 0xF572,1, 0xFE98,2, 0xF572,1, 0xDC4D,8,
    0x9307,1, 0x29A7,1, 0x6B8F,1, 0xCF5D,5, 0x6B8F,1, 0x1882,5, 0x6B8F,1, 0xCF5D,3,
    0xAD97,1, 0x6B8F,1, 0x29A7,1, 0x2126,1, 0x18C5,22, 0x6984,2, 0x9307,1, 0xDC4D,6,
    0xBB29,1, 0xF572,1, 0xFE98,2, 0xF572,1, 0xDC4D,8, 0x9307,1, 0x29A7,1, 0x6B8F,1,
    0xCF5D,5, 0x6B8F,1, 0x1882,5, 0x6B8F,1, 0xCF5D,3, 0xAD97,1, 0x6B8F,1, 0x29A7,1,
    0x3166,1, 0x4124,2, 0x28E5,1, 0x18C5,19, 0x6984,3, 0xBB29,2, 0xDC4D,4, 0xBB29,1,
    0xDC4D,12, 0x9307,1, 0x29A7,1, 0x6B8F,1, 0xCF5D,5, 0x6B8F,1, 0x1882,5, 0x6B8F,1,
    0xCF5D,3, 0xAD97,1, 0x6B8F,1, 0x29A7,1, 0x59C4,1, 0x6984,2, 0x4125,1, 0x18C5,19,
    0x4125,3, 0x9307,2, 0xDC4D,4, 0xBB29,1, 0xDC4D,12, 0x9307,1, 0x29A7,1, 0x6B8F,1,
    0xCF5D,5, 0x6B8F,1, 0x1882,5, 0x6B8F,1, 0xCF5D,3, 0xAD97,1, 0x6B8F,1, 0x29A7,1,
    0x9307,1, 0xBB29,1, 0x9307,1, 0x69A5,1, 0x4125,1, 0x28E5,1, 0x18C5,20, 0x6984,2,
    0xDC4D,4, 0xBB29,1, 0xDC4D,3, 0xBB29,1, 0x9307,2, 0xBB29,1, 0xDC4D,5, 0x9307,1,
    0x29A7,1, 0x6B8F,1, 0xCF5D,5, 0x6B8F,1, 0x1882,5, 0x6B8F,1, 0xCF5D,3, 0xAD97,1,
    0x6B8F,1, 0x29A7,1, 0x9307,1, 0xDC4D,1, 0xBB29,1, 0x6984,2, 0x4124,1, 0x18C5,20,
    0x6984,2, 0xDC4D,4, 0xBB29,1, 0xDC4D,3, 0x9307,1, 0x1882,2, 0x9307,1, 0xDC4D,5,
    0x9307,1, 0x29A7,1, 0x6B8F,1, 0xDF1D,2, 0xCF5D,3, 0x6B8F,1, 0x1882,5, 0x6B8F,1,
    0xCF5D,2, 0xAD97,1, 0x6B8F,2, 0x29A7,1, 0x9307,1, 0xBB29,1, 0x9307,1, 0x6984,2,
    0x4124,1, 0x18C5,17, 0x4125,3, 0xBB29,2, 0xDC4D,4, 0xBB29,1, 0xDC4D,3, 0x9307,1,
    0x1882,2, 0x9307,1, 0xDC4D,7, 0x9307,1, 0x6B8F,1, 0xAD97,2, 0xCF5D,11, 0xAD97,1,
    0x29A7,2, 0x9307,1, 0xBB29,1, 0x9307,1, 0x69A5,1, 0x4125,2, 0x28E5,1, 0x18C5,17,
    0x6984,2, 0x9307,1, 0xDC4D,2, 0xBB29,5, 0xDC4D,3, 0xBB29,1, 0x9307,2, 0xBB29,1,
    0xDC4D,7, 0x9307,1, 0x6B8F,1, 0xAD97,2, 0xCF5D,11, 0xAD97,1, 0x29A7,2, 0x9307,2,
    0x6984,1, 0x4125,1, 0x18C5,20, 0x6984,2, 0xBB29,8, 0xDC4D,15, 0x9307,1, 0x29A7,1,
    0x6B8F,1, 0xAD97,3, 0xCF5D,5, 0xAD97,1, 0x6B8F,2, 0x29A7,2, 0x59C4,1, 0x9307,2,
    0x6984,1, 0x4125,1, 0x18C5,20, 0x4125,2, 0x9307,7, 0xBB29,1, 0xDC4D,17, 0x9307,1,
    0x6B8F,1, 0xAD97,1, 0x6B8F,7, 0x29A7,2, 0x59C4,1, 0x9307,2, 0x6984,1, 0x9307,1,
    0xBB29,1, 0x7A48,1, 0x4125,2, 0x28E5,1, 0x18C5,19, 0x4124,5, 0x5144,1, 0x6984,1,
    0xBB29,1, 0xDC4D,17, 0x9307,1, 0x6B8F,1, 0xAD97,1, 0x6B8F,7, 0x29A7,2, 0x59C4,1,
    0x9307,2, 0x6984,1, 0x9307,1, 0xDC4D,1, 0xBB29,1, 0x6984,2, 0x4124,1, 0x18C5,24,
    0x4124,1, 0x6984,1, 0xBB29,1, 0xDC4D,18, 0x9307,1, 0x29A7,8, 0x9307,1, 0xBB29,1,
    0x9307,4, 0x6984,1, 0x59C4,1, 0x9307,2, 0x6984,1, 0x4124,1, 0x18C5,24, 0x4124,1,
    0x6984,1, 0xBB29,1, 0xDC4D,27, 0xBB29,2, 0x9307,6, 0x6984,2, 0x4125,1, 0x28E5,1,
    0x18C5,24, 0x4124,1, 0x6984,1, 0xBB29,1, 0xDC4D,27, 0xBB29,2, 0x9307,1, 0x5144,1,
    0x4124,1, 0x6A06,1, 0x9307,2, 0x6984,1, 0x4144,1, 0x18C5,26, 0x4124,1, 0x6984,1,
    0x9307,1, 0xBB29,29, 0x9307,1, 0x4124,1, 0x18C5,2, 0x51E6,1, 0x9307,2, 0x6984,1,
    0x59C4,1, 0x3944,1, 0x18C5,24, 0x4124,1, 0x6984,1, 0x9307,1, 0xBB29,29, 0x9307,1,
    0x4124,1, 0x18C5,32, 0x4124,1, 0x6984,1, 0x9307,1, 0xBB29,29, 0x9307,1, 0x4124,1,
    0x18C5,32, 0x4124,1, 0x6984,32, 0x4124,1, 0x18C5,35, 0x69E7,1, 0xBB29,1, 0x9307,1,
    0x4124,1, 0x18C5,14, 0x69E7,1, 0xBB29,1, 0x9307,1, 0x4124,1, 0x18C5,44, 0x69E7,1,
    0xBB29,1, 0x9307,1, 0x4124,1, 0x18C5,14, 0x69E7,1, 0xBB29,1, 0x9307,1, 0x4124,1,
    0x18C5,44, 0x4124,1, 0x6984,2, 0x4124,1, 0x18C5,14, 0x4124,1, 0x6984,2, 0x4124,1,
    0x18C5,40, 0x1084,36, 0x18C5,30, 0x1084,36, 0x18C5,35, 0x10A4,27, 0x18C5,21, 0x18C5,166,
    0x29A7,9, 0x18C5,57, 0x29A7,9, 0x18C5,56, 0x29A7,1, 0xDF1D,9, 0x29A7,2, 0x18C5,52,
    0xFFFF,5, 0xCF5D,6, 0xDF1D,1, 0xAD97,2, 0x29A7,1, 0x18C5,51, 0xFFFF,5, 0xCF5D,6,
    0xDF1D,1, 0xAD97,2, 0x29A7,1, 0x18C5,50, 0x29A7,1, 0xFFFF,2, 0xCF5D,12, 0xAD97,1,
    0x29A7,2, 0x18C5,31, 0x6984,15, 0x29A7,2, 0xDF1D,3, 0xCF5D,3, 0xFFFF,1, 0x1882,5,
    0xCF5D,3, 0xAD97,3, 0x29A7,1, 0x18C5,24, 0x28E5,1, 0x4124,5, 0x6984,15, 0x29A7,2,
    0xDF1D,3, 0xCF5D,3, 0xFFFF,1, 0x1882,5, 0xCF5D,3, 0xAD97,3, 0x29A7,1, 0x18C5,24,
    0x4125,1, 0x6984,7, 0xF572,13, 0x29A7,2, 0xDF1D,1, 0xCF5D,5, 0x1882,6, 0xCF5D,4,
    0x6B8F,2, 0x29A7,1, 0x18C5,22, 0x28E5,1, 0x4125,1, 0x69A5,1, 0x9307,1, 0xBB29,5,
    0x9307,1, 0xF572,1, 0xFE98,3, 0xDC4D,9, 0x29A7,2, 0xDF1D,1, 0xCF5D,5, 0x1882,6,
    0xCF5D,4, 0x6B8F,2, 0x29A7,1, 0x18C5,22, 0x4124,1, 0x6984,2, 0xBB29,1, 0xDC4D,5,
    0xBB29,1, 0xF572,1, 0xFE98,3, 0xDC4D,9, 0x29A7,2, 0xDF1D,1, 0xCF5D,5, 0x1882,6,
    0xCF5D,4, 0x6B8F,2, 0x29A7,1, 0x4124,3, 0x18C5,19, 0x4124,1, 0x6984,2, 0x9307,1,
    0xBB29,2, 0xDC4D,3, 0x9307,1, 0xF572,1, 0xDC4D,12, 0x29A7,2, 0xDF1D,1, 0xCF5D,5,
    0x1882,6, 0xCF5D,4, 0x6B8F,2, 0x29A7,1, 0x6984,3, 0x18C5,19, 0x28E5,1, 0x4125,2,
    0x69A5,1, 0x9307,1, 0xBB29,1, 0xDC4D,3, 0x9307,1, 0xF572,1, 0xDC4D,12, 0x29A7,2,
    0xDF1D,1, 0xCF5D,5, 0x1882,6, 0xCF5D,4, 0x6B8F,2, 0x29A7,1, 0xBB29,2, 0x9307,1,
    0x4125,2, 0x18C5,20, 0x4125,1, 0x6984,1, 0x9307,1, 0xDC4D,3, 0x9307,1, 0xF572,1,
    0xDC4D,3, 0x9307,3, 0xDC4D,6, 0x29A7,2, 0xDF1D,1, 0xCF5D,5, 0x1882,6, 0xCF5D,4,
    0x6B8F,2, 0x29A7,1, 0xDC4D,2, 0x9307,1, 0x6984,2, 0x18C5,20, 0x4125,1, 0x6984,1,
    0x9307,1, 0xDC4D,3, 0x9307,1, 0xF572,1, 0xDC4D,3, 0x1882,3, 0xDC4D,6, 0x29A7,2,
    0xDF1D,3, 0xCF5D,3, 0x1882,6, 0xCF5D,3, 0x6B8F,3, 0x29A7,1, 0xBB29,2, 0x6984,3,
    0x18C5,17, 0x28E5,1, 0x4125,2, 0x7A48,1, 0xBB29,1, 0xDC4D,4, 0x9307,1, 0xF572,1,
    0xDC4D,3, 0x1882,3, 0xDC4D,8, 0x29A7,1, 0xAD97,2, 0xCF5D,12, 0x6B8F,1, 0x29A7,2,
    0xDC4D,1, 0x9307,2, 0x4125,3, 0x18C5,17, 0x4124,1, 0x6984,2, 0xBB29,1, 0xDC4D,2,
    0xBB29,3, 0x9307,1, 0xF572,1, 0xDC4D,3, 0x9307,3, 0xDC4D,8, 0x29A7,1, 0xAD97,2,
    0xCF5D,12, 0x6B8F,1, 0x29A7,2, 0xDC4D,1, 0x6984,2, 0x18C5,20, 0x4124,1, 0x6984,1,
    0x9307,1, 0xBB29,6, 0x9307,1, 0xF572,1, 0xDC4D,15, 0x29A7,2, 0xAD97,3, 0xCF5D,6,
    0x6B8F,3, 0x29A7,1, 0x59C4,2, 0xDC4D,1, 0x6984,2, 0x18C5,20, 0x28E5,1, 0x4125,1,
    0x69A5,1, 0x9307,6, 0x6984,1, 0xF572,1, 0xDC4D,17, 0x29A7,1, 0xAD97,2, 0x6B8F,7,
    0x29A7,2, 0x9307,3, 0x59C4,1, 0xBB29,2, 0x4125,3, 0x18C5,19, 0x28E5,1, 0x4124,5,
    0x6984,2, 0xF572,1, 0xDC4D,17, 0x29A7,1, 0xAD97,2, 0x6B8F,7, 0x29A7,2, 0x9307,3,
    0x59C4,1, 0xDC4D,2, 0x9307,1, 0x6984,2, 0x18C5,25, 0x6984,2, 0xF572,1, 0xDC4D,18,
    0x29A7,9, 0xBB29,3, 0x9307,3, 0x59C4,2, 0xBB29,1, 0x6984,2, 0x18C5,25, 0x6984,2,
    0xF572,1, 0xDC4D,27, 0xBB29,2, 0x9307,6, 0x59C4,1, 0x4125,2, 0x18C5,25, 0x6984,2,
    0xF572,1, 0xDC4D,27, 0xBB29,2, 0x6984,1, 0x4124,2, 0x9307,3, 0x59C4,1, 0x18C5,27,
    0x6984,2, 0xDC4D,1, 0xBB29,29, 0x6984,1, 0x18C5,3, 0x9307,3, 0x59C4,2, 0x18C5,25,
    0x6984,2, 0xDC4D,1, 0xBB29,29, 0x6984,1, 0x18C5,33, 0x6984,2, 0xDC4D,1, 0xBB29,29,
    0x6984,1, 0x18C5,33, 0x6984,33, 0x18C5,36, 0xBB29,2, 0x6984,1, 0x18C5,15, 0xBB29,2,
    0x6984,1, 0x18C5,45, 0xBB29,2, 0x6984,1, 0x18C5,15, 0xBB29,2, 0x6984,1, 0x18C5,45,
    0x6984,3, 0x18C5,15, 0x6984,3, 0x18C5,40, 0x10A4,1, 0x1084,35, 0x10A4,1, 0x18C5,29,
    0x10A4,1, 0x1084,35, 0x10A4,1, 0x18C5,34, 0x18C6,1, 0x10A4,26, 0x18C6,1, 0x18C5,22,
    0x18C5,164, 0x2126,1, 0x29A7,8, 0x2126,1, 0x18C5,56, 0x2126,1, 0x29A7,8, 0x2126,1,
    0x18C5,55, 0x2126,1, 0x6B8F,1, 0xDF1D,8, 0x6B8F,1, 0x29A7,1, 0x2126,1, 0x18C5,51,
    0x8C72,1, 0xFFFF,4, 0xDF1D,1, 0xCF5D,6, 0xAD97,2, 0x6B8F,1, 0x2126,1, 0x18C5,50,
    0x8C72,1, 0xFFFF,4, 0xDF1D,1, 0xCF5D,6, 0xAD97,2, 0x6B8F,1, 0x2126,1, 0x18C5,49,
    0x2126,1, 0xAD97,1, 0xFFFF,1, 0xDF1D,1, 0xCF5D,11, 0xAD97,1, 0x6B8F,1, 0x29A7,1,
    0x2126,1, 0x18C5,30, 0x4124,1, 0x6984,14, 0x59C4,1, 0x29A7,1, 0x6B8F,1, 0xDF1D,2,
    0xCF5D,3, 0xDF1D,1, 0x6B8F,1, 0x1882,4, 0x6B8F,1, 0xCF5D,2, 0xAD97,3, 0x6B8F,1,
    0x2126,1, 0x18C5,24, 0x4124,5, 0x5144,1, 0x6984,14, 0x59C4,1, 0x29A7,1, 0x6B8F,1,
    0xDF1D,2, 0xCF5D,3, 0xDF1D,1, 0x6B8F,1, 0x1882,4, 0x6B8F,1, 0xCF5D,2, 0xAD97,3,
    0x6B8F,1, 0x2126,1, 0x18C5,24, 0x6984,7, 0xBB29,1, 0xF572,12, 0x9307,1, 0x29A7,1,
    0x6B8F,1, 0xCF5D,5, 0x6B8F,1, 0x1882,5, 0x6B8F,1, 0xCF5D,3, 0xAD97,1, 0x6B8F,1,
    0x29A7,1, 0x2126,1, 0x18C5,22, 0x4125,2, 0x9307,1, 0xBB29,7, 0xF572,1, 0xFE98,2,
    0xF572,1, 0xDC4D,8, 0x9307,1, 0x29A7,1, 0x6B8F,1, 0xCF5D,5, 0x6B8F,1, 0x1882,5,
    0x6B8F,1, 0xCF5D,3, 0xAD97,1, 0x6B8F,1, 0x29A7,1, 0x2126,1, 0x18C5,22, 0x6984,2,
    0x9307,1, 0xDC4D,6, 0xBB29,1, 0xF572,1, 0xFE98,2, 0xF572,1, 0xDC4D,8, 0x9307,1,
    0x29A7,1, 0x6B8F,1, 0xCF5D,5, 0x6B8F,1, 0x1882,5, 0x6B8F,1, 0xCF5D,3, 0xAD97,1,
    0x6B8F,1, 0x29A7,1, 0x3166,1, 0x4124,2, 0x28E5,1, 0x18C5,19, 0x6984,3, 0xBB29,2,
    0xDC4D,4, 0xBB29,1, 0xDC4D,12, 0x9307,1, 0x29A7,1, 0x6B8F,1, 0xCF5D,5, 0x6B8F,1,
    0x1882,5, 0x6B8F,1, 0xCF5D,3, 0xAD97,1, 0x6B8F,1, 0x29A7,1, 0x59C4,1, 0x6984,2,
    0x4125,1, 0x18C5,19, 0x4125,3, 0x9307,2, 0xDC4D,4, 0xBB29,1, 0xDC4D,12, 0x9307,1,
    0x29A7,1, 0x6B8F,1, 0xCF5D,5, 0x6B8F,1, 0x1882,5, 0x6B8F,1, 0xCF5D,3, 0xAD97,1,
    0x6B8F,1, 0x29A7,1, 0x9307,1, 0xBB29,1, 0x9307,1, 0x69A5,1, 0x4125,1, 0x28E5,1,
    0x18C5,20, 0x6984,2, 0xDC4D,4, 0xBB29,1, 0xDC4D,3, 0xBB29,1, 0x9307,2, 0xBB29,1,
    0xDC4D,5, 0x9307,1, 0x29A7,1, 0x6B8F,1, 0xCF5D,5, 0x6B8F,1, 0x1882,5, 0x6B8F,1,
    0xCF5D,3, 0xAD97,1, 0x6B8F,1, 0x29A7,1, 0x9307,1, 0xDC4D,1, 0xBB29,1, 0x6984,2,
    0x4124,1, 0x18C5,20, 0x6984,2, 0xDC4D,4, 0xBB29,1, 0xDC4D,3, 0x9307,1, 0x1882,2,
    0x9307,1, 0xDC4D,5, 0x9307,1, 0x29A7,1, 0x6B8F,1, 0xDF1D,2, 0xCF5D,3, 0x6B8F,1,
    0x1882,5, 0x6B8F,1, 0xCF5D,2, 0xAD97,1, 0x6B8F,2, 0x29A7,1, 0x9307,1, 0xBB29,1,
    0x9307,1, 0x6984,2, 0x4124,1, 0x18C5,17, 0x4125,3, 0xBB29,2, 0xDC4D,4, 0xBB29,1,
    0xDC4D,3, 0x9307,1, 0x1882,2, 0x9307,1, 0xDC4D,7, 0x9307,1, 0x6B8F,1, 0xAD97,2,
    0xCF5D,11, 0xAD97,1, 0x29A7,2, 0x9307,1, 0xBB29,1, 0x9307,1, 0x69A5,1, 0x4125,2,
    0x28E5,1, 0x18C5,17, 0x6984,2, 0x9307,1, 0xDC4D,2, 0xBB29,5, 0xDC4D,3, 0xBB29,1,
    0x9307,2, 0xBB29,1, 0xDC4D,7, 0x9307,1, 0x6B8F,1, 0xAD97,2, 0xCF5D,11, 0xAD97,1,
    0x29A7,2, 0x9307,2, 0x6984,1, 0x4125,1, 0x18C5,20, 0x6984,2, 0xBB29,8, 0xDC4D,15,
    0x9307,1, 0x29A7,1, 0x6B8F,1, 0xAD97,3, 0xCF5D,5, 0xAD97,1, 0x6B8F,2, 0x29A7,2,
    0x59C4,1, 0x9307,2, 0x6984,1, 0x4125,1, 0x18C5,20, 0x4125,2, 0x9307,7, 0xBB29,1,
    0xDC4D,17, 0x9307,1, 0x6B8F,1, 0xAD97,1, 0x6B8F,7, 0x29A7,2, 0x59C4,1, 0x9307,2,
    0x6984,1, 0x9307,1, 0xBB29,1, 0x7A48,1, 0x4125,2, 0x28E5,1, 0x18C5,19, 0x4124,5,
    0x5144,1, 0x6984,1, 0xBB29,1, 0xDC4D,17, 0x9307,1, 0x6B8F,1, 0xAD97,1, 0x6B8F,7,
    0x29A7,2, 0x59C4,1, 0x9307,2, 0x6984,1, 0x9307,1, 0xDC4D,1, 0xBB29,1, 0x6984,2,
    0x4124,1, 0x18C5,24, 0x4124,1, 0x6984,1, 0xBB29,1, 0xDC4D,18, 0x9307,1, 0x29A7,8,
    0x9307,1, 0xBB29,1, 0x9307,4, 0x6984,1, 0x59C4,1, 0x9307,2, 0x6984,1, 0x4124,1,
    0x18C5,24, 0x4124,1, 0x6984,1, 0xBB29,1, 0xDC4D,27, 0xBB29,2, 0x9307,6, 0x6984,2,
    0x4125,1, 0x28E5,1, 0x18C5,24, 0x4124,1, 0x6984,1, 0xBB29,1, 0xDC4D,27, 0xBB29,2,
    0x9307,1, 0x5144,1, 0x4124,1, 0x6A06,1, 0x9307,2, 0x6984,1, 0x4144,1, 0x18C5,26,
    0x4124,1, 0x6984,1, 0x9307,1, 0xBB29,29, 0x9307,1, 0x4124,1, 0x18C5,2, 0x51E6,1,
    0x9307,2, 0x6984,1, 0x59C4,1, 0x3944,1, 0x18C5,24, 0x4124,1, 0x6984,1, 0x9307,1,
    0xBB29,29, 0x9307,1, 0x4124,1, 0x18C5,32, 0x4124,1, 0x6984,1, 0x9307,1, 0xBB29,29,
    0x9307,1, 0x4124,1, 0x18C5,32, 0x4124,1, 0x6984,32, 0x4124,1, 0x18C5,41, 0x69E7,1,
    0xBB29,1, 0x9307,1, 0x4124,1, 0x18C5,14, 0x69E7,1, 0xBB29,1, 0x9307,1, 0x4124,1,
    0x18C5,44, 0x69E7,1, 0xBB29,1, 0x9307,1, 0x4124,1, 0x18C5,14, 0x69E7,1, 0xBB29,1,
    0x9307,1, 0x4124,1, 0x18C5,44, 0x4124,1, 0x6984,2, 0x4124,1, 0x18C5,14, 0x4124,1,
    0x6984,2, 0x4124,1, 0x18C5,34, 0x1084,36, 0x18C5,30, 0x1084,36, 0x18C5,35, 0x10A4,27,
    0x18C5,24, 0x18C5,164, 0x2126,1, 0x29A7,8, 0x2126,1, 0x18C5,56, 0x2126,1, 0x29A7,8,
    0x2126,1, 0x18C5,55, 0x2126,1, 0x6B8F,1, 0xDF1D,8, 0x6B8F,1, 0x29A7,1, 0x2126,1,
    0x18C5,51, 0x8C72,1, 0xFFFF,4, 0xDF1D,1, 0xCF5D,6, 0xAD97,2, 0x6B8F,1, 0x2126,1,
    0x18C5,50, 0x8C72,1, 0xFFFF,4, 0xDF1D,1, 0xCF5D,6, 0xAD97,2, 0x6B8F,1, 0x2126,1,
    0x18C5,49, 0x2126,1, 0xAD97,1, 0xFFFF,1, 0xDF1D,1, 0xCF5D,11, 0xAD97,1, 0x6B8F,1,
    0x29A7,1, 0x2126,1, 0x18C5,30, 0x4124,1, 0x6984,14, 0x59C4,1, 0x29A7,1, 0x6B8F,1,
    0xDF1D,2, 0xCF5D,3, 0xDF1D,1, 0x6B8F,1, 0x1882,4, 0x6B8F,1, 0xCF5D,2, 0xAD97,3,
    0x6B8F,1, 0x2126,1, 0x18C5,24, 0x4124,5, 0x5144,1, 0x6984,14, 0x59C4,1, 0x29A7,1,
    0x6B8F,1, 0xDF1D,2, 0xCF5D,3, 0xDF1D,1, 0x6B8F,1, 0x1882,4, 0x6B8F,1, 0xCF5D,2,
    0xAD97,3, 0x6B8F,1, 0x2126,1, 0x18C5,24, 0x6984,7, 0xBB29,1, 0xF572,12, 0x9307,1,
    0x29A7,1, 0x6B8F,1, 0xCF5D,5, 0x6B8F,1, 0x1882,5, 0x6B8F,1, 0xCF5D,3, 0xAD97,1,
    0x6B8F,1, 0x29A7,1, 0x2126,1, 0x18C5,22, 0x4125,2, 0x9307,1, 0xBB29,7, 0xF572,1,
    0xFE98,2, 0xF572,1, 0xDC4D,8, 0x9307,1, 0x29A7,1, 0x6B8F,1, 0xCF5D,5, 0x6B8F,1,
    0x1882,5, 0x6B8F,1, 0xCF5D,3, 0xAD97,1, 0x6B8F,1, 0x29A7,1, 0x2126,1, 0x18C5,22,
    0x6984,2, 0x9307,1, 0xDC4D,6, 0xBB29,1, 0xF572,1, 0xFE98,2, 0xF572,1, 0xDC4D,8,
    0x9307,1, 0x29A7,1, 0x6B8F,1, 0xCF5D,5, 0x6B8F,1, 0x1882,5, 0x6B8F,1, 0xCF5D,3,
    0xAD97,1, 0x6B8F,1, 0x29A7,1, 0x3166,1, 0x4124,2, 0x28E5,1, 0x18C5,19, 0x6984,3,
    0xBB29,2, 0xDC4D,4, 0xBB29,1, 0xDC4D,12, 0x9307,1, 0x29A7,1, 0x6B8F,1, 0xCF5D,5,
    0x6B8F,1, 0x1882,5, 0x6B8F,1, 0xCF5D,3, 0xAD97,1, 0x6B8F,1, 0x29A7,1, 0x59C4,1,
    0x6984,2, 0x4125,1, 0x18C5,19, 0x4125,3, 0x9307,2, 0xDC4D,4, 0xBB29,1, 0xDC4D,12,
    0x9307,1, 0x29A7,1, 0x6B8F,1, 0xCF5D,5, 0x6B8F,1, 0x1882,5, 0x6B8F,1, 0xCF5D,3,
    0xAD97,1, 0x6B8F,1, 0x29A7,1, 0x9307,1, 0xBB29,1, 0x9307,1, 0x69A5,1, 0x4125,1,
    0x28E5,1, 0x18C5,20, 0x6984,2, 0xDC4D,4, 0xBB29,1, 0xDC4D,3, 0xBB29,1, 0x9307,2,
    0xBB29,1, 0xDC4D,5, 0x9307,1, 0x29A7,1, 0x6B8F,1, 0xCF5D,5, 0x6B8F,1, 0x1882,5,
    0x6B8F,1, 0xCF5D,3, 0xAD97,1, 0x6B8F,1, 0x29A7,1, 0x9307,1, 0xDC4D,1, 0xBB29,1,
    0x6984,2, 0x4124,1, 0x18C5,20, 0x6984,2, 0xDC4D,4, 0xBB29,1, 0xDC4D,3, 0x9307,1,
    0x1882,2, 0x9307,1, 0xDC4D,5, 0x9307,1, 0x29A7,1, 0x6B8F,1, 0xDF1D,2, 0xCF5D,3,
    0x6B8F,1, 0x1882,5, 0x6B8F,1, 0xCF5D,2, 0xAD97,1, 0x6B8F,2, 0x29A7,1, 0x9307,1,
    0xBB29,1, 0x9307,1, 0x6984,2, 0x4124,1, 0x18C5,17, 0x4125,3, 0xBB29,2, 0xDC4D,4,
    0xBB29,1, 0xDC4D,3, 0x9307,1, 0x1882,2, 0x9307,1, 0xDC4D,7, 0x9307,1, 0x6B8F,1,
    0xAD97,2, 0xCF5D,11, 0xAD97,1, 0x29A7,2, 0x9307,1, 0xBB29,1, 0x9307,1, 0x69A5,1,
    0x4125,2, 0x28E5,1, 0x18C5,17, 0x6984,2, 0x9307,1, 0xDC4D,2, 0xBB29,5, 0xDC4D,3,
    0xBB29,1, 0x9307,2, 0xBB29,1, 0xDC4D,7, 0x9307,1, 0x6B8F,1, 0xAD97,2, 0xCF5D,11,
    0xAD97,1, 0x29A7,2, 0x9307,2, 0x6984,1, 0x4125,1, 0x18C5,20, 0x6984,2, 0xBB29,8,
    0xDC4D,15, 0x9307,1, 0x29A7,1, 0x6B8F,1, 0xAD97,3, 0xCF5D,5, 0xAD97,1, 0x6B8F,2,
    0x29A7,2, 0x59C4,1, 0x9307,2, 0x6984,1, 0x4125,1, 0x18C5,20, 0x4125,2, 0x9307,7,
    0xBB29,1, 0xDC4D,17, 0x9307,1, 0x6B8F,1, 0xAD97,1, 0x6B8F,7, 0x29A7,2, 0x59C4,1,
    0x9307,2, 0x6984,1, 0x9307,1, 0xBB29,1, 0x7A48,1, 0x4125,2, 0x28E5,1, 0x18C5,19,
    0x4124,5, 0x5144,1, 0x6984,1, 0xBB29,1, 0xDC4D,17, 0x9307,1, 0x6B8F,1, 0xAD97,1,
    0x6B8F,7, 0x29A7,2, 0x59C4,1, 0x9307,2, 0x6984,1, 0x9307,1, 0xDC4D,1, 0xBB29,1,
    0x6984,2, 0x4124,1, 0x18C5,24, 0x4124,1, 0x6984,1, 0xBB29,1, 0xDC4D,18, 0x9307,1,
    0x29A7,8, 0x9307,1, 0xBB29,1, 0x9307,4, 0x6984,1, 0x59C4,1, 0x9307,2, 0x6984,1,
    0x4124,1, 0x18C5,24, 0x4124,1, 0x6984,1, 0xBB29,1, 0xDC4D,27, 0xBB29,2, 0x9307,6,
    0x6984,2, 0x4125,1, 0x28E5,1, 0x18C5,24, 0x4124,1, 0x6984,1, 0xBB29,1, 0xDC4D,27,
    0xBB29,2, 0x9307,1, 0x5144,1, 0x4124,1, 0x6A06,1, 0x9307,2, 0x6984,1, 0x4144,1,
    0x18C5,26, 0x4124,1, 0x6984,1, 0x9307,1, 0xBB29,29, 0x9307,1, 0x4124,1, 0x18C5,2,
    0x51E6,1, 0x9307,2, 0x6984,1, 0x59C4,1, 0x3944,1, 0x18C5,24, 0x4124,1, 0x6984,1,
    0x9307,1, 0xBB29,29, 0x9307,1, 0x4124,1, 0x18C5,32, 0x4124,1, 0x6984,1, 0x9307,1,
    0xBB29,29, 0x9307,1, 0x4124,1, 0x18C5,32, 0x4124,1, 0x6984,32, 0x4124,1, 0x18C5,41,
    0x69E7,1, 0xBB29,1, 0x9307,1, 0x4124,1, 0x18C5,14, 0x69E7,1, 0xBB29,1, 0x9307,1,
    0x4124,1, 0x18C5,44, 0x69E7,1, 0xBB29,1, 0x9307,1, 0x4124,1, 0x18C5,14, 0x69E7,1,
    0xBB29,1, 0x9307,1, 0x4124,1, 0x18C5,44, 0x4124,1, 0x6984,2, 0x4124,1, 0x18C5,14,
    0x4124,1, 0x6984,2, 0x4124,1, 0x18C5,34, 0x1084,36, 0x18C5,30, 0x1084,36, 0x18C5,35,
    0x10A4,27, 0x18C5,24, 0x18C5,163, 0x29A7,9, 0x18C5,57, 0x29A7,9, 0x18C5,56, 0x29A7,1,
    0xDF1D,9, 0x29A7,2, 0x18C5,52, 0xFFFF,5, 0xCF5D,6, 0xDF1D,1, 0xAD97,2, 0x29A7,1,
    0x18C5,51, 0xFFFF,5, 0xCF5D,6, 0xDF1D,1, 0xAD97,2, 0x29A7,1, 0x18C5,50, 0x29A7,1,
    0xFFFF,2, 0xCF5D,12, 0xAD97,1, 0x29A7,2, 0x18C5,31, 0x6984,15, 0x29A7,2, 0xDF1D,3,
    0xCF5D,3, 0xFFFF,1, 0x1882,5, 0xCF5D,3, 0xAD97,3, 0x29A7,1, 0x18C5,24, 0x28E5,1,
    0x4124,5, 0x6984,15, 0x29A7,2, 0xDF1D,3, 0xCF5D,3, 0xFFFF,1, 0x1882,5, 0xCF5D,3,
    0xAD97,3, 0x29A7,1, 0x18C5,24, 0x4125,1, 0x6984,7, 0xF572,13, 0x29A7,2, 0xDF1D,1,
    0xCF5D,5, 0x1882,6, 0xCF5D,4, 0x6B8F,2, 0x29A7,1, 0x18C5,22, 0x28E5,1, 0x4125,1,
    0x69A5,1, 0x9307,1, 0xBB29,5, 0x9307,1, 0xF572,1, 0xFE98,3, 0xDC4D,9, 0x29A7,2,
    0xDF1D,1, 0xCF5D,5, 0x1882,6, 0xCF5D,4, 0x6B8F,2, 0x29A7,1, 0x18C5,22, 0x4124,1,
    0x6984,2, 0xBB29,1, 0xDC4D,5, 0xBB29,1, 0xF572,1, 0xFE98,3, 0xDC4D,9, 0x29A7,2,
    0xDF1D,1, 0xCF5D,5, 0x1882,6, 0xCF5D,4, 0x6B8F,2, 0x29A7,1, 0x4124,3, 0x18C5,19,
    0x4124,1, 0x6984,2, 0x9307,1, 0xBB29,2, 0xDC4D,3, 0x9307,1, 0xF572,1, 0xDC4D,12,
    0x29A7,2, 0xDF1D,1, 0xCF5D,5, 0x1882,6, 0xCF5D,4, 0x6B8F,2, 0x29A7,1, 0x6984,3,
    0x18C5,19, 0x28E5,1, 0x4125,2, 0x69A5,1, 0x9307,1, 0xBB29,1, 0xDC4D,3, 0x9307,1,
    0xF572,1, 0xDC4D,12, 0x29A7,2, 0xDF1D,1, 0xCF5D,5, 0x1882,6, 0xCF5D,4, 0x6B8F,2,
    0x29A7,1, 0xBB29,2, 0x9307,1, 0x4125,2, 0x18C5,20, 0x4125,1, 0x6984,1, 0x9307,1,
    0xDC4D,3, 0x9307,1, 0xF572,1, 0xDC4D,3, 0x9307,3, 0xDC4D,6, 0x29A7,2, 0xDF1D,1,
    0xCF5D,5, 0x1882,6, 0xCF5D,4, 0x6B8F,2, 0x29A7,1, 0xDC4D,2, 0x9307,1, 0x6984,2,
    0x18C5,20, 0x4125,1, 0x6984,1, 0x9307,1, 0xDC4D,3, 0x9307,1, 0xF572,1, 0xDC4D,3,
    0x1882,3, 0xDC4D,6, 0x29A7,2, 0xDF1D,3, 0xCF5D,3, 0x1882,6, 0xCF5D,3, 0x6B8F,3,
    0x29A7,1, 0xBB29,2, 0x6984,3, 0x18C5,17, 0x28E5,1, 0x4125,2, 0x7A48,1, 0xBB29,1,
    0xDC4D,4, 0x9307,1, 0xF572,1, 0xDC4D,3, 0x1882,3, 0xDC4D,8, 0x29A7,1, 0xAD97,2,
    0xCF5D,12, 0x6B8F,1, 0x29A7,2, 0xDC4D,1, 0x9307,2, 0x4125,3, 0x18C5,17, 0x4124,1,
    0x6984,2, 0xBB29,1, 0xDC4D,2, 0xBB29,3, 0x9307,1, 0xF572,1, 0xDC4D,3, 0x9307,3,
    0xDC4D,8, 0x29A7,1, 0xAD97,2, 0xCF5D,12, 0x6B8F,1, 0x29A7,2, 0xDC4D,1, 0x6984,2,
    0x18C5,20, 0x4124,1, 0x6984,1, 0x9307,1, 0xBB29,6, 0x9307,1, 0xF572,1, 0xDC4D,15,
    0x29A7,2, 0xAD97,3, 0xCF5D,6, 0x6B8F,3, 0x29A7,1, 0x59C4,2, 0xDC4D,1, 0x6984,2,
    0x18C5,20, 0x28E5,1, 0x4125,1, 0x69A5,1, 0x9307,6, 0x6984,1, 0xF572,1, 0xDC4D,17,
    0x29A7,1, 0xAD97,2, 0x6B8F,7, 0x29A7,2, 0x9307,3, 0x59C4,1, 0xBB29,2, 0x4125,3,
    0x18C5,19, 0x28E5,1, 0x4124,5, 0x6984,2, 0xF572,1, 0xDC4D,17, 0x29A7,1, 0xAD97,2,
    0x6B8F,7, 0x29A7,2, 0x9307,3, 0x59C4,1, 0xDC4D,2, 0x9307,1, 0x6984,2, 0x18C5,25,
    0x6984,2, 0xF572,1, 0xDC4D,18, 0x29A7,9, 0xBB29,3, 0x9307,3, 0x59C4,2, 0xBB29,1,
    0x6984,2, 0x18C5,25, 0x6984,2, 0xF572,1, 0xDC4D,27, 0xBB29,2, 0x9307,6, 0x59C4,1,
    0x4125,2, 0x18C5,25, 0x6984,2, 0xF572,1, 0xDC4D,27, 0xBB29,2, 0x6984,1, 0x4124,2,
    0x9307,3, 0x59C4,1, 0x18C5,27, 0x6984,2, 0xDC4D,1, 0xBB29,29, 0x6984,1, 0x18C5,3,
    0x9307,3, 0x59C4,2, 0x18C5,25, 0x6984,2, 0xDC4D,1, 0xBB29,29, 0x6984,1, 0x18C5,33,
    0x6984,2, 0xDC4D,1, 0xBB29,29, 0x6984,1, 0x18C5,33, 0x6984,33, 0x18C5,36, 0xBB29,2,
    0x6984,1, 0x18C5,15, 0xBB29,2, 0x6984,1, 0x18C5,45, 0xBB29,2, 0x6984,1, 0x18C5,15,
    0xBB29,2, 0x6984,1, 0x18C5,45, 0x6984,3, 0x18C5,15, 0x6984,3, 0x18C5,40, 0x10A4,1,
    0x1084,35, 0x10A4,1, 0x18C5,29, 0x10A4,1, 0x1084,35, 0x10A4,1, 0x18C5,34, 0x18C6,1,
    0x10A4,26, 0x18C6,1, 0x18C5,25, 0x18C5,163, 0x29A7,9, 0x18C5,57, 0x29A7,9, 0x18C5,56,
    0x29A7,1, 0xDF1D,9, 0x29A7,2, 0x18C5,52, 0xFFFF,5, 0xCF5D,6, 0xDF1D,1, 0xAD97,2,
    0x29A7,1, 0x18C5,51, 0xFFFF,5, 0xCF5D,6, 0xDF1D,1, 0xAD97,2, 0x29A7,1, 0x18C5,50,
    0x29A7,1, 0xFFFF,2, 0xCF5D,12, 0xAD97,1, 0x29A7,2, 0x18C5,31, 0x6984,15, 0x29A7,2,
    0xDF1D,3, 0xCF5D,3, 0xFFFF,1, 0x1882,5, 0xCF5D,3, 0xAD97,3, 0x29A7,1, 0x18C5,24,
    0x28E5,1, 0x4124,5, 0x6984,15, 0x29A7,2, 0xDF1D,3, 0xCF5D,3, 0xFFFF,1, 0x1882,5,
    0xCF5D,3, 0xAD97,3, 0x29A7,1, 0x18C5,24, 0x4125,1, 0x6984,7, 0xF572,13, 0x29A7,2,
    0xDF1D,1, 0xCF5D,5, 0x1882,6, 0xCF5D,4, 0x6B8F,2, 0x29A7,1, 0x18C5,22, 0x28E5,1,
    0x4125,1, 0x69A5,1, 0x9307,1, 0xBB29,5, 0x9307,1, 0xF572,1, 0xFE98,3, 0xDC4D,9,
    0x29A7,2, 0xDF1D,1, 0xCF5D,5, 0x1882,6, 0xCF5D,4, 0x6B8F,2, 0x29A7,1, 0x18C5,22,
    0x4124,1, 0x6984,2, 0xBB29,1, 0xDC4D,5, 0xBB29,1, 0xF572,1, 0xFE98,3, 0xDC4D,9,
    0x29A7,2, 0xDF1D,1, 0xCF5D,5, 0x1882,6, 0xCF5D,4, 0x6B8F,2, 0x29A7,1, 0x4124,3,
    0x18C5,19, 0x4124,1, 0x6984,2, 0x9307,1, 0xBB29,2, 0xDC4D,3, 0x9307,1, 0xF572,1,
    0xDC4D,12, 0x29A7,2, 0xDF1D,1, 0xCF5D,5, 0x1882,6, 0xCF5D,4, 0x6B8F,2, 0x29A7,1,
    0x6984,3, 0x18C5,19, 0x28E5,1, 0x4125,2, 0x69A5,1, 0x9307,1, 0xBB29,1, 0xDC4D,3,
    0x9307,1, 0xF572,1, 0xDC4D,12, 0x29A7,2, 0xDF1D,1, 0xCF5D,5, 0x1882,6, 0xCF5D,4,
    0x6B8F,2, 0x29A7,1, 0xBB29,2, 0x9307,1, 0x4125,2, 0x18C5,20, 0x4125,1, 0x6984,1,
    0x9307,1, 0xDC4D,3, 0x9307,1, 0xF572,1, 0xDC4D,3, 0x9307,3, 0xDC4D,6, 0x29A7,2,
    0xDF1D,1, 0xCF5D,5, 0x1882,6, 0xCF5D,4, 0x6B8F,2, 0x29A7,1, 0xDC4D,2, 0x9307,1,
    0x6984,2, 0x18C5,20, 0x4125,1, 0x6984,1, 0x9307,1, 0xDC4D,3, 0x9307,1, 0xF572,1,
    0xDC4D,3, 0x1882,3, 0xDC4D,6, 0x29A7,2, 0xDF1D,3, 0xCF5D,3, 0x1882,6, 0xCF5D,3,
    0x6B8F,3, 0x29A7,1, 0xBB29,2, 0x6984,3, 0x18C5,17, 0x28E5,1, 0x4125,2, 0x7A48,1,
    0xBB29,1, 0xDC4D,4, 0x9307,1, 0xF572,1, 0xDC4D,3, 0x1882,3, 0xDC4D,8, 0x29A7,1,
    0xAD97,2, 0xCF5D,12, 0x6B8F,1, 0x29A7,2, 0xDC4D,1, 0x9307,2, 0x4125,3, 0x18C5,17,
    0x4124,1, 0x6984,2, 0xBB29,1, 0xDC4D,2, 0xBB29,3, 0x9307,1, 0xF572,1, 0xDC4D,3,
    0x9307,3, 0xDC4D,8, 0x29A7,1, 0xAD97,2, 0xCF5D,12, 0x6B8F,1, 0x29A7,2, 0xDC4D,1,
    0x6984,2, 0x18C5,20, 0x4124,1, 0x6984,1, 0x9307,1, 0xBB29,6, 0x9307,1, 0xF572,1,
    0xDC4D,15, 0x29A7,2, 0xAD97,3, 0xCF5D,6, 0x6B8F,3, 0x29A7,1, 0x59C4,2, 0xDC4D,1,
    0x6984,2, 0x18C5,20, 0x28E5,1, 0x4125,1, 0x69A5,1, 0x9307,6, 0x6984,1, 0xF572,1,
    0xDC4D,17, 0x29A7,1, 0xAD97,2, 0x6B8F,7, 0x29A7,2, 0x9307,3, 0x59C4,1, 0xBB29,2,
    0x4125,3, 0x18C5,19, 0x28E5,1, 0x4124,5, 0x6984,2, 0xF572,1, 0xDC4D,17, 0x29A7,1,
    0xAD97,2, 0x6B8F,7, 0x29A7,2, 0x9307,3, 0x59C4,1, 0xDC4D,2, 0x9307,1, 0x6984,2,
    0x18C5,25, 0x6984,2, 0xF572,1, 0xDC4D,18, 0x29A7,9, 0xBB29,3, 0x9307,3, 0x59C4,2,
    0xBB29,1, 0x6984,2, 0x18C5,25, 0x6984,2, 0xF572,1, 0xDC4D,27, 0xBB29,2, 0x9307,6,
    0x59C4,1, 0x4125,2, 0x18C5,25, 0x6984,2, 0xF572,1, 0xDC4D,27, 0xBB29,2, 0x6984,1,
    0x4124,2, 0x9307,3, 0x59C4,1, 0x18C5,27, 0x6984,2, 0xDC4D,1, 0xBB29,29, 0x6984,1,
    0x18C5,3, 0x9307,3, 0x59C4,2, 0x18C5,25, 0x6984,2, 0xDC4D,1, 0xBB29,29, 0x6984,1,
    0x18C5,33, 0x6984,2, 0xDC4D,1, 0xBB29,29, 0x6984,1, 0x18C5,33, 0x6984,33, 0x18C5,36,
    0xBB29,2, 0x6984,1, 0x18C5,15, 0xBB29,2, 0x6984,1, 0x18C5,45, 0xBB29,2, 0x6984,1,
    0x18C5,15, 0xBB29,2, 0x6984,1, 0x18C5,45, 0x6984,3, 0x18C5,15, 0x6984,3, 0x18C5,40,
    0x10A4,1, 0x1084,35, 0x10A4,1, 0x18C5,29, 0x10A4,1, 0x1084,35, 0x10A4,1, 0x18C5,34,
    0x18C6,1, 0x10A4,26, 0x18C6,1, 0x18C5,25,
};

#endif // DEBUGGER_FRAMES_H
