#ifndef SLEEPING_FRAMES_H
#define SLEEPING_FRAMES_H

/**
 * Auto-generated by png2rgb565.py (RLE compressed, auto-cropped)
 * 36 frame(s), 70x75 pixels
 * Raw: 378,000 bytes, RLE: 46,648 bytes (8x compression)
 * Transparent key: 0x18C5
 */

#include <stdint.h>

#define SLEEPING_WIDTH  70
#define SLEEPING_HEIGHT 75
#define SLEEPING_FRAME_COUNT 36
#define SLEEPING_TRANSPARENT_KEY 0x18C5

static const uint32_t sleeping_frame_offsets[37] = {
    0, 568, 1124, 1726, 2390, 3060, 3738, 4406,
    5046, 5802, 6582, 7262, 7846, 8410, 8980, 9566,
    10180, 10858, 11476, 12096, 12760, 13436, 14216, 14946,
    15594, 16186, 16812, 17486, 18182, 18864, 19518, 20130,
    20734, 21418, 22092, 22716, 23324,
};

static const uint16_t sleeping_rle_data[] = {
    0x18C5,1283, 0xB5F8,8, 0x18C5,62, 0xB5F8,8, 0x18C5,67, 0xB5F8,1, 0x18C5,67, 0xB5F8,2,
    0x18C5,68, 0xB5F8,2, 0x18C5,67, 0xB5F8,1, 0x18C5,67, 0xB5F8,8, 0x18C5,62, 0xB5F8,8,
    0x18C5,769, 0x73D0,1, 0xCEDB,10, 0x18C5,59, 0x73D0,1, 0xCEDB,10, 0x18C5,59, 0x73D0,1,
    0xCEDB,10, 0x18C5,64, 0x73D0,1, 0xCEDB,2, 0x73D0,1, 0x18C5,66, 0x73D0,1, 0xCEDB,2,
    0x73D0,1, 0x18C5,64, 0x73D0,1, 0xCEDB,2, 0x73D0,1, 0x18C5,65, 0x73D0,1, 0xCEDB,2,
    0x73D0,1, 0x18C5,66, 0x73D0,1, 0xCEDB,2, 0x73D0,1, 0x18C5,64, 0x73D0,1, 0xCEDB,10,
    0x18C5,59, 0x73D0,1, 0xCEDB,10, 0x18C5,59, 0x73D0,1, 0xCEDB,10, 0x18C5,393, 0x4124,3,
    0x18C5,3, 0x4124,3, 0x18C5,9, 0x4124,3, 0x18C5,3, 0x4124,3, 0x18C5,43, 0x6984,3,
    0x18C5,3, 0x6984,3, 0x18C5,9, 0x6984,3, 0x18C5,3, 0x6984,3, 0x18C5,43, 0x6984,3,
    0x18C5,3, 0x6984,3, 0x18C5,9, 0x6984,3, 0x18C5,3, 0x6984,3, 0x18C5,43, 0xBB29,2,
    0x6984,1, 0x18C5,3, 0xBB29,2, 0x6984,1, 0x18C5,9, 0xBB29,2, 0x6984,1, 0x18C5,3,
    0xBB29,2, 0x6984,1, 0x18C5,43, 0xBB29,2, 0x6984,1, 0x18C5,3, 0xBB29,2, 0x6984,1,
    0x18C5,9, 0xBB29,2, 0x6984,1, 0x18C5,3, 0xBB29,2, 0x6984,1, 0x18C5,37, 0x4125,1,
    0x6984,38, 0x4125,1, 0x18C5,30, 0x4125,1, 0x6984,38, 0x4125,1, 0x18C5,30, 0x4125,1,
    0xBB29,1, 0xF572,34, 0xDC4D,1, 0xBB29,1, 0x6984,1, 0x4125,1, 0x18C5,24, 0x4125,1,
    0x6984,6, 0xBB29,1, 0xF572,1, 0xF514,1, 0xFE98,2, 0xF572,1, 0xDC4D,29, 0xBB29,1,
    0x6984,8, 0x4125,1, 0x18C5,18, 0x4125,1, 0x6984,6, 0xBB29,1, 0xF572,1, 0xF514,1,
    0xFE98,2, 0xF572,1, 0xDC4D,29, 0xBB29,1, 0x6984,8, 0x4125,1, 0x18C5,16, 0x4124,1,
    0x6984,2, 0xDC4D,1, 0xF572,7, 0xDC4D,33, 0xBB29,1, 0xDC4D,1, 0xF572,5, 0xDC4D,1,
    0xBB29,1, 0x6984,1, 0x4124,1, 0x18C5,15, 0x4124,1, 0x6984,3, 0xBB29,2, 0xDC4D,4,
    0xF572,1, 0xDC4D,33, 0xBB29,2, 0xDC4D,4, 0xBB29,1, 0x6984,3, 0x4124,1, 0x18C5,15,
    0x4124,1, 0x6984,3, 0xBB29,2, 0xDC4D,4, 0xF572,1, 0xDC4D,6, 0x6984,3, 0xDC4D,15,
    0x6984,3, 0xDC4D,6, 0xBB29,2, 0xDC4D,4, 0xBB29,1, 0x6984,3, 0x4124,1, 0x18C5,18,
    0x4125,1, 0x6984,1, 0xBB29,1, 0xDC4D,4, 0xF572,1, 0xDC4D,6, 0x1882,3, 0xDC4D,15,
    0x1882,3, 0xDC4D,6, 0xBB29,2, 0xDC4D,4, 0xBB29,1, 0x4125,1, 0x18C5,21, 0x4125,1,
    0x6984,1, 0xBB29,1, 0xDC4D,4, 0xF572,1, 0xDC4D,5, 0xEBEF,3, 0x6984,1, 0xDC4D,15,
    0x6984,2, 0xEBEF,3, 0xDC4D,4, 0xBB29,2, 0xDC4D,4, 0xBB29,1, 0x4125,1, 0x18C5,21,
    0x4125,1, 0x6984,1, 0xBB29,1, 0xDC4D,4, 0xF572,1, 0xDC4D,5, 0xEBEF,3, 0xDC4D,18,
    0xEBEF,3, 0xDC4D,4, 0xBB29,2, 0xDC4D,4, 0xBB29,1, 0x4125,1, 0x18C5,18, 0x4124,1,
    0x6984,2, 0xBB29,1, 0xF572,1, 0xDC4D,6, 0xBB29,3, 0xEBEF,2, 0xF514,3, 0xEBEF,1,
    0xBB29,15, 0xEBEF,2, 0xF514,3, 0xEBEF,1, 0xBB29,5, 0xDC4D,5, 0xBB29,1, 0x6984,2,
    0x4124,1, 0x18C5,15, 0x4124,1, 0x6984,2, 0xBB29,7, 0xDC4D,1, 0xBB29,5, 0xEBEF,3,
    0xBB29,18, 0xEBEF,3, 0xBB29,13, 0x6984,1, 0x4124,1, 0x18C5,15, 0x4124,1, 0x6984,2,
    0xBB29,7, 0xDC4D,1, 0xBB29,5, 0xEBEF,3, 0xBB29,18, 0xEBEF,3, 0xBB29,13, 0x6984,1,
    0x4124,1, 0x18C5,17, 0x4125,1, 0x6984,50, 0x4125,1, 0x18C5,18, 0x1084,51, 0x18C5,19,
    0x1084,51, 0x18C5,24, 0x10A4,42, 0x18C5,21, 0x18C5,1283, 0xB5F8,8, 0x18C5,62, 0xB5F8,8,
    0x18C5,67, 0xB5F8,1, 0x18C5,67, 0xB5F8,2, 0x18C5,68, 0xB5F8,2, 0x18C5,67, 0xB5F8,1,
    0x18C5,67, 0xB5F8,8, 0x18C5,62, 0xB5F8,8, 0x18C5,558, 0xCEDB,11, 0x18C5,59, 0xCEDB,11,
    0x18C5,59, 0xCEDB,11, 0x18C5,64, 0xCEDB,3, 0x18C5,67, 0xCEDB,3, 0x18C5,65, 0xCEDB,3,
    0x18C5,66, 0xCEDB,3, 0x18C5,67, 0xCEDB,3, 0x18C5,65, 0xCEDB,11, 0x18C5,59, 0xCEDB,11,
    0x18C5,59, 0xCEDB,11, 0x18C5,540, 0x4A8C,8, 0x18C5,56, 0x4124,3, 0x18C5,3, 0x5AAB,3,
    0x4A8C,5, 0x18C5,4, 0x4124,3, 0x18C5,3, 0x4124,3, 0x18C5,43, 0x6984,3, 0x18C5,3,
    0x6984,3, 0x18C5,2, 0x4A8C,1, 0x18C5,6, 0x6984,3, 0x18C5,3, 0x6984,3, 0x18C5,43,
    0x6984,3, 0x18C5,3, 0x6984,3, 0x4A8C,2, 0x18C5,7, 0x6984,3, 0x18C5,3, 0x6984,3,
    0x18C5,43, 0xBB29,2, 0x6984,1, 0x18C5,3, 0xBB29,2, 0x6984,1, 0x4A8C,2, 0x18C5,7,
    0xBB29,2, 0x6984,1, 0x18C5,3, 0xBB29,2, 0x6984,1, 0x18C5,43, 0xBB29,2, 0x6984,1,
    0x18C5,3, 0xBB29,3, 0x18C5,9, 0xBB29,2, 0x6984,1, 0x18C5,3, 0xBB29,2, 0x6984,1,
    0x18C5,37, 0x4125,1, 0x6984,11, 0xBB29,8, 0x6984,19, 0x4125,1, 0x18C5,30, 0x4125,1,
    0x6984,11, 0xBB29,8, 0x6984,19, 0x4125,1, 0x18C5,30, 0x4125,1, 0xBB29,1, 0xF572,34,
    0xDC4D,1, 0xBB29,1, 0x6984,1, 0x4125,1, 0x18C5,24, 0x4125,1, 0x6984,6, 0xBB29,1,
    0xF572,1, 0xF514,1, 0xFE98,2, 0xF572,1, 0xDC4D,29, 0xBB29,1, 0x6984,8, 0x4125,1,
    0x18C5,18, 0x4125,1, 0x6984,6, 0xBB29,1, 0xF572,1, 0xF514,1, 0xFE98,2, 0xF572,1,
    0xDC4D,29, 0xBB29,1, 0x6984,8, 0x4125,1, 0x18C5,16, 0x4124,1, 0x6984,2, 0xDC4D,1,
    0xF572,7, 0xDC4D,33, 0xBB29,1, 0xDC4D,1, 0xF572,5, 0xDC4D,1, 0xBB29,1, 0x6984,1,
    0x4124,1, 0x18C5,15, 0x4124,1, 0x6984,3, 0xBB29,2, 0xDC4D,4, 0xF572,1, 0xDC4D,33,
    0xBB29,2, 0xDC4D,4, 0xBB29,1, 0x6984,3, 0x4124,1, 0x18C5,15, 0x4124,1, 0x6984,3,
    0xBB29,2, 0xDC4D,4, 0xF572,1, 0xDC4D,6, 0x6984,3, 0xDC4D,15, 0x6984,3, 0xDC4D,6,
    0xBB29,2, 0xDC4D,4, 0xBB29,1, 0x6984,3, 0x4124,1, 0x18C5,18, 0x4125,1, 0x6984,1,
    0xBB29,1, 0xDC4D,4, 0xF572,1, 0xDC4D,6, 0x1882,3, 0xDC4D,15, 0x1882,3, 0xDC4D,6,
    0xBB29,2, 0xDC4D,4, 0xBB29,1, 0x4125,1, 0x18C5,21, 0x4125,1, 0x6984,1, 0xBB29,1,
    0xDC4D,4, 0xF572,1, 0xDC4D,5, 0xEBEF,3, 0x6984,1, 0xDC4D,15, 0x6984,2, 0xEBEF,3,
    0xDC4D,4, 0xBB29,2, 0xDC4D,4, 0xBB29,1, 0x4125,1, 0x18C5,21, 0x4125,1, 0x6984,1,
    0xBB29,1, 0xDC4D,4, 0xF572,1, 0xDC4D,5, 0xEBEF,3, 0xDC4D,18, 0xEBEF,3, 0xDC4D,4,
    0xBB29,2, 0xDC4D,4, 0xBB29,1, 0x4125,1, 0x18C5,18, 0x4124,1, 0x6984,2, 0xBB29,1,
    0xF572,1, 0xDC4D,6, 0xBB29,3, 0xEBEF,2, 0xF514,3, 0xEBEF,1, 0xBB29,15, 0xEBEF,2,
    0xF514,3, 0xEBEF,1, 0xBB29,5, 0xDC4D,5, 0xBB29,1, 0x6984,2, 0x4124,1, 0x18C5,15,
    0x4124,1, 0x6984,2, 0xBB29,7, 0xDC4D,1, 0xBB29,5, 0xEBEF,3, 0xBB29,18, 0xEBEF,3,
    0xBB29,13, 0x6984,1, 0x4124,1, 0x18C5,15, 0x4124,1, 0x6984,2, 0xBB29,7, 0xDC4D,1,
    0xBB29,5, 0xEBEF,3, 0xBB29,18, 0xEBEF,3, 0xBB29,13, 0x6984,1, 0x4124,1, 0x18C5,17,
    0x4125,1, 0x6984,50, 0x4125,1, 0x18C5,18, 0x1084,51, 0x18C5,19, 0x1084,51, 0x18C5,24,
    0x10A4,42, 0x18C5,21, 0x18C5,1283, 0x8452,8, 0x18C5,62, 0x8452,8, 0x18C5,67, 0x8452,1,
    0x18C5,67, 0x8452,2, 0x18C5,68, 0x8452,2, 0x18C5,67, 0x8452,1, 0x18C5,67, 0x8452,8,
    0x18C5,62, 0x8452,8, 0x18C5,415, 0x73D0,11, 0x18C5,59, 0xCEDB,11, 0x18C5,59, 0xCEDB,11,
    0x18C5,59, 0x73D0,5, 0xCEDB,3, 0x73D0,3, 0x18C5,64, 0xCEDB,3, 0x18C5,65, 0x73D0,2,
    0xCEDB,1, 0x73D0,2, 0x18C5,64, 0x73D0,1, 0xCEDB,2, 0x73D0,1, 0x18C5,66, 0xCEDB,3,
    0x18C5,65, 0x73D0,2, 0xCEDB,3, 0x73D0,6, 0x18C5,59, 0xCEDB,11, 0x18C5,59, 0xCEDB,11,
    0x18C5,544, 0x2988,1, 0x424B,7, 0x18C5,62, 0x424B,1, 0x6BD0,7, 0x18C5,62, 0x2988,1,
    0x424B,4, 0x530E,2, 0x424B,1, 0x18C5,55, 0x4124,3, 0x18C5,3, 0x4124,3, 0x18C5,1,
    0x2988,1, 0x424B,2, 0x2988,1, 0x18C5,4, 0x4124,3, 0x18C5,3, 0x4124,3, 0x18C5,43,
    0x6984,3, 0x18C5,3, 0x6984,3, 0x18C5,1, 0x424B,1, 0x6BD0,1, 0x424B,1, 0x18C5,5,
    0x6984,3, 0x18C5,3, 0x6984,3, 0x18C5,43, 0x6984,3, 0x18C5,3, 0x6984,3, 0x2988,1,
    0x424B,2, 0x2988,1, 0x18C5,5, 0x6984,3, 0x18C5,3, 0x6984,3, 0x18C5,43, 0xBB29,2,
    0x6984,1, 0x18C5,3, 0xBB29,2, 0x6984,1, 0x530E,2, 0x424B,4, 0x18C5,3, 0xBB29,2,
    0x6984,1, 0x18C5,3, 0xBB29,2, 0x6984,1, 0x18C5,43, 0xBB29,2, 0x6984,1, 0x18C5,3,
    0xBB29,2, 0x9535,1, 0x6BD0,6, 0x18C5,3, 0xBB29,2, 0x6984,1, 0x18C5,3, 0xBB29,2,
    0x6984,1, 0x18C5,37, 0x4125,1, 0x6984,38, 0x4125,1, 0x18C5,30, 0x4125,1, 0x6984,38,
    0x4125,1, 0x18C5,30, 0x4125,1, 0xBB29,1, 0xF572,34, 0xDC4D,1, 0xBB29,1, 0x6984,1,
    0x4125,1, 0x18C5,24, 0x4125,1, 0x6984,6, 0xBB29,1, 0xF572,1, 0xF514,1, 0xFE98,2,
    0xF572,1, 0xDC4D,29, 0xBB29,1, 0x6984,8, 0x4125,1, 0x18C5,18, 0x4125,1, 0x6984,6,
    0xBB29,1, 0xF572,1, 0xF514,1, 0xFE98,2, 0xF572,1, 0xDC4D,29, 0xBB29,1, 0x6984,8,
    0x4125,1, 0x18C5,16, 0x4124,1, 0x6984,2, 0xDC4D,1, 0xF572,7, 0xDC4D,33, 0xBB29,1,
    0xDC4D,1, 0xF572,5, 0xDC4D,1, 0xBB29,1, 0x6984,1, 0x4124,1, 0x18C5,15, 0x4124,1,
    0x6984,3, 0xBB29,2, 0xDC4D,4, 0xF572,1, 0xDC4D,33, 0xBB29,2, 0xDC4D,4, 0xBB29,1,
    0x6984,3, 0x4124,1, 0x18C5,15, 0x4124,1, 0x6984,3, 0xBB29,2, 0xDC4D,4, 0xF572,1,
    0xDC4D,6, 0x6984,3, 0xDC4D,15, 0x6984,3, 0xDC4D,6, 0xBB29,2, 0xDC4D,4, 0xBB29,1,
    0x6984,3, 0x4124,1, 0x18C5,18, 0x4125,1, 0x6984,1, 0xBB29,1, 0xDC4D,4, 0xF572,1,
    0xDC4D,6, 0x1882,3, 0xDC4D,15, 0x1882,3, 0xDC4D,6, 0xBB29,2, 0xDC4D,4, 0xBB29,1,
    0x4125,1, 0x18C5,21, 0x4125,1, 0x6984,1, 0xBB29,1, 0xDC4D,4, 0xF572,1, 0xDC4D,5,
    0xEBEF,3, 0x6984,1, 0xDC4D,15, 0x6984,2, 0xEBEF,3, 0xDC4D,4, 0xBB29,2, 0xDC4D,4,
    0xBB29,1, 0x4125,1, 0x18C5,21, 0x4125,1, 0x6984,1, 0xBB29,1, 0xDC4D,4, 0xF572,1,
    0xDC4D,5, 0xEBEF,3, 0xDC4D,18, 0xEBEF,3, 0xDC4D,4, 0xBB29,2, 0xDC4D,4, 0xBB29,1,
    0x4125,1, 0x18C5,18, 0x4124,1, 0x6984,2, 0xBB29,1, 0xF572,1, 0xDC4D,6, 0xBB29,3,
    0xEBEF,2, 0xF514,3, 0xEBEF,1, 0xBB29,15, 0xEBEF,2, 0xF514,3, 0xEBEF,1, 0xBB29,5,
    0xDC4D,5, 0xBB29,1, 0x6984,2, 0x4124,1, 0x18C5,15, 0x4124,1, 0x6984,2, 0xBB29,7,
    0xDC4D,1, 0xBB29,5, 0xEBEF,3, 0xBB29,18, 0xEBEF,3, 0xBB29,13, 0x6984,1, 0x4124,1,
    0x18C5,15, 0x4124,1, 0x6984,2, 0xBB29,7, 0xDC4D,1, 0xBB29,5, 0xEBEF,3, 0xBB29,18,
    0xEBEF,3, 0xBB29,13, 0x6984,1, 0x4124,1, 0x18C5,17, 0x4125,1, 0x6984,50, 0x4125,1,
    0x18C5,18, 0x1084,51, 0x18C5,19, 0x1084,51, 0x18C5,24, 0x10A4,42, 0x18C5,21, 0x18C5,1283,
    0x8452,8, 0x18C5,62, 0x8452,8, 0x18C5,67, 0x8452,1, 0x18C5,67, 0x8452,2, 0x18C5,68,
    0x8452,2, 0x18C5,67, 0x8452,1, 0x18C5,67, 0x8452,8, 0x18C5,62, 0x8452,8, 0x18C5,202,
    0x73D0,11, 0x18C5,59, 0xCEDB,11, 0x18C5,59, 0xCEDB,11, 0x18C5,59, 0x7C31,5, 0xCEDB,3,
    0x7C31,3, 0x18C5,64, 0xCEDB,3, 0x18C5,65, 0x6B6F,2, 0xCEDB,1, 0x7C31,2, 0x18C5,64,
    0x6B6F,1, 0xCEDB,2, 0x7C31,1, 0x18C5,66, 0xCEDB,3, 0x18C5,65, 0x6B6F,2, 0xCEDB,3,
    0x6B6F,6, 0x18C5,59, 0xCEDB,11, 0x18C5,59, 0xCEDB,11, 0x18C5,757, 0x2988,1, 0x424B,7,
    0x18C5,62, 0x424B,1, 0x6BD0,7, 0x18C5,55, 0x6984,3, 0x18C5,3, 0x6984,3, 0x424B,3,
    0x530E,2, 0x424B,1, 0x18C5,3, 0x6984,3, 0x18C5,3, 0x6984,3, 0x18C5,43, 0x6984,3,
    0x18C5,3, 0x6984,3, 0x18C5,1, 0x2988,1, 0x424B,2, 0x2988,1, 0x18C5,4, 0x6984,3,
    0x18C5,3, 0x6984,3, 0x18C5,43, 0xBB29,2, 0x6984,1, 0x18C5,3, 0xBB29,2, 0x6984,1,
    0x18C5,1, 0x424B,1, 0x6BD0,1, 0x424B,1, 0x18C5,5, 0xBB29,2, 0x6984,1, 0x18C5,3,
    0xBB29,2, 0x6984,1, 0x18C5,43, 0xBB29,2, 0x6984,1, 0x18C5,3, 0xBB29,2, 0x6984,1,
    0x2988,1, 0x424B,2, 0x2988,1, 0x18C5,5, 0xBB29,2, 0x6984,1, 0x18C5,3, 0xBB29,2,
    0x6984,1, 0x18C5,37, 0x28E5,1, 0x4124,5, 0x6984,3, 0x4124,3, 0x6984,1, 0xBB29,1,
    0x6984,1, 0x6B2D,2, 0x5A8A,4, 0x4124,3, 0x6984,3, 0x4124,3, 0x6984,3, 0x4124,6,
    0x28E5,1, 0x18C5,30, 0x4125,1, 0x6984,13, 0x9535,7, 0x6984,18, 0x4125,1, 0x18C5,30,
    0x4125,1, 0xBB29,36, 0x6984,2, 0x4125,1, 0x18C5,30, 0x4125,1, 0xBB29,1, 0xF572,2,
    0xF514,2, 0xF572,1, 0xDC4D,30, 0xBB29,1, 0x6984,1, 0x4125,1, 0x18C5,30, 0x4125,1,
    0xBB29,1, 0xF572,1, 0xF514,1, 0xFE98,2, 0xF572,1, 0xDC4D,29, 0xBB29,1, 0x6984,2,
    0x4125,1, 0x18C5,24, 0x28E5,1, 0x4125,5, 0x5144,1, 0xBB29,1, 0xF572,5, 0xDC4D,29,
    0xBB29,1, 0x6984,2, 0x5144,1, 0x4125,5, 0x28E5,1, 0x18C5,16, 0x28E5,1, 0x4125,1,
    0x69A5,1, 0xBB29,6, 0xDC4D,1, 0xF572,1, 0xDC4D,33, 0xBB29,8, 0x6984,1, 0x69A5,1,
    0x28E5,1, 0x18C5,15, 0x4124,1, 0x6984,2, 0xDC4D,1, 0xF572,7, 0xDC4D,33, 0xBB29,1,
    0xDC4D,1, 0xF572,5, 0xDC4D,1, 0xBB29,1, 0x6984,1, 0x4124,1, 0x18C5,15, 0x4124,1,
    0x6984,2, 0xBB29,1, 0xDC4D,5, 0xF572,2, 0xDC4D,6, 0x1882,3, 0xDC4D,15, 0x1882,3,
    0xDC4D,6, 0xBB29,1, 0xDC4D,6, 0xBB29,1, 0x6984,2, 0x4124,1, 0x18C5,15, 0x28E5,1,
    0x4125,2, 0x69A5,1, 0x6984,1, 0xBB29,1, 0xDC4D,4, 0xF572,1, 0xDC4D,5, 0xEBEF,1,
    0x6984,2, 0x1882,1, 0xDC4D,15, 0x1882,2, 0x6984,1, 0xEBEF,2, 0xDC4D,4, 0xBB29,2,
    0xDC4D,4, 0xBB29,1, 0x69A5,1, 0x4125,2, 0x28E5,1, 0x18C5,18, 0x4125,1, 0x6984,1,
    0xBB29,1, 0xDC4D,4, 0xF572,1, 0xDC4D,5, 0xEBEF,3, 0xDC4D,18, 0xEBEF,3, 0xDC4D,4,
    0xBB29,2, 0xDC4D,4, 0xBB29,1, 0x4125,1, 0x18C5,21, 0x4125,1, 0x6984,1, 0xBB29,1,
    0xDC4D,4, 0xF572,1, 0xDC4D,5, 0xEBEF,3, 0xDC4D,18, 0xEBEF,3, 0xDC4D,4, 0xBB29,2,
    0xDC4D,4, 0xBB29,1, 0x4125,1, 0x18C5,18, 0x28E5,1, 0x4125,2, 0x7A48,1, 0xBB29,1,
    0xDC4D,7, 0xBB29,2, 0xDC4D,2, 0xEBEF,3, 0xDC4D,1, 0xBB29,15, 0xDC4D,2, 0xEBEF,3,
    0xDC4D,1, 0xBB29,5, 0xDC4D,5, 0x7A48,1, 0x4125,2, 0x28E5,1, 0x18C5,15, 0x4124,1,
    0x6984,2, 0xBB29,1, 0xF572,1, 0xDC4D,6, 0xBB29,5, 0xEBEF,3, 0xBB29,18, 0xEBEF,3,
    0xBB29,6, 0xDC4D,5, 0xBB29,1, 0x6984,2, 0x4124,1, 0x18C5,15, 0x4124,1, 0x6984,2,
    0xBB29,1, 0xDC4D,2, 0xBB29,3, 0xDC4D,2, 0xBB29,5, 0xDC4D,3, 0xBB29,18, 0xDC4D,3,
    0xBB29,10, 0xDC4D,1, 0xBB29,1, 0x6984,2, 0x4124,1, 0x18C5,15, 0x28E5,1, 0x4125,1,
    0x69A5,1, 0x6984,6, 0xBB29,3, 0x6984,41, 0x69A5,1, 0x28E5,1, 0x18C5,17, 0x4125,1,
    0x6984,50, 0x4125,1, 0x18C5,18, 0x20C4,1, 0x3904,50, 0x28E5,1, 0x18C5,18, 0x1084,51,
    0x18C5,24, 0x10A4,42, 0x18C5,21, 0x18C5,1144, 0x31A9,1, 0x4A8C,7, 0x18C5,62, 0x4A8C,1,
    0x8452,7, 0x18C5,62, 0x31A9,1, 0x4A8C,4, 0x6B6F,2, 0x4A8C,1, 0x18C5,65, 0x31A9,1,
    0x4A8C,2, 0x31A9,1, 0x18C5,66, 0x4A8C,1, 0x8452,1, 0x4A8C,1, 0x18C5,66, 0x31A9,1,
    0x4A8C,2, 0x31A9,1, 0x18C5,64, 0x31A9,1, 0x4A8C,1, 0x6B6F,2, 0x4A8C,4, 0x18C5,62,
    0x4A8C,1, 0x8452,7, 0x18C5,128, 0x73D0,11, 0x18C5,59, 0xCEDB,11, 0x18C5,59, 0xCEDB,11,
    0x18C5,59, 0x73D0,5, 0xCEDB,3, 0x73D0,3, 0x18C5,64, 0xCEDB,3, 0x18C5,65, 0x73D0,2,
    0xCEDB,1, 0x73D0,2, 0x18C5,64, 0x73D0,1, 0xCEDB,2, 0x73D0,1, 0x18C5,66, 0xCEDB,3,
    0x18C5,65, 0x73D0,2, 0xCEDB,3, 0x73D0,6, 0x18C5,59, 0xCEDB,11, 0x18C5,59, 0xCEDB,11,
    0x18C5,902, 0x9535,8, 0x18C5,62, 0x9535,8, 0x18C5,67, 0x9535,1, 0x18C5,55, 0x6984,3,
    0x18C5,3, 0x6984,3, 0x18C5,3, 0x9535,2, 0x18C5,4, 0x6984,3, 0x18C5,3, 0x6984,3,
    0x18C5,43, 0x6984,3, 0x18C5,3, 0x6984,3, 0x18C5,3, 0x9535,2, 0x18C5,4, 0x6984,3,
    0x18C5,3, 0x6984,3, 0x18C5,43, 0xBB29,2, 0x6984,1, 0x18C5,3, 0xBB29,2, 0x6984,1,
    0x18C5,2, 0x9535,1, 0x18C5,6, 0xBB29,2, 0x6984,1, 0x18C5,3, 0xBB29,2, 0x6984,1,
    0x18C5,43, 0xBB29,2, 0x6984,1, 0x18C5,3, 0xBB29,2, 0x6984,1, 0x9535,8, 0x18C5,1,
    0xBB29,2, 0x6984,1, 0x18C5,3, 0xBB29,2, 0x6984,1, 0x18C5,37, 0x28E5,1, 0x4124,5,
    0x6984,3, 0x4124,3, 0x6984,3, 0x9535,8, 0x4124,1, 0x6984,3, 0x4124,3, 0x6984,3,
    0x4124,6, 0x28E5,1, 0x18C5,30, 0x4125,1, 0x6984,38, 0x4125,1, 0x18C5,30, 0x4125,1,
    0xBB29,36, 0x6984,2, 0x4125,1, 0x18C5,30, 0x4125,1, 0xBB29,1, 0xF572,2, 0xF514,2,
    0xF572,1, 0xDC4D,30, 0xBB29,1, 0x6984,1, 0x4125,1, 0x18C5,30, 0x4125,1, 0xBB29,1,
    0xF572,1, 0xF514,1, 0xFE98,2, 0xF572,1, 0xDC4D,29, 0xBB29,1, 0x6984,2, 0x4125,1,
    0x18C5,24, 0x28E5,1, 0x4125,5, 0x5144,1, 0xBB29,1, 0xF572,5, 0xDC4D,29, 0xBB29,1,
    0x6984,2, 0x5144,1, 0x4125,5, 0x28E5,1, 0x18C5,16, 0x28E5,1, 0x4125,1, 0x69A5,1,
    0xBB29,6, 0xDC4D,1, 0xF572,1, 0xDC4D,33, 0xBB29,8, 0x6984,1, 0x69A5,1, 0x28E5,1,
    0x18C5,15, 0x4124,1, 0x6984,2, 0xDC4D,1, 0xF572,7, 0xDC4D,33, 0xBB29,1, 0xDC4D,1,
    0xF572,5, 0xDC4D,1, 0xBB29,1, 0x6984,1, 0x4124,1, 0x18C5,15, 0x4124,1, 0x6984,2,
    0xBB29,1, 0xDC4D,5, 0xF572,2, 0xDC4D,6, 0x1882,3, 0xDC4D,15, 0x1882,3, 0xDC4D,6,
    0xBB29,1, 0xDC4D,6, 0xBB29,1, 0x6984,2, 0x4124,1, 0x18C5,15, 0x28E5,1, 0x4125,2,
    0x69A5,1, 0x6984,1, 0xBB29,1, 0xDC4D,4, 0xF572,1, 0xDC4D,5, 0xEBEF,1, 0x6984,2,
    0x1882,1, 0xDC4D,15, 0x1882,2, 0x6984,1, 0xEBEF,2, 0xDC4D,4, 0xBB29,2, 0xDC4D,4,
    0xBB29,1, 0x69A5,1, 0x4125,2, 0x28E5,1, 0x18C5,18, 0x4125,1, 0x6984,1, 0xBB29,1,
    0xDC4D,4, 0xF572,1, 0xDC4D,5, 0xEBEF,3, 0xDC4D,18, 0xEBEF,3, 0xDC4D,4, 0xBB29,2,
    0xDC4D,4, 0xBB29,1, 0x4125,1, 0x18C5,21, 0x4125,1, 0x6984,1, 0xBB29,1, 0xDC4D,4,
    0xF572,1, 0xDC4D,5, 0xEBEF,3, 0xDC4D,18, 0xEBEF,3, 0xDC4D,4, 0xBB29,2, 0xDC4D,4,
    0xBB29,1, 0x4125,1, 0x18C5,18, 0x28E5,1, 0x4125,2, 0x7A48,1, 0xBB29,1, 0xDC4D,7,
    0xBB29,2, 0xDC4D,2, 0xEBEF,3, 0xDC4D,1, 0xBB29,15, 0xDC4D,2, 0xEBEF,3, 0xDC4D,1,
    0xBB29,5, 0xDC4D,5, 0x7A48,1, 0x4125,2, 0x28E5,1, 0x18C5,15, 0x4124,1, 0x6984,2,
    0xBB29,1, 0xF572,1, 0xDC4D,6, 0xBB29,5, 0xEBEF,3, 0xBB29,18, 0xEBEF,3, 0xBB29,6,
    0xDC4D,5, 0xBB29,1, 0x6984,2, 0x4124,1, 0x18C5,15, 0x4124,1, 0x6984,2, 0xBB29,1,
    0xDC4D,2, 0xBB29,3, 0xDC4D,2, 0xBB29,5, 0xDC4D,3, 0xBB29,18, 0xDC4D,3, 0xBB29,10,
    0xDC4D,1, 0xBB29,1, 0x6984,2, 0x4124,1, 0x18C5,15, 0x28E5,1, 0x4125,1, 0x69A5,1,
    0x6984,6, 0xBB29,3, 0x6984,41, 0x69A5,1, 0x28E5,1, 0x18C5,17, 0x4125,1, 0x6984,50,
    0x4125,1, 0x18C5,18, 0x20C4,1, 0x3904,50, 0x28E5,1, 0x18C5,18, 0x1084,51, 0x18C5,24,
    0x10A4,42, 0x18C5,21, 0x18C5,1074, 0x4A8C,1, 0x8452,10, 0x18C5,59, 0x4A8C,1, 0x8452,10,
    0x18C5,59, 0x4A8C,1, 0x8452,10, 0x18C5,64, 0x4A8C,1, 0x8452,2, 0x4A8C,1, 0x18C5,66,
    0x4A8C,1, 0x8452,2, 0x4A8C,1, 0x18C5,64, 0x4A8C,1, 0x8452,2, 0x4A8C,1, 0x18C5,65,
    0x4A8C,1, 0x8452,2, 0x4A8C,1, 0x18C5,66, 0x4A8C,1, 0x8452,2, 0x4A8C,1, 0x18C5,64,
    0x4A8C,1, 0x8452,10, 0x18C5,52, 0xCEDB,11, 0x8452,7, 0x18C5,52, 0xCEDB,11, 0x8452,7,
    0x18C5,52, 0xCEDB,11, 0x18C5,64, 0xCEDB,3, 0x18C5,67, 0xCEDB,3, 0x18C5,65, 0xCEDB,3,
    0x18C5,66, 0xCEDB,3, 0x18C5,67, 0xCEDB,3, 0x18C5,65, 0xCEDB,11, 0x18C5,59, 0xCEDB,11,
    0x18C5,59, 0xCEDB,11, 0x18C5,836, 0x31E9,1, 0x52ED,7, 0x18C5,62, 0x52ED,1, 0x9535,7,
    0x18C5,62, 0x31E9,1, 0x52ED,4, 0x7411,2, 0x52ED,1, 0x18C5,52, 0x4124,3, 0x18C5,3,
    0x4124,3, 0x18C5,4, 0x31E9,1, 0x52ED,2, 0x31E9,1, 0x18C5,1, 0x4124,3, 0x18C5,3,
    0x4124,3, 0x18C5,43, 0x6984,3, 0x18C5,3, 0x6984,3, 0x18C5,4, 0x52ED,1, 0x9535,1,
    0x52ED,1, 0x18C5,2, 0x6984,3, 0x18C5,3, 0x6984,3, 0x18C5,43, 0x6984,3, 0x18C5,3,
    0x6984,3, 0x18C5,3, 0x31E9,1, 0x52ED,2, 0x31E9,1, 0x18C5,2, 0x6984,3, 0x18C5,3,
    0x6984,3, 0x18C5,43, 0xBB29,2, 0x6984,1, 0x18C5,3, 0xBB29,2, 0x6984,1, 0x18C5,1,
    0x31E9,1, 0x52ED,1, 0x7411,2, 0x52ED,4, 0xBB29,2, 0x6984,1, 0x18C5,3, 0xBB29,2,
    0x6984,1, 0x18C5,43, 0xBB29,2, 0x6984,1, 0x18C5,3, 0xBB29,2, 0x6984,1, 0x18C5,1,
    0x52ED,1, 0x9535,7, 0xBB29,2, 0x6984,1, 0x18C5,3, 0xBB29,2, 0x6984,1, 0x18C5,37,
    0x4125,1, 0x6984,38, 0x4125,1, 0x18C5,30, 0x4125,1, 0x6984,38, 0x4125,1, 0x18C5,30,
    0x4125,1, 0xBB29,1, 0xF572,34, 0xDC4D,1, 0xBB29,1, 0x6984,1, 0x4125,1, 0x18C5,30,
    0x4125,1, 0xBB29,1, 0xF572,1, 0xF514,1, 0xFE98,2, 0xF572,1, 0xDC4D,29, 0xBB29,1,
    0x6984,2, 0x4125,1, 0x18C5,30, 0x4125,1, 0xBB29,1, 0xF572,1, 0xF514,1, 0xFE98,2,
    0xF572,1, 0xDC4D,29, 0xBB29,1, 0x6984,2, 0x4125,1, 0x18C5,30, 0x4125,1, 0xBB29,1,
    0xF572,1, 0xDC4D,33, 0xBB29,1, 0x6984,2, 0x4125,1, 0x18C5,24, 0x4125,1, 0x6984,6,
    0xBB29,1, 0xF572,1, 0xDC4D,33, 0xBB29,1, 0x6984,8, 0x4125,1, 0x18C5,18, 0x4125,1,
    0x6984,6, 0xBB29,1, 0xF572,1, 0xDC4D,6, 0x6984,3, 0xDC4D,15, 0x6984,3, 0xDC4D,6,
    0xBB29,1, 0x6984,8, 0x4125,1, 0x18C5,16, 0x4124,1, 0x6984,2, 0xDC4D,1, 0xF572,7,
    0xDC4D,6, 0x1882,3, 0xDC4D,15, 0x1882,3, 0xDC4D,6, 0xBB29,1, 0xDC4D,1, 0xF572,5,
    0xDC4D,1, 0xBB29,1, 0x6984,1, 0x4124,1, 0x18C5,15, 0x4124,1, 0x6984,3, 0xBB29,2,
    0xDC4D,4, 0xF572,1, 0xDC4D,5, 0xEBEF,3, 0x6984,1, 0xDC4D,15, 0x6984,2, 0xEBEF,3,
    0xDC4D,4, 0xBB29,2, 0xDC4D,4, 0xBB29,1, 0x6984,3, 0x4124,1, 0x18C5,15, 0x4124,1,
    0x6984,3, 0xBB29,2, 0xDC4D,4, 0xF572,1, 0xDC4D,5, 0xEBEF,3, 0xDC4D,18, 0xEBEF,3,
    0xDC4D,4, 0xBB29,2, 0xDC4D,4, 0xBB29,1, 0x6984,3, 0x4124,1, 0x18C5,18, 0x4125,1,
    0x6984,1, 0xBB29,1, 0xDC4D,4, 0xF572,1, 0xDC4D,3, 0xEBEF,2, 0xF514,3, 0xEBEF,1,
    0xDC4D,15, 0xEBEF,2, 0xF514,3, 0xEBEF,1, 0xDC4D,3, 0xBB29,2, 0xDC4D,4, 0xBB29,1,
    0x4125,1, 0x18C5,21, 0x4125,1, 0x6984,1, 0xBB29,1, 0xDC4D,4, 0xF572,1, 0xDC4D,5,
    0xEBEF,3, 0xDC4D,18, 0xEBEF,3, 0xDC4D,4, 0xBB29,2, 0xDC4D,4, 0xBB29,1, 0x4125,1,
    0x18C5,21, 0x4125,1, 0x6984,1, 0xBB29,1, 0xDC4D,4, 0xF572,1, 0xDC4D,5, 0xEBEF,3,
    0xDC4D,18, 0xEBEF,3, 0xDC4D,4, 0xBB29,2, 0xDC4D,4, 0xBB29,1, 0x4125,1, 0x18C5,18,
    0x4124,1, 0x6984,2, 0xBB29,1, 0xF572,1, 0xDC4D,6, 0xBB29,35, 0xDC4D,5, 0xBB29,1,
    0x6984,2, 0x4124,1, 0x18C5,15, 0x4124,1, 0x6984,2, 0xBB29,7, 0xDC4D,1, 0xBB29,42,
    0x6984,1, 0x4124,1, 0x18C5,15, 0x4124,1, 0x6984,2, 0xBB29,7, 0xDC4D,1, 0xBB29,42,
    0x6984,1, 0x4124,1, 0x18C5,17, 0x4125,1, 0x6984,50, 0x4125,1, 0x18C5,18, 0x1084,51,
    0x18C5,19, 0x1084,51, 0x18C5,24, 0x10A4,42, 0x18C5,21, 0x18C5,936, 0x4A8C,11, 0x18C5,59,
    0x8452,11, 0x18C5,59, 0x8452,11, 0x18C5,59, 0x4A8C,5, 0x8452,3, 0x4A8C,3, 0x18C5,64,
    0x8452,3, 0x18C5,65, 0x4A8C,2, 0x8452,1, 0x4A8C,2, 0x18C5,64, 0x4A8C,1, 0x8452,2,
    0x4A8C,1, 0x18C5,66, 0x8452,3, 0x18C5,65, 0x4A8C,2, 0x8452,3, 0x4A8C,6, 0x18C5,59,
    0x8452,11, 0x18C5,59, 0x8452,11, 0x18C5,50, 0xCEDB,11, 0x18C5,59, 0xCEDB,11, 0x18C5,59,
    0xCEDB,11, 0x18C5,64, 0xCEDB,3, 0x18C5,67, 0xCEDB,3, 0x18C5,65, 0xCEDB,3, 0x18C5,66,
    0xCEDB,3, 0x18C5,67, 0xCEDB,3, 0x18C5,65, 0xCEDB,11, 0x18C5,59, 0xCEDB,11, 0x18C5,59,
    0xCEDB,11, 0x18C5,629, 0x31E9,1, 0x52ED,7, 0x18C5,62, 0x52ED,1, 0x9535,7, 0x18C5,62,
    0x31E9,1, 0x52ED,4, 0x7411,2, 0x52ED,1, 0x18C5,65, 0x31E9,1, 0x52ED,2, 0x31E9,1,
    0x18C5,66, 0x52ED,1, 0x9535,1, 0x52ED,1, 0x18C5,66, 0x31E9,1, 0x52ED,2, 0x31E9,1,
    0x18C5,51, 0x4124,3, 0x18C5,3, 0x4124,3, 0x18C5,4, 0x31E9,1, 0x52ED,1, 0x7411,2,
    0x52ED,1, 0x6B2D,3, 0x18C5,3, 0x4124,3, 0x18C5,43, 0x6984,3, 0x18C5,3, 0x6984,3,
    0x18C5,4, 0x52ED,1, 0x9535,7, 0x18C5,3, 0x6984,3, 0x18C5,43, 0x6984,3, 0x18C5,3,
    0x6984,3, 0x18C5,9, 0x6984,3, 0x18C5,3, 0x6984,3, 0x18C5,43, 0xBB29,2, 0x6984,1,
    0x18C5,3, 0xBB29,2, 0x6984,1, 0x18C5,9, 0xBB29,2, 0x6984,1, 0x18C5,3, 0xBB29,2,
    0x6984,1, 0x18C5,43, 0xBB29,2, 0x6984,1, 0x18C5,3, 0xBB29,2, 0x6984,1, 0x18C5,9,
    0xBB29,2, 0x6984,1, 0x18C5,3, 0xBB29,2, 0x6984,1, 0x18C5,37, 0x4125,1, 0x6984,38,
    0x4125,1, 0x18C5,30, 0x4125,1, 0x6984,38, 0x4125,1, 0x18C5,30, 0x4125,1, 0xBB29,1,
    0xF572,34, 0xDC4D,1, 0xBB29,1, 0x6984,1, 0x4125,1, 0x18C5,30, 0x4125,1, 0xBB29,1,
    0xF572,1, 0xF514,1, 0xFE98,2, 0xF572,1, 0xDC4D,29, 0xBB29,1, 0x6984,2, 0x4125,1,
    0x18C5,30, 0x4125,1, 0xBB29,1, 0xF572,1, 0xF514,1, 0xFE98,2, 0xF572,1, 0xDC4D,29,
    0xBB29,1, 0x6984,2, 0x4125,1, 0x18C5,30, 0x4125,1, 0xBB29,1, 0xF572,1, 0xDC4D,33,
    0xBB29,1, 0x6984,2, 0x4125,1, 0x18C5,24, 0x4125,1, 0x6984,6, 0xBB29,1, 0xF572,1,
    0xDC4D,33, 0xBB29,1, 0x6984,8, 0x4125,1, 0x18C5,18, 0x4125,1, 0x6984,6, 0xBB29,1,
    0xF572,1, 0xDC4D,6, 0x6984,3, 0xDC4D,15, 0x6984,3, 0xDC4D,6, 0xBB29,1, 0x6984,8,
    0x4125,1, 0x18C5,16, 0x4124,1, 0x6984,2, 0xDC4D,1, 0xF572,7, 0xDC4D,6, 0x1882,3,
    0xDC4D,15, 0x1882,3, 0xDC4D,6, 0xBB29,1, 0xDC4D,1, 0xF572,5, 0xDC4D,1, 0xBB29,1,
    0x6984,1, 0x4124,1, 0x18C5,15, 0x4124,1, 0x6984,3, 0xBB29,2, 0xDC4D,4, 0xF572,1,
    0xDC4D,5, 0xEBEF,3, 0x6984,1, 0xDC4D,15, 0x6984,2, 0xEBEF,3, 0xDC4D,4, 0xBB29,2,
    0xDC4D,4, 0xBB29,1, 0x6984,3, 0x4124,1, 0x18C5,15, 0x4124,1, 0x6984,3, 0xBB29,2,
    0xDC4D,4, 0xF572,1, 0xDC4D,5, 0xEBEF,3, 0xDC4D,18, 0xEBEF,3, 0xDC4D,4, 0xBB29,2,
    0xDC4D,4, 0xBB29,1, 0x6984,3, 0x4124,1, 0x18C5,18, 0x4125,1, 0x6984,1, 0xBB29,1,
    0xDC4D,4, 0xF572,1, 0xDC4D,3, 0xEBEF,2, 0xF514,3, 0xEBEF,1, 0xDC4D,15, 0xEBEF,2,
    0xF514,3, 0xEBEF,1, 0xDC4D,3, 0xBB29,2, 0xDC4D,4, 0xBB29,1, 0x4125,1, 0x18C5,21,
    0x4125,1, 0x6984,1, 0xBB29,1, 0xDC4D,4, 0xF572,1, 0xDC4D,5, 0xEBEF,3, 0xDC4D,18,
    0xEBEF,3, 0xDC4D,4, 0xBB29,2, 0xDC4D,4, 0xBB29,1, 0x4125,1, 0x18C5,21, 0x4125,1,
    0x6984,1, 0xBB29,1, 0xDC4D,4, 0xF572,1, 0xDC4D,5, 0xEBEF,3, 0xDC4D,18, 0xEBEF,3,
    0xDC4D,4, 0xBB29,2, 0xDC4D,4, 0xBB29,1, 0x4125,1, 0x18C5,18, 0x4124,1, 0x6984,2,
    0xBB29,1, 0xF572,1, 0xDC4D,6, 0xBB29,35, 0xDC4D,5, 0xBB29,1, 0x6984,2, 0x4124,1,
    0x18C5,15, 0x4124,1, 0x6984,2, 0xBB29,7, 0xDC4D,1, 0xBB29,42, 0x6984,1, 0x4124,1,
    0x18C5,15, 0x4124,1, 0x6984,2, 0xBB29,7, 0xDC4D,1, 0xBB29,42, 0x6984,1, 0x4124,1,
    0x18C5,17, 0x4125,1, 0x6984,50, 0x4125,1, 0x18C5,18, 0x1084,51, 0x18C5,19, 0x1084,51,
    0x18C5,24, 0x10A4,42, 0x18C5,21, 0x18C5,726, 0x4A8C,11, 0x18C5,59, 0x8452,11, 0x18C5,59,
    0x8452,11, 0x18C5,59, 0x4A8C,5, 0x8452,3, 0x4A8C,3, 0x18C5,64, 0x8452,3, 0x18C5,65,
    0x4A8C,2, 0x8452,1, 0x4A8C,2, 0x18C5,64, 0x4A8C,1, 0x8452,2, 0x4A8C,1, 0x18C5,66,
    0x8452,3, 0x18C5,65, 0x4A8C,2, 0x8452,3, 0x4A8C,6, 0x18C5,59, 0x8452,11, 0x18C5,59,
    0x8452,11, 0x18C5,260, 0xCEDB,11, 0x18C5,59, 0xCEDB,11, 0x18C5,59, 0xCEDB,11, 0x18C5,64,
    0xCEDB,3, 0x18C5,67, 0xCEDB,3, 0x18C5,65, 0xCEDB,3, 0x18C5,66, 0xCEDB,3, 0x18C5,67,
    0xCEDB,3, 0x18C5,65, 0xCEDB,11, 0x18C5,59, 0xCEDB,11, 0x18C5,59, 0xCEDB,11, 0x18C5,561,
    0x9535,8, 0x18C5,62, 0x9535,8, 0x18C5,67, 0x9535,1, 0x18C5,67, 0x9535,2, 0x18C5,68,
    0x9535,2, 0x18C5,67, 0x9535,1, 0x18C5,67, 0x9535,8, 0x18C5,47, 0x4124,3, 0x18C5,3,
    0x4124,3, 0x18C5,6, 0x9535,8, 0x18C5,1, 0x4124,3, 0x18C5,43, 0x6984,3, 0x18C5,3,
    0x6984,3, 0x18C5,9, 0x6984,3, 0x18C5,3, 0x6984,3, 0x18C5,43, 0x6984,3, 0x18C5,3,
    0x6984,3, 0x18C5,9, 0x6984,3, 0x18C5,3, 0x6984,3, 0x18C5,43, 0xBB29,2, 0x6984,1,
    0x18C5,3, 0xBB29,2, 0x6984,1, 0x18C5,9, 0xBB29,2, 0x6984,1, 0x18C5,3, 0xBB29,2,
    0x6984,1, 0x18C5,43, 0xBB29,2, 0x6984,1, 0x18C5,3, 0xBB29,2, 0x6984,1, 0x18C5,9,
    0xBB29,2, 0x6984,1, 0x18C5,3, 0xBB29,2, 0x6984,1, 0x18C5,37, 0x4125,1, 0x6984,38,
    0x4125,1, 0x18C5,30, 0x4125,1, 0x6984,38, 0x4125,1, 0x18C5,30, 0x4125,1, 0xBB29,1,
    0xF572,34, 0xDC4D,1, 0xBB29,1, 0x6984,1, 0x4125,1, 0x18C5,30, 0x4125,1, 0xBB29,1,
    0xF572,1, 0xF514,1, 0xFE98,2, 0xF572,1, 0xDC4D,29, 0xBB29,1, 0x6984,2, 0x4125,1,
    0x18C5,30, 0x4125,1, 0xBB29,1, 0xF572,1, 0xF514,1, 0xFE98,2, 0xF572,1, 0xDC4D,29,
    0xBB29,1, 0x6984,2, 0x4125,1, 0x18C5,30, 0x4125,1, 0xBB29,1, 0xF572,1, 0xDC4D,33,
    0xBB29,1, 0x6984,2, 0x4125,1, 0x18C5,24, 0x4125,1, 0x6984,6, 0xBB29,1, 0xF572,1,
    0xDC4D,33, 0xBB29,1, 0x6984,8, 0x4125,1, 0x18C5,18, 0x4125,1, 0x6984,6, 0xBB29,1,
    0xF572,1, 0xDC4D,6, 0x6984,3, 0xDC4D,15, 0x6984,3, 0xDC4D,6, 0xBB29,1, 0x6984,8,
    0x4125,1, 0x18C5,16, 0x4124,1, 0x6984,2, 0xDC4D,1, 0xF572,7, 0xDC4D,6, 0x1882,3,
    0xDC4D,15, 0x1882,3, 0xDC4D,6, 0xBB29,1, 0xDC4D,1, 0xF572,5, 0xDC4D,1, 0xBB29,1,
    0x6984,1, 0x4124,1, 0x18C5,15, 0x4124,1, 0x6984,3, 0xBB29,2, 0xDC4D,4, 0xF572,1,
    0xDC4D,5, 0xEBEF,3, 0x6984,1, 0xDC4D,15, 0x6984,2, 0xEBEF,3, 0xDC4D,4, 0xBB29,2,
    0xDC4D,4, 0xBB29,1, 0x6984,3, 0x4124,1, 0x18C5,15, 0x4124,1, 0x6984,3, 0xBB29,2,
    0xDC4D,4, 0xF572,1, 0xDC4D,5, 0xEBEF,3, 0xDC4D,18, 0xEBEF,3, 0xDC4D,4, 0xBB29,2,
    0xDC4D,4, 0xBB29,1, 0x6984,3, 0x4124,1, 0x18C5,18, 0x4125,1, 0x6984,1, 0xBB29,1,
    0xDC4D,4, 0xF572,1, 0xDC4D,3, 0xEBEF,2, 0xF514,3, 0xEBEF,1, 0xDC4D,15, 0xEBEF,2,
    0xF514,3, 0xEBEF,1, 0xDC4D,3, 0xBB29,2, 0xDC4D,4, 0xBB29,1, 0x4125,1, 0x18C5,21,
    0x4125,1, 0x6984,1, 0xBB29,1, 0xDC4D,4, 0xF572,1, 0xDC4D,5, 0xEBEF,3, 0xDC4D,18,
    0xEBEF,3, 0xDC4D,4, 0xBB29,2, 0xDC4D,4, 0xBB29,1, 0x4125,1, 0x18C5,21, 0x4125,1,
    0x6984,1, 0xBB29,1, 0xDC4D,4, 0xF572,1, 0xDC4D,5, 0xEBEF,3, 0xDC4D,18, 0xEBEF,3,
    0xDC4D,4, 0xBB29,2, 0xDC4D,4, 0xBB29,1, 0x4125,1, 0x18C5,18, 0x4124,1, 0x6984,2,
    0xBB29,1, 0xF572,1, 0xDC4D,6, 0xBB29,35, 0xDC4D,5, 0xBB29,1, 0x6984,2, 0x4124,1,
    0x18C5,15, 0x4124,1, 0x6984,2, 0xBB29,7, 0xDC4D,1, 0xBB29,42, 0x6984,1, 0x4124,1,
    0x18C5,15, 0x4124,1, 0x6984,2, 0xBB29,7, 0xDC4D,1, 0xBB29,42, 0x6984,1, 0x4124,1,
    0x18C5,17, 0x4125,1, 0x6984,50, 0x4125,1, 0x18C5,18, 0x1084,51, 0x18C5,19, 0x1084,51,
    0x18C5,24, 0x10A4,42, 0x18C5,21, 0x18C5,657, 0x4A8C,1, 0x8452,10, 0x18C5,59, 0x4A8C,1,
    0x8452,10, 0x18C5,59, 0x4A8C,1, 0x8452,10, 0x18C5,64, 0x4A8C,1, 0x8452,2, 0x4A8C,1,
    0x18C5,66, 0x4A8C,1, 0x8452,2, 0x4A8C,1, 0x18C5,64, 0x4A8C,1, 0x8452,2, 0x4A8C,1,
    0x18C5,65, 0x4A8C,1, 0x8452,2, 0x4A8C,1, 0x18C5,66, 0x4A8C,1, 0x8452,2, 0x4A8C,1,
    0x18C5,64, 0x4A8C,1, 0x8452,10, 0x18C5,59, 0x4A8C,1, 0x8452,10, 0x18C5,59, 0x4A8C,1,
    0x8452,10, 0x18C5,190, 0x424B,1, 0x73D0,10, 0x18C5,59, 0x73D0,1, 0xCEDB,10, 0x18C5,59,
    0x73D0,1, 0xCEDB,10, 0x18C5,59, 0x424B,1, 0x73D0,4, 0xA556,1, 0xCEDB,2, 0xA556,1,
    0x73D0,2, 0x18C5,64, 0x73D0,1, 0xCEDB,2, 0x73D0,1, 0x18C5,64, 0x424B,1, 0x73D0,1,
    0xA556,2, 0x73D0,1, 0x424B,1, 0x18C5,63, 0x424B,1, 0xA556,1, 0xCEDB,1, 0xA556,1,
    0x424B,1, 0x18C5,65, 0x73D0,1, 0xCEDB,2, 0x73D0,1, 0x18C5,64, 0x424B,1, 0x73D0,1,
    0xA556,1, 0xCEDB,2, 0xA556,1, 0x73D0,5, 0x18C5,59, 0x73D0,1, 0xCEDB,10, 0x18C5,59,
    0x73D0,1, 0xCEDB,10, 0x18C5,561, 0x31E9,1, 0x52ED,7, 0x18C5,62, 0x52ED,1, 0x9535,7,
    0x18C5,62, 0x31E9,1, 0x52ED,4, 0x7411,2, 0x52ED,1, 0x18C5,65, 0x31E9,1, 0x52ED,2,
    0x31E9,1, 0x18C5,66, 0x52ED,1, 0x9535,1, 0x52ED,1, 0x18C5,66, 0x31E9,1, 0x52ED,2,
    0x31E9,1, 0x18C5,64, 0x31E9,1, 0x52ED,1, 0x7411,2, 0x52ED,4, 0x18C5,62, 0x52ED,1,
    0x9535,7, 0x18C5,256, 0x6984,3, 0x18C5,3, 0x6984,3, 0x18C5,9, 0x6984,3, 0x18C5,3,
    0x6984,3, 0x18C5,43, 0x6984,3, 0x18C5,3, 0x6984,3, 0x18C5,9, 0x6984,3, 0x18C5,3,
    0x6984,3, 0x18C5,43, 0xBB29,2, 0x6984,1, 0x18C5,3, 0xBB29,2, 0x6984,1, 0x18C5,9,
    0xBB29,2, 0x6984,1, 0x18C5,3, 0xBB29,2, 0x6984,1, 0x18C5,43, 0xBB29,2, 0x6984,1,
    0x18C5,3, 0xBB29,2, 0x6984,1, 0x18C5,9, 0xBB29,2, 0x6984,1, 0x18C5,3, 0xBB29,2,
    0x6984,1, 0x18C5,37, 0x28E5,1, 0x4124,5, 0x6984,3, 0x4124,3, 0x6984,3, 0x4124,9,
    0x6984,3, 0x4124,3, 0x6984,3, 0x4124,6, 0x28E5,1, 0x18C5,30, 0x4125,1, 0x6984,38,
    0x4125,1, 0x18C5,30, 0x4125,1, 0xBB29,36, 0x6984,2, 0x4125,1, 0x18C5,30, 0x4125,1,
    0xBB29,1, 0xF572,2, 0xF514,2, 0xF572,1, 0xDC4D,30, 0xBB29,1, 0x6984,1, 0x4125,1,
    0x18C5,30, 0x4125,1, 0xBB29,1, 0xF572,1, 0xF514,1, 0xFE98,2, 0xF572,1, 0xDC4D,29,
    0xBB29,1, 0x6984,2, 0x4125,1, 0x18C5,24, 0x28E5,1, 0x4125,5, 0x5144,1, 0xBB29,1,
    0xF572,5, 0xDC4D,29, 0xBB29,1, 0x6984,2, 0x5144,1, 0x4125,5, 0x28E5,1, 0x18C5,16,
    0x28E5,1, 0x4125,1, 0x69A5,1, 0xBB29,6, 0xDC4D,1, 0xF572,1, 0xDC4D,33, 0xBB29,8,
    0x6984,1, 0x69A5,1, 0x28E5,1, 0x18C5,15, 0x4124,1, 0x6984,2, 0xDC4D,1, 0xF572,7,
    0xDC4D,33, 0xBB29,1, 0xDC4D,1, 0xF572,5, 0xDC4D,1, 0xBB29,1, 0x6984,1, 0x4124,1,
    0x18C5,15, 0x4124,1, 0x6984,2, 0xBB29,1, 0xDC4D,5, 0xF572,2, 0xDC4D,6, 0x1882,3,
    0xDC4D,15, 0x1882,3, 0xDC4D,6, 0xBB29,1, 0xDC4D,6, 0xBB29,1, 0x6984,2, 0x4124,1,
    0x18C5,15, 0x28E5,1, 0x4125,2, 0x69A5,1, 0x6984,1, 0xBB29,1, 0xDC4D,4, 0xF572,1,
    0xDC4D,5, 0xEBEF,1, 0x6984,2, 0x1882,1, 0xDC4D,15, 0x1882,2, 0x6984,1, 0xEBEF,2,
    0xDC4D,4, 0xBB29,2, 0xDC4D,4, 0xBB29,1, 0x69A5,1, 0x4125,2, 0x28E5,1, 0x18C5,18,
    0x4125,1, 0x6984,1, 0xBB29,1, 0xDC4D,4, 0xF572,1, 0xDC4D,5, 0xEBEF,3, 0xDC4D,18,
    0xEBEF,3, 0xDC4D,4, 0xBB29,2, 0xDC4D,4, 0xBB29,1, 0x4125,1, 0x18C5,21, 0x4125,1,
    0x6984,1, 0xBB29,1, 0xDC4D,4, 0xF572,1, 0xDC4D,5, 0xEBEF,3, 0xDC4D,18, 0xEBEF,3,
    0xDC4D,4, 0xBB29,2, 0xDC4D,4, 0xBB29,1, 0x4125,1, 0x18C5,18, 0x28E5,1, 0x4125,2,
    0x7A48,1, 0xBB29,1, 0xDC4D,7, 0xBB29,2, 0xDC4D,2, 0xEBEF,3, 0xDC4D,1, 0xBB29,15,
    0xDC4D,2, 0xEBEF,3, 0xDC4D,1, 0xBB29,5, 0xDC4D,5, 0x7A48,1, 0x4125,2, 0x28E5,1,
    0x18C5,15, 0x4124,1, 0x6984,2, 0xBB29,1, 0xF572,1, 0xDC4D,6, 0xBB29,5, 0xEBEF,3,
    0xBB29,18, 0xEBEF,3, 0xBB29,6, 0xDC4D,5, 0xBB29,1, 0x6984,2, 0x4124,1, 0x18C5,15,
    0x4124,1, 0x6984,2, 0xBB29,1, 0xDC4D,2, 0xBB29,3, 0xDC4D,2, 0xBB29,5, 0xDC4D,3,
    0xBB29,18, 0xDC4D,3, 0xBB29,10, 0xDC4D,1, 0xBB29,1, 0x6984,2, 0x4124,1, 0x18C5,15,
    0x28E5,1, 0x4125,1, 0x69A5,1, 0x6984,6, 0xBB29,3, 0x6984,41, 0x69A5,1, 0x28E5,1,
    0x18C5,17, 0x4125,1, 0x6984,50, 0x4125,1, 0x18C5,18, 0x20C4,1, 0x3904,50, 0x28E5,1,
    0x18C5,18, 0x1084,51, 0x18C5,24, 0x10A4,42, 0x18C5,21, 0x18C5,517, 0x31A9,1, 0x4A8C,10,
    0x18C5,59, 0x4A8C,1, 0x8452,10, 0x18C5,59, 0x4A8C,1, 0x8452,10, 0x18C5,59, 0x31A9,1,
    0x4A8C,4, 0x6B6F,1, 0x8452,2, 0x6B6F,1, 0x4A8C,2, 0x18C5,64, 0x4A8C,1, 0x8452,2,
    0x4A8C,1, 0x18C5,64, 0x31A9,1, 0x4A8C,1, 0x6B6F,2, 0x4A8C,1, 0x31A9,1, 0x18C5,63,
    0x31A9,1, 0x6B6F,1, 0x8452,1, 0x6B6F,1, 0x31A9,1, 0x18C5,65, 0x4A8C,1, 0x8452,2,
    0x4A8C,1, 0x18C5,64, 0x31A9,1, 0x4A8C,1, 0x6B6F,1, 0x8452,2, 0x6B6F,1, 0x4A8C,5,
    0x18C5,59, 0x4A8C,1, 0x8452,10, 0x18C5,59, 0x4A8C,1, 0x8452,10, 0x18C5,123, 0x424B,1,
    0x73D0,13, 0x18C5,56, 0x73D0,1, 0xCEDB,13, 0x18C5,56, 0x73D0,1, 0xCEDB,13, 0x18C5,56,
    0x424B,1, 0x73D0,7, 0xA556,1, 0xCEDB,2, 0xA556,1, 0x73D0,2, 0x18C5,64, 0x73D0,1,
    0xCEDB,2, 0x73D0,1, 0x18C5,64, 0x424B,1, 0x73D0,1, 0xA556,2, 0x73D0,1, 0x424B,1,
    0x18C5,63, 0x424B,1, 0xA556,1, 0xCEDB,1, 0xA556,1, 0x424B,1, 0x18C5,65, 0x73D0,1,
    0xCEDB,2, 0x73D0,1, 0x18C5,64, 0x424B,1, 0x73D0,1, 0xA556,2, 0x73D0,1, 0x424B,1,
    0x18C5,63, 0x424B,1, 0xA556,1, 0xCEDB,1, 0xA556,1, 0x424B,1, 0x18C5,65, 0x73D0,1,
    0xCEDB,2, 0x73D0,1, 0x18C5,64, 0x424B,1, 0x73D0,1, 0xA556,1, 0xCEDB,2, 0xA556,1,
    0x73D0,8, 0x18C5,56, 0x73D0,1, 0xCEDB,13, 0x18C5,56, 0x73D0,1, 0xCEDB,13, 0x18C5,487,
    0x9535,8, 0x18C5,62, 0x9535,8, 0x18C5,67, 0x9535,1, 0x18C5,67, 0x9535,2, 0x18C5,68,
    0x9535,2, 0x18C5,67, 0x9535,1, 0x18C5,67, 0x9535,8, 0x18C5,62, 0x9535,8, 0x18C5,324,
    0x6984,3, 0x18C5,3, 0x6984,3, 0x18C5,9, 0x6984,3, 0x18C5,3, 0x6984,3, 0x18C5,43,
    0x6984,3, 0x18C5,3, 0x6984,3, 0x18C5,9, 0x6984,3, 0x18C5,3, 0x6984,3, 0x18C5,43,
    0xBB29,2, 0x6984,1, 0x18C5,3, 0xBB29,2, 0x6984,1, 0x18C5,9, 0xBB29,2, 0x6984,1,
    0x18C5,3, 0xBB29,2, 0x6984,1, 0x18C5,43, 0xBB29,2, 0x6984,1, 0x18C5,3, 0xBB29,2,
    0x6984,1, 0x18C5,9, 0xBB29,2, 0x6984,1, 0x18C5,3, 0xBB29,2, 0x6984,1, 0x18C5,37,
    0x28E5,1, 0x4124,5, 0x6984,3, 0x4124,3, 0x6984,3, 0x4124,9, 0x6984,3, 0x4124,3,
    0x6984,3, 0x4124,6, 0x28E5,1, 0x18C5,30, 0x4125,1, 0x6984,38, 0x4125,1, 0x18C5,30,
    0x4125,1, 0xBB29,36, 0x6984,2, 0x4125,1, 0x18C5,30, 0x4125,1, 0xBB29,1, 0xF572,2,
    0xF514,2, 0xF572,1, 0xDC4D,30, 0xBB29,1, 0x6984,1, 0x4125,1, 0x18C5,30, 0x4125,1,
    0xBB29,1, 0xF572,1, 0xF514,1, 0xFE98,2, 0xF572,1, 0xDC4D,29, 0xBB29,1, 0x6984,2,
    0x4125,1, 0x18C5,24, 0x28E5,1, 0x4125,5, 0x5144,1, 0xBB29,1, 0xF572,5, 0xDC4D,29,
    0xBB29,1, 0x6984,2, 0x5144,1, 0x4125,5, 0x28E5,1, 0x18C5,16, 0x28E5,1, 0x4125,1,
    0x69A5,1, 0xBB29,6, 0xDC4D,1, 0xF572,1, 0xDC4D,33, 0xBB29,8, 0x6984,1, 0x69A5,1,
    0x28E5,1, 0x18C5,15, 0x4124,1, 0x6984,2, 0xDC4D,1, 0xF572,7, 0xDC4D,33, 0xBB29,1,
    0xDC4D,1, 0xF572,5, 0xDC4D,1, 0xBB29,1, 0x6984,1, 0x4124,1, 0x18C5,15, 0x4124,1,
    0x6984,2, 0xBB29,1, 0xDC4D,5, 0xF572,2, 0xDC4D,6, 0x1882,3, 0xDC4D,15, 0x1882,3,
    0xDC4D,6, 0xBB29,1, 0xDC4D,6, 0xBB29,1, 0x6984,2, 0x4124,1, 0x18C5,15, 0x28E5,1,
    0x4125,2, 0x69A5,1, 0x6984,1, 0xBB29,1, 0xDC4D,4, 0xF572,1, 0xDC4D,5, 0xEBEF,1,
    0x6984,2, 0x1882,1, 0xDC4D,15, 0x1882,2, 0x6984,1, 0xEBEF,2, 0xDC4D,4, 0xBB29,2,
    0xDC4D,4, 0xBB29,1, 0x69A5,1, 0x4125,2, 0x28E5,1, 0x18C5,18, 0x4125,1, 0x6984,1,
    0xBB29,1, 0xDC4D,4, 0xF572,1, 0xDC4D,5, 0xEBEF,3, 0xDC4D,18, 0xEBEF,3, 0xDC4D,4,
    0xBB29,2, 0xDC4D,4, 0xBB29,1, 0x4125,1, 0x18C5,21, 0x4125,1, 0x6984,1, 0xBB29,1,
    0xDC4D,4, 0xF572,1, 0xDC4D,5, 0xEBEF,3, 0xDC4D,18, 0xEBEF,3, 0xDC4D,4, 0xBB29,2,
    0xDC4D,4, 0xBB29,1, 0x4125,1, 0x18C5,18, 0x28E5,1, 0x4125,2, 0x7A48,1, 0xBB29,1,
    0xDC4D,7, 0xBB29,2, 0xDC4D,2, 0xEBEF,3, 0xDC4D,1, 0xBB29,15, 0xDC4D,2, 0xEBEF,3,
    0xDC4D,1, 0xBB29,5, 0xDC4D,5, 0x7A48,1, 0x4125,2, 0x28E5,1, 0x18C5,15, 0x4124,1,
    0x6984,2, 0xBB29,1, 0xF572,1, 0xDC4D,6, 0xBB29,5, 0xEBEF,3, 0xBB29,18, 0xEBEF,3,
    0xBB29,6, 0xDC4D,5, 0xBB29,1, 0x6984,2, 0x4124,1, 0x18C5,15, 0x4124,1, 0x6984,2,
    0xBB29,1, 0xDC4D,2, 0xBB29,3, 0xDC4D,2, 0xBB29,5, 0xDC4D,3, 0xBB29,18, 0xDC4D,3,
    0xBB29,10, 0xDC4D,1, 0xBB29,1, 0x6984,2, 0x4124,1, 0x18C5,15, 0x28E5,1, 0x4125,1,
    0x69A5,1, 0x6984,6, 0xBB29,3, 0x6984,41, 0x69A5,1, 0x28E5,1, 0x18C5,17, 0x4125,1,
    0x6984,50, 0x4125,1, 0x18C5,18, 0x20C4,1, 0x3904,50, 0x28E5,1, 0x18C5,18, 0x1084,51,
    0x18C5,24, 0x10A4,42, 0x18C5,21, 0x18C5,519, 0x31C9,11, 0x18C5,59, 0x52CD,11, 0x18C5,59,
    0x52CD,11, 0x18C5,59, 0x31C9,5, 0x52CD,3, 0x31C9,3, 0x18C5,64, 0x52CD,3, 0x18C5,65,
    0x31C9,2, 0x52CD,1, 0x31C9,2, 0x18C5,64, 0x31C9,1, 0x52CD,2, 0x31C9,1, 0x18C5,66,
    0x52CD,3, 0x18C5,65, 0x31C9,2, 0x52CD,3, 0x31C9,6, 0x18C5,54, 0x424B,1, 0x73D0,4,
    0x94D4,9, 0x52CD,2, 0x18C5,54, 0x73D0,1, 0xCEDB,13, 0x52CD,2, 0x18C5,54, 0x73D0,1,
    0xCEDB,13, 0x18C5,56, 0x424B,1, 0x73D0,7, 0xA556,1, 0xCEDB,2, 0xA556,1, 0x73D0,2,
    0x18C5,64, 0x73D0,1, 0xCEDB,2, 0x73D0,1, 0x18C5,64, 0x424B,1, 0x73D0,1, 0xA556,2,
    0x73D0,1, 0x424B,1, 0x18C5,63, 0x424B,1, 0xA556,1, 0xCEDB,1, 0xA556,1, 0x424B,1,
    0x18C5,65, 0x73D0,1, 0xCEDB,2, 0x73D0,1, 0x18C5,64, 0x424B,1, 0x73D0,1, 0xA556,2,
    0x73D0,1, 0x424B,1, 0x18C5,63, 0x424B,1, 0xA556,1, 0xCEDB,1, 0xA556,1, 0x424B,1,
    0x18C5,65, 0x73D0,1, 0xCEDB,2, 0x73D0,1, 0x18C5,64, 0x424B,1, 0x73D0,1, 0xA556,1,
    0xCEDB,2, 0xA556,1, 0x73D0,8, 0x18C5,56, 0x73D0,1, 0xCEDB,13, 0x18C5,56, 0x73D0,1,
    0xCEDB,13, 0x18C5,694, 0x9535,8, 0x18C5,62, 0x9535,8, 0x18C5,67, 0x9535,1, 0x18C5,67,
    0x9535,2, 0x18C5,68, 0x9535,2, 0x18C5,67, 0x9535,1, 0x18C5,67, 0x9535,8, 0x18C5,62,
    0x9535,8, 0x18C5,394, 0x4124,3, 0x18C5,3, 0x4124,3, 0x18C5,9, 0x4124,3, 0x18C5,3,
    0x4124,3, 0x18C5,43, 0x6984,3, 0x18C5,3, 0x6984,3, 0x18C5,9, 0x6984,3, 0x18C5,3,
    0x6984,3, 0x18C5,43, 0x6984,3, 0x18C5,3, 0x6984,3, 0x18C5,9, 0x6984,3, 0x18C5,3,
    0x6984,3, 0x18C5,43, 0xBB29,2, 0x6984,1, 0x18C5,3, 0xBB29,2, 0x6984,1, 0x18C5,9,
    0xBB29,2, 0x6984,1, 0x18C5,3, 0xBB29,2, 0x6984,1, 0x18C5,43, 0xBB29,2, 0x6984,1,
    0x18C5,3, 0xBB29,2, 0x6984,1, 0x18C5,9, 0xBB29,2, 0x6984,1, 0x18C5,3, 0xBB29,2,
    0x6984,1, 0x18C5,37, 0x4125,1, 0x6984,38, 0x4125,1, 0x18C5,30, 0x4125,1, 0x6984,38,
    0x4125,1, 0x18C5,30, 0x4125,1, 0xBB29,1, 0xF572,34, 0xDC4D,1, 0xBB29,1, 0x6984,1,
    0x4125,1, 0x18C5,24, 0x4125,1, 0x6984,6, 0xBB29,1, 0xF572,1, 0xF514,1, 0xFE98,2,
    0xF572,1, 0xDC4D,29, 0xBB29,1, 0x6984,8, 0x4125,1, 0x18C5,18, 0x4125,1, 0x6984,6,
    0xBB29,1, 0xF572,1, 0xF514,1, 0xFE98,2, 0xF572,1, 0xDC4D,29, 0xBB29,1, 0x6984,8,
    0x4125,1, 0x18C5,16, 0x4124,1, 0x6984,2, 0xDC4D,1, 0xF572,7, 0xDC4D,33, 0xBB29,1,
    0xDC4D,1, 0xF572,5, 0xDC4D,1, 0xBB29,1, 0x6984,1, 0x4124,1, 0x18C5,15, 0x4124,1,
    0x6984,3, 0xBB29,2, 0xDC4D,4, 0xF572,1, 0xDC4D,33, 0xBB29,2, 0xDC4D,4, 0xBB29,1,
    0x6984,3, 0x4124,1, 0x18C5,15, 0x4124,1, 0x6984,3, 0xBB29,2, 0xDC4D,4, 0xF572,1,
    0xDC4D,6, 0x6984,3, 0xDC4D,15, 0x6984,3, 0xDC4D,6, 0xBB29,2, 0xDC4D,4, 0xBB29,1,
    0x6984,3, 0x4124,1, 0x18C5,18, 0x4125,1, 0x6984,1, 0xBB29,1, 0xDC4D,4, 0xF572,1,
    0xDC4D,6, 0x1882,3, 0xDC4D,15, 0x1882,3, 0xDC4D,6, 0xBB29,2, 0xDC4D,4, 0xBB29,1,
    0x4125,1, 0x18C5,21, 0x4125,1, 0x6984,1, 0xBB29,1, 0xDC4D,4, 0xF572,1, 0xDC4D,5,
    0xEBEF,3, 0x6984,1, 0xDC4D,15, 0x6984,2, 0xEBEF,3, 0xDC4D,4, 0xBB29,2, 0xDC4D,4,
    0xBB29,1, 0x4125,1, 0x18C5,21, 0x4125,1, 0x6984,1, 0xBB29,1, 0xDC4D,4, 0xF572,1,
    0xDC4D,5, 0xEBEF,3, 0xDC4D,18, 0xEBEF,3, 0xDC4D,4, 0xBB29,2, 0xDC4D,4, 0xBB29,1,
    0x4125,1, 0x18C5,18, 0x4124,1, 0x6984,2, 0xBB29,1, 0xF572,1, 0xDC4D,6, 0xBB29,3,
    0xEBEF,2, 0xF514,3, 0xEBEF,1, 0xBB29,15, 0xEBEF,2, 0xF514,3, 0xEBEF,1, 0xBB29,5,
    0xDC4D,5, 0xBB29,1, 0x6984,2, 0x4124,1, 0x18C5,15, 0x4124,1, 0x6984,2, 0xBB29,7,
    0xDC4D,1, 0xBB29,5, 0xEBEF,3, 0xBB29,18, 0xEBEF,3, 0xBB29,13, 0x6984,1, 0x4124,1,
    0x18C5,15, 0x4124,1, 0x6984,2, 0xBB29,7, 0xDC4D,1, 0xBB29,5, 0xEBEF,3, 0xBB29,18,
    0xEBEF,3, 0xBB29,13, 0x6984,1, 0x4124,1, 0x18C5,17, 0x4125,1, 0x6984,50, 0x4125,1,
    0x18C5,18, 0x1084,51, 0x18C5,19, 0x1084,51, 0x18C5,24, 0x10A4,42, 0x18C5,21, 0x18C5,449,
    0x52CD,11, 0x18C5,59, 0x52CD,11, 0x18C5,59, 0x52CD,11, 0x18C5,64, 0x52CD,3, 0x18C5,67,
    0x52CD,3, 0x18C5,65, 0x52CD,3, 0x18C5,66, 0x52CD,3, 0x18C5,67, 0x52CD,3, 0x18C5,65,
    0x52CD,11, 0x18C5,56, 0xCEDB,14, 0x18C5,56, 0xCEDB,14, 0x18C5,56, 0xCEDB,14, 0x18C5,64,
    0xCEDB,3, 0x18C5,67, 0xCEDB,3, 0x18C5,65, 0xCEDB,3, 0x18C5,66, 0xCEDB,3, 0x18C5,67,
    0xCEDB,3, 0x18C5,65, 0xCEDB,3, 0x18C5,66, 0xCEDB,3, 0x18C5,67, 0xCEDB,3, 0x18C5,65,
    0xCEDB,14, 0x18C5,56, 0xCEDB,14, 0x18C5,56, 0xCEDB,14, 0x18C5,762, 0x9535,8, 0x18C5,62,
    0x9535,8, 0x18C5,67, 0x9535,1, 0x18C5,67, 0x9535,2, 0x18C5,68, 0x9535,2, 0x18C5,67,
    0x9535,1, 0x18C5,67, 0x9535,8, 0x18C5,62, 0x9535,8, 0x18C5,394, 0x4124,3, 0x18C5,3,
    0x4124,3, 0x18C5,9, 0x4124,3, 0x18C5,3, 0x4124,3, 0x18C5,43, 0x6984,3, 0x18C5,3,
    0x6984,3, 0x18C5,9, 0x6984,3, 0x18C5,3, 0x6984,3, 0x18C5,43, 0x6984,3, 0x18C5,3,
    0x6984,3, 0x18C5,9, 0x6984,3, 0x18C5,3, 0x6984,3, 0x18C5,43, 0xBB29,2, 0x6984,1,
    0x18C5,3, 0xBB29,2, 0x6984,1, 0x18C5,9, 0xBB29,2, 0x6984,1, 0x18C5,3, 0xBB29,2,
    0x6984,1, 0x18C5,43, 0xBB29,2, 0x6984,1, 0x18C5,3, 0xBB29,2, 0x6984,1, 0x18C5,9,
    0xBB29,2, 0x6984,1, 0x18C5,3, 0xBB29,2, 0x6984,1, 0x18C5,37, 0x4125,1, 0x6984,38,
    0x4125,1, 0x18C5,30, 0x4125,1, 0x6984,38, 0x4125,1, 0x18C5,30, 0x4125,1, 0xBB29,1,
    0xF572,34, 0xDC4D,1, 0xBB29,1, 0x6984,1, 0x4125,1, 0x18C5,24, 0x4125,1, 0x6984,6,
    0xBB29,1, 0xF572,1, 0xF514,1, 0xFE98,2, 0xF572,1, 0xDC4D,29, 0xBB29,1, 0x6984,8,
    0x4125,1, 0x18C5,18, 0x4125,1, 0x6984,6, 0xBB29,1, 0xF572,1, 0xF514,1, 0xFE98,2,
    0xF572,1, 0xDC4D,29, 0xBB29,1, 0x6984,8, 0x4125,1, 0x18C5,16, 0x4124,1, 0x6984,2,
    0xDC4D,1, 0xF572,7, 0xDC4D,33, 0xBB29,1, 0xDC4D,1, 0xF572,5, 0xDC4D,1, 0xBB29,1,
    0x6984,1, 0x4124,1, 0x18C5,15, 0x4124,1, 0x6984,3, 0xBB29,2, 0xDC4D,4, 0xF572,1,
    0xDC4D,33, 0xBB29,2, 0xDC4D,4, 0xBB29,1, 0x6984,3, 0x4124,1, 0x18C5,15, 0x4124,1,
    0x6984,3, 0xBB29,2, 0xDC4D,4, 0xF572,1, 0xDC4D,6, 0x6984,3, 0xDC4D,15, 0x6984,3,
    0xDC4D,6, 0xBB29,2, 0xDC4D,4, 0xBB29,1, 0x6984,3, 0x4124,1, 0x18C5,18, 0x4125,1,
    0x6984,1, 0xBB29,1, 0xDC4D,4, 0xF572,1, 0xDC4D,6, 0x1882,3, 0xDC4D,15, 0x1882,3,
    0xDC4D,6, 0xBB29,2, 0xDC4D,4, 0xBB29,1, 0x4125,1, 0x18C5,21, 0x4125,1, 0x6984,1,
    0xBB29,1, 0xDC4D,4, 0xF572,1, 0xDC4D,5, 0xEBEF,3, 0x6984,1, 0xDC4D,15, 0x6984,2,
    0xEBEF,3, 0xDC4D,4, 0xBB29,2, 0xDC4D,4, 0xBB29,1, 0x4125,1, 0x18C5,21, 0x4125,1,
    0x6984,1, 0xBB29,1, 0xDC4D,4, 0xF572,1, 0xDC4D,5, 0xEBEF,3, 0xDC4D,18, 0xEBEF,3,
    0xDC4D,4, 0xBB29,2, 0xDC4D,4, 0xBB29,1, 0x4125,1, 0x18C5,18, 0x4124,1, 0x6984,2,
    0xBB29,1, 0xF572,1, 0xDC4D,6, 0xBB29,3, 0xEBEF,2, 0xF514,3, 0xEBEF,1, 0xBB29,15,
    0xEBEF,2, 0xF514,3, 0xEBEF,1, 0xBB29,5, 0xDC4D,5, 0xBB29,1, 0x6984,2, 0x4124,1,
    0x18C5,15, 0x4124,1, 0x6984,2, 0xBB29,7, 0xDC4D,1, 0xBB29,5, 0xEBEF,3, 0xBB29,18,
    0xEBEF,3, 0xBB29,13, 0x6984,1, 0x4124,1, 0x18C5,15, 0x4124,1, 0x6984,2, 0xBB29,7,
    0xDC4D,1, 0xBB29,5, 0xEBEF,3, 0xBB29,18, 0xEBEF,3, 0xBB29,13, 0x6984,1, 0x4124,1,
    0x18C5,17, 0x4125,1, 0x6984,50, 0x4125,1, 0x18C5,18, 0x1084,51, 0x18C5,19, 0x1084,51,
    0x18C5,24, 0x10A4,42, 0x18C5,21, 0x18C5,869, 0xCEDB,14, 0x18C5,56, 0xCEDB,14, 0x18C5,56,
    0xCEDB,14, 0x18C5,64, 0xCEDB,3, 0x18C5,67, 0xCEDB,3, 0x18C5,65, 0xCEDB,3, 0x18C5,66,
    0xCEDB,3, 0x18C5,67, 0xCEDB,3, 0x18C5,65, 0xCEDB,3, 0x18C5,66, 0xCEDB,3, 0x18C5,67,
    0xCEDB,3, 0x18C5,65, 0xCEDB,14, 0x18C5,56, 0xCEDB,14, 0x18C5,56, 0xCEDB,14, 0x18C5,967,
    0x52ED,1, 0x9535,7, 0x18C5,62, 0x52ED,1, 0x9535,7, 0x18C5,67, 0x52ED,2, 0x18C5,66,
    0x52ED,1, 0x9535,1, 0x52ED,1, 0x18C5,67, 0x52ED,1, 0x9535,1, 0x52ED,1, 0x18C5,66,
    0x52ED,2, 0x18C5,66, 0x52ED,1, 0x9535,7, 0x18C5,62, 0x52ED,1, 0x9535,7, 0x18C5,396,
    0x4124,3, 0x18C5,3, 0x4124,3, 0x18C5,9, 0x4124,3, 0x18C5,3, 0x4124,3, 0x18C5,43,
    0x6984,3, 0x18C5,3, 0x6984,3, 0x18C5,9, 0x6984,3, 0x18C5,3, 0x6984,3, 0x18C5,43,
    0x6984,3, 0x18C5,3, 0x6984,3, 0x18C5,9, 0x6984,3, 0x18C5,3, 0x6984,3, 0x18C5,43,
    0xBB29,2, 0x6984,1, 0x18C5,3, 0xBB29,2, 0x6984,1, 0x18C5,9, 0xBB29,2, 0x6984,1,
    0x18C5,3, 0xBB29,2, 0x6984,1, 0x18C5,43, 0xBB29,2, 0x6984,1, 0x18C5,3, 0xBB29,2,
    0x6984,1, 0x18C5,9, 0xBB29,2, 0x6984,1, 0x18C5,3, 0xBB29,2, 0x6984,1, 0x18C5,37,
    0x4125,1, 0x6984,38, 0x4125,1, 0x18C5,30, 0x4125,1, 0x6984,38, 0x4125,1, 0x18C5,30,
    0x4125,1, 0xBB29,1, 0xF572,34, 0xDC4D,1, 0xBB29,1, 0x6984,1, 0x4125,1, 0x18C5,24,
    0x4125,1, 0x6984,6, 0xBB29,1, 0xF572,1, 0xF514,1, 0xFE98,2, 0xF572,1, 0xDC4D,29,
    0xBB29,1, 0x6984,8, 0x4125,1, 0x18C5,18, 0x4125,1, 0x6984,6, 0xBB29,1, 0xF572,1,
    0xF514,1, 0xFE98,2, 0xF572,1, 0xDC4D,29, 0xBB29,1, 0x6984,8, 0x4125,1, 0x18C5,16,
    0x4124,1, 0x6984,2, 0xDC4D,1, 0xF572,7, 0xDC4D,33, 0xBB29,1, 0xDC4D,1, 0xF572,5,
    0xDC4D,1, 0xBB29,1, 0x6984,1, 0x4124,1, 0x18C5,15, 0x4124,1, 0x6984,3, 0xBB29,2,
    0xDC4D,4, 0xF572,1, 0xDC4D,33, 0xBB29,2, 0xDC4D,4, 0xBB29,1, 0x6984,3, 0x4124,1,
    0x18C5,15, 0x4124,1, 0x6984,3, 0xBB29,2, 0xDC4D,4, 0xF572,1, 0xDC4D,6, 0x6984,3,
    0xDC4D,15, 0x6984,3, 0xDC4D,6, 0xBB29,2, 0xDC4D,4, 0xBB29,1, 0x6984,3, 0x4124,1,
    0x18C5,18, 0x4125,1, 0x6984,1, 0xBB29,1, 0xDC4D,4, 0xF572,1, 0xDC4D,6, 0x1882,3,
    0xDC4D,15, 0x1882,3, 0xDC4D,6, 0xBB29,2, 0xDC4D,4, 0xBB29,1, 0x4125,1, 0x18C5,21,
    0x4125,1, 0x6984,1, 0xBB29,1, 0xDC4D,4, 0xF572,1, 0xDC4D,5, 0xEBEF,3, 0x6984,1,
    0xDC4D,15, 0x6984,2, 0xEBEF,3, 0xDC4D,4, 0xBB29,2, 0xDC4D,4, 0xBB29,1, 0x4125,1,
    0x18C5,21, 0x4125,1, 0x6984,1, 0xBB29,1, 0xDC4D,4, 0xF572,1, 0xDC4D,5, 0xEBEF,3,
    0xDC4D,18, 0xEBEF,3, 0xDC4D,4, 0xBB29,2, 0xDC4D,4, 0xBB29,1, 0x4125,1, 0x18C5,18,
    0x4124,1, 0x6984,2, 0xBB29,1, 0xF572,1, 0xDC4D,6, 0xBB29,3, 0xEBEF,2, 0xF514,3,
    0xEBEF,1, 0xBB29,15, 0xEBEF,2, 0xF514,3, 0xEBEF,1, 0xBB29,5, 0xDC4D,5, 0xBB29,1,
    0x6984,2, 0x4124,1, 0x18C5,15, 0x4124,1, 0x6984,2, 0xBB29,7, 0xDC4D,1, 0xBB29,5,
    0xEBEF,3, 0xBB29,18, 0xEBEF,3, 0xBB29,13, 0x6984,1, 0x4124,1, 0x18C5,15, 0x4124,1,
    0x6984,2, 0xBB29,7, 0xDC4D,1, 0xBB29,5, 0xEBEF,3, 0xBB29,18, 0xEBEF,3, 0xBB29,13,
    0x6984,1, 0x4124,1, 0x18C5,17, 0x4125,1, 0x6984,50, 0x4125,1, 0x18C5,18, 0x1084,51,
    0x18C5,19, 0x1084,51, 0x18C5,24, 0x10A4,42, 0x18C5,21, 0x18C5,869, 0xCEDB,14, 0x18C5,56,
    0xCEDB,14, 0x18C5,56, 0xCEDB,14, 0x18C5,64, 0xCEDB,3, 0x18C5,67, 0xCEDB,3, 0x18C5,65,
    0xCEDB,3, 0x18C5,66, 0xCEDB,3, 0x18C5,67, 0xCEDB,3, 0x18C5,65, 0xCEDB,3, 0x18C5,66,
    0xCEDB,3, 0x18C5,67, 0xCEDB,3, 0x18C5,65, 0xCEDB,14, 0x18C5,56, 0xCEDB,14, 0x18C5,56,
    0xCEDB,14, 0x18C5,756, 0x9535,8, 0x18C5,62, 0x9535,8, 0x18C5,67, 0x9535,1, 0x18C5,67,
    0x9535,2, 0x18C5,68, 0x9535,2, 0x18C5,67, 0x9535,1, 0x18C5,67, 0x9535,8, 0x18C5,62,
    0x9535,8, 0x18C5,607, 0x4124,3, 0x18C5,3, 0x4124,3, 0x18C5,9, 0x4124,3, 0x18C5,3,
    0x4124,3, 0x18C5,43, 0x6984,3, 0x18C5,3, 0x6984,3, 0x18C5,9, 0x6984,3, 0x18C5,3,
    0x6984,3, 0x18C5,43, 0x6984,3, 0x18C5,3, 0x6984,3, 0x18C5,6, 0x52CD,3, 0xBB29,3,
    0x52CD,2, 0x18C5,1, 0x6984,3, 0x18C5,43, 0xBB29,2, 0x6984,1, 0x18C5,3, 0xBB29,2,
    0x6984,1, 0x18C5,6, 0x52CD,3, 0xDC4D,2, 0xBB29,1, 0x52CD,2, 0x18C5,1, 0xBB29,2,
    0x6984,1, 0x18C5,43, 0xBB29,2, 0x6984,1, 0x18C5,3, 0xBB29,2, 0x6984,1, 0x18C5,9,
    0xBB29,3, 0x18C5,3, 0xBB29,2, 0x6984,1, 0x18C5,37, 0x4125,1, 0x6984,23, 0xBB29,2,
    0x6984,13, 0x4125,1, 0x18C5,30, 0x4125,1, 0x6984,23, 0xBB29,2, 0x6984,13, 0x4125,1,
    0x18C5,30, 0x4125,1, 0xBB29,1, 0xF572,34, 0xDC4D,1, 0xBB29,1, 0x6984,1, 0x4125,1,
    0x18C5,24, 0x4125,1, 0x6984,6, 0xBB29,1, 0xF572,1, 0xF514,1, 0xFE98,2, 0xF572,1,
    0xDC4D,14, 0xF572,8, 0xDC4D,7, 0xBB29,1, 0x6984,8, 0x4125,1, 0x18C5,18, 0x4125,1,
    0x6984,6, 0xBB29,1, 0xF572,1, 0xF514,1, 0xFE98,2, 0xF572,1, 0xDC4D,14, 0xF572,8,
    0xDC4D,7, 0xBB29,1, 0x6984,8, 0x4125,1, 0x18C5,16, 0x4124,1, 0x6984,2, 0xDC4D,1,
    0xF572,7, 0xDC4D,33, 0xBB29,1, 0xDC4D,1, 0xF572,5, 0xDC4D,1, 0xBB29,1, 0x6984,1,
    0x4124,1, 0x18C5,15, 0x4124,1, 0x6984,3, 0xBB29,2, 0xDC4D,4, 0xF572,1, 0xDC4D,33,
    0xBB29,2, 0xDC4D,4, 0xBB29,1, 0x6984,3, 0x4124,1, 0x18C5,15, 0x4124,1, 0x6984,3,
    0xBB29,2, 0xDC4D,4, 0xF572,1, 0xDC4D,6, 0x6984,3, 0xDC4D,15, 0x6984,3, 0xDC4D,6,
    0xBB29,2, 0xDC4D,4, 0xBB29,1, 0x6984,3, 0x4124,1, 0x18C5,18, 0x4125,1, 0x6984,1,
    0xBB29,1, 0xDC4D,4, 0xF572,1, 0xDC4D,6, 0x1882,3, 0xDC4D,15, 0x1882,3, 0xDC4D,6,
    0xBB29,2, 0xDC4D,4, 0xBB29,1, 0x4125,1, 0x18C5,21, 0x4125,1, 0x6984,1, 0xBB29,1,
    0xDC4D,4, 0xF572,1, 0xDC4D,5, 0xEBEF,3, 0x6984,1, 0xDC4D,15, 0x6984,2, 0xEBEF,3,
    0xDC4D,4, 0xBB29,2, 0xDC4D,4, 0xBB29,1, 0x4125,1, 0x18C5,21, 0x4125,1, 0x6984,1,
    0xBB29,1, 0xDC4D,4, 0xF572,1, 0xDC4D,5, 0xEBEF,3, 0xDC4D,18, 0xEBEF,3, 0xDC4D,4,
    0xBB29,2, 0xDC4D,4, 0xBB29,1, 0x4125,1, 0x18C5,18, 0x4124,1, 0x6984,2, 0xBB29,1,
    0xF572,1, 0xDC4D,6, 0xBB29,3, 0xEBEF,2, 0xF514,3, 0xEBEF,1, 0xBB29,15, 0xEBEF,2,
    0xF514,3, 0xEBEF,1, 0xBB29,5, 0xDC4D,5, 0xBB29,1, 0x6984,2, 0x4124,1, 0x18C5,15,
    0x4124,1, 0x6984,2, 0xBB29,7, 0xDC4D,1, 0xBB29,5, 0xEBEF,3, 0xBB29,18, 0xEBEF,3,
    0xBB29,13, 0x6984,1, 0x4124,1, 0x18C5,15, 0x4124,1, 0x6984,2, 0xBB29,7, 0xDC4D,1,
    0xBB29,5, 0xEBEF,3, 0xBB29,18, 0xEBEF,3, 0xBB29,13, 0x6984,1, 0x4124,1, 0x18C5,17,
    0x4125,1, 0x6984,50, 0x4125,1, 0x18C5,18, 0x1084,51, 0x18C5,19, 0x1084,51, 0x18C5,24,
    0x10A4,42, 0x18C5,21, 0x18C5,869, 0x94F4,14, 0x18C5,56, 0x94F4,14, 0x18C5,56, 0x94F4,14,
    0x18C5,64, 0x94F4,3, 0x18C5,67, 0x94F4,3, 0x18C5,65, 0x94F4,3, 0x18C5,66, 0x94F4,3,
    0x18C5,67, 0x94F4,3, 0x18C5,65, 0x94F4,3, 0x18C5,66, 0x94F4,3, 0x18C5,67, 0x94F4,3,
    0x18C5,65, 0x94F4,14, 0x18C5,56, 0x94F4,14, 0x18C5,56, 0x94F4,14, 0x18C5,613, 0x52ED,8,
    0x18C5,62, 0x9535,8, 0x18C5,62, 0x52ED,5, 0x9535,1, 0x52ED,2, 0x18C5,65, 0x52ED,3,
    0x18C5,67, 0x9535,2, 0x18C5,67, 0x52ED,3, 0x18C5,65, 0x52ED,2, 0x9535,1, 0x52ED,5,
    0x18C5,62, 0x9535,8, 0x18C5,750, 0x4124,3, 0x18C5,3, 0x4124,3, 0x18C5,6, 0x4A8C,3,
    0x62CB,3, 0x4A8C,2, 0x18C5,1, 0x4124,3, 0x18C5,43, 0x6984,3, 0x18C5,3, 0x6984,3,
    0x18C5,6, 0x8452,3, 0x9535,3, 0x8452,2, 0x18C5,1, 0x6984,3, 0x18C5,43, 0x6984,3,
    0x18C5,3, 0x6984,3, 0x18C5,6, 0x4A8C,3, 0xBB29,2, 0x9535,1, 0x4A8C,2, 0x18C5,1,
    0x6984,3, 0x18C5,43, 0xBB29,2, 0x6984,1, 0x18C5,3, 0xBB29,2, 0x6984,1, 0x18C5,9,
    0xDC4D,2, 0xBB29,1, 0x18C5,3, 0xBB29,2, 0x6984,1, 0x18C5,43, 0xBB29,2, 0x6984,1,
    0x18C5,3, 0xBB29,2, 0x6984,1, 0x18C5,9, 0x9535,2, 0x6984,1, 0x18C5,3, 0xBB29,2,
    0x6984,1, 0x18C5,37, 0x4125,1, 0x6984,22, 0xBB29,3, 0x6984,13, 0x4125,1, 0x18C5,30,
    0x4125,1, 0x6984,20, 0xBB29,2, 0x9535,1, 0xBB29,5, 0x6984,10, 0x4125,1, 0x18C5,30,
    0x4125,1, 0xBB29,1, 0xF572,19, 0xB5F8,8, 0xF572,7, 0xDC4D,1, 0xBB29,1, 0x6984,1,
    0x4125,1, 0x18C5,24, 0x4125,1, 0x6984,6, 0xBB29,1, 0xF572,1, 0xF514,1, 0xFE98,2,
    0xF572,1, 0xDC4D,29, 0xBB29,1, 0x6984,8, 0x4125,1, 0x18C5,18, 0x4125,1, 0x6984,6,
    0xBB29,1, 0xF572,1, 0xF514,1, 0xFE98,2, 0xF572,1, 0xDC4D,29, 0xBB29,1, 0x6984,8,
    0x4125,1, 0x18C5,16, 0x4124,1, 0x6984,2, 0xDC4D,1, 0xF572,7, 0xDC4D,33, 0xBB29,1,
    0xDC4D,1, 0xF572,5, 0xDC4D,1, 0xBB29,1, 0x6984,1, 0x4124,1, 0x18C5,15, 0x4124,1,
    0x6984,3, 0xBB29,2, 0xDC4D,4, 0xF572,1, 0xDC4D,33, 0xBB29,2, 0xDC4D,4, 0xBB29,1,
    0x6984,3, 0x4124,1, 0x18C5,15, 0x4124,1, 0x6984,3, 0xBB29,2, 0xDC4D,4, 0xF572,1,
    0xDC4D,6, 0x6984,3, 0xDC4D,15, 0x6984,3, 0xDC4D,6, 0xBB29,2, 0xDC4D,4, 0xBB29,1,
    0x6984,3, 0x4124,1, 0x18C5,18, 0x4125,1, 0x6984,1, 0xBB29,1, 0xDC4D,4, 0xF572,1,
    0xDC4D,6, 0x1882,3, 0xDC4D,15, 0x1882,3, 0xDC4D,6, 0xBB29,2, 0xDC4D,4, 0xBB29,1,
    0x4125,1, 0x18C5,21, 0x4125,1, 0x6984,1, 0xBB29,1, 0xDC4D,4, 0xF572,1, 0xDC4D,5,
    0xEBEF,3, 0x6984,1, 0xDC4D,15, 0x6984,2, 0xEBEF,3, 0xDC4D,4, 0xBB29,2, 0xDC4D,4,
    0xBB29,1, 0x4125,1, 0x18C5,21, 0x4125,1, 0x6984,1, 0xBB29,1, 0xDC4D,4, 0xF572,1,
    0xDC4D,5, 0xEBEF,3, 0xDC4D,18, 0xEBEF,3, 0xDC4D,4, 0xBB29,2, 0xDC4D,4, 0xBB29,1,
    0x4125,1, 0x18C5,18, 0x4124,1, 0x6984,2, 0xBB29,1, 0xF572,1, 0xDC4D,6, 0xBB29,3,
    0xEBEF,2, 0xF514,3, 0xEBEF,1, 0xBB29,15, 0xEBEF,2, 0xF514,3, 0xEBEF,1, 0xBB29,5,
    0xDC4D,5, 0xBB29,1, 0x6984,2, 0x4124,1, 0x18C5,15, 0x4124,1, 0x6984,2, 0xBB29,7,
    0xDC4D,1, 0xBB29,5, 0xEBEF,3, 0xBB29,18, 0xEBEF,3, 0xBB29,13, 0x6984,1, 0x4124,1,
    0x18C5,15, 0x4124,1, 0x6984,2, 0xBB29,7, 0xDC4D,1, 0xBB29,5, 0xEBEF,3, 0xBB29,18,
    0xEBEF,3, 0xBB29,13, 0x6984,1, 0x4124,1, 0x18C5,17, 0x4125,1, 0x6984,50, 0x4125,1,
    0x18C5,18, 0x1084,51, 0x18C5,19, 0x1084,51, 0x18C5,24, 0x10A4,42, 0x18C5,21, 0x18C5,869,
    0x94F4,14, 0x18C5,56, 0x94F4,14, 0x18C5,56, 0x94F4,14, 0x18C5,64, 0x94F4,3, 0x18C5,67,
    0x94F4,3, 0x18C5,65, 0x94F4,3, 0x18C5,66, 0x94F4,3, 0x18C5,67, 0x94F4,3, 0x18C5,65,
    0x94F4,3, 0x18C5,66, 0x94F4,3, 0x18C5,67, 0x94F4,3, 0x18C5,65, 0x94F4,14, 0x18C5,56,
    0x94F4,14, 0x18C5,56, 0x94F4,14, 0x18C5,400, 0x52ED,11, 0x18C5,59, 0x9535,11, 0x18C5,59,
    0x9535,11, 0x18C5,59, 0x52ED,5, 0x9535,3, 0x52ED,3, 0x18C5,64, 0x9535,3, 0x18C5,65,
    0x52ED,2, 0x9535,1, 0x52ED,2, 0x18C5,64, 0x52ED,1, 0x9535,2, 0x52ED,1, 0x18C5,66,
    0x9535,3, 0x18C5,65, 0x52ED,2, 0x9535,3, 0x52ED,6, 0x18C5,59, 0x9535,11, 0x18C5,59,
    0x9535,11, 0x18C5,750, 0x4124,3, 0x18C5,3, 0x4124,3, 0x18C5,4, 0x31A9,1, 0x4A8C,4,
    0x62CB,3, 0x18C5,3, 0x4124,3, 0x18C5,43, 0x6984,3, 0x18C5,3, 0x6984,3, 0x18C5,4,
    0x4A8C,1, 0x8452,4, 0x9535,3, 0x18C5,3, 0x6984,3, 0x18C5,43, 0x6984,3, 0x18C5,3,
    0x6984,3, 0x18C5,4, 0x31A9,1, 0x4A8C,4, 0x9535,2, 0xBB29,1, 0x18C5,3, 0x6984,3,
    0x18C5,43, 0xBB29,2, 0x6984,1, 0x18C5,3, 0xBB29,2, 0x6984,1, 0x18C5,7, 0x31A9,1,
    0x4A8C,1, 0xDC4D,1, 0xBB29,1, 0x6984,1, 0x18C5,3, 0xBB29,2, 0x6984,1, 0x18C5,43,
    0xBB29,2, 0x6984,1, 0x18C5,3, 0xBB29,2, 0x6984,1, 0x18C5,7, 0x4A8C,1, 0x8452,1,
    0xDC4D,1, 0xBB29,1, 0x6984,1, 0x18C5,3, 0xBB29,2, 0x6984,1, 0x18C5,37, 0x4125,1,
    0x6984,21, 0xBB29,2, 0x6984,15, 0x4125,1, 0x18C5,30, 0x4125,1, 0x6984,19, 0xBB29,7,
    0x6984,12, 0x4125,1, 0x18C5,30, 0x4125,1, 0xBB29,1, 0xF572,18, 0xB5F8,7, 0xF572,9,
    0xDC4D,1, 0xBB29,1, 0x6984,1, 0x4125,1, 0x18C5,24, 0x4125,1, 0x6984,6, 0xBB29,1,
    0xF572,1, 0xF514,1, 0xFE98,2, 0xF572,1, 0xDC4D,29, 0xBB29,1, 0x6984,8, 0x4125,1,
    0x18C5,18, 0x4125,1, 0x6984,6, 0xBB29,1, 0xF572,1, 0xF514,1, 0xFE98,2, 0xF572,1,
    0xDC4D,29, 0xBB29,1, 0x6984,8, 0x4125,1, 0x18C5,16, 0x4124,1, 0x6984,2, 0xDC4D,1,
    0xF572,7, 0xDC4D,33, 0xBB29,1, 0xDC4D,1, 0xF572,5, 0xDC4D,1, 0xBB29,1, 0x6984,1,
    0x4124,1, 0x18C5,15, 0x4124,1, 0x6984,3, 0xBB29,2, 0xDC4D,4, 0xF572,1, 0xDC4D,33,
    0xBB29,2, 0xDC4D,4, 0xBB29,1, 0x6984,3, 0x4124,1, 0x18C5,15, 0x4124,1, 0x6984,3,
    0xBB29,2, 0xDC4D,4, 0xF572,1, 0xDC4D,6, 0x6984,3, 0xDC4D,15, 0x6984,3, 0xDC4D,6,
    0xBB29,2, 0xDC4D,4, 0xBB29,1, 0x6984,3, 0x4124,1, 0x18C5,18, 0x4125,1, 0x6984,1,
    0xBB29,1, 0xDC4D,4, 0xF572,1, 0xDC4D,6, 0x1882,3, 0xDC4D,15, 0x1882,3, 0xDC4D,6,
    0xBB29,2, 0xDC4D,4, 0xBB29,1, 0x4125,1, 0x18C5,21, 0x4125,1, 0x6984,1, 0xBB29,1,
    0xDC4D,4, 0xF572,1, 0xDC4D,5, 0xEBEF,3, 0x6984,1, 0xDC4D,15, 0x6984,2, 0xEBEF,3,
    0xDC4D,4, 0xBB29,2, 0xDC4D,4, 0xBB29,1, 0x4125,1, 0x18C5,21, 0x4125,1, 0x6984,1,
    0xBB29,1, 0xDC4D,4, 0xF572,1, 0xDC4D,5, 0xEBEF,3, 0xDC4D,18, 0xEBEF,3, 0xDC4D,4,
    0xBB29,2, 0xDC4D,4, 0xBB29,1, 0x4125,1, 0x18C5,18, 0x4124,1, 0x6984,2, 0xBB29,1,
    0xF572,1, 0xDC4D,6, 0xBB29,3, 0xEBEF,2, 0xF514,3, 0xEBEF,1, 0xBB29,15, 0xEBEF,2,
    0xF514,3, 0xEBEF,1, 0xBB29,5, 0xDC4D,5, 0xBB29,1, 0x6984,2, 0x4124,1, 0x18C5,15,
    0x4124,1, 0x6984,2, 0xBB29,7, 0xDC4D,1, 0xBB29,5, 0xEBEF,3, 0xBB29,18, 0xEBEF,3,
    0xBB29,13, 0x6984,1, 0x4124,1, 0x18C5,15, 0x4124,1, 0x6984,2, 0xBB29,7, 0xDC4D,1,
    0xBB29,5, 0xEBEF,3, 0xBB29,18, 0xEBEF,3, 0xBB29,13, 0x6984,1, 0x4124,1, 0x18C5,17,
    0x4125,1, 0x6984,50, 0x4125,1, 0x18C5,18, 0x1084,51, 0x18C5,19, 0x1084,51, 0x18C5,24,
    0x10A4,42, 0x18C5,21, 0x18C5,727, 0x39C9,1, 0x5ACD,13, 0x18C5,56, 0x5ACD,1, 0x94F4,13,
    0x18C5,56, 0x5ACD,1, 0x94F4,13, 0x18C5,56, 0x39C9,1, 0x5ACD,7, 0x7BF1,1, 0x94F4,2,
    0x7BF1,1, 0x5ACD,2, 0x18C5,64, 0x5ACD,1, 0x94F4,2, 0x5ACD,1, 0x18C5,64, 0x39C9,1,
    0x5ACD,1, 0x7BF1,2, 0x5ACD,1, 0x39C9,1, 0x18C5,63, 0x39C9,1, 0x7BF1,1, 0x94F4,1,
    0x7BF1,1, 0x39C9,1, 0x18C5,65, 0x5ACD,1, 0x94F4,2, 0x5ACD,1, 0x18C5,64, 0x39C9,1,
    0x5ACD,1, 0x7BF1,2, 0x5ACD,1, 0x39C9,1, 0x18C5,63, 0x39C9,1, 0x7BF1,1, 0x94F4,1,
    0x7BF1,1, 0x39C9,1, 0x18C5,65, 0x5ACD,1, 0x94F4,2, 0x5ACD,1, 0x18C5,64, 0x39C9,1,
    0x5ACD,1, 0x7BF1,1, 0x94F4,2, 0x7BF1,1, 0x5ACD,8, 0x18C5,56, 0x5ACD,1, 0x94F4,13,
    0x18C5,56, 0x5ACD,1, 0x94F4,13, 0x18C5,329, 0x52ED,11, 0x18C5,59, 0x9535,11, 0x18C5,59,
    0x9535,11, 0x18C5,59, 0x5B2E,5, 0x9535,3, 0x5B2E,3, 0x18C5,64, 0x9535,3, 0x18C5,65,
    0x4AAC,2, 0x9535,1, 0x5B2E,2, 0x18C5,64, 0x4AAC,1, 0x9535,2, 0x5B2E,1, 0x18C5,66,
    0x9535,3, 0x18C5,65, 0x4AAC,2, 0x9535,3, 0x4AAC,6, 0x18C5,59, 0x9535,11, 0x18C5,59,
    0x9535,11, 0x18C5,905, 0xB5F8,8, 0x18C5,50, 0x4124,3, 0x18C5,3, 0x4124,3, 0x18C5,3,
    0xB5F8,8, 0x4124,1, 0x18C5,3, 0x4124,3, 0x18C5,43, 0x6984,3, 0x18C5,3, 0x6984,3,
    0x18C5,8, 0xB5F8,1, 0x6984,3, 0x18C5,3, 0x6984,3, 0x18C5,43, 0x6984,3, 0x18C5,3,
    0x6984,3, 0x18C5,6, 0xB5F8,2, 0x18C5,1, 0x6984,3, 0x18C5,3, 0x6984,3, 0x18C5,43,
    0xBB29,2, 0x6984,1, 0x18C5,3, 0xBB29,2, 0x6984,1, 0x18C5,6, 0xB5F8,2, 0x18C5,1,
    0xBB29,2, 0x6984,1, 0x18C5,3, 0xBB29,2, 0x6984,1, 0x18C5,43, 0xBB29,2, 0x6984,1,
    0x18C5,3, 0xBB29,2, 0x6984,1, 0x18C5,5, 0xB5F8,1, 0x18C5,3, 0xBB29,2, 0x6984,1,
    0x18C5,3, 0xBB29,2, 0x6984,1, 0x18C5,37, 0x4125,1, 0x6984,17, 0xB5F8,8, 0x6984,13,
    0x4125,1, 0x18C5,30, 0x4125,1, 0x6984,17, 0xB5F8,8, 0x6984,13, 0x4125,1, 0x18C5,30,
    0x4125,1, 0xBB29,1, 0xF572,34, 0xDC4D,1, 0xBB29,1, 0x6984,1, 0x4125,1, 0x18C5,24,
    0x4125,1, 0x6984,6, 0xBB29,1, 0xF572,1, 0xF514,1, 0xFE98,2, 0xF572,1, 0xDC4D,29,
    0xBB29,1, 0x6984,8, 0x4125,1, 0x18C5,18, 0x4125,1, 0x6984,6, 0xBB29,1, 0xF572,1,
    0xF514,1, 0xFE98,2, 0xF572,1, 0xDC4D,29, 0xBB29,1, 0x6984,8, 0x4125,1, 0x18C5,16,
    0x4124,1, 0x6984,2, 0xDC4D,1, 0xF572,7, 0xDC4D,33, 0xBB29,1, 0xDC4D,1, 0xF572,5,
    0xDC4D,1, 0xBB29,1, 0x6984,1, 0x4124,1, 0x18C5,15, 0x4124,1, 0x6984,3, 0xBB29,2,
    0xDC4D,4, 0xF572,1, 0xDC4D,33, 0xBB29,2, 0xDC4D,4, 0xBB29,1, 0x6984,3, 0x4124,1,
    0x18C5,15, 0x4124,1, 0x6984,3, 0xBB29,2, 0xDC4D,4, 0xF572,1, 0xDC4D,6, 0x6984,3,
    0xDC4D,15, 0x6984,3, 0xDC4D,6, 0xBB29,2, 0xDC4D,4, 0xBB29,1, 0x6984,3, 0x4124,1,
    0x18C5,18, 0x4125,1, 0x6984,1, 0xBB29,1, 0xDC4D,4, 0xF572,1, 0xDC4D,6, 0x1882,3,
    0xDC4D,15, 0x1882,3, 0xDC4D,6, 0xBB29,2, 0xDC4D,4, 0xBB29,1, 0x4125,1, 0x18C5,21,
    0x4125,1, 0x6984,1, 0xBB29,1, 0xDC4D,4, 0xF572,1, 0xDC4D,5, 0xEBEF,3, 0x6984,1,
    0xDC4D,15, 0x6984,2, 0xEBEF,3, 0xDC4D,4, 0xBB29,2, 0xDC4D,4, 0xBB29,1, 0x4125,1,
    0x18C5,21, 0x4125,1, 0x6984,1, 0xBB29,1, 0xDC4D,4, 0xF572,1, 0xDC4D,5, 0xEBEF,3,
    0xDC4D,18, 0xEBEF,3, 0xDC4D,4, 0xBB29,2, 0xDC4D,4, 0xBB29,1, 0x4125,1, 0x18C5,18,
    0x4124,1, 0x6984,2, 0xBB29,1, 0xF572,1, 0xDC4D,6, 0xBB29,3, 0xEBEF,2, 0xF514,3,
    0xEBEF,1, 0xBB29,15, 0xEBEF,2, 0xF514,3, 0xEBEF,1, 0xBB29,5, 0xDC4D,5, 0xBB29,1,
    0x6984,2, 0x4124,1, 0x18C5,15, 0x4124,1, 0x6984,2, 0xBB29,7, 0xDC4D,1, 0xBB29,5,
    0xEBEF,3, 0xBB29,18, 0xEBEF,3, 0xBB29,13, 0x6984,1, 0x4124,1, 0x18C5,15, 0x4124,1,
    0x6984,2, 0xBB29,7, 0xDC4D,1, 0xBB29,5, 0xEBEF,3, 0xBB29,18, 0xEBEF,3, 0xBB29,13,
    0x6984,1, 0x4124,1, 0x18C5,17, 0x4125,1, 0x6984,50, 0x4125,1, 0x18C5,18, 0x1084,51,
    0x18C5,19, 0x1084,51, 0x18C5,24, 0x10A4,42, 0x18C5,21, 0x18C5,656, 0x94F4,14, 0x18C5,56,
    0x94F4,14, 0x18C5,56, 0x94F4,14, 0x18C5,64, 0x94F4,3, 0x18C5,67, 0x94F4,3, 0x18C5,65,
    0x94F4,3, 0x18C5,66, 0x94F4,3, 0x18C5,67, 0x94F4,3, 0x18C5,65, 0x94F4,3, 0x18C5,66,
    0x94F4,3, 0x18C5,67, 0x94F4,3, 0x18C5,65, 0x94F4,14, 0x18C5,56, 0x94F4,14, 0x18C5,56,
    0x94F4,14, 0x18C5,327, 0x9535,11, 0x18C5,59, 0x9535,11, 0x18C5,59, 0x9535,11, 0x18C5,64,
    0x9535,3, 0x18C5,67, 0x9535,3, 0x18C5,65, 0x9535,3, 0x18C5,66, 0x9535,3, 0x18C5,67,
    0x9535,3, 0x18C5,65, 0x9535,11, 0x18C5,59, 0x9535,11, 0x18C5,59, 0x9535,11, 0x18C5,836,
    0x3A0A,1, 0x634F,7, 0x18C5,62, 0x634F,1, 0xB5F8,7, 0x18C5,62, 0x3A0A,1, 0x636F,4,
    0x8CB3,2, 0x636F,1, 0x18C5,52, 0x4124,3, 0x18C5,3, 0x4124,3, 0x18C5,4, 0x3A0A,1,
    0x636F,2, 0x3A0A,1, 0x18C5,1, 0x4124,3, 0x18C5,3, 0x4124,3, 0x18C5,43, 0x6984,3,
    0x18C5,3, 0x6984,3, 0x18C5,4, 0x636F,1, 0xB5F8,1, 0x636F,1, 0x18C5,2, 0x6984,3,
    0x18C5,3, 0x6984,3, 0x18C5,43, 0x6984,3, 0x18C5,3, 0x6984,3, 0x18C5,3, 0x3A0A,1,
    0x636F,2, 0x3A0A,1, 0x18C5,2, 0x6984,3, 0x18C5,3, 0x6984,3, 0x18C5,43, 0xBB29,2,
    0x6984,1, 0x18C5,3, 0xBB29,2, 0x6984,1, 0x18C5,1, 0x3A0A,1, 0x636F,1, 0x8CB3,2,
    0x636F,4, 0xBB29,2, 0x6984,1, 0x18C5,3, 0xBB29,2, 0x6984,1, 0x18C5,43, 0xBB29,2,
    0x6984,1, 0x18C5,3, 0xBB29,2, 0x6984,1, 0x18C5,1, 0x634F,1, 0xB5F8,7, 0xBB29,2,
    0x6984,1, 0x18C5,3, 0xBB29,2, 0x6984,1, 0x18C5,37, 0x4125,1, 0x6984,38, 0x4125,1,
    0x18C5,30, 0x4125,1, 0x6984,38, 0x4125,1, 0x18C5,30, 0x4125,1, 0xBB29,1, 0xF572,34,
    0xDC4D,1, 0xBB29,1, 0x6984,1, 0x4125,1, 0x18C5,24, 0x4125,1, 0x6984,6, 0xBB29,1,
    0xF572,1, 0xF514,1, 0xFE98,2, 0xF572,1, 0xDC4D,29, 0xBB29,1, 0x6984,8, 0x4125,1,
    0x18C5,18, 0x4125,1, 0x6984,6, 0xBB29,1, 0xF572,1, 0xF514,1, 0xFE98,2, 0xF572,1,
    0xDC4D,29, 0xBB29,1, 0x6984,8, 0x4125,1, 0x18C5,16, 0x4124,1, 0x6984,2, 0xDC4D,1,
    0xF572,7, 0xDC4D,33, 0xBB29,1, 0xDC4D,1, 0xF572,5, 0xDC4D,1, 0xBB29,1, 0x6984,1,
    0x4124,1, 0x18C5,15, 0x4124,1, 0x6984,3, 0xBB29,2, 0xDC4D,4, 0xF572,1, 0xDC4D,33,
    0xBB29,2, 0xDC4D,4, 0xBB29,1, 0x6984,3, 0x4124,1, 0x18C5,15, 0x4124,1, 0x6984,3,
    0xBB29,2, 0xDC4D,4, 0xF572,1, 0xDC4D,6, 0x6984,3, 0xDC4D,15, 0x6984,3, 0xDC4D,6,
    0xBB29,2, 0xDC4D,4, 0xBB29,1, 0x6984,3, 0x4124,1, 0x18C5,18, 0x4125,1, 0x6984,1,
    0xBB29,1, 0xDC4D,4, 0xF572,1, 0xDC4D,6, 0x1882,3, 0xDC4D,15, 0x1882,3, 0xDC4D,6,
    0xBB29,2, 0xDC4D,4, 0xBB29,1, 0x4125,1, 0x18C5,21, 0x4125,1, 0x6984,1, 0xBB29,1,
    0xDC4D,4, 0xF572,1, 0xDC4D,5, 0xEBEF,3, 0x6984,1, 0xDC4D,15, 0x6984,2, 0xEBEF,3,
    0xDC4D,4, 0xBB29,2, 0xDC4D,4, 0xBB29,1, 0x4125,1, 0x18C5,21, 0x4125,1, 0x6984,1,
    0xBB29,1, 0xDC4D,4, 0xF572,1, 0xDC4D,5, 0xEBEF,3, 0xDC4D,18, 0xEBEF,3, 0xDC4D,4,
    0xBB29,2, 0xDC4D,4, 0xBB29,1, 0x4125,1, 0x18C5,18, 0x4124,1, 0x6984,2, 0xBB29,1,
    0xF572,1, 0xDC4D,6, 0xBB29,3, 0xEBEF,2, 0xF514,3, 0xEBEF,1, 0xBB29,15, 0xEBEF,2,
    0xF514,3, 0xEBEF,1, 0xBB29,5, 0xDC4D,5, 0xBB29,1, 0x6984,2, 0x4124,1, 0x18C5,15,
    0x4124,1, 0x6984,2, 0xBB29,7, 0xDC4D,1, 0xBB29,5, 0xEBEF,3, 0xBB29,18, 0xEBEF,3,
    0xBB29,13, 0x6984,1, 0x4124,1, 0x18C5,15, 0x4124,1, 0x6984,2, 0xBB29,7, 0xDC4D,1,
    0xBB29,5, 0xEBEF,3, 0xBB29,18, 0xEBEF,3, 0xBB29,13, 0x6984,1, 0x4124,1, 0x18C5,17,
    0x4125,1, 0x6984,50, 0x4125,1, 0x18C5,18, 0x1084,51, 0x18C5,19, 0x1084,51, 0x18C5,24,
    0x10A4,42, 0x18C5,21, 0x18C5,516, 0x5ACD,14, 0x18C5,56, 0x94F4,14, 0x18C5,56, 0x94F4,14,
    0x18C5,56, 0x5ACD,8, 0x94F4,3, 0x5ACD,3, 0x18C5,64, 0x94F4,3, 0x18C5,65, 0x5ACD,2,
    0x94F4,1, 0x5ACD,2, 0x18C5,64, 0x5ACD,1, 0x94F4,2, 0x5ACD,1, 0x18C5,66, 0x94F4,3,
    0x18C5,65, 0x5ACD,2, 0x94F4,1, 0x5ACD,2, 0x18C5,64, 0x5ACD,1, 0x94F4,2, 0x5ACD,1,
    0x18C5,66, 0x94F4,3, 0x18C5,65, 0x5ACD,2, 0x94F4,3, 0x5ACD,9, 0x18C5,56, 0x94F4,14,
    0x18C5,56, 0x94F4,14, 0x18C5,467, 0x9535,11, 0x18C5,59, 0x9535,11, 0x18C5,59, 0x9535,11,
    0x18C5,64, 0x9535,3, 0x18C5,67, 0x9535,3, 0x18C5,65, 0x9535,3, 0x18C5,66, 0x9535,3,
    0x18C5,67, 0x9535,3, 0x18C5,65, 0x9535,11, 0x18C5,59, 0x9535,11, 0x18C5,59, 0x9535,11,
    0x18C5,625, 0x634F,8, 0x18C5,62, 0xB5F8,8, 0x18C5,62, 0x636F,5, 0xB5F8,1, 0x636F,2,
    0x18C5,65, 0x636F,3, 0x18C5,67, 0xB5F8,2, 0x18C5,67, 0x636F,3, 0x18C5,56, 0x4124,3,
    0x18C5,3, 0x4124,3, 0x636F,2, 0xB5F8,1, 0x636F,5, 0x18C5,1, 0x4124,3, 0x18C5,3,
    0x4124,3, 0x18C5,43, 0x6984,3, 0x18C5,3, 0x6984,3, 0xB5F8,8, 0x18C5,1, 0x6984,3,
    0x18C5,3, 0x6984,3, 0x18C5,43, 0x6984,3, 0x18C5,3, 0x6984,3, 0x18C5,9, 0x6984,3,
    0x18C5,3, 0x6984,3, 0x18C5,43, 0xBB29,2, 0x6984,1, 0x18C5,3, 0xBB29,2, 0x6984,1,
    0x18C5,9, 0xBB29,2, 0x6984,1, 0x18C5,3, 0xBB29,2, 0x6984,1, 0x18C5,43, 0xBB29,2,
    0x6984,1, 0x18C5,3, 0xBB29,2, 0x6984,1, 0x18C5,9, 0xBB29,2, 0x6984,1, 0x18C5,3,
    0xBB29,2, 0x6984,1, 0x18C5,37, 0x4125,1, 0x6984,38, 0x4125,1, 0x18C5,30, 0x4125,1,
    0x6984,38, 0x4125,1, 0x18C5,30, 0x4125,1, 0xBB29,1, 0xF572,34, 0xDC4D,1, 0xBB29,1,
    0x6984,1, 0x4125,1, 0x18C5,24, 0x4125,1, 0x6984,6, 0xBB29,1, 0xF572,1, 0xF514,1,
    0xFE98,2, 0xF572,1, 0xDC4D,29, 0xBB29,1, 0x6984,8, 0x4125,1, 0x18C5,18, 0x4125,1,
    0x6984,6, 0xBB29,1, 0xF572,1, 0xF514,1, 0xFE98,2, 0xF572,1, 0xDC4D,29, 0xBB29,1,
    0x6984,8, 0x4125,1, 0x18C5,16, 0x4124,1, 0x6984,2, 0xDC4D,1, 0xF572,7, 0xDC4D,33,
    0xBB29,1, 0xDC4D,1, 0xF572,5, 0xDC4D,1, 0xBB29,1, 0x6984,1, 0x4124,1, 0x18C5,15,
    0x4124,1, 0x6984,3, 0xBB29,2, 0xDC4D,4, 0xF572,1, 0xDC4D,33, 0xBB29,2, 0xDC4D,4,
    0xBB29,1, 0x6984,3, 0x4124,1, 0x18C5,15, 0x4124,1, 0x6984,3, 0xBB29,2, 0xDC4D,4,
    0xF572,1, 0xDC4D,6, 0x6984,3, 0xDC4D,15, 0x6984,3, 0xDC4D,6, 0xBB29,2, 0xDC4D,4,
    0xBB29,1, 0x6984,3, 0x4124,1, 0x18C5,18, 0x4125,1, 0x6984,1, 0xBB29,1, 0xDC4D,4,
    0xF572,1, 0xDC4D,6, 0x1882,3, 0xDC4D,15, 0x1882,3, 0xDC4D,6, 0xBB29,2, 0xDC4D,4,
    0xBB29,1, 0x4125,1, 0x18C5,21, 0x4125,1, 0x6984,1, 0xBB29,1, 0xDC4D,4, 0xF572,1,
    0xDC4D,5, 0xEBEF,3, 0x6984,1, 0xDC4D,15, 0x6984,2, 0xEBEF,3, 0xDC4D,4, 0xBB29,2,
    0xDC4D,4, 0xBB29,1, 0x4125,1, 0x18C5,21, 0x4125,1, 0x6984,1, 0xBB29,1, 0xDC4D,4,
    0xF572,1, 0xDC4D,5, 0xEBEF,3, 0xDC4D,18, 0xEBEF,3, 0xDC4D,4, 0xBB29,2, 0xDC4D,4,
    0xBB29,1, 0x4125,1, 0x18C5,18, 0x4124,1, 0x6984,2, 0xBB29,1, 0xF572,1, 0xDC4D,6,
    0xBB29,3, 0xEBEF,2, 0xF514,3, 0xEBEF,1, 0xBB29,15, 0xEBEF,2, 0xF514,3, 0xEBEF,1,
    0xBB29,5, 0xDC4D,5, 0xBB29,1, 0x6984,2, 0x4124,1, 0x18C5,15, 0x4124,1, 0x6984,2,
    0xBB29,7, 0xDC4D,1, 0xBB29,5, 0xEBEF,3, 0xBB29,18, 0xEBEF,3, 0xBB29,13, 0x6984,1,
    0x4124,1, 0x18C5,15, 0x4124,1, 0x6984,2, 0xBB29,7, 0xDC4D,1, 0xBB29,5, 0xEBEF,3,
    0xBB29,18, 0xEBEF,3, 0xBB29,13, 0x6984,1, 0x4124,1, 0x18C5,17, 0x4125,1, 0x6984,50,
    0x4125,1, 0x18C5,18, 0x1084,51, 0x18C5,19, 0x1084,51, 0x18C5,24, 0x10A4,42, 0x18C5,21,
    0x18C5,304, 0x39C9,1, 0x5ACD,13, 0x18C5,56, 0x5ACD,1, 0x94F4,13, 0x18C5,56, 0x5ACD,1,
    0x94F4,13, 0x18C5,56, 0x39C9,1, 0x5ACD,7, 0x7BF1,1, 0x94F4,2, 0x7BF1,1, 0x5ACD,2,
    0x18C5,64, 0x5ACD,1, 0x94F4,2, 0x5ACD,1, 0x18C5,64, 0x39C9,1, 0x5ACD,1, 0x7BF1,2,
    0x5ACD,1, 0x39C9,1, 0x18C5,63, 0x39C9,1, 0x7BF1,1, 0x94F4,1, 0x7BF1,1, 0x39C9,1,
    0x18C5,65, 0x5ACD,1, 0x94F4,2, 0x5ACD,1, 0x18C5,64, 0x39C9,1, 0x5ACD,1, 0x7BF1,2,
    0x5ACD,1, 0x39C9,1, 0x18C5,63, 0x39C9,1, 0x7BF1,1, 0x94F4,1, 0x7BF1,1, 0x39C9,1,
    0x18C5,65, 0x5ACD,1, 0x94F4,2, 0x5ACD,1, 0x18C5,64, 0x39C9,1, 0x5ACD,1, 0x7BF1,1,
    0x94F4,2, 0x7BF1,1, 0x5ACD,8, 0x18C5,56, 0x5ACD,1, 0x94F4,13, 0x18C5,56, 0x5ACD,1,
    0x94F4,13, 0x18C5,679, 0x9535,11, 0x18C5,59, 0x9535,11, 0x18C5,59, 0x9535,11, 0x18C5,64,
    0x9535,3, 0x18C5,67, 0x9535,3, 0x18C5,65, 0x9535,3, 0x18C5,66, 0x9535,3, 0x18C5,67,
    0x9535,3, 0x18C5,65, 0x9535,11, 0x18C5,59, 0x9535,11, 0x18C5,59, 0x9535,11, 0x18C5,555,
    0xB5F8,8, 0x18C5,62, 0xB5F8,8, 0x18C5,67, 0xB5F8,1, 0x18C5,67, 0xB5F8,2, 0x18C5,68,
    0xB5F8,2, 0x18C5,67, 0xB5F8,1, 0x18C5,67, 0xB5F8,8, 0x18C5,53, 0x4124,3, 0x18C5,3,
    0x4124,3, 0xB5F8,8, 0x18C5,1, 0x4124,3, 0x18C5,3, 0x4124,3, 0x18C5,43, 0x6984,3,
    0x18C5,3, 0x6984,3, 0x18C5,9, 0x6984,3, 0x18C5,3, 0x6984,3, 0x18C5,43, 0x6984,3,
    0x18C5,3, 0x6984,3, 0x18C5,9, 0x6984,3, 0x18C5,3, 0x6984,3, 0x18C5,43, 0xBB29,2,
    0x6984,1, 0x18C5,3, 0xBB29,2, 0x6984,1, 0x18C5,9, 0xBB29,2, 0x6984,1, 0x18C5,3,
    0xBB29,2, 0x6984,1, 0x18C5,43, 0xBB29,2, 0x6984,1, 0x18C5,3, 0xBB29,2, 0x6984,1,
    0x18C5,9, 0xBB29,2, 0x6984,1, 0x18C5,3, 0xBB29,2, 0x6984,1, 0x18C5,37, 0x4125,1,
    0x6984,38, 0x4125,1, 0x18C5,30, 0x4125,1, 0x6984,38, 0x4125,1, 0x18C5,30, 0x4125,1,
    0xBB29,1, 0xF572,34, 0xDC4D,1, 0xBB29,1, 0x6984,1, 0x4125,1, 0x18C5,24, 0x4125,1,
    0x6984,6, 0xBB29,1, 0xF572,1, 0xF514,1, 0xFE98,2, 0xF572,1, 0xDC4D,29, 0xBB29,1,
    0x6984,8, 0x4125,1, 0x18C5,18, 0x4125,1, 0x6984,6, 0xBB29,1, 0xF572,1, 0xF514,1,
    0xFE98,2, 0xF572,1, 0xDC4D,29, 0xBB29,1, 0x6984,8, 0x4125,1, 0x18C5,16, 0x4124,1,
    0x6984,2, 0xDC4D,1, 0xF572,7, 0xDC4D,33, 0xBB29,1, 0xDC4D,1, 0xF572,5, 0xDC4D,1,
    0xBB29,1, 0x6984,1, 0x4124,1, 0x18C5,15, 0x4124,1, 0x6984,3, 0xBB29,2, 0xDC4D,4,
    0xF572,1, 0xDC4D,33, 0xBB29,2, 0xDC4D,4, 0xBB29,1, 0x6984,3, 0x4124,1, 0x18C5,15,
    0x4124,1, 0x6984,3, 0xBB29,2, 0xDC4D,4, 0xF572,1, 0xDC4D,6, 0x6984,3, 0xDC4D,15,
    0x6984,3, 0xDC4D,6, 0xBB29,2, 0xDC4D,4, 0xBB29,1, 0x6984,3, 0x4124,1, 0x18C5,18,
    0x4125,1, 0x6984,1, 0xBB29,1, 0xDC4D,4, 0xF572,1, 0xDC4D,6, 0x1882,3, 0xDC4D,15,
    0x1882,3, 0xDC4D,6, 0xBB29,2, 0xDC4D,4, 0xBB29,1, 0x4125,1, 0x18C5,21, 0x4125,1,
    0x6984,1, 0xBB29,1, 0xDC4D,4, 0xF572,1, 0xDC4D,5, 0xEBEF,3, 0x6984,1, 0xDC4D,15,
    0x6984,2, 0xEBEF,3, 0xDC4D,4, 0xBB29,2, 0xDC4D,4, 0xBB29,1, 0x4125,1, 0x18C5,21,
    0x4125,1, 0x6984,1, 0xBB29,1, 0xDC4D,4, 0xF572,1, 0xDC4D,5, 0xEBEF,3, 0xDC4D,18,
    0xEBEF,3, 0xDC4D,4, 0xBB29,2, 0xDC4D,4, 0xBB29,1, 0x4125,1, 0x18C5,18, 0x4124,1,
    0x6984,2, 0xBB29,1, 0xF572,1, 0xDC4D,6, 0xBB29,3, 0xEBEF,2, 0xF514,3, 0xEBEF,1,
    0xBB29,15, 0xEBEF,2, 0xF514,3, 0xEBEF,1, 0xBB29,5, 0xDC4D,5, 0xBB29,1, 0x6984,2,
    0x4124,1, 0x18C5,15, 0x4124,1, 0x6984,2, 0xBB29,7, 0xDC4D,1, 0xBB29,5, 0xEBEF,3,
    0xBB29,18, 0xEBEF,3, 0xBB29,13, 0x6984,1, 0x4124,1, 0x18C5,15, 0x4124,1, 0x6984,2,
    0xBB29,7, 0xDC4D,1, 0xBB29,5, 0xEBEF,3, 0xBB29,18, 0xEBEF,3, 0xBB29,13, 0x6984,1,
    0x4124,1, 0x18C5,17, 0x4125,1, 0x6984,50, 0x4125,1, 0x18C5,18, 0x1084,51, 0x18C5,19,
    0x1084,51, 0x18C5,24, 0x10A4,42, 0x18C5,21, 0x18C5,233, 0x94F4,14, 0x18C5,56, 0x94F4,14,
    0x18C5,56, 0x94F4,14, 0x18C5,64, 0x94F4,3, 0x18C5,67, 0x94F4,3, 0x18C5,65, 0x94F4,3,
    0x18C5,66, 0x94F4,3, 0x18C5,67, 0x94F4,3, 0x18C5,65, 0x94F4,3, 0x18C5,66, 0x94F4,3,
    0x18C5,67, 0x94F4,3, 0x18C5,65, 0x94F4,14, 0x18C5,56, 0x94F4,14, 0x18C5,56, 0x94F4,14,
    0x18C5,611, 0x31E9,1, 0x52ED,10, 0x18C5,59, 0x52ED,1, 0x9535,10, 0x18C5,59, 0x52ED,1,
    0x9535,10, 0x18C5,59, 0x31E9,1, 0x52ED,4, 0x7411,1, 0x9535,2, 0x7411,1, 0x52ED,2,
    0x18C5,64, 0x52ED,1, 0x9535,2, 0x52ED,1, 0x18C5,64, 0x31E9,1, 0x52ED,1, 0x7411,2,
    0x52ED,1, 0x31E9,1, 0x18C5,63, 0x31E9,1, 0x7411,1, 0x9535,1, 0x7411,1, 0x31E9,1,
    0x18C5,65, 0x52ED,1, 0x9535,2, 0x52ED,1, 0x18C5,64, 0x31E9,1, 0x52ED,1, 0x7411,1,
    0x9535,2, 0x7411,1, 0x52ED,5, 0x18C5,59, 0x52ED,1, 0x9535,10, 0x18C5,59, 0x52ED,1,
    0x9535,10, 0x18C5,552, 0x3A0A,1, 0x634F,7, 0x18C5,62, 0x634F,1, 0xB5F8,7, 0x18C5,62,
    0x3A0A,1, 0x636F,4, 0x8CB3,2, 0x636F,1, 0x18C5,65, 0x3A0A,1, 0x636F,2, 0x3A0A,1,
    0x18C5,66, 0x636F,1, 0xB5F8,1, 0x636F,1, 0x18C5,66, 0x3A0A,1, 0x636F,2, 0x3A0A,1,
    0x18C5,64, 0x3A0A,1, 0x636F,1, 0x8CB3,2, 0x636F,4, 0x18C5,62, 0x634F,1, 0xB5F8,7,
    0x18C5,125, 0x4124,3, 0x18C5,3, 0x4124,3, 0x18C5,9, 0x4124,3, 0x18C5,3, 0x4124,3,
    0x18C5,43, 0x6984,3, 0x18C5,3, 0x6984,3, 0x18C5,9, 0x6984,3, 0x18C5,3, 0x6984,3,
    0x18C5,43, 0x6984,3, 0x18C5,3, 0x6984,3, 0x18C5,9, 0x6984,3, 0x18C5,3, 0x6984,3,
    0x18C5,43, 0xBB29,2, 0x6984,1, 0x18C5,3, 0xBB29,2, 0x6984,1, 0x18C5,9, 0xBB29,2,
    0x6984,1, 0x18C5,3, 0xBB29,2, 0x6984,1, 0x18C5,43, 0xBB29,2, 0x6984,1, 0x18C5,3,
    0xBB29,2, 0x6984,1, 0x18C5,9, 0xBB29,2, 0x6984,1, 0x18C5,3, 0xBB29,2, 0x6984,1,
    0x18C5,37, 0x4125,1, 0x6984,38, 0x4125,1, 0x18C5,30, 0x4125,1, 0x6984,38, 0x4125,1,
    0x18C5,30, 0x4125,1, 0xBB29,1, 0xF572,34, 0xDC4D,1, 0xBB29,1, 0x6984,1, 0x4125,1,
    0x18C5,24, 0x4125,1, 0x6984,6, 0xBB29,1, 0xF572,1, 0xF514,1, 0xFE98,2, 0xF572,1,
    0xDC4D,29, 0xBB29,1, 0x6984,8, 0x4125,1, 0x18C5,18, 0x4125,1, 0x6984,6, 0xBB29,1,
    0xF572,1, 0xF514,1, 0xFE98,2, 0xF572,1, 0xDC4D,29, 0xBB29,1, 0x6984,8, 0x4125,1,
    0x18C5,16, 0x4124,1, 0x6984,2, 0xDC4D,1, 0xF572,7, 0xDC4D,33, 0xBB29,1, 0xDC4D,1,
    0xF572,5, 0xDC4D,1, 0xBB29,1, 0x6984,1, 0x4124,1, 0x18C5,15, 0x4124,1, 0x6984,3,
    0xBB29,2, 0xDC4D,4, 0xF572,1, 0xDC4D,33, 0xBB29,2, 0xDC4D,4, 0xBB29,1, 0x6984,3,
    0x4124,1, 0x18C5,15, 0x4124,1, 0x6984,3, 0xBB29,2, 0xDC4D,4, 0xF572,1, 0xDC4D,6,
    0x6984,3, 0xDC4D,15, 0x6984,3, 0xDC4D,6, 0xBB29,2, 0xDC4D,4, 0xBB29,1, 0x6984,3,
    0x4124,1, 0x18C5,18, 0x4125,1, 0x6984,1, 0xBB29,1, 0xDC4D,4, 0xF572,1, 0xDC4D,6,
    0x1882,3, 0xDC4D,15, 0x1882,3, 0xDC4D,6, 0xBB29,2, 0xDC4D,4, 0xBB29,1, 0x4125,1,
    0x18C5,21, 0x4125,1, 0x6984,1, 0xBB29,1, 0xDC4D,4, 0xF572,1, 0xDC4D,5, 0xEBEF,3,
    0x6984,1, 0xDC4D,15, 0x6984,2, 0xEBEF,3, 0xDC4D,4, 0xBB29,2, 0xDC4D,4, 0xBB29,1,
    0x4125,1, 0x18C5,21, 0x4125,1, 0x6984,1, 0xBB29,1, 0xDC4D,4, 0xF572,1, 0xDC4D,5,
    0xEBEF,3, 0xDC4D,18, 0xEBEF,3, 0xDC4D,4, 0xBB29,2, 0xDC4D,4, 0xBB29,1, 0x4125,1,
    0x18C5,18, 0x4124,1, 0x6984,2, 0xBB29,1, 0xF572,1, 0xDC4D,6, 0xBB29,3, 0xEBEF,2,
    0xF514,3, 0xEBEF,1, 0xBB29,15, 0xEBEF,2, 0xF514,3, 0xEBEF,1, 0xBB29,5, 0xDC4D,5,
    0xBB29,1, 0x6984,2, 0x4124,1, 0x18C5,15, 0x4124,1, 0x6984,2, 0xBB29,7, 0xDC4D,1,
    0xBB29,5, 0xEBEF,3, 0xBB29,18, 0xEBEF,3, 0xBB29,13, 0x6984,1, 0x4124,1, 0x18C5,15,
    0x4124,1, 0x6984,2, 0xBB29,7, 0xDC4D,1, 0xBB29,5, 0xEBEF,3, 0xBB29,18, 0xEBEF,3,
    0xBB29,13, 0x6984,1, 0x4124,1, 0x18C5,17, 0x4125,1, 0x6984,50, 0x4125,1, 0x18C5,18,
    0x1084,51, 0x18C5,19, 0x1084,51, 0x18C5,24, 0x10A4,42, 0x18C5,21, 0x18C5,91, 0x39C9,1,
    0x5ACD,13, 0x18C5,56, 0x5ACD,1, 0x94F4,13, 0x18C5,56, 0x5ACD,1, 0x94F4,13, 0x18C5,56,
    0x39C9,1, 0x5ACD,7, 0x7BF1,1, 0x94F4,2, 0x7BF1,1, 0x5ACD,2, 0x18C5,64, 0x5ACD,1,
    0x94F4,2, 0x5ACD,1, 0x18C5,64, 0x39C9,1, 0x5ACD,1, 0x7BF1,2, 0x5ACD,1, 0x39C9,1,
    0x18C5,63, 0x39C9,1, 0x7BF1,1, 0x94F4,1, 0x7BF1,1, 0x39C9,1, 0x18C5,65, 0x5ACD,1,
    0x94F4,2, 0x5ACD,1, 0x18C5,64, 0x39C9,1, 0x5ACD,1, 0x7BF1,2, 0x5ACD,1, 0x39C9,1,
    0x18C5,63, 0x39C9,1, 0x7BF1,1, 0x94F4,1, 0x7BF1,1, 0x39C9,1, 0x18C5,65, 0x5ACD,1,
    0x94F4,2, 0x5ACD,1, 0x18C5,64, 0x39C9,1, 0x5ACD,1, 0x7BF1,1, 0x94F4,2, 0x7BF1,1,
    0x5ACD,8, 0x18C5,56, 0x5ACD,1, 0x94F4,13, 0x18C5,56, 0x5ACD,1, 0x94F4,13, 0x18C5,546,
    0x31E9,1, 0x52ED,10, 0x18C5,59, 0x52ED,1, 0x9535,10, 0x18C5,59, 0x52ED,1, 0x9535,10,
    0x18C5,59, 0x31E9,1, 0x52ED,4, 0x7411,1, 0x9535,2, 0x7411,1, 0x52ED,2, 0x18C5,64,
    0x52ED,1, 0x9535,2, 0x52ED,1, 0x18C5,64, 0x31E9,1, 0x52ED,1, 0x7411,2, 0x52ED,1,
    0x31E9,1, 0x18C5,63, 0x31E9,1, 0x7411,1, 0x9535,1, 0x7411,1, 0x31E9,1, 0x18C5,65,
    0x52ED,1, 0x9535,2, 0x52ED,1, 0x18C5,64, 0x31E9,1, 0x52ED,1, 0x7411,1, 0x9535,2,
    0x7411,1, 0x52ED,5, 0x18C5,59, 0x52ED,1, 0x9535,10, 0x18C5,59, 0x52ED,1, 0x9535,10,
    0x18C5,688, 0xB5F8,8, 0x18C5,62, 0xB5F8,8, 0x18C5,67, 0xB5F8,1, 0x18C5,67, 0xB5F8,2,
    0x18C5,68, 0xB5F8,2, 0x18C5,67, 0xB5F8,1, 0x18C5,67, 0xB5F8,8, 0x18C5,62, 0xB5F8,8,
    0x18C5,126, 0x6984,3, 0x18C5,3, 0x6984,3, 0x18C5,9, 0x6984,3, 0x18C5,3, 0x6984,3,
    0x18C5,43, 0x6984,3, 0x18C5,3, 0x6984,3, 0x18C5,9, 0x6984,3, 0x18C5,3, 0x6984,3,
    0x18C5,43, 0xBB29,2, 0x6984,1, 0x18C5,3, 0xBB29,2, 0x6984,1, 0x18C5,9, 0xBB29,2,
    0x6984,1, 0x18C5,3, 0xBB29,2, 0x6984,1, 0x18C5,43, 0xBB29,2, 0x6984,1, 0x18C5,3,
    0xBB29,2, 0x6984,1, 0x18C5,9, 0xBB29,2, 0x6984,1, 0x18C5,3, 0xBB29,2, 0x6984,1,
    0x18C5,37, 0x28E5,1, 0x4124,5, 0x6984,3, 0x4124,3, 0x6984,3, 0x4124,9, 0x6984,3,
    0x4124,3, 0x6984,3, 0x4124,6, 0x28E5,1, 0x18C5,30, 0x4125,1, 0x6984,38, 0x4125,1,
    0x18C5,30, 0x4125,1, 0xBB29,36, 0x6984,2, 0x4125,1, 0x18C5,30, 0x4125,1, 0xBB29,1,
    0xF572,2, 0xF514,2, 0xF572,1, 0xDC4D,30, 0xBB29,1, 0x6984,1, 0x4125,1, 0x18C5,30,
    0x4125,1, 0xBB29,1, 0xF572,1, 0xF514,1, 0xFE98,2, 0xF572,1, 0xDC4D,29, 0xBB29,1,
    0x6984,2, 0x4125,1, 0x18C5,24, 0x28E5,1, 0x4125,5, 0x5144,1, 0xBB29,1, 0xF572,5,
    0xDC4D,29, 0xBB29,1, 0x6984,2, 0x5144,1, 0x4125,5, 0x28E5,1, 0x18C5,16, 0x28E5,1,
    0x4125,1, 0x69A5,1, 0xBB29,6, 0xDC4D,1, 0xF572,1, 0xDC4D,33, 0xBB29,8, 0x6984,1,
    0x69A5,1, 0x28E5,1, 0x18C5,15, 0x4124,1, 0x6984,2, 0xDC4D,1, 0xF572,7, 0xDC4D,33,
    0xBB29,1, 0xDC4D,1, 0xF572,5, 0xDC4D,1, 0xBB29,1, 0x6984,1, 0x4124,1, 0x18C5,15,
    0x4124,1, 0x6984,2, 0xBB29,1, 0xDC4D,5, 0xF572,2, 0xDC4D,6, 0x1882,3, 0xDC4D,15,
    0x1882,3, 0xDC4D,6, 0xBB29,1, 0xDC4D,6, 0xBB29,1, 0x6984,2, 0x4124,1, 0x18C5,15,
    0x28E5,1, 0x4125,2, 0x69A5,1, 0x6984,1, 0xBB29,1, 0xDC4D,4, 0xF572,1, 0xDC4D,5,
    0xEBEF,1, 0x6984,2, 0x1882,1, 0xDC4D,15, 0x1882,2, 0x6984,1, 0xEBEF,2, 0xDC4D,4,
    0xBB29,2, 0xDC4D,4, 0xBB29,1, 0x69A5,1, 0x4125,2, 0x28E5,1, 0x18C5,18, 0x4125,1,
    0x6984,1, 0xBB29,1, 0xDC4D,4, 0xF572,1, 0xDC4D,5, 0xEBEF,3, 0xDC4D,18, 0xEBEF,3,
    0xDC4D,4, 0xBB29,2, 0xDC4D,4, 0xBB29,1, 0x4125,1, 0x18C5,21, 0x4125,1, 0x6984,1,
    0xBB29,1, 0xDC4D,4, 0xF572,1, 0xDC4D,5, 0xEBEF,3, 0xDC4D,18, 0xEBEF,3, 0xDC4D,4,
    0xBB29,2, 0xDC4D,4, 0xBB29,1, 0x4125,1, 0x18C5,18, 0x28E5,1, 0x4125,2, 0x7A48,1,
    0xBB29,1, 0xDC4D,7, 0xBB29,2, 0xDC4D,2, 0xEBEF,3, 0xDC4D,1, 0xBB29,15, 0xDC4D,2,
    0xEBEF,3, 0xDC4D,1, 0xBB29,5, 0xDC4D,5, 0x7A48,1, 0x4125,2, 0x28E5,1, 0x18C5,15,
    0x4124,1, 0x6984,2, 0xBB29,1, 0xF572,1, 0xDC4D,6, 0xBB29,5, 0xEBEF,3, 0xBB29,18,
    0xEBEF,3, 0xBB29,6, 0xDC4D,5, 0xBB29,1, 0x6984,2, 0x4124,1, 0x18C5,15, 0x4124,1,
    0x6984,2, 0xBB29,1, 0xDC4D,2, 0xBB29,3, 0xDC4D,2, 0xBB29,5, 0xDC4D,3, 0xBB29,18,
    0xDC4D,3, 0xBB29,10, 0xDC4D,1, 0xBB29,1, 0x6984,2, 0x4124,1, 0x18C5,15, 0x28E5,1,
    0x4125,1, 0x69A5,1, 0x6984,6, 0xBB29,3, 0x6984,41, 0x69A5,1, 0x28E5,1, 0x18C5,17,
    0x4125,1, 0x6984,50, 0x4125,1, 0x18C5,18, 0x20C4,1, 0x3904,50, 0x28E5,1, 0x18C5,18,
    0x1084,51, 0x18C5,24, 0x10A4,42, 0x18C5,21, 0x18C5,90, 0x39EA,14, 0x18C5,56, 0x632E,14,
    0x18C5,56, 0x632E,14, 0x18C5,56, 0x39EA,8, 0x632E,3, 0x39EA,3, 0x18C5,64, 0x632E,3,
    0x18C5,65, 0x39EA,2, 0x632E,1, 0x39EA,2, 0x18C5,64, 0x39EA,1, 0x632E,2, 0x39EA,1,
    0x18C5,66, 0x632E,3, 0x18C5,65, 0x39EA,2, 0x632E,1, 0x39EA,2, 0x18C5,64, 0x39EA,1,
    0x632E,2, 0x39EA,1, 0x18C5,66, 0x632E,3, 0x18C5,65, 0x39EA,2, 0x632E,3, 0x39EA,9,
    0x18C5,56, 0x632E,14, 0x18C5,56, 0x632E,14, 0x18C5,340, 0x31E9,1, 0x52ED,10, 0x18C5,59,
    0x52ED,1, 0x9535,10, 0x18C5,59, 0x52ED,1, 0x9535,10, 0x18C5,59, 0x31E9,1, 0x52ED,4,
    0x7411,1, 0x9535,2, 0x7411,1, 0x52ED,2, 0x18C5,64, 0x52ED,1, 0x9535,2, 0x52ED,1,
    0x18C5,64, 0x31E9,1, 0x52ED,1, 0x7411,2, 0x52ED,1, 0x31E9,1, 0x18C5,63, 0x31E9,1,
    0x7411,1, 0x9535,1, 0x7411,1, 0x31E9,1, 0x18C5,65, 0x52ED,1, 0x9535,2, 0x52ED,1,
    0x18C5,64, 0x31E9,1, 0x52ED,1, 0x7411,1, 0x9535,2, 0x7411,1, 0x52ED,5, 0x18C5,59,
    0x52ED,1, 0x9535,10, 0x18C5,59, 0x52ED,1, 0x9535,10, 0x18C5,895, 0xB5F8,8, 0x18C5,62,
    0xB5F8,8, 0x18C5,67, 0xB5F8,1, 0x18C5,67, 0xB5F8,2, 0x18C5,68, 0xB5F8,2, 0x18C5,67,
    0xB5F8,1, 0x18C5,67, 0xB5F8,8, 0x18C5,62, 0xB5F8,8, 0x18C5,126, 0x6984,3, 0x18C5,3,
    0x6984,3, 0x18C5,9, 0x6984,3, 0x18C5,3, 0x6984,3, 0x18C5,43, 0x6984,3, 0x18C5,3,
    0x6984,3, 0x18C5,9, 0x6984,3, 0x18C5,3, 0x6984,3, 0x18C5,43, 0xBB29,2, 0x6984,1,
    0x18C5,3, 0xBB29,2, 0x6984,1, 0x18C5,9, 0xBB29,2, 0x6984,1, 0x18C5,3, 0xBB29,2,
    0x6984,1, 0x18C5,43, 0xBB29,2, 0x6984,1, 0x18C5,3, 0xBB29,2, 0x6984,1, 0x18C5,9,
    0xBB29,2, 0x6984,1, 0x18C5,3, 0xBB29,2, 0x6984,1, 0x18C5,37, 0x28E5,1, 0x4124,5,
    0x6984,3, 0x4124,3, 0x6984,3, 0x4124,9, 0x6984,3, 0x4124,3, 0x6984,3, 0x4124,6,
    0x28E5,1, 0x18C5,30, 0x4125,1, 0x6984,38, 0x4125,1, 0x18C5,30, 0x4125,1, 0xBB29,36,
    0x6984,2, 0x4125,1, 0x18C5,30, 0x4125,1, 0xBB29,1, 0xF572,2, 0xF514,2, 0xF572,1,
    0xDC4D,30, 0xBB29,1, 0x6984,1, 0x4125,1, 0x18C5,30, 0x4125,1, 0xBB29,1, 0xF572,1,
    0xF514,1, 0xFE98,2, 0xF572,1, 0xDC4D,29, 0xBB29,1, 0x6984,2, 0x4125,1, 0x18C5,24,
    0x28E5,1, 0x4125,5, 0x5144,1, 0xBB29,1, 0xF572,5, 0xDC4D,29, 0xBB29,1, 0x6984,2,
    0x5144,1, 0x4125,5, 0x28E5,1, 0x18C5,16, 0x28E5,1, 0x4125,1, 0x69A5,1, 0xBB29,6,
    0xDC4D,1, 0xF572,1, 0xDC4D,33, 0xBB29,8, 0x6984,1, 0x69A5,1, 0x28E5,1, 0x18C5,15,
    0x4124,1, 0x6984,2, 0xDC4D,1, 0xF572,7, 0xDC4D,33, 0xBB29,1, 0xDC4D,1, 0xF572,5,
    0xDC4D,1, 0xBB29,1, 0x6984,1, 0x4124,1, 0x18C5,15, 0x4124,1, 0x6984,2, 0xBB29,1,
    0xDC4D,5, 0xF572,2, 0xDC4D,6, 0x1882,3, 0xDC4D,15, 0x1882,3, 0xDC4D,6, 0xBB29,1,
    0xDC4D,6, 0xBB29,1, 0x6984,2, 0x4124,1, 0x18C5,15, 0x28E5,1, 0x4125,2, 0x69A5,1,
    0x6984,1, 0xBB29,1, 0xDC4D,4, 0xF572,1, 0xDC4D,5, 0xEBEF,1, 0x6984,2, 0x1882,1,
    0xDC4D,15, 0x1882,2, 0x6984,1, 0xEBEF,2, 0xDC4D,4, 0xBB29,2, 0xDC4D,4, 0xBB29,1,
    0x69A5,1, 0x4125,2, 0x28E5,1, 0x18C5,18, 0x4125,1, 0x6984,1, 0xBB29,1, 0xDC4D,4,
    0xF572,1, 0xDC4D,5, 0xEBEF,3, 0xDC4D,18, 0xEBEF,3, 0xDC4D,4, 0xBB29,2, 0xDC4D,4,
    0xBB29,1, 0x4125,1, 0x18C5,21, 0x4125,1, 0x6984,1, 0xBB29,1, 0xDC4D,4, 0xF572,1,
    0xDC4D,5, 0xEBEF,3, 0xDC4D,18, 0xEBEF,3, 0xDC4D,4, 0xBB29,2, 0xDC4D,4, 0xBB29,1,
    0x4125,1, 0x18C5,18, 0x28E5,1, 0x4125,2, 0x7A48,1, 0xBB29,1, 0xDC4D,7, 0xBB29,2,
    0xDC4D,2, 0xEBEF,3, 0xDC4D,1, 0xBB29,15, 0xDC4D,2, 0xEBEF,3, 0xDC4D,1, 0xBB29,5,
    0xDC4D,5, 0x7A48,1, 0x4125,2, 0x28E5,1, 0x18C5,15, 0x4124,1, 0x6984,2, 0xBB29,1,
    0xF572,1, 0xDC4D,6, 0xBB29,5, 0xEBEF,3, 0xBB29,18, 0xEBEF,3, 0xBB29,6, 0xDC4D,5,
    0xBB29,1, 0x6984,2, 0x4124,1, 0x18C5,15, 0x4124,1, 0x6984,2, 0xBB29,1, 0xDC4D,2,
    0xBB29,3, 0xDC4D,2, 0xBB29,5, 0xDC4D,3, 0xBB29,18, 0xDC4D,3, 0xBB29,10, 0xDC4D,1,
    0xBB29,1, 0x6984,2, 0x4124,1, 0x18C5,15, 0x28E5,1, 0x4125,1, 0x69A5,1, 0x6984,6,
    0xBB29,3, 0x6984,41, 0x69A5,1, 0x28E5,1, 0x18C5,17, 0x4125,1, 0x6984,50, 0x4125,1,
    0x18C5,18, 0x20C4,1, 0x3904,50, 0x28E5,1, 0x18C5,18, 0x1084,51, 0x18C5,24, 0x10A4,42,
    0x18C5,21, 0x18C5,20, 0x632E,14, 0x18C5,56, 0x632E,14, 0x18C5,56, 0x632E,14, 0x18C5,64,
    0x632E,3, 0x18C5,67, 0x632E,3, 0x18C5,65, 0x632E,3, 0x18C5,66, 0x632E,3, 0x18C5,67,
    0x632E,3, 0x18C5,65, 0x632E,3, 0x18C5,66, 0x632E,3, 0x18C5,67, 0x632E,3, 0x18C5,65,
    0x632E,14, 0x18C5,56, 0x632E,14, 0x18C5,56, 0x632E,14, 0x18C5,342, 0x9535,14, 0x18C5,56,
    0x9535,14, 0x18C5,56, 0x9535,14, 0x18C5,64, 0x9535,3, 0x18C5,67, 0x9535,3, 0x18C5,65,
    0x9535,3, 0x18C5,66, 0x9535,3, 0x18C5,67, 0x9535,3, 0x18C5,65, 0x9535,3, 0x18C5,66,
    0x9535,3, 0x18C5,67, 0x9535,3, 0x18C5,65, 0x9535,14, 0x18C5,56, 0x9535,14, 0x18C5,56,
    0x9535,14, 0x18C5,750, 0xB5F8,8, 0x18C5,62, 0xB5F8,8, 0x18C5,67, 0xB5F8,1, 0x18C5,67,
    0xB5F8,2, 0x18C5,68, 0xB5F8,2, 0x18C5,67, 0xB5F8,1, 0x18C5,67, 0xB5F8,8, 0x18C5,56,
    0x4124,3, 0x18C5,3, 0xB5F8,8, 0x18C5,4, 0x4124,3, 0x18C5,3, 0x4124,3, 0x18C5,43,
    0x6984,3, 0x18C5,3, 0x6984,3, 0x18C5,9, 0x6984,3, 0x18C5,3, 0x6984,3, 0x18C5,43,
    0x6984,3, 0x18C5,3, 0x6984,3, 0x18C5,9, 0x6984,3, 0x18C5,3, 0x6984,3, 0x18C5,43,
    0xBB29,2, 0x6984,1, 0x18C5,3, 0xBB29,2, 0x6984,1, 0x18C5,9, 0xBB29,2, 0x6984,1,
    0x18C5,3, 0xBB29,2, 0x6984,1, 0x18C5,43, 0xBB29,2, 0x6984,1, 0x18C5,3, 0xBB29,2,
    0x6984,1, 0x18C5,9, 0xBB29,2, 0x6984,1, 0x18C5,3, 0xBB29,2, 0x6984,1, 0x18C5,37,
    0x4125,1, 0x6984,38, 0x4125,1, 0x18C5,30, 0x4125,1, 0x6984,38, 0x4125,1, 0x18C5,30,
    0x4125,1, 0xBB29,1, 0xF572,34, 0xDC4D,1, 0xBB29,1, 0x6984,1, 0x4125,1, 0x18C5,30,
    0x4125,1, 0xBB29,1, 0xF572,1, 0xF514,1, 0xFE98,2, 0xF572,1, 0xDC4D,29, 0xBB29,1,
    0x6984,2, 0x4125,1, 0x18C5,30, 0x4125,1, 0xBB29,1, 0xF572,1, 0xF514,1, 0xFE98,2,
    0xF572,1, 0xDC4D,29, 0xBB29,1, 0x6984,2, 0x4125,1, 0x18C5,30, 0x4125,1, 0xBB29,1,
    0xF572,1, 0xDC4D,33, 0xBB29,1, 0x6984,2, 0x4125,1, 0x18C5,24, 0x4125,1, 0x6984,6,
    0xBB29,1, 0xF572,1, 0xDC4D,33, 0xBB29,1, 0x6984,8, 0x4125,1, 0x18C5,18, 0x4125,1,
    0x6984,6, 0xBB29,1, 0xF572,1, 0xDC4D,6, 0x6984,3, 0xDC4D,15, 0x6984,3, 0xDC4D,6,
    0xBB29,1, 0x6984,8, 0x4125,1, 0x18C5,16, 0x4124,1, 0x6984,2, 0xDC4D,1, 0xF572,7,
    0xDC4D,6, 0x1882,3, 0xDC4D,15, 0x1882,3, 0xDC4D,6, 0xBB29,1, 0xDC4D,1, 0xF572,5,
    0xDC4D,1, 0xBB29,1, 0x6984,1, 0x4124,1, 0x18C5,15, 0x4124,1, 0x6984,3, 0xBB29,2,
    0xDC4D,4, 0xF572,1, 0xDC4D,5, 0xEBEF,3, 0x6984,1, 0xDC4D,15, 0x6984,2, 0xEBEF,3,
    0xDC4D,4, 0xBB29,2, 0xDC4D,4, 0xBB29,1, 0x6984,3, 0x4124,1, 0x18C5,15, 0x4124,1,
    0x6984,3, 0xBB29,2, 0xDC4D,4, 0xF572,1, 0xDC4D,5, 0xEBEF,3, 0xDC4D,18, 0xEBEF,3,
    0xDC4D,4, 0xBB29,2, 0xDC4D,4, 0xBB29,1, 0x6984,3, 0x4124,1, 0x18C5,18, 0x4125,1,
    0x6984,1, 0xBB29,1, 0xDC4D,4, 0xF572,1, 0xDC4D,3, 0xEBEF,2, 0xF514,3, 0xEBEF,1,
    0xDC4D,15, 0xEBEF,2, 0xF514,3, 0xEBEF,1, 0xDC4D,3, 0xBB29,2, 0xDC4D,4, 0xBB29,1,
    0x4125,1, 0x18C5,21, 0x4125,1, 0x6984,1, 0xBB29,1, 0xDC4D,4, 0xF572,1, 0xDC4D,5,
    0xEBEF,3, 0xDC4D,18, 0xEBEF,3, 0xDC4D,4, 0xBB29,2, 0xDC4D,4, 0xBB29,1, 0x4125,1,
    0x18C5,21, 0x4125,1, 0x6984,1, 0xBB29,1, 0xDC4D,4, 0xF572,1, 0xDC4D,5, 0xEBEF,3,
    0xDC4D,18, 0xEBEF,3, 0xDC4D,4, 0xBB29,2, 0xDC4D,4, 0xBB29,1, 0x4125,1, 0x18C5,18,
    0x4124,1, 0x6984,2, 0xBB29,1, 0xF572,1, 0xDC4D,6, 0xBB29,35, 0xDC4D,5, 0xBB29,1,
    0x6984,2, 0x4124,1, 0x18C5,15, 0x4124,1, 0x6984,2, 0xBB29,7, 0xDC4D,1, 0xBB29,42,
    0x6984,1, 0x4124,1, 0x18C5,15, 0x4124,1, 0x6984,2, 0xBB29,7, 0xDC4D,1, 0xBB29,42,
    0x6984,1, 0x4124,1, 0x18C5,17, 0x4125,1, 0x6984,50, 0x4125,1, 0x18C5,18, 0x1084,51,
    0x18C5,19, 0x1084,51, 0x18C5,24, 0x10A4,42, 0x18C5,21, 0x18C5,1079, 0x9535,14, 0x18C5,56,
    0x9535,14, 0x18C5,56, 0x9535,14, 0x18C5,64, 0x9535,3, 0x18C5,67, 0x9535,3, 0x18C5,65,
    0x9535,3, 0x18C5,66, 0x9535,3, 0x18C5,67, 0x9535,3, 0x18C5,65, 0x9535,3, 0x18C5,66,
    0x9535,3, 0x18C5,67, 0x9535,3, 0x18C5,65, 0x9535,14, 0x18C5,56, 0x9535,14, 0x18C5,56,
    0x9535,14, 0x18C5,957, 0xB5F8,8, 0x18C5,62, 0xB5F8,8, 0x18C5,67, 0xB5F8,1, 0x18C5,67,
    0xB5F8,2, 0x18C5,68, 0xB5F8,2, 0x18C5,67, 0xB5F8,1, 0x18C5,67, 0xB5F8,8, 0x18C5,56,
    0x4124,3, 0x18C5,3, 0xB5F8,8, 0x18C5,4, 0x4124,3, 0x18C5,3, 0x4124,3, 0x18C5,43,
    0x6984,3, 0x18C5,3, 0x6984,3, 0x18C5,9, 0x6984,3, 0x18C5,3, 0x6984,3, 0x18C5,43,
    0x6984,3, 0x18C5,3, 0x6984,3, 0x18C5,9, 0x6984,3, 0x18C5,3, 0x6984,3, 0x18C5,43,
    0xBB29,2, 0x6984,1, 0x18C5,3, 0xBB29,2, 0x6984,1, 0x18C5,9, 0xBB29,2, 0x6984,1,
    0x18C5,3, 0xBB29,2, 0x6984,1, 0x18C5,43, 0xBB29,2, 0x6984,1, 0x18C5,3, 0xBB29,2,
    0x6984,1, 0x18C5,9, 0xBB29,2, 0x6984,1, 0x18C5,3, 0xBB29,2, 0x6984,1, 0x18C5,37,
    0x4125,1, 0x6984,38, 0x4125,1, 0x18C5,30, 0x4125,1, 0x6984,38, 0x4125,1, 0x18C5,30,
    0x4125,1, 0xBB29,1, 0xF572,34, 0xDC4D,1, 0xBB29,1, 0x6984,1, 0x4125,1, 0x18C5,30,
    0x4125,1, 0xBB29,1, 0xF572,1, 0xF514,1, 0xFE98,2, 0xF572,1, 0xDC4D,29, 0xBB29,1,
    0x6984,2, 0x4125,1, 0x18C5,30, 0x4125,1, 0xBB29,1, 0xF572,1, 0xF514,1, 0xFE98,2,
    0xF572,1, 0xDC4D,29, 0xBB29,1, 0x6984,2, 0x4125,1, 0x18C5,30, 0x4125,1, 0xBB29,1,
    0xF572,1, 0xDC4D,33, 0xBB29,1, 0x6984,2, 0x4125,1, 0x18C5,24, 0x4125,1, 0x6984,6,
    0xBB29,1, 0xF572,1, 0xDC4D,33, 0xBB29,1, 0x6984,8, 0x4125,1, 0x18C5,18, 0x4125,1,
    0x6984,6, 0xBB29,1, 0xF572,1, 0xDC4D,6, 0x6984,3, 0xDC4D,15, 0x6984,3, 0xDC4D,6,
    0xBB29,1, 0x6984,8, 0x4125,1, 0x18C5,16, 0x4124,1, 0x6984,2, 0xDC4D,1, 0xF572,7,
    0xDC4D,6, 0x1882,3, 0xDC4D,15, 0x1882,3, 0xDC4D,6, 0xBB29,1, 0xDC4D,1, 0xF572,5,
    0xDC4D,1, 0xBB29,1, 0x6984,1, 0x4124,1, 0x18C5,15, 0x4124,1, 0x6984,3, 0xBB29,2,
    0xDC4D,4, 0xF572,1, 0xDC4D,5, 0xEBEF,3, 0x6984,1, 0xDC4D,15, 0x6984,2, 0xEBEF,3,
    0xDC4D,4, 0xBB29,2, 0xDC4D,4, 0xBB29,1, 0x6984,3, 0x4124,1, 0x18C5,15, 0x4124,1,
    0x6984,3, 0xBB29,2, 0xDC4D,4, 0xF572,1, 0xDC4D,5, 0xEBEF,3, 0xDC4D,18, 0xEBEF,3,
    0xDC4D,4, 0xBB29,2, 0xDC4D,4, 0xBB29,1, 0x6984,3, 0x4124,1, 0x18C5,18, 0x4125,1,
    0x6984,1, 0xBB29,1, 0xDC4D,4, 0xF572,1, 0xDC4D,3, 0xEBEF,2, 0xF514,3, 0xEBEF,1,
    0xDC4D,15, 0xEBEF,2, 0xF514,3, 0xEBEF,1, 0xDC4D,3, 0xBB29,2, 0xDC4D,4, 0xBB29,1,
    0x4125,1, 0x18C5,21, 0x4125,1, 0x6984,1, 0xBB29,1, 0xDC4D,4, 0xF572,1, 0xDC4D,5,
    0xEBEF,3, 0xDC4D,18, 0xEBEF,3, 0xDC4D,4, 0xBB29,2, 0xDC4D,4, 0xBB29,1, 0x4125,1,
    0x18C5,21, 0x4125,1, 0x6984,1, 0xBB29,1, 0xDC4D,4, 0xF572,1, 0xDC4D,5, 0xEBEF,3,
    0xDC4D,18, 0xEBEF,3, 0xDC4D,4, 0xBB29,2, 0xDC4D,4, 0xBB29,1, 0x4125,1, 0x18C5,18,
    0x4124,1, 0x6984,2, 0xBB29,1, 0xF572,1, 0xDC4D,6, 0xBB29,35, 0xDC4D,5, 0xBB29,1,
    0x6984,2, 0x4124,1, 0x18C5,15, 0x4124,1, 0x6984,2, 0xBB29,7, 0xDC4D,1, 0xBB29,42,
    0x6984,1, 0x4124,1, 0x18C5,15, 0x4124,1, 0x6984,2, 0xBB29,7, 0xDC4D,1, 0xBB29,42,
    0x6984,1, 0x4124,1, 0x18C5,17, 0x4125,1, 0x6984,50, 0x4125,1, 0x18C5,18, 0x1084,51,
    0x18C5,19, 0x1084,51, 0x18C5,24, 0x10A4,42, 0x18C5,21, 0x18C5,1079, 0x9535,14, 0x18C5,56,
    0x9535,14, 0x18C5,56, 0x9535,14, 0x18C5,64, 0x9535,3, 0x18C5,67, 0x9535,3, 0x18C5,65,
    0x9535,3, 0x18C5,66, 0x9535,3, 0x18C5,67, 0x9535,3, 0x18C5,65, 0x9535,3, 0x18C5,66,
    0x9535,3, 0x18C5,67, 0x9535,3, 0x18C5,65, 0x9535,14, 0x18C5,56, 0x9535,14, 0x18C5,56,
    0x9535,14, 0x18C5,750, 0xB5F8,8, 0x18C5,62, 0xB5F8,8, 0x18C5,67, 0xB5F8,1, 0x18C5,67,
    0xB5F8,2, 0x18C5,68, 0xB5F8,2, 0x18C5,67, 0xB5F8,1, 0x18C5,67, 0xB5F8,8, 0x18C5,62,
    0xB5F8,8, 0x18C5,132, 0x632E,8, 0x18C5,53, 0x4124,3, 0x18C5,3, 0x4124,3, 0x632E,8,
    0x18C5,1, 0x4124,3, 0x18C5,3, 0x4124,3, 0x18C5,43, 0x6984,3, 0x18C5,3, 0x6984,3,
    0x18C5,5, 0x632E,1, 0x18C5,3, 0x6984,3, 0x18C5,3, 0x6984,3, 0x18C5,43, 0x6984,3,
    0x18C5,3, 0x6984,3, 0x18C5,3, 0x632E,2, 0x18C5,4, 0x6984,3, 0x18C5,3, 0x6984,3,
    0x18C5,43, 0xBB29,2, 0x6984,1, 0x18C5,3, 0xBB29,2, 0x6984,1, 0x18C5,3, 0x632E,2,
    0x18C5,4, 0xBB29,2, 0x6984,1, 0x18C5,3, 0xBB29,2, 0x6984,1, 0x18C5,43, 0xBB29,2,
    0x6984,1, 0x18C5,3, 0xBB29,2, 0x6984,1, 0x18C5,2, 0x632E,1, 0x18C5,6, 0xBB29,2,
    0x6984,1, 0x18C5,3, 0xBB29,2, 0x6984,1, 0x18C5,37, 0x4125,1, 0x6984,14, 0xBB29,8,
    0x6984,16, 0x4125,1, 0x18C5,30, 0x4125,1, 0x6984,14, 0xBB29,8, 0x6984,16, 0x4125,1,
    0x18C5,30, 0x4125,1, 0xBB29,1, 0xF572,34, 0xDC4D,1, 0xBB29,1, 0x6984,1, 0x4125,1,
    0x18C5,30, 0x4125,1, 0xBB29,1, 0xF572,1, 0xF514,1, 0xFE98,2, 0xF572,1, 0xDC4D,29,
    0xBB29,1, 0x6984,2, 0x4125,1, 0x18C5,30, 0x4125,1, 0xBB29,1, 0xF572,1, 0xF514,1,
    0xFE98,2, 0xF572,1, 0xDC4D,29, 0xBB29,1, 0x6984,2, 0x4125,1, 0x18C5,30, 0x4125,1,
    0xBB29,1, 0xF572,1, 0xDC4D,33, 0xBB29,1, 0x6984,2, 0x4125,1, 0x18C5,24, 0x4125,1,
    0x6984,6, 0xBB29,1, 0xF572,1, 0xDC4D,33, 0xBB29,1, 0x6984,8, 0x4125,1, 0x18C5,18,
    0x4125,1, 0x6984,6, 0xBB29,1, 0xF572,1, 0xDC4D,6, 0x6984,3, 0xDC4D,15, 0x6984,3,
    0xDC4D,6, 0xBB29,1, 0x6984,8, 0x4125,1, 0x18C5,16, 0x4124,1, 0x6984,2, 0xDC4D,1,
    0xF572,7, 0xDC4D,6, 0x1882,3, 0xDC4D,15, 0x1882,3, 0xDC4D,6, 0xBB29,1, 0xDC4D,1,
    0xF572,5, 0xDC4D,1, 0xBB29,1, 0x6984,1, 0x4124,1, 0x18C5,15, 0x4124,1, 0x6984,3,
    0xBB29,2, 0xDC4D,4, 0xF572,1, 0xDC4D,5, 0xEBEF,3, 0x6984,1, 0xDC4D,15, 0x6984,2,
    0xEBEF,3, 0xDC4D,4, 0xBB29,2, 0xDC4D,4, 0xBB29,1, 0x6984,3, 0x4124,1, 0x18C5,15,
    0x4124,1, 0x6984,3, 0xBB29,2, 0xDC4D,4, 0xF572,1, 0xDC4D,5, 0xEBEF,3, 0xDC4D,18,
    0xEBEF,3, 0xDC4D,4, 0xBB29,2, 0xDC4D,4, 0xBB29,1, 0x6984,3, 0x4124,1, 0x18C5,18,
    0x4125,1, 0x6984,1, 0xBB29,1, 0xDC4D,4, 0xF572,1, 0xDC4D,3, 0xEBEF,2, 0xF514,3,
    0xEBEF,1, 0xDC4D,15, 0xEBEF,2, 0xF514,3, 0xEBEF,1, 0xDC4D,3, 0xBB29,2, 0xDC4D,4,
    0xBB29,1, 0x4125,1, 0x18C5,21, 0x4125,1, 0x6984,1, 0xBB29,1, 0xDC4D,4, 0xF572,1,
    0xDC4D,5, 0xEBEF,3, 0xDC4D,18, 0xEBEF,3, 0xDC4D,4, 0xBB29,2, 0xDC4D,4, 0xBB29,1,
    0x4125,1, 0x18C5,21, 0x4125,1, 0x6984,1, 0xBB29,1, 0xDC4D,4, 0xF572,1, 0xDC4D,5,
    0xEBEF,3, 0xDC4D,18, 0xEBEF,3, 0xDC4D,4, 0xBB29,2, 0xDC4D,4, 0xBB29,1, 0x4125,1,
    0x18C5,18, 0x4124,1, 0x6984,2, 0xBB29,1, 0xF572,1, 0xDC4D,6, 0xBB29,35, 0xDC4D,5,
    0xBB29,1, 0x6984,2, 0x4124,1, 0x18C5,15, 0x4124,1, 0x6984,2, 0xBB29,7, 0xDC4D,1,
    0xBB29,42, 0x6984,1, 0x4124,1, 0x18C5,15, 0x4124,1, 0x6984,2, 0xBB29,7, 0xDC4D,1,
    0xBB29,42, 0x6984,1, 0x4124,1, 0x18C5,17, 0x4125,1, 0x6984,50, 0x4125,1, 0x18C5,18,
    0x1084,51, 0x18C5,19, 0x1084,51, 0x18C5,24, 0x10A4,42, 0x18C5,21, 0x18C5,1079, 0x6BD0,14,
    0x18C5,56, 0x6BD0,14, 0x18C5,56, 0x6BD0,14, 0x18C5,64, 0x6BD0,3, 0x18C5,67, 0x6BD0,3,
    0x18C5,65, 0x6BD0,3, 0x18C5,66, 0x6BD0,3, 0x18C5,67, 0x6BD0,3, 0x18C5,65, 0x6BD0,3,
    0x18C5,66, 0x6BD0,3, 0x18C5,67, 0x6BD0,3, 0x18C5,65, 0x6BD0,14, 0x18C5,56, 0x6BD0,14,
    0x18C5,56, 0x6BD0,14, 0x18C5,611, 0x3A0A,1, 0x634F,7, 0x18C5,62, 0x634F,1, 0xB5F8,7,
    0x18C5,62, 0x3A0A,1, 0x636F,4, 0x8CB3,2, 0x636F,1, 0x18C5,65, 0x3A0A,1, 0x636F,2,
    0x3A0A,1, 0x18C5,66, 0x636F,1, 0xB5F8,1, 0x636F,1, 0x18C5,66, 0x3A0A,1, 0x636F,2,
    0x3A0A,1, 0x18C5,64, 0x3A0A,1, 0x636F,1, 0x8CB3,2, 0x636F,4, 0x18C5,62, 0x634F,1,
    0xB5F8,7, 0x18C5,131, 0x5ACD,8, 0x18C5,62, 0x94F4,8, 0x18C5,62, 0x5ACD,5, 0x94F4,1,
    0x5ACD,2, 0x18C5,65, 0x5ACD,3, 0x18C5,67, 0x94F4,2, 0x18C5,56, 0x6984,3, 0x18C5,3,
    0x6984,3, 0x18C5,2, 0x5ACD,3, 0x18C5,4, 0x6984,3, 0x18C5,3, 0x6984,3, 0x18C5,43,
    0x6984,3, 0x18C5,3, 0x6984,3, 0x5ACD,2, 0x94F4,1, 0x5ACD,5, 0x18C5,1, 0x6984,3,
    0x18C5,3, 0x6984,3, 0x18C5,43, 0xBB29,2, 0x6984,1, 0x18C5,3, 0xBB29,2, 0x6984,1,
    0x94F4,8, 0x18C5,1, 0xBB29,2, 0x6984,1, 0x18C5,3, 0xBB29,2, 0x6984,1, 0x18C5,43,
    0xBB29,2, 0x6984,1, 0x18C5,3, 0xBB29,2, 0x6984,1, 0x18C5,9, 0xBB29,2, 0x6984,1,
    0x18C5,3, 0xBB29,2, 0x6984,1, 0x18C5,37, 0x28E5,1, 0x4124,5, 0x6984,3, 0x4124,3,
    0x6984,3, 0x4124,9, 0x6984,3, 0x4124,3, 0x6984,3, 0x4124,6, 0x28E5,1, 0x18C5,30,
    0x4125,1, 0x6984,38, 0x4125,1, 0x18C5,30, 0x4125,1, 0xBB29,36, 0x6984,2, 0x4125,1,
    0x18C5,30, 0x4125,1, 0xBB29,1, 0xF572,2, 0xF514,2, 0xF572,1, 0xDC4D,30, 0xBB29,1,
    0x6984,1, 0x4125,1, 0x18C5,30, 0x4125,1, 0xBB29,1, 0xF572,1, 0xF514,1, 0xFE98,2,
    0xF572,1, 0xDC4D,29, 0xBB29,1, 0x6984,2, 0x4125,1, 0x18C5,24, 0x28E5,1, 0x4125,5,
    0x5144,1, 0xBB29,1, 0xF572,5, 0xDC4D,29, 0xBB29,1, 0x6984,2, 0x5144,1, 0x4125,5,
    0x28E5,1, 0x18C5,16, 0x28E5,1, 0x4125,1, 0x69A5,1, 0xBB29,6, 0xDC4D,1, 0xF572,1,
    0xDC4D,33, 0xBB29,8, 0x6984,1, 0x69A5,1, 0x28E5,1, 0x18C5,15, 0x4124,1, 0x6984,2,
    0xDC4D,1, 0xF572,7, 0xDC4D,33, 0xBB29,1, 0xDC4D,1, 0xF572,5, 0xDC4D,1, 0xBB29,1,
    0x6984,1, 0x4124,1, 0x18C5,15, 0x4124,1, 0x6984,2, 0xBB29,1, 0xDC4D,5, 0xF572,2,
    0xDC4D,6, 0x1882,3, 0xDC4D,15, 0x1882,3, 0xDC4D,6, 0xBB29,1, 0xDC4D,6, 0xBB29,1,
    0x6984,2, 0x4124,1, 0x18C5,15, 0x28E5,1, 0x4125,2, 0x69A5,1, 0x6984,1, 0xBB29,1,
    0xDC4D,4, 0xF572,1, 0xDC4D,5, 0xEBEF,1, 0x6984,2, 0x1882,1, 0xDC4D,15, 0x1882,2,
    0x6984,1, 0xEBEF,2, 0xDC4D,4, 0xBB29,2, 0xDC4D,4, 0xBB29,1, 0x69A5,1, 0x4125,2,
    0x28E5,1, 0x18C5,18, 0x4125,1, 0x6984,1, 0xBB29,1, 0xDC4D,4, 0xF572,1, 0xDC4D,5,
    0xEBEF,3, 0xDC4D,18, 0xEBEF,3, 0xDC4D,4, 0xBB29,2, 0xDC4D,4, 0xBB29,1, 0x4125,1,
    0x18C5,21, 0x4125,1, 0x6984,1, 0xBB29,1, 0xDC4D,4, 0xF572,1, 0xDC4D,5, 0xEBEF,3,
    0xDC4D,18, 0xEBEF,3, 0xDC4D,4, 0xBB29,2, 0xDC4D,4, 0xBB29,1, 0x4125,1, 0x18C5,18,
    0x28E5,1, 0x4125,2, 0x7A48,1, 0xBB29,1, 0xDC4D,7, 0xBB29,2, 0xDC4D,2, 0xEBEF,3,
    0xDC4D,1, 0xBB29,15, 0xDC4D,2, 0xEBEF,3, 0xDC4D,1, 0xBB29,5, 0xDC4D,5, 0x7A48,1,
    0x4125,2, 0x28E5,1, 0x18C5,15, 0x4124,1, 0x6984,2, 0xBB29,1, 0xF572,1, 0xDC4D,6,
    0xBB29,5, 0xEBEF,3, 0xBB29,18, 0xEBEF,3, 0xBB29,6, 0xDC4D,5, 0xBB29,1, 0x6984,2,
    0x4124,1, 0x18C5,15, 0x4124,1, 0x6984,2, 0xBB29,1, 0xDC4D,2, 0xBB29,3, 0xDC4D,2,
    0xBB29,5, 0xDC4D,3, 0xBB29,18, 0xDC4D,3, 0xBB29,10, 0xDC4D,1, 0xBB29,1, 0x6984,2,
    0x4124,1, 0x18C5,15, 0x28E5,1, 0x4125,1, 0x69A5,1, 0x6984,6, 0xBB29,3, 0x6984,41,
    0x69A5,1, 0x28E5,1, 0x18C5,17, 0x4125,1, 0x6984,50, 0x4125,1, 0x18C5,18, 0x20C4,1,
    0x3904,50, 0x28E5,1, 0x18C5,18, 0x1084,51, 0x18C5,24, 0x10A4,42, 0x18C5,21, 0x18C5,1079,
    0x6BD0,14, 0x18C5,56, 0x6BD0,14, 0x18C5,56, 0x6BD0,14, 0x18C5,64, 0x6BD0,3, 0x18C5,67,
    0x6BD0,3, 0x18C5,65, 0x6BD0,3, 0x18C5,66, 0x6BD0,3, 0x18C5,67, 0x6BD0,3, 0x18C5,65,
    0x6BD0,3, 0x18C5,66, 0x6BD0,3, 0x18C5,67, 0x6BD0,3, 0x18C5,65, 0x6BD0,14, 0x18C5,56,
    0x6BD0,14, 0x18C5,56, 0x6BD0,14, 0x18C5,404, 0x3A0A,1, 0x634F,7, 0x18C5,62, 0x634F,1,
    0xB5F8,7, 0x18C5,62, 0x3A0A,1, 0x636F,4, 0x8CB3,2, 0x636F,1, 0x18C5,65, 0x3A0A,1,
    0x636F,2, 0x3A0A,1, 0x18C5,66, 0x636F,1, 0xB5F8,1, 0x636F,1, 0x18C5,66, 0x3A0A,1,
    0x636F,2, 0x3A0A,1, 0x18C5,64, 0x3A0A,1, 0x636F,1, 0x8CB3,2, 0x636F,4, 0x18C5,62,
    0x634F,1, 0xB5F8,7, 0x18C5,339, 0x39C9,1, 0x5ACD,7, 0x18C5,62, 0x5ACD,1, 0x94F4,7,
    0x18C5,62, 0x39C9,1, 0x5ACD,4, 0x7BF1,2, 0x5ACD,1, 0x18C5,65, 0x39C9,1, 0x5ACD,2,
    0x39C9,1, 0x18C5,66, 0x5ACD,1, 0x94F4,1, 0x5ACD,1, 0x18C5,54, 0x6984,3, 0x18C5,3,
    0x6984,3, 0x18C5,3, 0x39C9,1, 0x5ACD,2, 0x39C9,1, 0x18C5,2, 0x6984,3, 0x18C5,3,
    0x6984,3, 0x18C5,43, 0x6984,3, 0x18C5,3, 0x6984,3, 0x18C5,1, 0x39C9,1, 0x5ACD,1,
    0x7BF1,2, 0x5ACD,4, 0x6984,3, 0x18C5,3, 0x6984,3, 0x18C5,43, 0xBB29,2, 0x6984,1,
    0x18C5,3, 0xBB29,2, 0x6984,1, 0x18C5,1, 0x5ACD,1, 0x94F4,7, 0xBB29,2, 0x6984,1,
    0x18C5,3, 0xBB29,2, 0x6984,1, 0x18C5,43, 0xBB29,2, 0x6984,1, 0x18C5,3, 0xBB29,2,
    0x6984,1, 0x18C5,9, 0xBB29,2, 0x6984,1, 0x18C5,3, 0xBB29,2, 0x6984,1, 0x18C5,37,
    0x28E5,1, 0x4124,5, 0x6984,3, 0x4124,3, 0x6984,3, 0x4124,9, 0x6984,3, 0x4124,3,
    0x6984,3, 0x4124,6, 0x28E5,1, 0x18C5,30, 0x4125,1, 0x6984,38, 0x4125,1, 0x18C5,30,
    0x4125,1, 0xBB29,36, 0x6984,2, 0x4125,1, 0x18C5,30, 0x4125,1, 0xBB29,1, 0xF572,2,
    0xF514,2, 0xF572,1, 0xDC4D,30, 0xBB29,1, 0x6984,1, 0x4125,1, 0x18C5,30, 0x4125,1,
    0xBB29,1, 0xF572,1, 0xF514,1, 0xFE98,2, 0xF572,1, 0xDC4D,29, 0xBB29,1, 0x6984,2,
    0x4125,1, 0x18C5,24, 0x28E5,1, 0x4125,5, 0x5144,1, 0xBB29,1, 0xF572,5, 0xDC4D,29,
    0xBB29,1, 0x6984,2, 0x5144,1, 0x4125,5, 0x28E5,1, 0x18C5,16, 0x28E5,1, 0x4125,1,
    0x69A5,1, 0xBB29,6, 0xDC4D,1, 0xF572,1, 0xDC4D,33, 0xBB29,8, 0x6984,1, 0x69A5,1,
    0x28E5,1, 0x18C5,15, 0x4124,1, 0x6984,2, 0xDC4D,1, 0xF572,7, 0xDC4D,33, 0xBB29,1,
    0xDC4D,1, 0xF572,5, 0xDC4D,1, 0xBB29,1, 0x6984,1, 0x4124,1, 0x18C5,15, 0x4124,1,
    0x6984,2, 0xBB29,1, 0xDC4D,5, 0xF572,2, 0xDC4D,6, 0x1882,3, 0xDC4D,15, 0x1882,3,
    0xDC4D,6, 0xBB29,1, 0xDC4D,6, 0xBB29,1, 0x6984,2, 0x4124,1, 0x18C5,15, 0x28E5,1,
    0x4125,2, 0x69A5,1, 0x6984,1, 0xBB29,1, 0xDC4D,4, 0xF572,1, 0xDC4D,5, 0xEBEF,1,
    0x6984,2, 0x1882,1, 0xDC4D,15, 0x1882,2, 0x6984,1, 0xEBEF,2, 0xDC4D,4, 0xBB29,2,
    0xDC4D,4, 0xBB29,1, 0x69A5,1, 0x4125,2, 0x28E5,1, 0x18C5,18, 0x4125,1, 0x6984,1,
    0xBB29,1, 0xDC4D,4, 0xF572,1, 0xDC4D,5, 0xEBEF,3, 0xDC4D,18, 0xEBEF,3, 0xDC4D,4,
    0xBB29,2, 0xDC4D,4, 0xBB29,1, 0x4125,1, 0x18C5,21, 0x4125,1, 0x6984,1, 0xBB29,1,
    0xDC4D,4, 0xF572,1, 0xDC4D,5, 0xEBEF,3, 0xDC4D,18, 0xEBEF,3, 0xDC4D,4, 0xBB29,2,
    0xDC4D,4, 0xBB29,1, 0x4125,1, 0x18C5,18, 0x28E5,1, 0x4125,2, 0x7A48,1, 0xBB29,1,
    0xDC4D,7, 0xBB29,2, 0xDC4D,2, 0xEBEF,3, 0xDC4D,1, 0xBB29,15, 0xDC4D,2, 0xEBEF,3,
    0xDC4D,1, 0xBB29,5, 0xDC4D,5, 0x7A48,1, 0x4125,2, 0x28E5,1, 0x18C5,15, 0x4124,1,
    0x6984,2, 0xBB29,1, 0xF572,1, 0xDC4D,6, 0xBB29,5, 0xEBEF,3, 0xBB29,18, 0xEBEF,3,
    0xBB29,6, 0xDC4D,5, 0xBB29,1, 0x6984,2, 0x4124,1, 0x18C5,15, 0x4124,1, 0x6984,2,
    0xBB29,1, 0xDC4D,2, 0xBB29,3, 0xDC4D,2, 0xBB29,5, 0xDC4D,3, 0xBB29,18, 0xDC4D,3,
    0xBB29,10, 0xDC4D,1, 0xBB29,1, 0x6984,2, 0x4124,1, 0x18C5,15, 0x28E5,1, 0x4125,1,
    0x69A5,1, 0x6984,6, 0xBB29,3, 0x6984,41, 0x69A5,1, 0x28E5,1, 0x18C5,17, 0x4125,1,
    0x6984,50, 0x4125,1, 0x18C5,18, 0x20C4,1, 0x3904,50, 0x28E5,1, 0x18C5,18, 0x1084,51,
    0x18C5,24, 0x10A4,42, 0x18C5,21, 0x18C5,937, 0x2988,1, 0x424B,13, 0x18C5,56, 0x424B,1,
    0x6BD0,13, 0x18C5,56, 0x424B,1, 0x6BD0,13, 0x18C5,56, 0x2988,1, 0x424B,7, 0x530E,1,
    0x6BD0,2, 0x530E,1, 0x424B,2, 0x18C5,64, 0x424B,1, 0x6BD0,2, 0x424B,1, 0x18C5,64,
    0x2988,1, 0x424B,1, 0x530E,2, 0x424B,1, 0x2988,1, 0x18C5,63, 0x2988,1, 0x530E,1,
    0x6BD0,1, 0x530E,1, 0x2988,1, 0x18C5,65, 0x424B,1, 0x6BD0,2, 0x424B,1, 0x18C5,64,
    0x2988,1, 0x424B,1, 0x530E,2, 0x424B,1, 0x2988,1, 0x18C5,63, 0x2988,1, 0x530E,1,
    0x6BD0,1, 0x530E,1, 0x2988,1, 0x18C5,65, 0x424B,1, 0x6BD0,2, 0x424B,1, 0x18C5,64,
    0x2988,1, 0x424B,1, 0x530E,1, 0x6BD0,2, 0x530E,1, 0x424B,8, 0x18C5,56, 0x424B,1,
    0x6BD0,13, 0x18C5,56, 0x424B,1, 0x6BD0,13, 0x18C5,339, 0x3A0A,1, 0x634F,7, 0x18C5,62,
    0x634F,1, 0xB5F8,7, 0x18C5,62, 0x3A0A,1, 0x636F,4, 0x8CB3,2, 0x636F,1, 0x18C5,65,
    0x3A0A,1, 0x636F,2, 0x3A0A,1, 0x18C5,66, 0x636F,1, 0xB5F8,1, 0x636F,1, 0x18C5,66,
    0x3A0A,1, 0x636F,2, 0x3A0A,1, 0x18C5,64, 0x3A0A,1, 0x636F,1, 0x8CB3,2, 0x636F,4,
    0x18C5,62, 0x634F,1, 0xB5F8,7, 0x18C5,478, 0xCEDB,8, 0x18C5,62, 0xCEDB,8, 0x18C5,67,
    0xCEDB,1, 0x18C5,67, 0xCEDB,2, 0x18C5,68, 0xCEDB,2, 0x18C5,67, 0xCEDB,1, 0x18C5,67,
    0xCEDB,8, 0x18C5,50, 0x4124,3, 0x18C5,3, 0x4124,3, 0x18C5,3, 0xCEDB,8, 0x4124,1,
    0x18C5,3, 0x4124,3, 0x18C5,43, 0x6984,3, 0x18C5,3, 0x6984,3, 0x18C5,9, 0x6984,3,
    0x18C5,3, 0x6984,3, 0x18C5,43, 0x6984,3, 0x18C5,3, 0x6984,3, 0x18C5,9, 0x6984,3,
    0x18C5,3, 0x6984,3, 0x18C5,43, 0xBB29,2, 0x6984,1, 0x18C5,3, 0xBB29,2, 0x6984,1,
    0x18C5,9, 0xBB29,2, 0x6984,1, 0x18C5,3, 0xBB29,2, 0x6984,1, 0x18C5,43, 0xBB29,2,
    0x6984,1, 0x18C5,3, 0xBB29,2, 0x6984,1, 0x18C5,9, 0xBB29,2, 0x6984,1, 0x18C5,3,
    0xBB29,2, 0x6984,1, 0x18C5,37, 0x4125,1, 0x6984,38, 0x4125,1, 0x18C5,30, 0x4125,1,
    0x6984,38, 0x4125,1, 0x18C5,30, 0x4125,1, 0xBB29,1, 0xF572,34, 0xDC4D,1, 0xBB29,1,
    0x6984,1, 0x4125,1, 0x18C5,24, 0x4125,1, 0x6984,6, 0xBB29,1, 0xF572,1, 0xF514,1,
    0xFE98,2, 0xF572,1, 0xDC4D,29, 0xBB29,1, 0x6984,8, 0x4125,1, 0x18C5,18, 0x4125,1,
    0x6984,6, 0xBB29,1, 0xF572,1, 0xF514,1, 0xFE98,2, 0xF572,1, 0xDC4D,29, 0xBB29,1,
    0x6984,8, 0x4125,1, 0x18C5,16, 0x4124,1, 0x6984,2, 0xDC4D,1, 0xF572,7, 0xDC4D,33,
    0xBB29,1, 0xDC4D,1, 0xF572,5, 0xDC4D,1, 0xBB29,1, 0x6984,1, 0x4124,1, 0x18C5,15,
    0x4124,1, 0x6984,3, 0xBB29,2, 0xDC4D,4, 0xF572,1, 0xDC4D,33, 0xBB29,2, 0xDC4D,4,
    0xBB29,1, 0x6984,3, 0x4124,1, 0x18C5,15, 0x4124,1, 0x6984,3, 0xBB29,2, 0xDC4D,4,
    0xF572,1, 0xDC4D,6, 0x6984,3, 0xDC4D,15, 0x6984,3, 0xDC4D,6, 0xBB29,2, 0xDC4D,4,
    0xBB29,1, 0x6984,3, 0x4124,1, 0x18C5,18, 0x4125,1, 0x6984,1, 0xBB29,1, 0xDC4D,4,
    0xF572,1, 0xDC4D,6, 0x1882,3, 0xDC4D,15, 0x1882,3, 0xDC4D,6, 0xBB29,2, 0xDC4D,4,
    0xBB29,1, 0x4125,1, 0x18C5,21, 0x4125,1, 0x6984,1, 0xBB29,1, 0xDC4D,4, 0xF572,1,
    0xDC4D,5, 0xEBEF,3, 0x6984,1, 0xDC4D,15, 0x6984,2, 0xEBEF,3, 0xDC4D,4, 0xBB29,2,
    0xDC4D,4, 0xBB29,1, 0x4125,1, 0x18C5,21, 0x4125,1, 0x6984,1, 0xBB29,1, 0xDC4D,4,
    0xF572,1, 0xDC4D,5, 0xEBEF,3, 0xDC4D,18, 0xEBEF,3, 0xDC4D,4, 0xBB29,2, 0xDC4D,4,
    0xBB29,1, 0x4125,1, 0x18C5,18, 0x4124,1, 0x6984,2, 0xBB29,1, 0xF572,1, 0xDC4D,6,
    0xBB29,3, 0xEBEF,2, 0xF514,3, 0xEBEF,1, 0xBB29,15, 0xEBEF,2, 0xF514,3, 0xEBEF,1,
    0xBB29,5, 0xDC4D,5, 0xBB29,1, 0x6984,2, 0x4124,1, 0x18C5,15, 0x4124,1, 0x6984,2,
    0xBB29,7, 0xDC4D,1, 0xBB29,5, 0xEBEF,3, 0xBB29,18, 0xEBEF,3, 0xBB29,13, 0x6984,1,
    0x4124,1, 0x18C5,15, 0x4124,1, 0x6984,2, 0xBB29,7, 0xDC4D,1, 0xBB29,5, 0xEBEF,3,
    0xBB29,18, 0xEBEF,3, 0xBB29,13, 0x6984,1, 0x4124,1, 0x18C5,17, 0x4125,1, 0x6984,50,
    0x4125,1, 0x18C5,18, 0x1084,51, 0x18C5,19, 0x1084,51, 0x18C5,24, 0x10A4,42, 0x18C5,21,
    0x18C5,867, 0x424B,1, 0x6BD0,13, 0x18C5,56, 0x424B,1, 0x6BD0,13, 0x18C5,56, 0x424B,1,
    0x6BD0,13, 0x18C5,64, 0x424B,1, 0x6BD0,2, 0x424B,1, 0x18C5,66, 0x424B,1, 0x6BD0,2,
    0x424B,1, 0x18C5,64, 0x424B,1, 0x6BD0,2, 0x424B,1, 0x18C5,65, 0x424B,1, 0x6BD0,2,
    0x424B,1, 0x18C5,66, 0x424B,1, 0x6BD0,2, 0x424B,1, 0x18C5,64, 0x424B,1, 0x6BD0,2,
    0x424B,1, 0x18C5,65, 0x424B,1, 0x6BD0,2, 0x424B,1, 0x18C5,66, 0x424B,1, 0x6BD0,2,
    0x424B,1, 0x18C5,64, 0x424B,1, 0x6BD0,13, 0x18C5,56, 0x424B,1, 0x6BD0,13, 0x18C5,56,
    0x424B,1, 0x6BD0,13, 0x18C5,341, 0xB5F8,8, 0x18C5,62, 0xB5F8,8, 0x18C5,67, 0xB5F8,1,
    0x18C5,67, 0xB5F8,2, 0x18C5,68, 0xB5F8,2, 0x18C5,67, 0xB5F8,1, 0x18C5,67, 0xB5F8,8,
    0x18C5,62, 0xB5F8,8, 0x18C5,407, 0x424B,1, 0x73D0,7, 0x18C5,62, 0x73D0,1, 0xCEDB,7,
    0x18C5,62, 0x424B,1, 0x73D0,4, 0xA556,2, 0x73D0,1, 0x18C5,65, 0x424B,1, 0x73D0,2,
    0x424B,1, 0x18C5,66, 0x73D0,1, 0xCEDB,1, 0x73D0,1, 0x18C5,66, 0x424B,1, 0x73D0,2,
    0x424B,1, 0x18C5,64, 0x424B,1, 0x73D0,1, 0xA556,2, 0x73D0,4, 0x18C5,62, 0x73D0,1,
    0xCEDB,7, 0x18C5,119, 0x4124,3, 0x18C5,3, 0x4124,3, 0x18C5,9, 0x4124,3, 0x18C5,3,
    0x4124,3, 0x18C5,43, 0x6984,3, 0x18C5,3, 0x6984,3, 0x18C5,9, 0x6984,3, 0x18C5,3,
    0x6984,3, 0x18C5,43, 0x6984,3, 0x18C5,3, 0x6984,3, 0x18C5,9, 0x6984,3, 0x18C5,3,
    0x6984,3, 0x18C5,43, 0xBB29,2, 0x6984,1, 0x18C5,3, 0xBB29,2, 0x6984,1, 0x18C5,9,
    0xBB29,2, 0x6984,1, 0x18C5,3, 0xBB29,2, 0x6984,1, 0x18C5,43, 0xBB29,2, 0x6984,1,
    0x18C5,3, 0xBB29,2, 0x6984,1, 0x18C5,9, 0xBB29,2, 0x6984,1, 0x18C5,3, 0xBB29,2,
    0x6984,1, 0x18C5,37, 0x4125,1, 0x6984,38, 0x4125,1, 0x18C5,30, 0x4125,1, 0x6984,38,
    0x4125,1, 0x18C5,30, 0x4125,1, 0xBB29,1, 0xF572,34, 0xDC4D,1, 0xBB29,1, 0x6984,1,
    0x4125,1, 0x18C5,24, 0x4125,1, 0x6984,6, 0xBB29,1, 0xF572,1, 0xF514,1, 0xFE98,2,
    0xF572,1, 0xDC4D,29, 0xBB29,1, 0x6984,8, 0x4125,1, 0x18C5,18, 0x4125,1, 0x6984,6,
    0xBB29,1, 0xF572,1, 0xF514,1, 0xFE98,2, 0xF572,1, 0xDC4D,29, 0xBB29,1, 0x6984,8,
    0x4125,1, 0x18C5,16, 0x4124,1, 0x6984,2, 0xDC4D,1, 0xF572,7, 0xDC4D,33, 0xBB29,1,
    0xDC4D,1, 0xF572,5, 0xDC4D,1, 0xBB29,1, 0x6984,1, 0x4124,1, 0x18C5,15, 0x4124,1,
    0x6984,3, 0xBB29,2, 0xDC4D,4, 0xF572,1, 0xDC4D,33, 0xBB29,2, 0xDC4D,4, 0xBB29,1,
    0x6984,3, 0x4124,1, 0x18C5,15, 0x4124,1, 0x6984,3, 0xBB29,2, 0xDC4D,4, 0xF572,1,
    0xDC4D,6, 0x6984,3, 0xDC4D,15, 0x6984,3, 0xDC4D,6, 0xBB29,2, 0xDC4D,4, 0xBB29,1,
    0x6984,3, 0x4124,1, 0x18C5,18, 0x4125,1, 0x6984,1, 0xBB29,1, 0xDC4D,4, 0xF572,1,
    0xDC4D,6, 0x1882,3, 0xDC4D,15, 0x1882,3, 0xDC4D,6, 0xBB29,2, 0xDC4D,4, 0xBB29,1,
    0x4125,1, 0x18C5,21, 0x4125,1, 0x6984,1, 0xBB29,1, 0xDC4D,4, 0xF572,1, 0xDC4D,5,
    0xEBEF,3, 0x6984,1, 0xDC4D,15, 0x6984,2, 0xEBEF,3, 0xDC4D,4, 0xBB29,2, 0xDC4D,4,
    0xBB29,1, 0x4125,1, 0x18C5,21, 0x4125,1, 0x6984,1, 0xBB29,1, 0xDC4D,4, 0xF572,1,
    0xDC4D,5, 0xEBEF,3, 0xDC4D,18, 0xEBEF,3, 0xDC4D,4, 0xBB29,2, 0xDC4D,4, 0xBB29,1,
    0x4125,1, 0x18C5,18, 0x4124,1, 0x6984,2, 0xBB29,1, 0xF572,1, 0xDC4D,6, 0xBB29,3,
    0xEBEF,2, 0xF514,3, 0xEBEF,1, 0xBB29,15, 0xEBEF,2, 0xF514,3, 0xEBEF,1, 0xBB29,5,
    0xDC4D,5, 0xBB29,1, 0x6984,2, 0x4124,1, 0x18C5,15, 0x4124,1, 0x6984,2, 0xBB29,7,
    0xDC4D,1, 0xBB29,5, 0xEBEF,3, 0xBB29,18, 0xEBEF,3, 0xBB29,13, 0x6984,1, 0x4124,1,
    0x18C5,15, 0x4124,1, 0x6984,2, 0xBB29,7, 0xDC4D,1, 0xBB29,5, 0xEBEF,3, 0xBB29,18,
    0xEBEF,3, 0xBB29,13, 0x6984,1, 0x4124,1, 0x18C5,17, 0x4125,1, 0x6984,50, 0x4125,1,
    0x18C5,18, 0x1084,51, 0x18C5,19, 0x1084,51, 0x18C5,24, 0x10A4,42, 0x18C5,21, 0x18C5,726,
    0x424B,14, 0x18C5,56, 0x6BD0,14, 0x18C5,56, 0x6BD0,14, 0x18C5,56, 0x424B,8, 0x6BD0,3,
    0x424B,3, 0x18C5,64, 0x6BD0,3, 0x18C5,65, 0x424B,2, 0x6BD0,1, 0x424B,2, 0x18C5,64,
    0x424B,1, 0x6BD0,2, 0x424B,1, 0x18C5,66, 0x6BD0,3, 0x18C5,65, 0x424B,2, 0x6BD0,1,
    0x424B,2, 0x18C5,64, 0x424B,1, 0x6BD0,2, 0x424B,1, 0x18C5,66, 0x6BD0,3, 0x18C5,65,
    0x424B,2, 0x6BD0,3, 0x424B,9, 0x18C5,56, 0x6BD0,14, 0x18C5,56, 0x6BD0,14, 0x18C5,482,
    0xB5F8,8, 0x18C5,62, 0xB5F8,8, 0x18C5,67, 0xB5F8,1, 0x18C5,67, 0xB5F8,2, 0x18C5,68,
    0xB5F8,2, 0x18C5,67, 0xB5F8,1, 0x18C5,67, 0xB5F8,8, 0x18C5,62, 0xB5F8,8, 0x18C5,199,
    0x73D0,8, 0x18C5,62, 0xCEDB,8, 0x18C5,62, 0x73D0,5, 0xCEDB,1, 0x73D0,2, 0x18C5,65,
    0x73D0,3, 0x18C5,67, 0xCEDB,2, 0x18C5,67, 0x73D0,3, 0x18C5,65, 0x73D0,2, 0xCEDB,1,
    0x73D0,5, 0x18C5,62, 0xCEDB,8, 0x18C5,327, 0x4124,3, 0x18C5,3, 0x4124,3, 0x18C5,9,
    0x4124,3, 0x18C5,3, 0x4124,3, 0x18C5,43, 0x6984,3, 0x18C5,3, 0x6984,3, 0x18C5,9,
    0x6984,3, 0x18C5,3, 0x6984,3, 0x18C5,43, 0x6984,3, 0x18C5,3, 0x6984,3, 0x18C5,9,
    0x6984,3, 0x18C5,3, 0x6984,3, 0x18C5,43, 0xBB29,2, 0x6984,1, 0x18C5,3, 0xBB29,2,
    0x6984,1, 0x18C5,9, 0xBB29,2, 0x6984,1, 0x18C5,3, 0xBB29,2, 0x6984,1, 0x18C5,43,
    0xBB29,2, 0x6984,1, 0x18C5,3, 0xBB29,2, 0x6984,1, 0x18C5,9, 0xBB29,2, 0x6984,1,
    0x18C5,3, 0xBB29,2, 0x6984,1, 0x18C5,37, 0x4125,1, 0x6984,38, 0x4125,1, 0x18C5,30,
    0x4125,1, 0x6984,38, 0x4125,1, 0x18C5,30, 0x4125,1, 0xBB29,1, 0xF572,34, 0xDC4D,1,
    0xBB29,1, 0x6984,1, 0x4125,1, 0x18C5,24, 0x4125,1, 0x6984,6, 0xBB29,1, 0xF572,1,
    0xF514,1, 0xFE98,2, 0xF572,1, 0xDC4D,29, 0xBB29,1, 0x6984,8, 0x4125,1, 0x18C5,18,
    0x4125,1, 0x6984,6, 0xBB29,1, 0xF572,1, 0xF514,1, 0xFE98,2, 0xF572,1, 0xDC4D,29,
    0xBB29,1, 0x6984,8, 0x4125,1, 0x18C5,16, 0x4124,1, 0x6984,2, 0xDC4D,1, 0xF572,7,
    0xDC4D,33, 0xBB29,1, 0xDC4D,1, 0xF572,5, 0xDC4D,1, 0xBB29,1, 0x6984,1, 0x4124,1,
    0x18C5,15, 0x4124,1, 0x6984,3, 0xBB29,2, 0xDC4D,4, 0xF572,1, 0xDC4D,33, 0xBB29,2,
    0xDC4D,4, 0xBB29,1, 0x6984,3, 0x4124,1, 0x18C5,15, 0x4124,1, 0x6984,3, 0xBB29,2,
    0xDC4D,4, 0xF572,1, 0xDC4D,6, 0x6984,3, 0xDC4D,15, 0x6984,3, 0xDC4D,6, 0xBB29,2,
    0xDC4D,4, 0xBB29,1, 0x6984,3, 0x4124,1, 0x18C5,18, 0x4125,1, 0x6984,1, 0xBB29,1,
    0xDC4D,4, 0xF572,1, 0xDC4D,6, 0x1882,3, 0xDC4D,15, 0x1882,3, 0xDC4D,6, 0xBB29,2,
    0xDC4D,4, 0xBB29,1, 0x4125,1, 0x18C5,21, 0x4125,1, 0x6984,1, 0xBB29,1, 0xDC4D,4,
    0xF572,1, 0xDC4D,5, 0xEBEF,3, 0x6984,1, 0xDC4D,15, 0x6984,2, 0xEBEF,3, 0xDC4D,4,
    0xBB29,2, 0xDC4D,4, 0xBB29,1, 0x4125,1, 0x18C5,21, 0x4125,1, 0x6984,1, 0xBB29,1,
    0xDC4D,4, 0xF572,1, 0xDC4D,5, 0xEBEF,3, 0xDC4D,18, 0xEBEF,3, 0xDC4D,4, 0xBB29,2,
    0xDC4D,4, 0xBB29,1, 0x4125,1, 0x18C5,18, 0x4124,1, 0x6984,2, 0xBB29,1, 0xF572,1,
    0xDC4D,6, 0xBB29,3, 0xEBEF,2, 0xF514,3, 0xEBEF,1, 0xBB29,15, 0xEBEF,2, 0xF514,3,
    0xEBEF,1, 0xBB29,5, 0xDC4D,5, 0xBB29,1, 0x6984,2, 0x4124,1, 0x18C5,15, 0x4124,1,
    0x6984,2, 0xBB29,7, 0xDC4D,1, 0xBB29,5, 0xEBEF,3, 0xBB29,18, 0xEBEF,3, 0xBB29,13,
    0x6984,1, 0x4124,1, 0x18C5,15, 0x4124,1, 0x6984,2, 0xBB29,7, 0xDC4D,1, 0xBB29,5,
    0xEBEF,3, 0xBB29,18, 0xEBEF,3, 0xBB29,13, 0x6984,1, 0x4124,1, 0x18C5,17, 0x4125,1,
    0x6984,50, 0x4125,1, 0x18C5,18, 0x1084,51, 0x18C5,19, 0x1084,51, 0x18C5,24, 0x10A4,42,
    0x18C5,21, 0x18C5,516, 0x424B,14, 0x18C5,56, 0x6BD0,14, 0x18C5,56, 0x6BD0,14, 0x18C5,56,
    0x424B,8, 0x6BD0,3, 0x424B,3, 0x18C5,64, 0x6BD0,3, 0x18C5,65, 0x424B,2, 0x6BD0,1,
    0x424B,2, 0x18C5,64, 0x424B,1, 0x6BD0,2, 0x424B,1, 0x18C5,66, 0x6BD0,3, 0x18C5,65,
    0x424B,2, 0x6BD0,1, 0x424B,2, 0x18C5,64, 0x424B,1, 0x6BD0,2, 0x424B,1, 0x18C5,66,
    0x6BD0,3, 0x18C5,65, 0x424B,2, 0x6BD0,3, 0x424B,9, 0x18C5,56, 0x6BD0,14, 0x18C5,56,
    0x6BD0,14, 0x18C5,692, 0xB5F8,8, 0x18C5,62, 0xB5F8,8, 0x18C5,67, 0xB5F8,1, 0x18C5,67,
    0xB5F8,2, 0x18C5,68, 0xB5F8,2, 0x18C5,67, 0xB5F8,1, 0x18C5,67, 0xB5F8,8, 0x18C5,62,
    0xB5F8,8, 0x18C5,129, 0xCEDB,8, 0x18C5,62, 0xCEDB,8, 0x18C5,67, 0xCEDB,1, 0x18C5,67,
    0xCEDB,2, 0x18C5,68, 0xCEDB,2, 0x18C5,67, 0xCEDB,1, 0x18C5,67, 0xCEDB,8, 0x18C5,62,
    0xCEDB,8, 0x18C5,397, 0x4124,3, 0x18C5,3, 0x4124,3, 0x18C5,9, 0x4124,3, 0x18C5,3,
    0x4124,3, 0x18C5,43, 0x6984,3, 0x18C5,3, 0x6984,3, 0x18C5,9, 0x6984,3, 0x18C5,3,
    0x6984,3, 0x18C5,43, 0x6984,3, 0x18C5,3, 0x6984,3, 0x18C5,9, 0x6984,3, 0x18C5,3,
    0x6984,3, 0x18C5,43, 0xBB29,2, 0x6984,1, 0x18C5,3, 0xBB29,2, 0x6984,1, 0x18C5,9,
    0xBB29,2, 0x6984,1, 0x18C5,3, 0xBB29,2, 0x6984,1, 0x18C5,43, 0xBB29,2, 0x6984,1,
    0x18C5,3, 0xBB29,2, 0x6984,1, 0x18C5,9, 0xBB29,2, 0x6984,1, 0x18C5,3, 0xBB29,2,
    0x6984,1, 0x18C5,37, 0x4125,1, 0x6984,38, 0x4125,1, 0x18C5,30, 0x4125,1, 0x6984,38,
    0x4125,1, 0x18C5,30, 0x4125,1, 0xBB29,1, 0xF572,34, 0xDC4D,1, 0xBB29,1, 0x6984,1,
    0x4125,1, 0x18C5,24, 0x4125,1, 0x6984,6, 0xBB29,1, 0xF572,1, 0xF514,1, 0xFE98,2,
    0xF572,1, 0xDC4D,29, 0xBB29,1, 0x6984,8, 0x4125,1, 0x18C5,18, 0x4125,1, 0x6984,6,
    0xBB29,1, 0xF572,1, 0xF514,1, 0xFE98,2, 0xF572,1, 0xDC4D,29, 0xBB29,1, 0x6984,8,
    0x4125,1, 0x18C5,16, 0x4124,1, 0x6984,2, 0xDC4D,1, 0xF572,7, 0xDC4D,33, 0xBB29,1,
    0xDC4D,1, 0xF572,5, 0xDC4D,1, 0xBB29,1, 0x6984,1, 0x4124,1, 0x18C5,15, 0x4124,1,
    0x6984,3, 0xBB29,2, 0xDC4D,4, 0xF572,1, 0xDC4D,33, 0xBB29,2, 0xDC4D,4, 0xBB29,1,
    0x6984,3, 0x4124,1, 0x18C5,15, 0x4124,1, 0x6984,3, 0xBB29,2, 0xDC4D,4, 0xF572,1,
    0xDC4D,6, 0x6984,3, 0xDC4D,15, 0x6984,3, 0xDC4D,6, 0xBB29,2, 0xDC4D,4, 0xBB29,1,
    0x6984,3, 0x4124,1, 0x18C5,18, 0x4125,1, 0x6984,1, 0xBB29,1, 0xDC4D,4, 0xF572,1,
    0xDC4D,6, 0x1882,3, 0xDC4D,15, 0x1882,3, 0xDC4D,6, 0xBB29,2, 0xDC4D,4, 0xBB29,1,
    0x4125,1, 0x18C5,21, 0x4125,1, 0x6984,1, 0xBB29,1, 0xDC4D,4, 0xF572,1, 0xDC4D,5,
    0xEBEF,3, 0x6984,1, 0xDC4D,15, 0x6984,2, 0xEBEF,3, 0xDC4D,4, 0xBB29,2, 0xDC4D,4,
    0xBB29,1, 0x4125,1, 0x18C5,21, 0x4125,1, 0x6984,1, 0xBB29,1, 0xDC4D,4, 0xF572,1,
    0xDC4D,5, 0xEBEF,3, 0xDC4D,18, 0xEBEF,3, 0xDC4D,4, 0xBB29,2, 0xDC4D,4, 0xBB29,1,
    0x4125,1, 0x18C5,18, 0x4124,1, 0x6984,2, 0xBB29,1, 0xF572,1, 0xDC4D,6, 0xBB29,3,
    0xEBEF,2, 0xF514,3, 0xEBEF,1, 0xBB29,15, 0xEBEF,2, 0xF514,3, 0xEBEF,1, 0xBB29,5,
    0xDC4D,5, 0xBB29,1, 0x6984,2, 0x4124,1, 0x18C5,15, 0x4124,1, 0x6984,2, 0xBB29,7,
    0xDC4D,1, 0xBB29,5, 0xEBEF,3, 0xBB29,18, 0xEBEF,3, 0xBB29,13, 0x6984,1, 0x4124,1,
    0x18C5,15, 0x4124,1, 0x6984,2, 0xBB29,7, 0xDC4D,1, 0xBB29,5, 0xEBEF,3, 0xBB29,18,
    0xEBEF,3, 0xBB29,13, 0x6984,1, 0x4124,1, 0x18C5,17, 0x4125,1, 0x6984,50, 0x4125,1,
    0x18C5,18, 0x1084,51, 0x18C5,19, 0x1084,51, 0x18C5,24, 0x10A4,42, 0x18C5,21, 0x18C5,444,
    0x424B,1, 0x6BD0,13, 0x18C5,56, 0x424B,1, 0x6BD0,13, 0x18C5,56, 0x424B,1, 0x6BD0,13,
    0x18C5,64, 0x424B,1, 0x6BD0,2, 0x424B,1, 0x18C5,66, 0x424B,1, 0x6BD0,2, 0x424B,1,
    0x18C5,64, 0x424B,1, 0x6BD0,2, 0x424B,1, 0x18C5,65, 0x424B,1, 0x6BD0,2, 0x424B,1,
    0x18C5,66, 0x424B,1, 0x6BD0,2, 0x424B,1, 0x18C5,64, 0x424B,1, 0x6BD0,2, 0x424B,1,
    0x18C5,65, 0x424B,1, 0x6BD0,2, 0x424B,1, 0x18C5,66, 0x424B,1, 0x6BD0,2, 0x424B,1,
    0x18C5,64, 0x424B,1, 0x6BD0,13, 0x18C5,56, 0x424B,1, 0x6BD0,13, 0x18C5,56, 0x424B,1,
    0x6BD0,13, 0x18C5,622, 0x3A0A,1, 0x634F,7, 0x18C5,62, 0x634F,1, 0xB5F8,7, 0x18C5,62,
    0x3A0A,1, 0x636F,4, 0x8CB3,2, 0x636F,1, 0x18C5,65, 0x3A0A,1, 0x636F,2, 0x3A0A,1,
    0x18C5,66, 0x636F,1, 0xB5F8,1, 0x636F,1, 0x18C5,66, 0x3A0A,1, 0x636F,2, 0x3A0A,1,
    0x18C5,64, 0x3A0A,1, 0x636F,1, 0x8CB3,2, 0x636F,4, 0x18C5,62, 0x634F,1, 0xB5F8,7,
    0x18C5,132, 0x424B,1, 0x73D0,7, 0x18C5,62, 0x73D0,1, 0xCEDB,7, 0x18C5,62, 0x424B,1,
    0x73D0,4, 0xA556,2, 0x73D0,1, 0x18C5,65, 0x424B,1, 0x73D0,2, 0x424B,1, 0x18C5,66,
    0x73D0,1, 0xCEDB,1, 0x73D0,1, 0x18C5,66, 0x424B,1, 0x73D0,2, 0x424B,1, 0x18C5,64,
    0x424B,1, 0x73D0,1, 0xA556,2, 0x73D0,4, 0x18C5,62, 0x73D0,1, 0xCEDB,7, 0x18C5,536,
    0x4124,3, 0x18C5,3, 0x4124,3, 0x18C5,9, 0x4124,3, 0x18C5,3, 0x4124,3, 0x18C5,43,
    0x6984,3, 0x18C5,3, 0x6984,3, 0x18C5,9, 0x6984,3, 0x18C5,3, 0x6984,3, 0x18C5,43,
    0x6984,3, 0x18C5,3, 0x6984,3, 0x18C5,9, 0x6984,3, 0x18C5,3, 0x6984,3, 0x18C5,43,
    0xBB29,2, 0x6984,1, 0x18C5,3, 0xBB29,2, 0x6984,1, 0x18C5,9, 0xBB29,2, 0x6984,1,
    0x18C5,3, 0xBB29,2, 0x6984,1, 0x18C5,43, 0xBB29,2, 0x6984,1, 0x18C5,3, 0xBB29,2,
    0x6984,1, 0x18C5,9, 0xBB29,2, 0x6984,1, 0x18C5,3, 0xBB29,2, 0x6984,1, 0x18C5,37,
    0x4125,1, 0x6984,38, 0x4125,1, 0x18C5,30, 0x4125,1, 0x6984,38, 0x4125,1, 0x18C5,30,
    0x4125,1, 0xBB29,1, 0xF572,34, 0xDC4D,1, 0xBB29,1, 0x6984,1, 0x4125,1, 0x18C5,24,
    0x4125,1, 0x6984,6, 0xBB29,1, 0xF572,1, 0xF514,1, 0xFE98,2, 0xF572,1, 0xDC4D,29,
    0xBB29,1, 0x6984,8, 0x4125,1, 0x18C5,18, 0x4125,1, 0x6984,6, 0xBB29,1, 0xF572,1,
    0xF514,1, 0xFE98,2, 0xF572,1, 0xDC4D,29, 0xBB29,1, 0x6984,8, 0x4125,1, 0x18C5,16,
    0x4124,1, 0x6984,2, 0xDC4D,1, 0xF572,7, 0xDC4D,33, 0xBB29,1, 0xDC4D,1, 0xF572,5,
    0xDC4D,1, 0xBB29,1, 0x6984,1, 0x4124,1, 0x18C5,15, 0x4124,1, 0x6984,3, 0xBB29,2,
    0xDC4D,4, 0xF572,1, 0xDC4D,33, 0xBB29,2, 0xDC4D,4, 0xBB29,1, 0x6984,3, 0x4124,1,
    0x18C5,15, 0x4124,1, 0x6984,3, 0xBB29,2, 0xDC4D,4, 0xF572,1, 0xDC4D,6, 0x6984,3,
    0xDC4D,15, 0x6984,3, 0xDC4D,6, 0xBB29,2, 0xDC4D,4, 0xBB29,1, 0x6984,3, 0x4124,1,
    0x18C5,18, 0x4125,1, 0x6984,1, 0xBB29,1, 0xDC4D,4, 0xF572,1, 0xDC4D,6, 0x1882,3,
    0xDC4D,15, 0x1882,3, 0xDC4D,6, 0xBB29,2, 0xDC4D,4, 0xBB29,1, 0x4125,1, 0x18C5,21,
    0x4125,1, 0x6984,1, 0xBB29,1, 0xDC4D,4, 0xF572,1, 0xDC4D,5, 0xEBEF,3, 0x6984,1,
    0xDC4D,15, 0x6984,2, 0xEBEF,3, 0xDC4D,4, 0xBB29,2, 0xDC4D,4, 0xBB29,1, 0x4125,1,
    0x18C5,21, 0x4125,1, 0x6984,1, 0xBB29,1, 0xDC4D,4, 0xF572,1, 0xDC4D,5, 0xEBEF,3,
    0xDC4D,18, 0xEBEF,3, 0xDC4D,4, 0xBB29,2, 0xDC4D,4, 0xBB29,1, 0x4125,1, 0x18C5,18,
    0x4124,1, 0x6984,2, 0xBB29,1, 0xF572,1, 0xDC4D,6, 0xBB29,3, 0xEBEF,2, 0xF514,3,
    0xEBEF,1, 0xBB29,15, 0xEBEF,2, 0xF514,3, 0xEBEF,1, 0xBB29,5, 0xDC4D,5, 0xBB29,1,
    0x6984,2, 0x4124,1, 0x18C5,15, 0x4124,1, 0x6984,2, 0xBB29,7, 0xDC4D,1, 0xBB29,5,
    0xEBEF,3, 0xBB29,18, 0xEBEF,3, 0xBB29,13, 0x6984,1, 0x4124,1, 0x18C5,15, 0x4124,1,
    0x6984,2, 0xBB29,7, 0xDC4D,1, 0xBB29,5, 0xEBEF,3, 0xBB29,18, 0xEBEF,3, 0xBB29,13,
    0x6984,1, 0x4124,1, 0x18C5,17, 0x4125,1, 0x6984,50, 0x4125,1, 0x18C5,18, 0x1084,51,
    0x18C5,19, 0x1084,51, 0x18C5,24, 0x10A4,42, 0x18C5,21, 0x18C5,304, 0x2988,1, 0x424B,13,
    0x18C5,56, 0x424B,1, 0x6BD0,13, 0x18C5,56, 0x424B,1, 0x6BD0,13, 0x18C5,56, 0x2988,1,
    0x424B,7, 0x530E,1, 0x6BD0,2, 0x530E,1, 0x424B,2, 0x18C5,64, 0x424B,1, 0x6BD0,2,
    0x424B,1, 0x18C5,64, 0x2988,1, 0x424B,1, 0x530E,2, 0x424B,1, 0x2988,1, 0x18C5,63,
    0x2988,1, 0x530E,1, 0x6BD0,1, 0x530E,1, 0x2988,1, 0x18C5,65, 0x424B,1, 0x6BD0,2,
    0x424B,1, 0x18C5,64, 0x2988,1, 0x424B,1, 0x530E,2, 0x424B,1, 0x2988,1, 0x18C5,63,
    0x2988,1, 0x530E,1, 0x6BD0,1, 0x530E,1, 0x2988,1, 0x18C5,65, 0x424B,1, 0x6BD0,2,
    0x424B,1, 0x18C5,64, 0x2988,1, 0x424B,1, 0x530E,1, 0x6BD0,2, 0x530E,1, 0x424B,8,
    0x18C5,56, 0x424B,1, 0x6BD0,13, 0x18C5,56, 0x424B,1, 0x6BD0,13, 0x18C5,551, 0x634F,8,
    0x18C5,62, 0xB5F8,8, 0x18C5,62, 0x636F,5, 0xB5F8,1, 0x636F,2, 0x18C5,65, 0x636F,3,
    0x18C5,67, 0xB5F8,2, 0x18C5,67, 0x636F,3, 0x18C5,65, 0x636F,2, 0xB5F8,1, 0x636F,5,
    0x18C5,62, 0xB5F8,8, 0x18C5,275, 0xCEDB,11, 0x18C5,59, 0xCEDB,11, 0x18C5,59, 0xCEDB,11,
    0x18C5,64, 0xCEDB,3, 0x18C5,67, 0xCEDB,3, 0x18C5,65, 0xCEDB,3, 0x18C5,66, 0xCEDB,3,
    0x18C5,67, 0xCEDB,3, 0x18C5,65, 0xCEDB,11, 0x18C5,59, 0xCEDB,11, 0x18C5,59, 0xCEDB,11,
    0x18C5,391, 0x4124,3, 0x18C5,3, 0x4124,3, 0x18C5,9, 0x4124,3, 0x18C5,3, 0x4124,3,
    0x18C5,43, 0x6984,3, 0x18C5,3, 0x6984,3, 0x18C5,9, 0x6984,3, 0x18C5,3, 0x6984,3,
    0x18C5,43, 0x6984,3, 0x18C5,3, 0x6984,3, 0x18C5,9, 0x6984,3, 0x18C5,3, 0x6984,3,
    0x18C5,43, 0xBB29,2, 0x6984,1, 0x18C5,3, 0xBB29,2, 0x6984,1, 0x18C5,9, 0xBB29,2,
    0x6984,1, 0x18C5,3, 0xBB29,2, 0x6984,1, 0x18C5,43, 0xBB29,2, 0x6984,1, 0x18C5,3,
    0xBB29,2, 0x6984,1, 0x18C5,9, 0xBB29,2, 0x6984,1, 0x18C5,3, 0xBB29,2, 0x6984,1,
    0x18C5,37, 0x4125,1, 0x6984,38, 0x4125,1, 0x18C5,30, 0x4125,1, 0x6984,38, 0x4125,1,
    0x18C5,30, 0x4125,1, 0xBB29,1, 0xF572,34, 0xDC4D,1, 0xBB29,1, 0x6984,1, 0x4125,1,
    0x18C5,24, 0x4125,1, 0x6984,6, 0xBB29,1, 0xF572,1, 0xF514,1, 0xFE98,2, 0xF572,1,
    0xDC4D,29, 0xBB29,1, 0x6984,8, 0x4125,1, 0x18C5,18, 0x4125,1, 0x6984,6, 0xBB29,1,
    0xF572,1, 0xF514,1, 0xFE98,2, 0xF572,1, 0xDC4D,29, 0xBB29,1, 0x6984,8, 0x4125,1,
    0x18C5,16, 0x4124,1, 0x6984,2, 0xDC4D,1, 0xF572,7, 0xDC4D,33, 0xBB29,1, 0xDC4D,1,
    0xF572,5, 0xDC4D,1, 0xBB29,1, 0x6984,1, 0x4124,1, 0x18C5,15, 0x4124,1, 0x6984,3,
    0xBB29,2, 0xDC4D,4, 0xF572,1, 0xDC4D,33, 0xBB29,2, 0xDC4D,4, 0xBB29,1, 0x6984,3,
    0x4124,1, 0x18C5,15, 0x4124,1, 0x6984,3, 0xBB29,2, 0xDC4D,4, 0xF572,1, 0xDC4D,6,
    0x6984,3, 0xDC4D,15, 0x6984,3, 0xDC4D,6, 0xBB29,2, 0xDC4D,4, 0xBB29,1, 0x6984,3,
    0x4124,1, 0x18C5,18, 0x4125,1, 0x6984,1, 0xBB29,1, 0xDC4D,4, 0xF572,1, 0xDC4D,6,
    0x1882,3, 0xDC4D,15, 0x1882,3, 0xDC4D,6, 0xBB29,2, 0xDC4D,4, 0xBB29,1, 0x4125,1,
    0x18C5,21, 0x4125,1, 0x6984,1, 0xBB29,1, 0xDC4D,4, 0xF572,1, 0xDC4D,5, 0xEBEF,3,
    0x6984,1, 0xDC4D,15, 0x6984,2, 0xEBEF,3, 0xDC4D,4, 0xBB29,2, 0xDC4D,4, 0xBB29,1,
    0x4125,1, 0x18C5,21, 0x4125,1, 0x6984,1, 0xBB29,1, 0xDC4D,4, 0xF572,1, 0xDC4D,5,
    0xEBEF,3, 0xDC4D,18, 0xEBEF,3, 0xDC4D,4, 0xBB29,2, 0xDC4D,4, 0xBB29,1, 0x4125,1,
    0x18C5,18, 0x4124,1, 0x6984,2, 0xBB29,1, 0xF572,1, 0xDC4D,6, 0xBB29,3, 0xEBEF,2,
    0xF514,3, 0xEBEF,1, 0xBB29,15, 0xEBEF,2, 0xF514,3, 0xEBEF,1, 0xBB29,5, 0xDC4D,5,
    0xBB29,1, 0x6984,2, 0x4124,1, 0x18C5,15, 0x4124,1, 0x6984,2, 0xBB29,7, 0xDC4D,1,
    0xBB29,5, 0xEBEF,3, 0xBB29,18, 0xEBEF,3, 0xBB29,13, 0x6984,1, 0x4124,1, 0x18C5,15,
    0x4124,1, 0x6984,2, 0xBB29,7, 0xDC4D,1, 0xBB29,5, 0xEBEF,3, 0xBB29,18, 0xEBEF,3,
    0xBB29,13, 0x6984,1, 0x4124,1, 0x18C5,17, 0x4125,1, 0x6984,50, 0x4125,1, 0x18C5,18,
    0x1084,51, 0x18C5,19, 0x1084,51, 0x18C5,24, 0x10A4,42, 0x18C5,21, 0x18C5,303, 0x31A8,14,
    0x18C5,56, 0x4A8C,14, 0x18C5,56, 0x4A8C,14, 0x18C5,56, 0x31A8,8, 0x4A8C,3, 0x31A8,3,
    0x18C5,64, 0x4A8C,3, 0x18C5,65, 0x31A8,2, 0x4A8C,1, 0x31A8,2, 0x18C5,64, 0x31A8,1,
    0x4A8C,2, 0x31A8,1, 0x18C5,66, 0x4A8C,3, 0x18C5,65, 0x31A8,2, 0x4A8C,1, 0x31A8,2,
    0x18C5,64, 0x31A8,1, 0x4A8C,2, 0x31A8,1, 0x18C5,66, 0x4A8C,3, 0x18C5,65, 0x31A8,2,
    0x4A8C,3, 0x31A8,9, 0x18C5,56, 0x4A8C,14, 0x18C5,56, 0x4A8C,14, 0x18C5,339, 0x634F,8,
    0x18C5,62, 0xB5F8,8, 0x18C5,62, 0x636F,5, 0xB5F8,1, 0x636F,2, 0x18C5,65, 0x636F,3,
    0x18C5,67, 0xB5F8,2, 0x18C5,67, 0x636F,3, 0x18C5,65, 0x636F,2, 0xB5F8,1, 0x636F,5,
    0x18C5,62, 0xB5F8,8, 0x18C5,488, 0xCEDB,11, 0x18C5,59, 0xCEDB,11, 0x18C5,59, 0xCEDB,11,
    0x18C5,64, 0xCEDB,3, 0x18C5,67, 0xCEDB,3, 0x18C5,65, 0xCEDB,3, 0x18C5,66, 0xCEDB,3,
    0x18C5,67, 0xCEDB,3, 0x18C5,65, 0xCEDB,11, 0x18C5,59, 0xCEDB,11, 0x18C5,59, 0xCEDB,11,
    0x18C5,391, 0x4124,3, 0x18C5,3, 0x4124,3, 0x18C5,9, 0x4124,3, 0x18C5,3, 0x4124,3,
    0x18C5,43, 0x6984,3, 0x18C5,3, 0x6984,3, 0x18C5,9, 0x6984,3, 0x18C5,3, 0x6984,3,
    0x18C5,43, 0x6984,3, 0x18C5,3, 0x6984,3, 0x18C5,9, 0x6984,3, 0x18C5,3, 0x6984,3,
    0x18C5,43, 0xBB29,2, 0x6984,1, 0x18C5,3, 0xBB29,2, 0x6984,1, 0x18C5,9, 0xBB29,2,
    0x6984,1, 0x18C5,3, 0xBB29,2, 0x6984,1, 0x18C5,43, 0xBB29,2, 0x6984,1, 0x18C5,3,
    0xBB29,2, 0x6984,1, 0x18C5,9, 0xBB29,2, 0x6984,1, 0x18C5,3, 0xBB29,2, 0x6984,1,
    0x18C5,37, 0x4125,1, 0x6984,38, 0x4125,1, 0x18C5,30, 0x4125,1, 0x6984,38, 0x4125,1,
    0x18C5,30, 0x4125,1, 0xBB29,1, 0xF572,34, 0xDC4D,1, 0xBB29,1, 0x6984,1, 0x4125,1,
    0x18C5,24, 0x4125,1, 0x6984,6, 0xBB29,1, 0xF572,1, 0xF514,1, 0xFE98,2, 0xF572,1,
    0xDC4D,29, 0xBB29,1, 0x6984,8, 0x4125,1, 0x18C5,18, 0x4125,1, 0x6984,6, 0xBB29,1,
    0xF572,1, 0xF514,1, 0xFE98,2, 0xF572,1, 0xDC4D,29, 0xBB29,1, 0x6984,8, 0x4125,1,
    0x18C5,16, 0x4124,1, 0x6984,2, 0xDC4D,1, 0xF572,7, 0xDC4D,33, 0xBB29,1, 0xDC4D,1,
    0xF572,5, 0xDC4D,1, 0xBB29,1, 0x6984,1, 0x4124,1, 0x18C5,15, 0x4124,1, 0x6984,3,
    0xBB29,2, 0xDC4D,4, 0xF572,1, 0xDC4D,33, 0xBB29,2, 0xDC4D,4, 0xBB29,1, 0x6984,3,
    0x4124,1, 0x18C5,15, 0x4124,1, 0x6984,3, 0xBB29,2, 0xDC4D,4, 0xF572,1, 0xDC4D,6,
    0x6984,3, 0xDC4D,15, 0x6984,3, 0xDC4D,6, 0xBB29,2, 0xDC4D,4, 0xBB29,1, 0x6984,3,
    0x4124,1, 0x18C5,18, 0x4125,1, 0x6984,1, 0xBB29,1, 0xDC4D,4, 0xF572,1, 0xDC4D,6,
    0x1882,3, 0xDC4D,15, 0x1882,3, 0xDC4D,6, 0xBB29,2, 0xDC4D,4, 0xBB29,1, 0x4125,1,
    0x18C5,21, 0x4125,1, 0x6984,1, 0xBB29,1, 0xDC4D,4, 0xF572,1, 0xDC4D,5, 0xEBEF,3,
    0x6984,1, 0xDC4D,15, 0x6984,2, 0xEBEF,3, 0xDC4D,4, 0xBB29,2, 0xDC4D,4, 0xBB29,1,
    0x4125,1, 0x18C5,21, 0x4125,1, 0x6984,1, 0xBB29,1, 0xDC4D,4, 0xF572,1, 0xDC4D,5,
    0xEBEF,3, 0xDC4D,18, 0xEBEF,3, 0xDC4D,4, 0xBB29,2, 0xDC4D,4, 0xBB29,1, 0x4125,1,
    0x18C5,18, 0x4124,1, 0x6984,2, 0xBB29,1, 0xF572,1, 0xDC4D,6, 0xBB29,3, 0xEBEF,2,
    0xF514,3, 0xEBEF,1, 0xBB29,15, 0xEBEF,2, 0xF514,3, 0xEBEF,1, 0xBB29,5, 0xDC4D,5,
    0xBB29,1, 0x6984,2, 0x4124,1, 0x18C5,15, 0x4124,1, 0x6984,2, 0xBB29,7, 0xDC4D,1,
    0xBB29,5, 0xEBEF,3, 0xBB29,18, 0xEBEF,3, 0xBB29,13, 0x6984,1, 0x4124,1, 0x18C5,15,
    0x4124,1, 0x6984,2, 0xBB29,7, 0xDC4D,1, 0xBB29,5, 0xEBEF,3, 0xBB29,18, 0xEBEF,3,
    0xBB29,13, 0x6984,1, 0x4124,1, 0x18C5,17, 0x4125,1, 0x6984,50, 0x4125,1, 0x18C5,18,
    0x1084,51, 0x18C5,19, 0x1084,51, 0x18C5,24, 0x10A4,42, 0x18C5,21, 0x18C5,233, 0x4A8C,14,
    0x18C5,56, 0x4A8C,14, 0x18C5,56, 0x4A8C,14, 0x18C5,64, 0x4A8C,3, 0x18C5,67, 0x4A8C,3,
    0x18C5,65, 0x4A8C,3, 0x18C5,66, 0x4A8C,3, 0x18C5,67, 0x4A8C,3, 0x18C5,65, 0x4A8C,3,
    0x18C5,66, 0x4A8C,3, 0x18C5,67, 0x4A8C,3, 0x18C5,65, 0x4A8C,14, 0x18C5,56, 0x4A8C,14,
    0x18C5,56, 0x4A8C,14, 0x18C5,337, 0x634F,1, 0xB5F8,7, 0x18C5,62, 0x634F,1, 0xB5F8,7,
    0x18C5,67, 0x636F,2, 0x18C5,66, 0x636F,1, 0xB5F8,1, 0x636F,1, 0x18C5,67, 0x636F,1,
    0xB5F8,1, 0x636F,1, 0x18C5,66, 0x636F,2, 0x18C5,66, 0x634F,1, 0xB5F8,7, 0x18C5,62,
    0x634F,1, 0xB5F8,7, 0x18C5,560, 0xCEDB,11, 0x18C5,59, 0xCEDB,11, 0x18C5,59, 0xCEDB,11,
    0x18C5,64, 0xCEDB,3, 0x18C5,67, 0xCEDB,3, 0x18C5,65, 0xCEDB,3, 0x18C5,66, 0xCEDB,3,
    0x18C5,67, 0xCEDB,3, 0x18C5,65, 0xCEDB,11, 0x18C5,59, 0xCEDB,11, 0x18C5,59, 0xCEDB,11,
    0x18C5,391, 0x4124,3, 0x18C5,3, 0x4124,3, 0x18C5,9, 0x4124,3, 0x18C5,3, 0x4124,3,
    0x18C5,43, 0x6984,3, 0x18C5,3, 0x6984,3, 0x18C5,9, 0x6984,3, 0x18C5,3, 0x6984,3,
    0x18C5,43, 0x6984,3, 0x18C5,3, 0x6984,3, 0x18C5,9, 0x6984,3, 0x18C5,3, 0x6984,3,
    0x18C5,43, 0xBB29,2, 0x6984,1, 0x18C5,3, 0xBB29,2, 0x6984,1, 0x18C5,9, 0xBB29,2,
    0x6984,1, 0x18C5,3, 0xBB29,2, 0x6984,1, 0x18C5,43, 0xBB29,2, 0x6984,1, 0x18C5,3,
    0xBB29,2, 0x6984,1, 0x18C5,9, 0xBB29,2, 0x6984,1, 0x18C5,3, 0xBB29,2, 0x6984,1,
    0x18C5,37, 0x4125,1, 0x6984,38, 0x4125,1, 0x18C5,30, 0x4125,1, 0x6984,38, 0x4125,1,
    0x18C5,30, 0x4125,1, 0xBB29,1, 0xF572,34, 0xDC4D,1, 0xBB29,1, 0x6984,1, 0x4125,1,
    0x18C5,24, 0x4125,1, 0x6984,6, 0xBB29,1, 0xF572,1, 0xF514,1, 0xFE98,2, 0xF572,1,
    0xDC4D,29, 0xBB29,1, 0x6984,8, 0x4125,1, 0x18C5,18, 0x4125,1, 0x6984,6, 0xBB29,1,
    0xF572,1, 0xF514,1, 0xFE98,2, 0xF572,1, 0xDC4D,29, 0xBB29,1, 0x6984,8, 0x4125,1,
    0x18C5,16, 0x4124,1, 0x6984,2, 0xDC4D,1, 0xF572,7, 0xDC4D,33, 0xBB29,1, 0xDC4D,1,
    0xF572,5, 0xDC4D,1, 0xBB29,1, 0x6984,1, 0x4124,1, 0x18C5,15, 0x4124,1, 0x6984,3,
    0xBB29,2, 0xDC4D,4, 0xF572,1, 0xDC4D,33, 0xBB29,2, 0xDC4D,4, 0xBB29,1, 0x6984,3,
    0x4124,1, 0x18C5,15, 0x4124,1, 0x6984,3, 0xBB29,2, 0xDC4D,4, 0xF572,1, 0xDC4D,6,
    0x6984,3, 0xDC4D,15, 0x6984,3, 0xDC4D,6, 0xBB29,2, 0xDC4D,4, 0xBB29,1, 0x6984,3,
    0x4124,1, 0x18C5,18, 0x4125,1, 0x6984,1, 0xBB29,1, 0xDC4D,4, 0xF572,1, 0xDC4D,6,
    0x1882,3, 0xDC4D,15, 0x1882,3, 0xDC4D,6, 0xBB29,2, 0xDC4D,4, 0xBB29,1, 0x4125,1,
    0x18C5,21, 0x4125,1, 0x6984,1, 0xBB29,1, 0xDC4D,4, 0xF572,1, 0xDC4D,5, 0xEBEF,3,
    0x6984,1, 0xDC4D,15, 0x6984,2, 0xEBEF,3, 0xDC4D,4, 0xBB29,2, 0xDC4D,4, 0xBB29,1,
    0x4125,1, 0x18C5,21, 0x4125,1, 0x6984,1, 0xBB29,1, 0xDC4D,4, 0xF572,1, 0xDC4D,5,
    0xEBEF,3, 0xDC4D,18, 0xEBEF,3, 0xDC4D,4, 0xBB29,2, 0xDC4D,4, 0xBB29,1, 0x4125,1,
    0x18C5,18, 0x4124,1, 0x6984,2, 0xBB29,1, 0xF572,1, 0xDC4D,6, 0xBB29,3, 0xEBEF,2,
    0xF514,3, 0xEBEF,1, 0xBB29,15, 0xEBEF,2, 0xF514,3, 0xEBEF,1, 0xBB29,5, 0xDC4D,5,
    0xBB29,1, 0x6984,2, 0x4124,1, 0x18C5,15, 0x4124,1, 0x6984,2, 0xBB29,7, 0xDC4D,1,
    0xBB29,5, 0xEBEF,3, 0xBB29,18, 0xEBEF,3, 0xBB29,13, 0x6984,1, 0x4124,1, 0x18C5,15,
    0x4124,1, 0x6984,2, 0xBB29,7, 0xDC4D,1, 0xBB29,5, 0xEBEF,3, 0xBB29,18, 0xEBEF,3,
    0xBB29,13, 0x6984,1, 0x4124,1, 0x18C5,17, 0x4125,1, 0x6984,50, 0x4125,1, 0x18C5,18,
    0x1084,51, 0x18C5,19, 0x1084,51, 0x18C5,24, 0x10A4,42, 0x18C5,21,
};

#endif // SLEEPING_FRAMES_H
