#ifndef DIZZY_FRAMES_H
#define DIZZY_FRAMES_H

/**
 * Auto-generated by png2rgb565.py (RLE compressed, auto-cropped)
 * 32 frame(s), 70x53 pixels
 * Raw: 237,440 bytes, RLE: 48,160 bytes (5x compression)
 * Transparent key: 0x18C5
 */

#include <stdint.h>

#define DIZZY_WIDTH  70
#define DIZZY_HEIGHT 53
#define DIZZY_FRAME_COUNT 32
#define DIZZY_TRANSPARENT_KEY 0x18C5

static const uint32_t dizzy_frame_offsets[33] = {
    0, 748, 1480, 2144, 2796, 3570, 4336, 5220,
    6084, 6988, 7852, 8696, 9328, 10004, 10696, 11332,
    12028, 12752, 13452, 14088, 14720, 15396, 16036, 16880,
    17792, 18696, 19608, 20492, 21206, 21980, 22680, 23344,
    24080,
};

static const uint16_t dizzy_rle_data[] = {
    0x18C5,564, 0x8B63,1, 0xFE00,1, 0x8B63,1, 0x18C5,57, 0x8B63,1, 0xFE00,1, 0x8B63,1,
    0x18C5,7, 0x8B63,1, 0xFE00,1, 0x8B63,1, 0x18C5,57, 0x8B63,1, 0xFE00,1, 0x8B63,1,
    0x18C5,7, 0x8B63,1, 0xFE00,1, 0x8B63,1, 0x18C5,57, 0x8B63,1, 0xFE00,1, 0x8B63,1,
    0x18C5,4, 0x8B63,1, 0xFE00,2, 0xF572,1, 0xFF95,1, 0xF572,1, 0xFE00,2, 0x8B63,1,
    0x18C5,51, 0x8B63,1, 0xFE00,2, 0xF572,1, 0xFF95,1, 0xF572,1, 0xFE00,2, 0x8B63,1,
    0x18C5,1, 0x8B63,1, 0xFE00,2, 0xF572,1, 0xFF95,1, 0xF572,1, 0xFE00,2, 0x8B63,1,
    0x18C5,51, 0x8B63,1, 0xFE00,2, 0xF572,1, 0xFF95,1, 0xF572,1, 0xFE00,2, 0x8B63,1,
    0x18C5,4, 0x8B63,1, 0xFE00,1, 0x8B63,1, 0x18C5,57, 0x8B63,1, 0xFE00,1, 0x8B63,1,
    0x18C5,7, 0x8B63,1, 0xFE00,1, 0x8B63,1, 0x18C5,57, 0x8B63,1, 0xFE00,1, 0x8B63,1,
    0x18C5,7, 0x8B63,1, 0xFE00,1, 0x8B63,1, 0x18C5,28, 0x8B63,1, 0x18C5,28, 0x8B63,1,
    0xFE00,1, 0x8B63,1, 0x18C5,38, 0xFE00,1, 0x18C5,69, 0xFE00,1, 0x18C5,69, 0xFE00,1,
    0x18C5,69, 0xFE00,1, 0x18C5,64, 0x8B63,5, 0xF572,1, 0x8B63,5, 0x18C5,59, 0x8B63,5,
    0xF572,1, 0x8B63,5, 0x18C5,64, 0xFE00,1, 0x18C5,49, 0x6984,20, 0xFE00,1, 0x6984,12,
    0x18C5,37, 0x6984,20, 0xFE00,1, 0x6984,12, 0x18C5,37, 0x6984,2, 0xBB29,1, 0xF572,17,
    0xFE00,1, 0xF572,9, 0xBB29,2, 0x6984,1, 0x18C5,37, 0x6984,2, 0xFE98,3, 0xDC4D,15,
    0xFE00,1, 0xDC4D,9, 0xBB29,2, 0x6984,1, 0x18C5,33, 0x4124,4, 0x6984,2, 0xDC4D,1,
    0xFE98,2, 0xDC4D,1, 0x6984,2, 0xDC4D,4, 0x6984,2, 0xDC4D,10, 0x6984,2, 0xDC4D,4,
    0x6984,3, 0x4124,8, 0x18C5,25, 0x6984,7, 0xF572,2, 0xDC4D,1, 0x1882,2, 0xDC4D,4,
    0x1882,2, 0xDC4D,10, 0x1882,2, 0xDC4D,4, 0x1882,2, 0xBB29,1, 0x6984,8, 0x18C5,23,
    0x4125,2, 0x6984,1, 0xBB29,6, 0xF572,2, 0xDC4D,1, 0x6984,3, 0xDC4D,2, 0x6984,3,
    0xDC4D,10, 0x6984,3, 0xDC4D,2, 0x6984,3, 0xBB29,7, 0x6984,2, 0x4125,1, 0x18C5,22,
    0x6984,3, 0xDC4D,6, 0xF572,2, 0xDC4D,3, 0x6984,4, 0xDC4D,14, 0x6984,4, 0xDC4D,2,
    0xBB29,1, 0xDC4D,6, 0x6984,3, 0x18C5,22, 0x6984,3, 0xBB29,2, 0xDC4D,4, 0xF572,2,
    0xDC4D,4, 0x1882,2, 0xDC4D,16, 0x1882,2, 0xDC4D,3, 0xBB29,1, 0xDC4D,5, 0xBB29,1,
    0x6984,3, 0x18C5,22, 0x4125,3, 0x6984,2, 0xDC4D,4, 0xF572,2, 0xDC4D,3, 0x6984,4,
    0xDC4D,14, 0x6984,4, 0xDC4D,2, 0xBB29,1, 0xDC4D,5, 0x6984,1, 0x4125,3, 0x18C5,25,
    0x6984,2, 0xDC4D,4, 0xF572,2, 0xDC4D,1, 0x6984,3, 0xDC4D,2, 0x6984,3, 0xDC4D,10,
    0x6984,3, 0xDC4D,2, 0x6984,3, 0xBB29,1, 0xDC4D,5, 0x6984,1, 0x18C5,28, 0x6984,2,
    0xDC4D,4, 0xF572,2, 0xDC4D,1, 0x1882,2, 0xDC4D,4, 0x1882,2, 0xDC4D,10, 0x1882,2,
    0xDC4D,4, 0x1882,2, 0xBB29,1, 0xDC4D,5, 0x6984,1, 0x18C5,25, 0x4125,3, 0xBB29,2,
    0xDC4D,4, 0xF572,2, 0xDC4D,1, 0x6984,2, 0xDC4D,4, 0x6984,2, 0xDC4D,10, 0x6984,2,
    0xDC4D,4, 0x6984,2, 0xBB29,1, 0xDC4D,5, 0xBB29,1, 0x4125,3, 0x18C5,22, 0x6984,3,
    0xDC4D,2, 0xBB29,4, 0xF572,2, 0xDC4D,27, 0xBB29,6, 0xDC4D,1, 0x6984,3, 0x18C5,22,
    0x6984,2, 0xBB29,9, 0xDC4D,27, 0xBB29,9, 0x6984,1, 0x18C5,22, 0x4125,2, 0x6984,7,
    0xBB29,2, 0xDC4D,27, 0xBB29,1, 0x6984,8, 0x4125,1, 0x18C5,24, 0x4124,6, 0x6984,1,
    0xBB29,2, 0xDC4D,27, 0xBB29,1, 0x6984,2, 0x4124,6, 0x18C5,32, 0x6984,2, 0xBB29,30,
    0x6984,1, 0x18C5,37, 0x6984,2, 0xBB29,30, 0x6984,1, 0x18C5,37, 0x6984,2, 0xBB29,30,
    0x6984,1, 0x18C5,37, 0x6984,33, 0x18C5,40, 0xBB29,2, 0x6984,1, 0x18C5,3, 0xBB29,2,
    0x6984,1, 0x18C5,9, 0xBB29,2, 0x6984,1, 0x18C5,3, 0xBB29,2, 0x6984,1, 0x18C5,43,
    0xBB29,2, 0x6984,1, 0x18C5,3, 0xBB29,2, 0x6984,1, 0x18C5,9, 0xBB29,2, 0x6984,1,
    0x18C5,3, 0xBB29,2, 0x6984,1, 0x18C5,43, 0xBB29,2, 0x6984,1, 0x18C5,3, 0xBB29,2,
    0x6984,1, 0x18C5,9, 0xBB29,2, 0x6984,1, 0x18C5,3, 0xBB29,2, 0x6984,1, 0x18C5,43,
    0xBB29,2, 0x6984,1, 0x18C5,3, 0xBB29,2, 0x6984,1, 0x18C5,9, 0xBB29,2, 0x6984,1,
    0x18C5,3, 0xBB29,2, 0x6984,1, 0x18C5,43, 0xBB29,2, 0x6984,1, 0x18C5,3, 0xBB29,2,
    0x6984,1, 0x18C5,9, 0xBB29,2, 0x6984,1, 0x18C5,3, 0xBB29,2, 0x6984,1, 0x18C5,43,
    0x6984,3, 0x18C5,3, 0x6984,3, 0x18C5,9, 0x6984,3, 0x18C5,3, 0x6984,3, 0x18C5,39,
    0x1084,36, 0x18C5,34, 0x1084,36, 0x18C5,38, 0x10A4,27, 0x18C5,22, 0x18C5,483, 0x8B63,2,
    0x18C5,68, 0xFE00,2, 0x18C5,68, 0xFE00,2, 0x18C5,12, 0x5204,1, 0x8B63,1, 0x5204,1,
    0x18C5,50, 0x8B63,3, 0xF572,2, 0x8B63,3, 0x18C5,9, 0x8B63,1, 0xFE00,1, 0x8B63,1,
    0x18C5,50, 0xFE00,3, 0xFF95,2, 0xFE00,3, 0x18C5,9, 0x8B63,1, 0xFE00,1, 0x8B63,1,
    0x18C5,50, 0x8B63,3, 0xF572,2, 0x8B63,3, 0x18C5,6, 0x5204,1, 0x8B63,2, 0xC507,1,
    0xF572,1, 0xC507,1, 0x8B63,2, 0x5204,1, 0x18C5,50, 0xFE00,2, 0x18C5,9, 0x8B63,1,
    0xFE00,2, 0xF572,1, 0xFF95,1, 0xF572,1, 0xFE00,2, 0x8B63,1, 0x18C5,50, 0xFE00,2,
    0x18C5,9, 0x5204,1, 0x8B63,2, 0xC507,1, 0xF572,1, 0xC507,1, 0x8B63,2, 0x5204,1,
    0x18C5,50, 0x8B63,2, 0x18C5,12, 0x8B63,1, 0xFE00,1, 0x8B63,1, 0x18C5,31, 0x8B63,1,
    0x18C5,35, 0x8B63,1, 0xFE00,1, 0x8B63,1, 0x18C5,31, 0xFE00,1, 0x18C5,35, 0x5204,1,
    0x8B63,1, 0x5204,1, 0x18C5,31, 0xFE00,1, 0x18C5,69, 0xFE00,1, 0x18C5,69, 0xFE00,1,
    0x18C5,64, 0x8B63,5, 0xF572,1, 0x8B63,5, 0x18C5,59, 0x8B63,5, 0xF572,1, 0x8B63,5,
    0x18C5,64, 0xFE00,1, 0x18C5,43, 0x6984,26, 0xFE00,1, 0x6984,6, 0x18C5,37, 0x6984,26,
    0xFE00,1, 0x6984,6, 0x18C5,37, 0x6984,2, 0xBB29,1, 0xF572,23, 0xFE00,1, 0xF572,3,
    0xBB29,2, 0x6984,1, 0x18C5,37, 0x6984,2, 0xFE98,3, 0xDC4D,21, 0xFE00,1, 0xDC4D,3,
    0xBB29,2, 0x6984,1, 0x18C5,33, 0x4124,4, 0x6984,2, 0xDC4D,1, 0xFE98,2, 0xDC4D,1,
    0x6984,2, 0xDC4D,4, 0x6984,2, 0xDC4D,10, 0x6984,2, 0xDC4D,4, 0x6984,3, 0x4124,8,
    0x18C5,25, 0x6984,7, 0xF572,2, 0xDC4D,1, 0x1882,2, 0xDC4D,4, 0x1882,2, 0xDC4D,10,
    0x1882,2, 0xDC4D,4, 0x1882,2, 0xBB29,1, 0x6984,8, 0x18C5,23, 0x4125,2, 0x6984,1,
    0xBB29,6, 0xF572,2, 0xDC4D,1, 0x6984,3, 0xDC4D,2, 0x6984,3, 0xDC4D,10, 0x6984,3,
    0xDC4D,2, 0x6984,3, 0xBB29,7, 0x6984,2, 0x4125,1, 0x18C5,22, 0x6984,3, 0xDC4D,6,
    0xF572,2, 0xDC4D,3, 0x6984,4, 0xDC4D,14, 0x6984,4, 0xDC4D,2, 0xBB29,1, 0xDC4D,6,
    0x6984,3, 0x18C5,22, 0x6984,3, 0xBB29,2, 0xDC4D,4, 0xF572,2, 0xDC4D,4, 0x1882,2,
    0xDC4D,16, 0x1882,2, 0xDC4D,3, 0xBB29,1, 0xDC4D,5, 0xBB29,1, 0x6984,3, 0x18C5,22,
    0x4125,3, 0x6984,2, 0xDC4D,4, 0xF572,2, 0xDC4D,3, 0x6984,4, 0xDC4D,14, 0x6984,4,
    0xDC4D,2, 0xBB29,1, 0xDC4D,5, 0x6984,1, 0x4125,3, 0x18C5,25, 0x6984,2, 0xDC4D,4,
    0xF572,2, 0xDC4D,1, 0x6984,3, 0xDC4D,2, 0x6984,3, 0xDC4D,10, 0x6984,3, 0xDC4D,2,
    0x6984,3, 0xBB29,1, 0xDC4D,5, 0x6984,1, 0x18C5,28, 0x6984,2, 0xDC4D,4, 0xF572,2,
    0xDC4D,1, 0x1882,2, 0xDC4D,4, 0x1882,2, 0xDC4D,10, 0x1882,2, 0xDC4D,4, 0x1882,2,
    0xBB29,1, 0xDC4D,5, 0x6984,1, 0x18C5,25, 0x4125,3, 0xBB29,2, 0xDC4D,4, 0xF572,2,
    0xDC4D,1, 0x6984,2, 0xDC4D,4, 0x6984,2, 0xDC4D,10, 0x6984,2, 0xDC4D,4, 0x6984,2,
    0xBB29,1, 0xDC4D,5, 0xBB29,1, 0x4125,3, 0x18C5,22, 0x6984,3, 0xDC4D,2, 0xBB29,4,
    0xF572,2, 0xDC4D,27, 0xBB29,6, 0xDC4D,1, 0x6984,3, 0x18C5,22, 0x6984,2, 0xBB29,9,
    0xDC4D,27, 0xBB29,9, 0x6984,1, 0x18C5,22, 0x4125,2, 0x6984,7, 0xBB29,2, 0xDC4D,27,
    0xBB29,1, 0x6984,8, 0x4125,1, 0x18C5,24, 0x4124,6, 0x6984,1, 0xBB29,2, 0xDC4D,27,
    0xBB29,1, 0x6984,2, 0x4124,6, 0x18C5,32, 0x6984,2, 0xBB29,30, 0x6984,1, 0x18C5,37,
    0x6984,2, 0xBB29,30, 0x6984,1, 0x18C5,37, 0x6984,2, 0xBB29,30, 0x6984,1, 0x18C5,37,
    0x6984,33, 0x18C5,40, 0xBB29,2, 0x6984,1, 0x18C5,3, 0xBB29,2, 0x6984,1, 0x18C5,9,
    0xBB29,2, 0x6984,1, 0x18C5,3, 0xBB29,2, 0x6984,1, 0x18C5,43, 0xBB29,2, 0x6984,1,
    0x18C5,3, 0xBB29,2, 0x6984,1, 0x18C5,9, 0xBB29,2, 0x6984,1, 0x18C5,3, 0xBB29,2,
    0x6984,1, 0x18C5,43, 0xBB29,2, 0x6984,1, 0x18C5,3, 0xBB29,2, 0x6984,1, 0x18C5,9,
    0xBB29,2, 0x6984,1, 0x18C5,3, 0xBB29,2, 0x6984,1, 0x18C5,43, 0xBB29,2, 0x6984,1,
    0x18C5,3, 0xBB29,2, 0x6984,1, 0x18C5,9, 0xBB29,2, 0x6984,1, 0x18C5,3, 0xBB29,2,
    0x6984,1, 0x18C5,43, 0xBB29,2, 0x6984,1, 0x18C5,3, 0xBB29,2, 0x6984,1, 0x18C5,9,
    0xBB29,2, 0x6984,1, 0x18C5,3, 0xBB29,2, 0x6984,1, 0x18C5,43, 0x6984,3, 0x18C5,3,
    0x6984,3, 0x18C5,9, 0x6984,3, 0x18C5,3, 0x6984,3, 0x18C5,39, 0x1084,36, 0x18C5,34,
    0x1084,36, 0x18C5,38, 0x10A4,27, 0x18C5,22, 0x18C5,480, 0x5204,2, 0x18C5,68, 0x8B63,2,
    0x18C5,66, 0x5204,1, 0x8B63,1, 0xC4A2,2, 0x8B63,1, 0x5204,1, 0x18C5,64, 0x5204,1,
    0x8B63,1, 0xC4A2,2, 0x8B63,1, 0x5204,1, 0x18C5,66, 0x8B63,2, 0x18C5,17, 0xFE00,2,
    0x18C5,49, 0x5204,2, 0x18C5,17, 0xFE00,2, 0x18C5,68, 0xFE00,2, 0x18C5,65, 0xFE00,3,
    0xFF95,2, 0xFE00,3, 0x18C5,31, 0x8B63,2, 0x18C5,29, 0xFE00,3, 0xFF95,2, 0xFE00,3,
    0x18C5,31, 0x8B63,2, 0x18C5,32, 0xFE00,2, 0x18C5,34, 0x8B63,2, 0x18C5,32, 0xFE00,2,
    0x18C5,34, 0x8B63,2, 0x18C5,32, 0xFE00,2, 0x18C5,34, 0x8B63,2, 0x18C5,63, 0x8B63,1,
    0xFE00,4, 0xF572,2, 0xFE00,4, 0x8B63,1, 0x18C5,63, 0x8B63,2, 0x18C5,68, 0x8B63,2,
    0x18C5,68, 0x8B63,2, 0x18C5,38, 0x6984,30, 0xBB29,2, 0x6984,1, 0x18C5,37, 0x6984,30,
    0xBB29,2, 0x6984,1, 0x18C5,37, 0x6984,2, 0xBB29,1, 0xF572,27, 0xBB29,2, 0x6984,1,
    0x18C5,37, 0x6984,2, 0xFE98,3, 0xDC4D,25, 0xBB29,2, 0x6984,1, 0x18C5,33, 0x4124,4,
    0x6984,2, 0xDC4D,1, 0xFE98,2, 0xDC4D,1, 0x6984,2, 0xDC4D,4, 0x6984,2, 0xDC4D,10,
    0x6984,2, 0xDC4D,4, 0x6984,3, 0x4124,8, 0x18C5,25, 0x6984,7, 0xF572,2, 0xDC4D,1,
    0x1882,2, 0xDC4D,4, 0x1882,2, 0xDC4D,10, 0x1882,2, 0xDC4D,4, 0x1882,2, 0xBB29,1,
    0x6984,8, 0x18C5,23, 0x4125,2, 0x6984,1, 0xBB29,6, 0xF572,2, 0xDC4D,1, 0x6984,3,
    0xDC4D,2, 0x6984,3, 0xDC4D,10, 0x6984,3, 0xDC4D,2, 0x6984,3, 0xBB29,7, 0x6984,2,
    0x4125,1, 0x18C5,22, 0x6984,3, 0xDC4D,6, 0xF572,2, 0xDC4D,3, 0x6984,4, 0xDC4D,14,
    0x6984,4, 0xDC4D,2, 0xBB29,1, 0xDC4D,6, 0x6984,3, 0x18C5,22, 0x6984,3, 0xBB29,2,
    0xDC4D,4, 0xF572,2, 0xDC4D,4, 0x1882,2, 0xDC4D,16, 0x1882,2, 0xDC4D,3, 0xBB29,1,
    0xDC4D,5, 0xBB29,1, 0x6984,3, 0x18C5,22, 0x4125,3, 0x6984,2, 0xDC4D,4, 0xF572,2,
    0xDC4D,3, 0x6984,4, 0xDC4D,14, 0x6984,4, 0xDC4D,2, 0xBB29,1, 0xDC4D,5, 0x6984,1,
    0x4125,3, 0x18C5,25, 0x6984,2, 0xDC4D,4, 0xF572,2, 0xDC4D,1, 0x6984,3, 0xDC4D,2,
    0x6984,3, 0xDC4D,10, 0x6984,3, 0xDC4D,2, 0x6984,3, 0xBB29,1, 0xDC4D,5, 0x6984,1,
    0x18C5,28, 0x6984,2, 0xDC4D,4, 0xF572,2, 0xDC4D,1, 0x1882,2, 0xDC4D,4, 0x1882,2,
    0xDC4D,10, 0x1882,2, 0xDC4D,4, 0x1882,2, 0xBB29,1, 0xDC4D,5, 0x6984,1, 0x18C5,25,
    0x4125,3, 0xBB29,2, 0xDC4D,4, 0xF572,2, 0xDC4D,1, 0x6984,2, 0xDC4D,4, 0x6984,2,
    0xDC4D,10, 0x6984,2, 0xDC4D,4, 0x6984,2, 0xBB29,1, 0xDC4D,5, 0xBB29,1, 0x4125,3,
    0x18C5,22, 0x6984,3, 0xDC4D,2, 0xBB29,4, 0xF572,2, 0xDC4D,27, 0xBB29,6, 0xDC4D,1,
    0x6984,3, 0x18C5,22, 0x6984,2, 0xBB29,9, 0xDC4D,27, 0xBB29,9, 0x6984,1, 0x18C5,22,
    0x4125,2, 0x6984,7, 0xBB29,2, 0xDC4D,27, 0xBB29,1, 0x6984,8, 0x4125,1, 0x18C5,24,
    0x4124,6, 0x6984,1, 0xBB29,2, 0xDC4D,27, 0xBB29,1, 0x6984,2, 0x4124,6, 0x18C5,32,
    0x6984,2, 0xBB29,30, 0x6984,1, 0x18C5,37, 0x6984,2, 0xBB29,30, 0x6984,1, 0x18C5,37,
    0x6984,2, 0xBB29,30, 0x6984,1, 0x18C5,37, 0x6984,33, 0x18C5,40, 0xBB29,2, 0x6984,1,
    0x18C5,3, 0xBB29,2, 0x6984,1, 0x18C5,9, 0xBB29,2, 0x6984,1, 0x18C5,3, 0xBB29,2,
    0x6984,1, 0x18C5,43, 0xBB29,2, 0x6984,1, 0x18C5,3, 0xBB29,2, 0x6984,1, 0x18C5,9,
    0xBB29,2, 0x6984,1, 0x18C5,3, 0xBB29,2, 0x6984,1, 0x18C5,43, 0xBB29,2, 0x6984,1,
    0x18C5,3, 0xBB29,2, 0x6984,1, 0x18C5,9, 0xBB29,2, 0x6984,1, 0x18C5,3, 0xBB29,2,
    0x6984,1, 0x18C5,43, 0xBB29,2, 0x6984,1, 0x18C5,3, 0xBB29,2, 0x6984,1, 0x18C5,9,
    0xBB29,2, 0x6984,1, 0x18C5,3, 0xBB29,2, 0x6984,1, 0x18C5,43, 0xBB29,2, 0x6984,1,
    0x18C5,3, 0xBB29,2, 0x6984,1, 0x18C5,9, 0xBB29,2, 0x6984,1, 0x18C5,3, 0xBB29,2,
    0x6984,1, 0x18C5,43, 0x6984,3, 0x18C5,3, 0x6984,3, 0x18C5,9, 0x6984,3, 0x18C5,3,
    0x6984,3, 0x18C5,39, 0x1084,36, 0x18C5,34, 0x1084,36, 0x18C5,38, 0x10A4,27, 0x18C5,22,
    0x18C5,409, 0xFE00,1, 0x18C5,69, 0xFE00,1, 0x18C5,67, 0xFE00,5, 0x18C5,67, 0xFE00,1,
    0x18C5,69, 0xFE00,1, 0x18C5,162, 0x8B63,2, 0x18C5,68, 0xFE00,2, 0x18C5,68, 0xFE00,2,
    0x18C5,37, 0x8B63,2, 0x18C5,26, 0x8B63,3, 0xF572,2, 0x8B63,3, 0x18C5,34, 0x8B63,2,
    0x18C5,26, 0xFE00,3, 0xFF95,2, 0xFE00,3, 0x18C5,34, 0x8B63,2, 0x18C5,26, 0x8B63,3,
    0xF572,2, 0x8B63,3, 0x18C5,34, 0x8B63,2, 0x18C5,29, 0xFE00,2, 0x18C5,37, 0x8B63,2,
    0x18C5,29, 0xFE00,2, 0x18C5,32, 0x8B63,1, 0xFE00,4, 0xF572,2, 0xFE00,4, 0x8B63,1,
    0x18C5,24, 0x8B63,2, 0x18C5,37, 0x8B63,2, 0x18C5,68, 0x8B63,2, 0x18C5,68, 0x8B63,2,
    0x18C5,32, 0x6984,33, 0x18C5,3, 0x8B63,2, 0x18C5,32, 0x6984,33, 0x18C5,3, 0x8B63,2,
    0x18C5,32, 0x6984,2, 0xBB29,1, 0xF572,27, 0xBB29,2, 0x6984,1, 0x18C5,37, 0x6984,2,
    0xFE98,3, 0xDC4D,25, 0xBB29,2, 0x6984,1, 0x18C5,33, 0x4124,4, 0x6984,2, 0xDC4D,1,
    0xFE98,2, 0xDC4D,1, 0x6984,2, 0xDC4D,4, 0x6984,2, 0xDC4D,10, 0x6984,2, 0xDC4D,4,
    0x6984,3, 0x4124,8, 0x18C5,25, 0x6984,7, 0xF572,2, 0xDC4D,1, 0x1882,2, 0xDC4D,4,
    0x1882,2, 0xDC4D,10, 0x1882,2, 0xDC4D,4, 0x1882,2, 0xBB29,1, 0x6984,8, 0x18C5,23,
    0x4125,2, 0x6984,1, 0xBB29,6, 0xF572,2, 0xDC4D,1, 0x6984,3, 0xDC4D,2, 0x6984,3,
    0xDC4D,10, 0x6984,3, 0xDC4D,2, 0x6984,3, 0xBB29,7, 0x6984,2, 0x4125,1, 0x18C5,22,
    0x6984,3, 0xDC4D,6, 0xF572,2, 0xDC4D,3, 0x6984,4, 0xDC4D,14, 0x6984,4, 0xDC4D,2,
    0xBB29,1, 0xDC4D,6, 0x6984,3, 0x18C5,22, 0x6984,3, 0xBB29,2, 0xDC4D,4, 0xF572,2,
    0xDC4D,4, 0x1882,2, 0xDC4D,16, 0x1882,2, 0xDC4D,3, 0xBB29,1, 0xDC4D,5, 0xBB29,1,
    0x6984,3, 0x18C5,22, 0x4125,3, 0x6984,2, 0xDC4D,4, 0xF572,2, 0xDC4D,3, 0x6984,4,
    0xDC4D,14, 0x6984,4, 0xDC4D,2, 0xBB29,1, 0xDC4D,5, 0x6984,1, 0x4125,3, 0x18C5,25,
    0x6984,2, 0xDC4D,4, 0xF572,2, 0xDC4D,1, 0x6984,3, 0xDC4D,2, 0x6984,3, 0xDC4D,10,
    0x6984,3, 0xDC4D,2, 0x6984,3, 0xBB29,1, 0xDC4D,5, 0x6984,1, 0x18C5,28, 0x6984,2,
    0xDC4D,4, 0xF572,2, 0xDC4D,1, 0x1882,2, 0xDC4D,4, 0x1882,2, 0xDC4D,10, 0x1882,2,
    0xDC4D,4, 0x1882,2, 0xBB29,1, 0xDC4D,5, 0x6984,1, 0x18C5,25, 0x4125,3, 0xBB29,2,
    0xDC4D,4, 0xF572,2, 0xDC4D,1, 0x6984,2, 0xDC4D,4, 0x6984,2, 0xDC4D,10, 0x6984,2,
    0xDC4D,4, 0x6984,2, 0xBB29,1, 0xDC4D,5, 0xBB29,1, 0x4125,3, 0x18C5,22, 0x6984,3,
    0xDC4D,2, 0xBB29,4, 0xF572,2, 0xDC4D,27, 0xBB29,6, 0xDC4D,1, 0x6984,3, 0x18C5,22,
    0x6984,2, 0xBB29,9, 0xDC4D,27, 0xBB29,9, 0x6984,1, 0x18C5,22, 0x4125,2, 0x6984,7,
    0xBB29,2, 0xDC4D,27, 0xBB29,1, 0x6984,8, 0x4125,1, 0x18C5,24, 0x4124,6, 0x6984,1,
    0xBB29,2, 0xDC4D,27, 0xBB29,1, 0x6984,2, 0x4124,6, 0x18C5,32, 0x6984,2, 0xBB29,30,
    0x6984,1, 0x18C5,37, 0x6984,2, 0xBB29,30, 0x6984,1, 0x18C5,37, 0x6984,2, 0xBB29,30,
    0x6984,1, 0x18C5,37, 0x6984,33, 0x18C5,40, 0xBB29,2, 0x6984,1, 0x18C5,3, 0xBB29,2,
    0x6984,1, 0x18C5,9, 0xBB29,2, 0x6984,1, 0x18C5,3, 0xBB29,2, 0x6984,1, 0x18C5,43,
    0xBB29,2, 0x6984,1, 0x18C5,3, 0xBB29,2, 0x6984,1, 0x18C5,9, 0xBB29,2, 0x6984,1,
    0x18C5,3, 0xBB29,2, 0x6984,1, 0x18C5,43, 0xBB29,2, 0x6984,1, 0x18C5,3, 0xBB29,2,
    0x6984,1, 0x18C5,9, 0xBB29,2, 0x6984,1, 0x18C5,3, 0xBB29,2, 0x6984,1, 0x18C5,43,
    0xBB29,2, 0x6984,1, 0x18C5,3, 0xBB29,2, 0x6984,1, 0x18C5,9, 0xBB29,2, 0x6984,1,
    0x18C5,3, 0xBB29,2, 0x6984,1, 0x18C5,43, 0xBB29,2, 0x6984,1, 0x18C5,3, 0xBB29,2,
    0x6984,1, 0x18C5,9, 0xBB29,2, 0x6984,1, 0x18C5,3, 0xBB29,2, 0x6984,1, 0x18C5,43,
    0x6984,3, 0x18C5,3, 0x6984,3, 0x18C5,9, 0x6984,3, 0x18C5,3, 0x6984,3, 0x18C5,39,
    0x1084,36, 0x18C5,34, 0x1084,36, 0x18C5,38, 0x10A4,27, 0x18C5,22, 0x18C5,266, 0x8B63,1,
    0x18C5,69, 0xFE00,1, 0x18C5,67, 0x8B63,2, 0xFE00,1, 0x8B63,2, 0x18C5,65, 0x8B63,2,
    0xFE00,1, 0x8B63,2, 0x18C5,67, 0xFE00,1, 0x18C5,69, 0x8B63,1, 0x18C5,376, 0x8B63,1,
    0xFE00,1, 0x8B63,1, 0x18C5,39, 0x8B63,1, 0xFE00,1, 0x8B63,1, 0x18C5,25, 0x8B63,1,
    0xFE00,1, 0x8B63,1, 0x18C5,39, 0x8B63,1, 0xFE00,1, 0x8B63,1, 0x18C5,25, 0x8B63,1,
    0xFE00,1, 0x8B63,1, 0x18C5,39, 0x8B63,1, 0xFE00,1, 0x8B63,1, 0x18C5,22, 0x8B63,1,
    0xFE00,2, 0xF572,1, 0xFF95,1, 0xF572,1, 0xFE00,2, 0x8B63,1, 0x18C5,33, 0x8B63,1,
    0xFE00,2, 0xF572,1, 0xFF95,1, 0xF572,1, 0xFE00,2, 0x8B63,1, 0x18C5,19, 0x8B63,1,
    0xFE00,2, 0xF572,1, 0xFF95,1, 0xF572,1, 0xFE00,2, 0x8B63,1, 0x18C5,33, 0x8B63,1,
    0xFE00,2, 0xF572,1, 0xFF95,1, 0xF572,1, 0xFE00,2, 0x8B63,1, 0x18C5,22, 0x8B63,1,
    0xFE00,1, 0x8B63,1, 0x18C5,39, 0x8B63,1, 0xFE00,1, 0x8B63,1, 0x18C5,25, 0x8B63,1,
    0xFE00,1, 0x8B63,1, 0x18C5,39, 0x8B63,1, 0xFE00,1, 0x8B63,1, 0x18C5,25, 0x8B63,1,
    0xFE00,1, 0x8B63,1, 0x18C5,39, 0x8B63,1, 0xFE00,1, 0x8B63,1, 0x18C5,98, 0x4124,1,
    0x6984,32, 0x4125,1, 0x18C5,36, 0x4124,1, 0x6984,32, 0x4125,1, 0x18C5,36, 0x4124,1,
    0x6984,1, 0xBB29,1, 0xF572,27, 0xDC4D,1, 0xBB29,1, 0x6984,1, 0x4125,1, 0x18C5,36,
    0x4124,1, 0x6984,1, 0xDC4D,1, 0xFE98,2, 0xF572,1, 0xDC4D,24, 0xBB29,2, 0x6984,1,
    0x4125,1, 0x18C5,31, 0x4124,5, 0x5144,1, 0x6984,1, 0xDC4D,1, 0xFE98,2, 0xBB29,1,
    0x6984,1, 0xDC4D,4, 0x6984,2, 0xDC4D,10, 0x6984,2, 0xDC4D,4, 0x6984,2, 0xBB29,1,
    0x6984,1, 0x5144,1, 0x4124,6, 0x18C5,25, 0x6984,7, 0xBB29,1, 0xDC4D,2, 0x1882,2,
    0xDC4D,4, 0x1882,2, 0xDC4D,10, 0x1882,2, 0xDC4D,4, 0x1882,2, 0xBB29,1, 0x6984,8,
    0x18C5,23, 0x4125,2, 0x6984,1, 0xBB29,7, 0xDC4D,2, 0x6984,3, 0xDC4D,2, 0x6984,3,
    0xDC4D,10, 0x6984,3, 0xDC4D,2, 0x6984,3, 0xBB29,7, 0x6984,2, 0x4125,1, 0x18C5,22,
    0x6984,3, 0xDC4D,6, 0xBB29,1, 0xDC4D,4, 0x6984,4, 0xDC4D,14, 0x6984,4, 0xDC4D,1,
    0xBB29,2, 0xDC4D,6, 0x6984,3, 0x18C5,22, 0x6984,3, 0xBB29,2, 0xDC4D,4, 0xBB29,1,
    0xDC4D,5, 0x1882,2, 0xDC4D,16, 0x1882,2, 0xDC4D,2, 0xBB29,2, 0xDC4D,5, 0xBB29,1,
    0x6984,3, 0x18C5,22, 0x4125,3, 0x6984,2, 0xDC4D,4, 0xBB29,1, 0xDC4D,4, 0x6984,4,
    0xDC4D,14, 0x6984,4, 0xDC4D,1, 0xBB29,2, 0xDC4D,5, 0x6984,1, 0x4125,3, 0x18C5,25,
    0x6984,2, 0xDC4D,4, 0xBB29,1, 0xDC4D,2, 0x6984,3, 0xDC4D,2, 0x6984,3, 0xDC4D,10,
    0x6984,3, 0xDC4D,2, 0x6984,3, 0xBB29,1, 0xDC4D,5, 0x6984,1, 0x18C5,28, 0x6984,2,
    0xDC4D,4, 0xBB29,1, 0xDC4D,2, 0x1882,2, 0xDC4D,4, 0x1882,2, 0xDC4D,10, 0x1882,2,
    0xDC4D,4, 0x1882,2, 0xBB29,1, 0xDC4D,5, 0x6984,1, 0x18C5,25, 0x4125,3, 0xBB29,2,
    0xDC4D,4, 0xBB29,1, 0xDC4D,2, 0x6984,2, 0xDC4D,4, 0x6984,2, 0xDC4D,10, 0x6984,2,
    0xDC4D,4, 0x6984,2, 0xBB29,1, 0xDC4D,5, 0xBB29,1, 0x4125,3, 0x18C5,22, 0x6984,3,
    0xDC4D,2, 0xBB29,5, 0xDC4D,27, 0xBB29,7, 0xDC4D,1, 0x6984,3, 0x18C5,22, 0x6984,2,
    0xBB29,7, 0x6984,1, 0xBB29,1, 0xDC4D,26, 0xBB29,10, 0x6984,1, 0x18C5,22, 0x4125,2,
    0x6984,8, 0xBB29,1, 0xDC4D,26, 0xBB29,2, 0x6984,8, 0x4125,1, 0x18C5,24, 0x4124,5,
    0x5144,1, 0x6984,2, 0xBB29,1, 0xDC4D,26, 0xBB29,2, 0x6984,1, 0x5144,1, 0x4124,6,
    0x18C5,32, 0x4125,1, 0x6984,1, 0xBB29,29, 0x6984,2, 0x4124,1, 0x18C5,36, 0x4125,1,
    0x6984,1, 0xBB29,29, 0x6984,2, 0x4124,1, 0x18C5,36, 0x4125,1, 0x6984,1, 0xBB29,29,
    0x6984,2, 0x4124,1, 0x18C5,36, 0x4125,1, 0x6984,32, 0x4124,1, 0x18C5,39, 0xBB29,2,
    0x6984,1, 0x18C5,3, 0xBB29,2, 0x6984,1, 0x18C5,9, 0xBB29,2, 0x6984,1, 0x18C5,3,
    0xBB29,2, 0x6984,1, 0x18C5,43, 0xBB29,2, 0x6984,1, 0x18C5,3, 0xBB29,2, 0x6984,1,
    0x18C5,9, 0xBB29,2, 0x6984,1, 0x18C5,3, 0xBB29,2, 0x6984,1, 0x18C5,43, 0xBB29,2,
    0x6984,1, 0x18C5,3, 0xBB29,2, 0x6984,1, 0x18C5,9, 0xBB29,2, 0x6984,1, 0x18C5,3,
    0xBB29,2, 0x6984,1, 0x18C5,43, 0xBB29,2, 0x6984,1, 0x18C5,3, 0xBB29,2, 0x6984,1,
    0x18C5,9, 0xBB29,2, 0x6984,1, 0x18C5,3, 0xBB29,2, 0x6984,1, 0x18C5,43, 0xBB29,2,
    0x6984,1, 0x18C5,3, 0xBB29,2, 0x6984,1, 0x18C5,9, 0xBB29,2, 0x6984,1, 0x18C5,3,
    0xBB29,2, 0x6984,1, 0x18C5,43, 0x6984,3, 0x18C5,3, 0x6984,3, 0x18C5,9, 0x6984,3,
    0x18C5,3, 0x6984,3, 0x18C5,39, 0x1084,36, 0x18C5,34, 0x1084,36, 0x18C5,38, 0x10A4,27,
    0x18C5,22, 0x18C5,261, 0x5204,2, 0x18C5,68, 0x8B63,2, 0x18C5,66, 0x5204,1, 0x8B63,1,
    0xC4A2,2, 0x8B63,1, 0x5204,1, 0x18C5,64, 0x5204,1, 0x8B63,1, 0xC4A2,2, 0x8B63,1,
    0x5204,1, 0x18C5,66, 0x8B63,2, 0x18C5,68, 0x5204,2, 0x18C5,285, 0x5204,1, 0x8B63,1,
    0x5204,1, 0x18C5,67, 0x8B63,1, 0xFE00,1, 0x8B63,1, 0x18C5,29, 0xFE00,1, 0x18C5,37,
    0x8B63,1, 0xFE00,1, 0x8B63,1, 0x18C5,29, 0xFE00,1, 0x18C5,34, 0x5204,1, 0x8B63,2,
    0xC507,1, 0xF572,1, 0xC507,1, 0x8B63,2, 0x5204,1, 0x18C5,26, 0xFE00,1, 0x18C5,34,
    0x8B63,1, 0xFE00,2, 0xF572,1, 0xFF95,1, 0xF572,1, 0xFE00,2, 0x8B63,1, 0x18C5,26,
    0xFE00,1, 0x18C5,34, 0x5204,1, 0x8B63,2, 0xC507,1, 0xF572,1, 0xC507,1, 0x8B63,2,
    0x5204,1, 0x18C5,26, 0xFE00,1, 0x18C5,37, 0x8B63,1, 0xFE00,1, 0x8B63,1, 0x18C5,24,
    0xFE00,5, 0xFF95,1, 0xFE00,5, 0x18C5,32, 0x8B63,1, 0xFE00,1, 0x8B63,1, 0x18C5,29,
    0xFE00,1, 0x18C5,37, 0x5204,1, 0x8B63,1, 0x5204,1, 0x18C5,29, 0xFE00,1, 0x18C5,69,
    0xFE00,1, 0x18C5,65, 0x4124,1, 0x6984,3, 0xFE00,1, 0x6984,28, 0x4125,1, 0x18C5,36,
    0x4124,1, 0x6984,3, 0xFE00,1, 0x6984,28, 0x4125,1, 0x18C5,36, 0x4124,1, 0x6984,1,
    0xBB29,1, 0xF572,27, 0xDC4D,1, 0xBB29,1, 0x6984,1, 0x4125,1, 0x18C5,36, 0x4124,1,
    0x6984,1, 0xDC4D,1, 0xFE98,2, 0xF572,1, 0xDC4D,24, 0xBB29,2, 0x6984,1, 0x4125,1,
    0x18C5,31, 0x4124,5, 0x5144,1, 0x6984,1, 0xDC4D,1, 0xFE98,2, 0xBB29,1, 0x6984,1,
    0xDC4D,4, 0x6984,2, 0xDC4D,10, 0x6984,2, 0xDC4D,4, 0x6984,2, 0xBB29,1, 0x6984,1,
    0x5144,1, 0x4124,6, 0x18C5,25, 0x6984,7, 0xBB29,1, 0xDC4D,2, 0x1882,2, 0xDC4D,4,
    0x1882,2, 0xDC4D,10, 0x1882,2, 0xDC4D,4, 0x1882,2, 0xBB29,1, 0x6984,8, 0x18C5,23,
    0x4125,2, 0x6984,1, 0xBB29,7, 0xDC4D,2, 0x6984,3, 0xDC4D,2, 0x6984,3, 0xDC4D,10,
    0x6984,3, 0xDC4D,2, 0x6984,3, 0xBB29,7, 0x6984,2, 0x4125,1, 0x18C5,22, 0x6984,3,
    0xDC4D,6, 0xBB29,1, 0xDC4D,4, 0x6984,4, 0xDC4D,14, 0x6984,4, 0xDC4D,1, 0xBB29,2,
    0xDC4D,6, 0x6984,3, 0x18C5,22, 0x6984,3, 0xBB29,2, 0xDC4D,4, 0xBB29,1, 0xDC4D,5,
    0x1882,2, 0xDC4D,16, 0x1882,2, 0xDC4D,2, 0xBB29,2, 0xDC4D,5, 0xBB29,1, 0x6984,3,
    0x18C5,22, 0x4125,3, 0x6984,2, 0xDC4D,4, 0xBB29,1, 0xDC4D,4, 0x6984,4, 0xDC4D,14,
    0x6984,4, 0xDC4D,1, 0xBB29,2, 0xDC4D,5, 0x6984,1, 0x4125,3, 0x18C5,25, 0x6984,2,
    0xDC4D,4, 0xBB29,1, 0xDC4D,2, 0x6984,3, 0xDC4D,2, 0x6984,3, 0xDC4D,10, 0x6984,3,
    0xDC4D,2, 0x6984,3, 0xBB29,1, 0xDC4D,5, 0x6984,1, 0x18C5,28, 0x6984,2, 0xDC4D,4,
    0xBB29,1, 0xDC4D,2, 0x1882,2, 0xDC4D,4, 0x1882,2, 0xDC4D,10, 0x1882,2, 0xDC4D,4,
    0x1882,2, 0xBB29,1, 0xDC4D,5, 0x6984,1, 0x18C5,25, 0x4125,3, 0xBB29,2, 0xDC4D,4,
    0xBB29,1, 0xDC4D,2, 0x6984,2, 0xDC4D,4, 0x6984,2, 0xDC4D,10, 0x6984,2, 0xDC4D,4,
    0x6984,2, 0xBB29,1, 0xDC4D,5, 0xBB29,1, 0x4125,3, 0x18C5,22, 0x6984,3, 0xDC4D,2,
    0xBB29,5, 0xDC4D,27, 0xBB29,7, 0xDC4D,1, 0x6984,3, 0x18C5,22, 0x6984,2, 0xBB29,7,
    0x6984,1, 0xBB29,1, 0xDC4D,26, 0xBB29,10, 0x6984,1, 0x18C5,22, 0x4125,2, 0x6984,8,
    0xBB29,1, 0xDC4D,26, 0xBB29,2, 0x6984,8, 0x4125,1, 0x18C5,24, 0x4124,5, 0x5144,1,
    0x6984,2, 0xBB29,1, 0xDC4D,26, 0xBB29,2, 0x6984,1, 0x5144,1, 0x4124,6, 0x18C5,32,
    0x4125,1, 0x6984,1, 0xBB29,29, 0x6984,2, 0x4124,1, 0x18C5,36, 0x4125,1, 0x6984,1,
    0xBB29,29, 0x6984,2, 0x4124,1, 0x18C5,36, 0x4125,1, 0x6984,1, 0xBB29,29, 0x6984,2,
    0x4124,1, 0x18C5,36, 0x4125,1, 0x6984,32, 0x4124,1, 0x18C5,39, 0xBB29,2, 0x6984,1,
    0x18C5,3, 0xBB29,2, 0x6984,1, 0x18C5,9, 0xBB29,2, 0x6984,1, 0x18C5,3, 0xBB29,2,
    0x6984,1, 0x18C5,43, 0xBB29,2, 0x6984,1, 0x18C5,3, 0xBB29,2, 0x6984,1, 0x18C5,9,
    0xBB29,2, 0x6984,1, 0x18C5,3, 0xBB29,2, 0x6984,1, 0x18C5,43, 0xBB29,2, 0x6984,1,
    0x18C5,3, 0xBB29,2, 0x6984,1, 0x18C5,9, 0xBB29,2, 0x6984,1, 0x18C5,3, 0xBB29,2,
    0x6984,1, 0x18C5,43, 0xBB29,2, 0x6984,1, 0x18C5,3, 0xBB29,2, 0x6984,1, 0x18C5,9,
    0xBB29,2, 0x6984,1, 0x18C5,3, 0xBB29,2, 0x6984,1, 0x18C5,43, 0xBB29,2, 0x6984,1,
    0x18C5,3, 0xBB29,2, 0x6984,1, 0x18C5,9, 0xBB29,2, 0x6984,1, 0x18C5,3, 0xBB29,2,
    0x6984,1, 0x18C5,43, 0x6984,3, 0x18C5,3, 0x6984,3, 0x18C5,9, 0x6984,3, 0x18C5,3,
    0x6984,3, 0x18C5,39, 0x1084,36, 0x18C5,34, 0x1084,36, 0x18C5,38, 0x10A4,27, 0x18C5,22,
    0x18C5,185, 0x8B63,2, 0x18C5,68, 0x8B63,2, 0x18C5,66, 0x8B63,1, 0xFE00,4, 0x8B63,1,
    0x18C5,66, 0x8B63,2, 0x18C5,68, 0x8B63,2, 0x18C5,363, 0xFE00,2, 0x18C5,68, 0xFE00,2,
    0x18C5,68, 0xFE00,2, 0x18C5,32, 0x8B63,2, 0x18C5,31, 0xFE00,3, 0xFF95,2, 0xFE00,3,
    0x18C5,29, 0x8B63,2, 0x18C5,31, 0xFE00,3, 0xFF95,2, 0xFE00,3, 0x18C5,29, 0x8B63,2,
    0x18C5,34, 0xFE00,2, 0x18C5,32, 0x8B63,2, 0x18C5,34, 0xFE00,2, 0x18C5,32, 0x8B63,2,
    0x18C5,34, 0xFE00,2, 0x18C5,27, 0x8B63,1, 0xFE00,4, 0xF572,2, 0xFE00,4, 0x8B63,1,
    0x18C5,63, 0x8B63,2, 0x18C5,68, 0x8B63,2, 0x18C5,68, 0x8B63,2, 0x18C5,60, 0x4124,1,
    0x6984,7, 0xBB29,2, 0x6984,23, 0x4125,1, 0x18C5,36, 0x4124,1, 0x6984,7, 0xBB29,2,
    0x6984,23, 0x4125,1, 0x18C5,36, 0x4124,1, 0x6984,2, 0xDC4D,1, 0xF572,26, 0xDC4D,1,
    0xBB29,1, 0x6984,1, 0x4125,1, 0x18C5,36, 0x4124,1, 0x6984,1, 0xDC4D,1, 0xFE98,2,
    0xF572,1, 0xDC4D,24, 0xBB29,2, 0x6984,1, 0x4125,1, 0x18C5,32, 0x28E5,1, 0x4124,3,
    0x5144,1, 0x6984,1, 0xBB29,1, 0xF572,1, 0xFE98,1, 0xF572,1, 0xBB29,1, 0x6984,1,
    0xBB29,1, 0xDC4D,3, 0xBB29,1, 0x6984,1, 0xBB29,1, 0xDC4D,9, 0xBB29,1, 0x6984,1,
    0xBB29,1, 0xDC4D,3, 0xBB29,1, 0x6984,2, 0x4924,1, 0x4124,7, 0x28E5,1, 0x18C5,24,
    0x4125,1, 0x6984,6, 0xBB29,1, 0xF572,1, 0xDC4D,1, 0x6984,1, 0x1882,1, 0x6984,1,
    0xDC4D,3, 0x6984,1, 0x1882,1, 0x6984,1, 0xDC4D,9, 0x6984,1, 0x1882,1, 0x6984,1,
    0xDC4D,3, 0x6984,1, 0x1882,1, 0x6984,9, 0x4125,1, 0x18C5,22, 0x28E5,1, 0x4125,1,
    0x69A5,1, 0xBB29,7, 0xF572,1, 0xDC4D,1, 0xBB29,1, 0x6984,2, 0xBB29,1, 0xDC4D,1,
    0xBB29,1, 0x6984,2, 0xBB29,1, 0xDC4D,9, 0xBB29,1, 0x6984,2, 0xBB29,1, 0xDC4D,1,
    0xBB29,1, 0x6984,2, 0xBB29,8, 0x6984,1, 0x69A5,1, 0x28E5,1, 0x18C5,21, 0x4124,1,
    0x6984,2, 0xBB29,1, 0xDC4D,6, 0xF572,1, 0xDC4D,3, 0xBB29,1, 0x6984,3, 0xBB29,1,
    0xDC4D,13, 0xBB29,1, 0x6984,3, 0xBB29,1, 0xDC4D,1, 0xBB29,2, 0xDC4D,5, 0xBB29,1,
    0x6984,2, 0x4124,1, 0x18C5,21, 0x4124,1, 0x6984,3, 0xBB29,2, 0xDC4D,4, 0xF572,1,
    0xDC4D,4, 0x6984,1, 0x1882,1, 0x6984,1, 0xDC4D,15, 0x6984,1, 0x1882,1, 0x6984,1,
    0xDC4D,2, 0xBB29,2, 0xDC4D,4, 0xBB29,1, 0x6984,3, 0x4124,1, 0x18C5,21, 0x28E5,1,
    0x4125,2, 0x69A5,1, 0x6984,1, 0xBB29,1, 0xDC4D,4, 0xF572,1, 0xDC4D,3, 0xBB29,1,
    0x6984,3, 0xBB29,1, 0xDC4D,13, 0xBB29,1, 0x6984,3, 0xBB29,1, 0xDC4D,1, 0xBB29,2,
    0xDC4D,4, 0xBB29,1, 0x69A5,1, 0x4125,2, 0x28E5,1, 0x18C5,24, 0x4125,1, 0x6984,1,
    0xBB29,1, 0xDC4D,4, 0xF572,1, 0xDC4D,1, 0xBB29,1, 0x6984,2, 0xBB29,1, 0xDC4D,1,
    0xBB29,1, 0x6984,2, 0xBB29,1, 0xDC4D,9, 0xBB29,1, 0x6984,2, 0xBB29,1, 0xDC4D,1,
    0xBB29,1, 0x6984,2, 0xBB29,2, 0xDC4D,4, 0xBB29,1, 0x4125,1, 0x18C5,27, 0x4125,1,
    0x6984,1, 0xBB29,1, 0xDC4D,4, 0xF572,1, 0xDC4D,1, 0x6984,1, 0x1882,1, 0x6984,1,
    0xDC4D,3, 0x6984,1, 0x1882,1, 0x6984,1, 0xDC4D,9, 0x6984,1, 0x1882,1, 0x6984,1,
    0xDC4D,3, 0x6984,1, 0x1882,1, 0x6984,1, 0xBB29,1, 0xDC4D,4, 0xBB29,1, 0x4125,1,
    0x18C5,24, 0x28E5,1, 0x4125,2, 0x7A48,1, 0xBB29,1, 0xDC4D,5, 0xF572,1, 0xDC4D,1,
    0xBB29,1, 0x6984,1, 0xBB29,1, 0xDC4D,3, 0xBB29,1, 0x6984,1, 0xBB29,1, 0xDC4D,9,
    0xBB29,1, 0x6984,1, 0xBB29,1, 0xDC4D,3, 0xBB29,1, 0x6984,1, 0xBB29,2, 0xDC4D,5,
    0x7A48,1, 0x4125,2, 0x28E5,1, 0x18C5,21, 0x4124,1, 0x6984,2, 0xBB29,1, 0xDC4D,2,
    0xBB29,4, 0xF572,1, 0xDC4D,27, 0xBB29,6, 0xDC4D,1, 0xBB29,1, 0x6984,2, 0x4124,1,
    0x18C5,21, 0x4124,1, 0x6984,2, 0xBB29,7, 0xF572,1, 0xDC4D,27, 0xBB29,9, 0x6984,1,
    0x4124,1, 0x18C5,21, 0x28E5,1, 0x4125,1, 0x69A5,1, 0x6984,6, 0xBB29,1, 0xF572,1,
    0xDC4D,27, 0xBB29,1, 0x6984,8, 0x69A5,1, 0x28E5,1, 0x18C5,23, 0x28E5,1, 0x4124,5,
    0x5144,1, 0xBB29,1, 0xF572,1, 0xDC4D,27, 0xBB29,1, 0x6984,2, 0x5144,1, 0x4124,5,
    0x28E5,1, 0x18C5,30, 0x4125,1, 0x6984,1, 0xBB29,29, 0x6984,2, 0x4124,1, 0x18C5,36,
    0x4125,1, 0x6984,1, 0xBB29,29, 0x6984,2, 0x4124,1, 0x18C5,36, 0x4125,1, 0x6984,1,
    0xBB29,29, 0x6984,2, 0x4124,1, 0x18C5,36, 0x4125,1, 0x6984,32, 0x4124,1, 0x18C5,39,
    0xBB29,2, 0x6984,1, 0x18C5,3, 0xBB29,2, 0x6984,1, 0x18C5,9, 0xBB29,2, 0x6984,1,
    0x18C5,3, 0xBB29,2, 0x6984,1, 0x18C5,43, 0xBB29,2, 0x6984,1, 0x18C5,3, 0xBB29,2,
    0x6984,1, 0x18C5,9, 0xBB29,2, 0x6984,1, 0x18C5,3, 0xBB29,2, 0x6984,1, 0x18C5,43,
    0xBB29,2, 0x6984,1, 0x18C5,3, 0xBB29,2, 0x6984,1, 0x18C5,9, 0xBB29,2, 0x6984,1,
    0x18C5,3, 0xBB29,2, 0x6984,1, 0x18C5,43, 0xBB29,2, 0x6984,1, 0x18C5,3, 0xBB29,2,
    0x6984,1, 0x18C5,9, 0xBB29,2, 0x6984,1, 0x18C5,3, 0xBB29,2, 0x6984,1, 0x18C5,43,
    0xBB29,2, 0x6984,1, 0x18C5,3, 0xBB29,2, 0x6984,1, 0x18C5,9, 0xBB29,2, 0x6984,1,
    0x18C5,3, 0xBB29,2, 0x6984,1, 0x18C5,43, 0x6984,3, 0x18C5,3, 0x6984,3, 0x18C5,9,
    0x6984,3, 0x18C5,3, 0x6984,3, 0x18C5,39, 0x1084,36, 0x18C5,34, 0x1084,36, 0x18C5,38,
    0x10A4,27, 0x18C5,22, 0x18C5,181, 0xFE00,1, 0x18C5,69, 0xFE00,1, 0x18C5,67, 0xFE00,5,
    0x18C5,67, 0xFE00,1, 0x18C5,69, 0xFE00,1, 0x18C5,231, 0x8B63,2, 0x18C5,68, 0xFE00,2,
    0x18C5,68, 0xFE00,2, 0x18C5,65, 0x8B63,3, 0xF572,2, 0x8B63,3, 0x18C5,62, 0xFE00,3,
    0xFF95,2, 0xFE00,3, 0x18C5,62, 0x8B63,3, 0xF572,2, 0x8B63,3, 0x18C5,32, 0x5204,2,
    0x18C5,31, 0xFE00,2, 0x18C5,35, 0x8B63,2, 0x18C5,31, 0xFE00,2, 0x18C5,35, 0x8B63,2,
    0x18C5,31, 0x8B63,2, 0x18C5,35, 0x8B63,2, 0x18C5,68, 0x8B63,2, 0x18C5,63, 0x5204,1,
    0x8B63,4, 0xC507,2, 0x8B63,4, 0x5204,1, 0x18C5,58, 0x5204,1, 0x8B63,4, 0xC507,2,
    0x8B63,4, 0x5204,1, 0x18C5,63, 0x8B63,2, 0x18C5,56, 0x6984,12, 0xBB29,2, 0x6984,19,
    0x18C5,37, 0x6984,12, 0xBB29,2, 0x6984,19, 0x18C5,37, 0x6984,2, 0xF572,10, 0xDC4D,2,
    0xF572,16, 0xDC4D,2, 0x6984,1, 0x18C5,37, 0x6984,2, 0xF572,1, 0xFE98,3, 0xDC4D,24,
    0xBB29,2, 0x6984,1, 0x18C5,31, 0x28E5,1, 0x4124,5, 0x6984,2, 0xF572,1, 0xFE98,1,
    0xF572,1, 0xBB29,2, 0xDC4D,3, 0xBB29,1, 0x6984,1, 0xBB29,1, 0xDC4D,9, 0xBB29,1,
    0x6984,1, 0xBB29,1, 0xDC4D,3, 0xBB29,1, 0x6984,1, 0xBB29,2, 0x6984,1, 0x4124,6,
    0x28E5,1, 0x18C5,24, 0x4125,1, 0x6984,7, 0xF572,1, 0xDC4D,1, 0x6984,1, 0x1882,1,
    0x6984,1, 0xDC4D,3, 0x6984,1, 0x1882,1, 0x6984,1, 0xDC4D,9, 0x6984,1, 0x1882,1,
    0x6984,1, 0xDC4D,3, 0x6984,1, 0x1882,1, 0x6984,9, 0x4125,1, 0x18C5,22, 0x28E5,1,
    0x4125,1, 0x69A5,1, 0xBB29,7, 0xF572,1, 0xDC4D,1, 0xBB29,1, 0x6984,2, 0xBB29,1,
    0xDC4D,1, 0xBB29,1, 0x6984,2, 0xBB29,1, 0xDC4D,9, 0xBB29,1, 0x6984,2, 0xBB29,1,
    0xDC4D,1, 0xBB29,1, 0x6984,2, 0xBB29,8, 0x6984,1, 0x69A5,1, 0x28E5,1, 0x18C5,21,
    0x4124,1, 0x6984,2, 0xBB29,1, 0xDC4D,5, 0xBB29,1, 0xF572,1, 0xDC4D,3, 0xBB29,1,
    0x6984,3, 0xBB29,1, 0xDC4D,13, 0xBB29,1, 0x6984,3, 0xBB29,1, 0xDC4D,1, 0xBB29,1,
    0xDC4D,6, 0xBB29,1, 0x6984,2, 0x4124,1, 0x18C5,21, 0x4124,1, 0x6984,3, 0xBB29,2,
    0xDC4D,3, 0xBB29,1, 0xF572,1, 0xDC4D,4, 0x6984,1, 0x1882,1, 0x6984,1, 0xDC4D,15,
    0x6984,1, 0x1882,1, 0x6984,1, 0xDC4D,2, 0xBB29,2, 0xDC4D,4, 0xBB29,1, 0x6984,3,
    0x4124,1, 0x18C5,21, 0x28E5,1, 0x4125,2, 0x69A5,1, 0x6984,1, 0xBB29,1, 0xDC4D,3,
    0xBB29,1, 0xF572,1, 0xDC4D,3, 0xBB29,1, 0x6984,3, 0xBB29,1, 0xDC4D,13, 0xBB29,1,
    0x6984,3, 0xBB29,1, 0xDC4D,1, 0xBB29,2, 0xDC4D,4, 0xBB29,1, 0x69A5,1, 0x4125,2,
    0x28E5,1, 0x18C5,24, 0x4125,1, 0x6984,1, 0xBB29,1, 0xDC4D,3, 0xBB29,1, 0xF572,1,
    0xDC4D,1, 0xBB29,1, 0x6984,2, 0xBB29,1, 0xDC4D,1, 0xBB29,1, 0x6984,2, 0xBB29,1,
    0xDC4D,9, 0xBB29,1, 0x6984,2, 0xBB29,1, 0xDC4D,1, 0xBB29,1, 0x6984,2, 0xBB29,2,
    0xDC4D,4, 0xBB29,1, 0x4125,1, 0x18C5,27, 0x4125,1, 0x6984,1, 0xBB29,1, 0xDC4D,3,
    0xBB29,1, 0xF572,1, 0xDC4D,1, 0x6984,1, 0x1882,1, 0x6984,1, 0xDC4D,3, 0x6984,1,
    0x1882,1, 0x6984,1, 0xDC4D,9, 0x6984,1, 0x1882,1, 0x6984,1, 0xDC4D,3, 0x6984,1,
    0x1882,1, 0x6984,1, 0xBB29,1, 0xDC4D,4, 0xBB29,1, 0x4125,1, 0x18C5,24, 0x28E5,1,
    0x4125,2, 0x7A48,1, 0xBB29,1, 0xDC4D,4, 0xBB29,1, 0xF572,1, 0xDC4D,1, 0xBB29,1,
    0x6984,1, 0xBB29,1, 0xDC4D,3, 0xBB29,1, 0x6984,1, 0xBB29,1, 0xDC4D,9, 0xBB29,1,
    0x6984,1, 0xBB29,1, 0xDC4D,3, 0xBB29,1, 0x6984,1, 0xBB29,2, 0xDC4D,5, 0x7A48,1,
    0x4125,2, 0x28E5,1, 0x18C5,21, 0x4124,1, 0x6984,2, 0xBB29,1, 0xDC4D,2, 0xBB29,4,
    0xF572,1, 0xDC4D,27, 0xBB29,6, 0xDC4D,1, 0xBB29,1, 0x6984,2, 0x4124,1, 0x18C5,21,
    0x4124,1, 0x6984,2, 0xBB29,6, 0x6984,1, 0xF572,1, 0xDC4D,27, 0xBB29,9, 0x6984,1,
    0x4124,1, 0x18C5,21, 0x28E5,1, 0x4125,1, 0x69A5,1, 0x6984,7, 0xF572,1, 0xDC4D,27,
    0xBB29,2, 0x6984,7, 0x69A5,1, 0x28E5,1, 0x18C5,23, 0x28E5,1, 0x4124,5, 0x6984,2,
    0xF572,1, 0xDC4D,27, 0xBB29,2, 0x6984,1, 0x4124,6, 0x28E5,1, 0x18C5,30, 0x6984,2,
    0xDC4D,1, 0xBB29,29, 0x6984,1, 0x18C5,37, 0x6984,2, 0xDC4D,1, 0xBB29,29, 0x6984,1,
    0x18C5,37, 0x6984,2, 0xDC4D,1, 0xBB29,29, 0x6984,1, 0x18C5,37, 0x6984,33, 0x18C5,40,
    0xBB29,2, 0x6984,1, 0x18C5,3, 0xBB29,2, 0x6984,1, 0x18C5,9, 0xBB29,2, 0x6984,1,
    0x18C5,3, 0xBB29,2, 0x6984,1, 0x18C5,43, 0xBB29,2, 0x6984,1, 0x18C5,3, 0xBB29,2,
    0x6984,1, 0x18C5,9, 0xBB29,2, 0x6984,1, 0x18C5,3, 0xBB29,2, 0x6984,1, 0x18C5,43,
    0xBB29,2, 0x6984,1, 0x18C5,3, 0xBB29,2, 0x6984,1, 0x18C5,9, 0xBB29,2, 0x6984,1,
    0x18C5,3, 0xBB29,2, 0x6984,1, 0x18C5,43, 0xBB29,2, 0x6984,1, 0x18C5,3, 0xBB29,2,
    0x6984,1, 0x18C5,9, 0xBB29,2, 0x6984,1, 0x18C5,3, 0xBB29,2, 0x6984,1, 0x18C5,43,
    0xBB29,2, 0x6984,1, 0x18C5,3, 0xBB29,2, 0x6984,1, 0x18C5,9, 0xBB29,2, 0x6984,1,
    0x18C5,3, 0xBB29,2, 0x6984,1, 0x18C5,43, 0x6984,3, 0x18C5,3, 0x6984,3, 0x18C5,9,
    0x6984,3, 0x18C5,3, 0x6984,3, 0x18C5,39, 0x1084,36, 0x18C5,34, 0x1084,36, 0x18C5,38,
    0x10A4,27, 0x18C5,22, 0x18C5,35, 0x8B63,1, 0x18C5,69, 0xFE00,1, 0x18C5,67, 0x8B63,2,
    0xFE00,1, 0x8B63,2, 0x18C5,65, 0x8B63,2, 0xFE00,1, 0x8B63,2, 0x18C5,67, 0xFE00,1,
    0x18C5,69, 0x8B63,1, 0x18C5,238, 0x8B63,1, 0xFE00,1, 0x8B63,1, 0x18C5,67, 0x8B63,1,
    0xFE00,1, 0x8B63,1, 0x18C5,67, 0x8B63,1, 0xFE00,1, 0x8B63,1, 0x18C5,64, 0x8B63,1,
    0xFE00,2, 0xF572,1, 0xFF95,1, 0xF572,1, 0xFE00,2, 0x8B63,1, 0x18C5,61, 0x8B63,1,
    0xFE00,2, 0xF572,1, 0xFF95,1, 0xF572,1, 0xFE00,2, 0x8B63,1, 0x18C5,64, 0x8B63,1,
    0xFE00,1, 0x8B63,1, 0x18C5,67, 0x8B63,1, 0xFE00,1, 0x8B63,1, 0x18C5,38, 0x8B63,1,
    0x18C5,28, 0x8B63,1, 0xFE00,1, 0x8B63,1, 0x18C5,38, 0xFE00,1, 0x18C5,69, 0xFE00,1,
    0x18C5,69, 0xFE00,1, 0x18C5,69, 0xFE00,1, 0x18C5,64, 0x8B63,5, 0xF572,1, 0x8B63,5,
    0x18C5,59, 0x8B63,5, 0xF572,1, 0x8B63,5, 0x18C5,64, 0xFE00,1, 0x18C5,52, 0x6984,17,
    0xFE00,1, 0x6984,15, 0x18C5,37, 0x6984,17, 0xFE00,1, 0x6984,15, 0x18C5,37, 0x6984,2,
    0xF572,15, 0xFE00,1, 0xF572,12, 0xDC4D,2, 0x6984,1, 0x18C5,37, 0x6984,2, 0xF572,1,
    0xFE98,3, 0xDC4D,11, 0xFE00,1, 0xDC4D,12, 0xBB29,2, 0x6984,1, 0x18C5,31, 0x28E5,1,
    0x4124,5, 0x6984,2, 0xF572,1, 0xFE98,1, 0xF572,1, 0xBB29,2, 0xDC4D,3, 0xBB29,1,
    0x6984,1, 0xBB29,1, 0xDC4D,9, 0xBB29,1, 0x6984,1, 0xBB29,1, 0xDC4D,3, 0xBB29,1,
    0x6984,1, 0xBB29,2, 0x6984,1, 0x4124,6, 0x28E5,1, 0x18C5,24, 0x4125,1, 0x6984,7,
    0xF572,1, 0xDC4D,1, 0x6984,1, 0x1882,1, 0x6984,1, 0xDC4D,3, 0x6984,1, 0x1882,1,
    0x6984,1, 0xDC4D,9, 0x6984,1, 0x1882,1, 0x6984,1, 0xDC4D,3, 0x6984,1, 0x1882,1,
    0x6984,9, 0x4125,1, 0x18C5,22, 0x28E5,1, 0x4125,1, 0x69A5,1, 0xBB29,7, 0xF572,1,
    0xDC4D,1, 0xBB29,1, 0x6984,2, 0xBB29,1, 0xDC4D,1, 0xBB29,1, 0x6984,2, 0xBB29,1,
    0xDC4D,9, 0xBB29,1, 0x6984,2, 0xBB29,1, 0xDC4D,1, 0xBB29,1, 0x6984,2, 0xBB29,8,
    0x6984,1, 0x69A5,1, 0x28E5,1, 0x18C5,21, 0x4124,1, 0x6984,2, 0xBB29,1, 0xDC4D,5,
    0xBB29,1, 0xF572,1, 0xDC4D,3, 0xBB29,1, 0x6984,3, 0xBB29,1, 0xDC4D,13, 0xBB29,1,
    0x6984,3, 0xBB29,1, 0xDC4D,1, 0xBB29,1, 0xDC4D,6, 0xBB29,1, 0x6984,2, 0x4124,1,
    0x18C5,21, 0x4124,1, 0x6984,3, 0xBB29,2, 0xDC4D,3, 0xBB29,1, 0xF572,1, 0xDC4D,4,
    0x6984,1, 0x1882,1, 0x6984,1, 0xDC4D,15, 0x6984,1, 0x1882,1, 0x6984,1, 0xDC4D,2,
    0xBB29,2, 0xDC4D,4, 0xBB29,1, 0x6984,3, 0x4124,1, 0x18C5,21, 0x28E5,1, 0x4125,2,
    0x69A5,1, 0x6984,1, 0xBB29,1, 0xDC4D,3, 0xBB29,1, 0xF572,1, 0xDC4D,3, 0xBB29,1,
    0x6984,3, 0xBB29,1, 0xDC4D,13, 0xBB29,1, 0x6984,3, 0xBB29,1, 0xDC4D,1, 0xBB29,2,
    0xDC4D,4, 0xBB29,1, 0x69A5,1, 0x4125,2, 0x28E5,1, 0x18C5,24, 0x4125,1, 0x6984,1,
    0xBB29,1, 0xDC4D,3, 0xBB29,1, 0xF572,1, 0xDC4D,1, 0xBB29,1, 0x6984,2, 0xBB29,1,
    0xDC4D,1, 0xBB29,1, 0x6984,2, 0xBB29,1, 0xDC4D,9, 0xBB29,1, 0x6984,2, 0xBB29,1,
    0xDC4D,1, 0xBB29,1, 0x6984,2, 0xBB29,2, 0xDC4D,4, 0xBB29,1, 0x4125,1, 0x18C5,27,
    0x4125,1, 0x6984,1, 0xBB29,1, 0xDC4D,3, 0xBB29,1, 0xF572,1, 0xDC4D,1, 0x6984,1,
    0x1882,1, 0x6984,1, 0xDC4D,3, 0x6984,1, 0x1882,1, 0x6984,1, 0xDC4D,9, 0x6984,1,
    0x1882,1, 0x6984,1, 0xDC4D,3, 0x6984,1, 0x1882,1, 0x6984,1, 0xBB29,1, 0xDC4D,4,
    0xBB29,1, 0x4125,1, 0x18C5,24, 0x28E5,1, 0x4125,2, 0x7A48,1, 0xBB29,1, 0xDC4D,4,
    0xBB29,1, 0xF572,1, 0xDC4D,1, 0xBB29,1, 0x6984,1, 0xBB29,1, 0xDC4D,3, 0xBB29,1,
    0x6984,1, 0xBB29,1, 0xDC4D,9, 0xBB29,1, 0x6984,1, 0xBB29,1, 0xDC4D,3, 0xBB29,1,
    0x6984,1, 0xBB29,2, 0xDC4D,5, 0x7A48,1, 0x4125,2, 0x28E5,1, 0x18C5,21, 0x4124,1,
    0x6984,2, 0xBB29,1, 0xDC4D,2, 0xBB29,4, 0xF572,1, 0xDC4D,27, 0xBB29,6, 0xDC4D,1,
    0xBB29,1, 0x6984,2, 0x4124,1, 0x18C5,21, 0x4124,1, 0x6984,2, 0xBB29,6, 0x6984,1,
    0xF572,1, 0xDC4D,27, 0xBB29,9, 0x6984,1, 0x4124,1, 0x18C5,21, 0x28E5,1, 0x4125,1,
    0x69A5,1, 0x6984,7, 0xF572,1, 0xDC4D,27, 0xBB29,2, 0x6984,7, 0x69A5,1, 0x28E5,1,
    0x18C5,23, 0x28E5,1, 0x4124,5, 0x6984,2, 0xF572,1, 0xDC4D,27, 0xBB29,2, 0x6984,1,
    0x4124,6, 0x28E5,1, 0x18C5,30, 0x6984,2, 0xDC4D,1, 0xBB29,29, 0x6984,1, 0x18C5,37,
    0x6984,2, 0xDC4D,1, 0xBB29,29, 0x6984,1, 0x18C5,37, 0x6984,2, 0xDC4D,1, 0xBB29,29,
    0x6984,1, 0x18C5,37, 0x6984,33, 0x18C5,40, 0xBB29,2, 0x6984,1, 0x18C5,3, 0xBB29,2,
    0x6984,1, 0x18C5,9, 0xBB29,2, 0x6984,1, 0x18C5,3, 0xBB29,2, 0x6984,1, 0x18C5,43,
    0xBB29,2, 0x6984,1, 0x18C5,3, 0xBB29,2, 0x6984,1, 0x18C5,9, 0xBB29,2, 0x6984,1,
    0x18C5,3, 0xBB29,2, 0x6984,1, 0x18C5,43, 0xBB29,2, 0x6984,1, 0x18C5,3, 0xBB29,2,
    0x6984,1, 0x18C5,9, 0xBB29,2, 0x6984,1, 0x18C5,3, 0xBB29,2, 0x6984,1, 0x18C5,43,
    0xBB29,2, 0x6984,1, 0x18C5,3, 0xBB29,2, 0x6984,1, 0x18C5,9, 0xBB29,2, 0x6984,1,
    0x18C5,3, 0xBB29,2, 0x6984,1, 0x18C5,43, 0xBB29,2, 0x6984,1, 0x18C5,3, 0xBB29,2,
    0x6984,1, 0x18C5,9, 0xBB29,2, 0x6984,1, 0x18C5,3, 0xBB29,2, 0x6984,1, 0x18C5,43,
    0x6984,3, 0x18C5,3, 0x6984,3, 0x18C5,9, 0x6984,3, 0x18C5,3, 0x6984,3, 0x18C5,39,
    0x1084,36, 0x18C5,34, 0x1084,36, 0x18C5,38, 0x10A4,27, 0x18C5,22, 0x18C5,170, 0x8B63,2,
    0x18C5,68, 0x8B63,2, 0x18C5,66, 0x8B63,1, 0xFE00,4, 0x8B63,1, 0x18C5,66, 0x8B63,2,
    0x18C5,68, 0x8B63,2, 0x18C5,31, 0x8B63,2, 0x18C5,68, 0xFE00,2, 0x18C5,68, 0xFE00,2,
    0x18C5,65, 0x8B63,3, 0xF572,2, 0x8B63,3, 0x18C5,62, 0xFE00,3, 0xFF95,2, 0xFE00,3,
    0x18C5,62, 0x8B63,3, 0xF572,2, 0x8B63,3, 0x18C5,65, 0xFE00,2, 0x18C5,68, 0xFE00,2,
    0x18C5,68, 0x8B63,2, 0x18C5,46, 0x8B63,1, 0x18C5,69, 0xFE00,1, 0x18C5,69, 0xFE00,1,
    0x18C5,69, 0xFE00,1, 0x18C5,69, 0xFE00,1, 0x18C5,64, 0x8B63,5, 0xF572,1, 0x8B63,5,
    0x18C5,59, 0x8B63,5, 0xF572,1, 0x8B63,5, 0x18C5,64, 0xFE00,1, 0x18C5,46, 0x6984,23,
    0xFE00,1, 0x6984,9, 0x18C5,37, 0x6984,23, 0xFE00,1, 0x6984,9, 0x18C5,37, 0x6984,2,
    0xF572,21, 0xFE00,1, 0xF572,6, 0xDC4D,2, 0x6984,1, 0x18C5,37, 0x6984,2, 0xF572,1,
    0xFE98,3, 0xDC4D,17, 0xFE00,1, 0xDC4D,6, 0xBB29,2, 0x6984,1, 0x18C5,31, 0x28E5,1,
    0x4124,5, 0x6984,2, 0xF572,1, 0xFE98,1, 0xF572,1, 0xBB29,2, 0xDC4D,3, 0xBB29,1,
    0x6984,1, 0xBB29,1, 0xDC4D,9, 0xBB29,1, 0x6984,1, 0xBB29,1, 0xDC4D,3, 0xBB29,1,
    0x6984,1, 0xBB29,2, 0x6984,1, 0x4124,6, 0x28E5,1, 0x18C5,24, 0x4125,1, 0x6984,7,
    0xF572,1, 0xDC4D,1, 0x6984,1, 0x1882,1, 0x6984,1, 0xDC4D,3, 0x6984,1, 0x1882,1,
    0x6984,1, 0xDC4D,9, 0x6984,1, 0x1882,1, 0x6984,1, 0xDC4D,3, 0x6984,1, 0x1882,1,
    0x6984,9, 0x4125,1, 0x18C5,22, 0x28E5,1, 0x4125,1, 0x69A5,1, 0xBB29,7, 0xF572,1,
    0xDC4D,1, 0xBB29,1, 0x6984,2, 0xBB29,1, 0xDC4D,1, 0xBB29,1, 0x6984,2, 0xBB29,1,
    0xDC4D,9, 0xBB29,1, 0x6984,2, 0xBB29,1, 0xDC4D,1, 0xBB29,1, 0x6984,2, 0xBB29,8,
    0x6984,1, 0x69A5,1, 0x28E5,1, 0x18C5,21, 0x4124,1, 0x6984,2, 0xBB29,1, 0xDC4D,5,
    0xBB29,1, 0xF572,1, 0xDC4D,3, 0xBB29,1, 0x6984,3, 0xBB29,1, 0xDC4D,13, 0xBB29,1,
    0x6984,3, 0xBB29,1, 0xDC4D,1, 0xBB29,1, 0xDC4D,6, 0xBB29,1, 0x6984,2, 0x4124,1,
    0x18C5,21, 0x4124,1, 0x6984,3, 0xBB29,2, 0xDC4D,3, 0xBB29,1, 0xF572,1, 0xDC4D,4,
    0x6984,1, 0x1882,1, 0x6984,1, 0xDC4D,15, 0x6984,1, 0x1882,1, 0x6984,1, 0xDC4D,2,
    0xBB29,2, 0xDC4D,4, 0xBB29,1, 0x6984,3, 0x4124,1, 0x18C5,21, 0x28E5,1, 0x4125,2,
    0x69A5,1, 0x6984,1, 0xBB29,1, 0xDC4D,3, 0xBB29,1, 0xF572,1, 0xDC4D,3, 0xBB29,1,
    0x6984,3, 0xBB29,1, 0xDC4D,13, 0xBB29,1, 0x6984,3, 0xBB29,1, 0xDC4D,1, 0xBB29,2,
    0xDC4D,4, 0xBB29,1, 0x69A5,1, 0x4125,2, 0x28E5,1, 0x18C5,24, 0x4125,1, 0x6984,1,
    0xBB29,1, 0xDC4D,3, 0xBB29,1, 0xF572,1, 0xDC4D,1, 0xBB29,1, 0x6984,2, 0xBB29,1,
    0xDC4D,1, 0xBB29,1, 0x6984,2, 0xBB29,1, 0xDC4D,9, 0xBB29,1, 0x6984,2, 0xBB29,1,
    0xDC4D,1, 0xBB29,1, 0x6984,2, 0xBB29,2, 0xDC4D,4, 0xBB29,1, 0x4125,1, 0x18C5,27,
    0x4125,1, 0x6984,1, 0xBB29,1, 0xDC4D,3, 0xBB29,1, 0xF572,1, 0xDC4D,1, 0x6984,1,
    0x1882,1, 0x6984,1, 0xDC4D,3, 0x6984,1, 0x1882,1, 0x6984,1, 0xDC4D,9, 0x6984,1,
    0x1882,1, 0x6984,1, 0xDC4D,3, 0x6984,1, 0x1882,1, 0x6984,1, 0xBB29,1, 0xDC4D,4,
    0xBB29,1, 0x4125,1, 0x18C5,24, 0x28E5,1, 0x4125,2, 0x7A48,1, 0xBB29,1, 0xDC4D,4,
    0xBB29,1, 0xF572,1, 0xDC4D,1, 0xBB29,1, 0x6984,1, 0xBB29,1, 0xDC4D,3, 0xBB29,1,
    0x6984,1, 0xBB29,1, 0xDC4D,9, 0xBB29,1, 0x6984,1, 0xBB29,1, 0xDC4D,3, 0xBB29,1,
    0x6984,1, 0xBB29,2, 0xDC4D,5, 0x7A48,1, 0x4125,2, 0x28E5,1, 0x18C5,21, 0x4124,1,
    0x6984,2, 0xBB29,1, 0xDC4D,2, 0xBB29,4, 0xF572,1, 0xDC4D,27, 0xBB29,6, 0xDC4D,1,
    0xBB29,1, 0x6984,2, 0x4124,1, 0x18C5,21, 0x4124,1, 0x6984,2, 0xBB29,6, 0x6984,1,
    0xF572,1, 0xDC4D,27, 0xBB29,9, 0x6984,1, 0x4124,1, 0x18C5,21, 0x28E5,1, 0x4125,1,
    0x69A5,1, 0x6984,7, 0xF572,1, 0xDC4D,27, 0xBB29,2, 0x6984,7, 0x69A5,1, 0x28E5,1,
    0x18C5,23, 0x28E5,1, 0x4124,5, 0x6984,2, 0xF572,1, 0xDC4D,27, 0xBB29,2, 0x6984,1,
    0x4124,6, 0x28E5,1, 0x18C5,30, 0x6984,2, 0xDC4D,1, 0xBB29,29, 0x6984,1, 0x18C5,37,
    0x6984,2, 0xDC4D,1, 0xBB29,29, 0x6984,1, 0x18C5,37, 0x6984,2, 0xDC4D,1, 0xBB29,29,
    0x6984,1, 0x18C5,37, 0x6984,33, 0x18C5,40, 0xBB29,2, 0x6984,1, 0x18C5,3, 0xBB29,2,
    0x6984,1, 0x18C5,9, 0xBB29,2, 0x6984,1, 0x18C5,3, 0xBB29,2, 0x6984,1, 0x18C5,43,
    0xBB29,2, 0x6984,1, 0x18C5,3, 0xBB29,2, 0x6984,1, 0x18C5,9, 0xBB29,2, 0x6984,1,
    0x18C5,3, 0xBB29,2, 0x6984,1, 0x18C5,43, 0xBB29,2, 0x6984,1, 0x18C5,3, 0xBB29,2,
    0x6984,1, 0x18C5,9, 0xBB29,2, 0x6984,1, 0x18C5,3, 0xBB29,2, 0x6984,1, 0x18C5,43,
    0xBB29,2, 0x6984,1, 0x18C5,3, 0xBB29,2, 0x6984,1, 0x18C5,9, 0xBB29,2, 0x6984,1,
    0x18C5,3, 0xBB29,2, 0x6984,1, 0x18C5,43, 0xBB29,2, 0x6984,1, 0x18C5,3, 0xBB29,2,
    0x6984,1, 0x18C5,9, 0xBB29,2, 0x6984,1, 0x18C5,3, 0xBB29,2, 0x6984,1, 0x18C5,43,
    0x6984,3, 0x18C5,3, 0x6984,3, 0x18C5,9, 0x6984,3, 0x18C5,3, 0x6984,3, 0x18C5,39,
    0x1084,36, 0x18C5,34, 0x1084,36, 0x18C5,38, 0x10A4,27, 0x18C5,22, 0x18C5,164, 0x8B63,2,
    0x18C5,68, 0x8B63,2, 0x18C5,66, 0x8B63,1, 0xFE00,4, 0x8B63,1, 0x18C5,66, 0x8B63,2,
    0x18C5,68, 0x8B63,2, 0x18C5,34, 0x5204,2, 0x18C5,68, 0x8B63,2, 0x18C5,66, 0x5204,1,
    0x8B63,1, 0xC4A2,2, 0x8B63,1, 0x5204,1, 0x18C5,64, 0x5204,1, 0x8B63,1, 0xC4A2,2,
    0x8B63,1, 0x5204,1, 0x18C5,66, 0x8B63,2, 0x18C5,68, 0x5204,2, 0x18C5,193, 0x8B63,2,
    0x18C5,68, 0x8B63,2, 0x18C5,68, 0x8B63,2, 0x18C5,68, 0x8B63,2, 0x18C5,68, 0x8B63,2,
    0x18C5,63, 0x8B63,1, 0xFE00,4, 0xF572,2, 0xFE00,4, 0x8B63,1, 0x18C5,63, 0x8B63,2,
    0x18C5,68, 0x8B63,2, 0x18C5,68, 0x8B63,2, 0x18C5,43, 0x6984,25, 0xBB29,2, 0x6984,6,
    0x18C5,37, 0x6984,25, 0xBB29,2, 0x6984,6, 0x18C5,37, 0x6984,1, 0xF572,29, 0xBB29,1,
    0x6984,2, 0x18C5,37, 0x6984,1, 0xFE98,3, 0xDC4D,26, 0xBB29,1, 0x6984,2, 0x18C5,29,
    0x28E5,1, 0x4124,6, 0x28E5,1, 0x6984,1, 0xFE98,1, 0xF572,1, 0xBB29,2, 0xDC4D,3,
    0xBB29,1, 0x6984,1, 0xBB29,1, 0xDC4D,9, 0xBB29,1, 0x6984,1, 0xBB29,1, 0xDC4D,3,
    0xBB29,1, 0x6984,1, 0xBB29,2, 0x6984,3, 0x4124,4, 0x28E5,1, 0x18C5,24, 0x4125,1,
    0x6984,7, 0xF572,1, 0xDC4D,1, 0x6984,1, 0x1882,1, 0x6984,1, 0xDC4D,3, 0x6984,1,
    0x1882,1, 0x6984,1, 0xDC4D,9, 0x6984,1, 0x1882,1, 0x6984,1, 0xDC4D,3, 0x6984,1,
    0x1882,1, 0x6984,9, 0x4125,1, 0x18C5,22, 0x28E5,1, 0x4125,1, 0x69A5,1, 0xBB29,7,
    0xF572,1, 0xDC4D,1, 0xBB29,1, 0x6984,2, 0xBB29,1, 0xDC4D,1, 0xBB29,1, 0x6984,2,
    0xBB29,1, 0xDC4D,9, 0xBB29,1, 0x6984,2, 0xBB29,1, 0xDC4D,1, 0xBB29,1, 0x6984,2,
    0xBB29,8, 0x6984,1, 0x69A5,1, 0x28E5,1, 0x18C5,21, 0x4124,1, 0x6984,2, 0xBB29,1,
    0xDC4D,5, 0xBB29,1, 0xF572,1, 0xDC4D,3, 0xBB29,1, 0x6984,3, 0xBB29,1, 0xDC4D,13,
    0xBB29,1, 0x6984,3, 0xBB29,1, 0xDC4D,1, 0xBB29,1, 0xDC4D,6, 0xBB29,1, 0x6984,2,
    0x4124,1, 0x18C5,21, 0x4124,1, 0x6984,3, 0xBB29,2, 0xDC4D,3, 0xBB29,1, 0xF572,1,
    0xDC4D,4, 0x6984,1, 0x1882,1, 0x6984,1, 0xDC4D,15, 0x6984,1, 0x1882,1, 0x6984,1,
    0xDC4D,2, 0xBB29,2, 0xDC4D,4, 0xBB29,1, 0x6984,3, 0x4124,1, 0x18C5,21, 0x28E5,1,
    0x4125,2, 0x69A5,1, 0x6984,1, 0xBB29,1, 0xDC4D,3, 0xBB29,1, 0xF572,1, 0xDC4D,3,
    0xBB29,1, 0x6984,3, 0xBB29,1, 0xDC4D,13, 0xBB29,1, 0x6984,3, 0xBB29,1, 0xDC4D,1,
    0xBB29,2, 0xDC4D,4, 0xBB29,1, 0x69A5,1, 0x4125,2, 0x28E5,1, 0x18C5,24, 0x4125,1,
    0x6984,1, 0xBB29,1, 0xDC4D,3, 0xBB29,1, 0xF572,1, 0xDC4D,1, 0xBB29,1, 0x6984,2,
    0xBB29,1, 0xDC4D,1, 0xBB29,1, 0x6984,2, 0xBB29,1, 0xDC4D,9, 0xBB29,1, 0x6984,2,
    0xBB29,1, 0xDC4D,1, 0xBB29,1, 0x6984,2, 0xBB29,2, 0xDC4D,4, 0xBB29,1, 0x4125,1,
    0x18C5,27, 0x4125,1, 0x6984,1, 0xBB29,1, 0xDC4D,3, 0xBB29,1, 0xF572,1, 0xDC4D,1,
    0x6984,1, 0x1882,1, 0x6984,1, 0xDC4D,3, 0x6984,1, 0x1882,1, 0x6984,1, 0xDC4D,9,
    0x6984,1, 0x1882,1, 0x6984,1, 0xDC4D,3, 0x6984,1, 0x1882,1, 0x6984,1, 0xBB29,1,
    0xDC4D,4, 0xBB29,1, 0x4125,1, 0x18C5,24, 0x28E5,1, 0x4125,2, 0x7A48,1, 0xBB29,1,
    0xDC4D,4, 0xBB29,1, 0xF572,1, 0xDC4D,1, 0xBB29,1, 0x6984,1, 0xBB29,1, 0xDC4D,3,
    0xBB29,1, 0x6984,1, 0xBB29,1, 0xDC4D,9, 0xBB29,1, 0x6984,1, 0xBB29,1, 0xDC4D,3,
    0xBB29,1, 0x6984,1, 0xBB29,2, 0xDC4D,5, 0x7A48,1, 0x4125,2, 0x28E5,1, 0x18C5,21,
    0x4124,1, 0x6984,2, 0xBB29,1, 0xDC4D,2, 0xBB29,4, 0xF572,1, 0xDC4D,27, 0xBB29,6,
    0xDC4D,1, 0xBB29,1, 0x6984,2, 0x4124,1, 0x18C5,21, 0x4124,1, 0x6984,2, 0xBB29,6,
    0x6984,1, 0xF572,1, 0xDC4D,27, 0xBB29,9, 0x6984,1, 0x4124,1, 0x18C5,21, 0x28E5,1,
    0x4125,1, 0x69A5,1, 0x6984,7, 0xF572,1, 0xDC4D,27, 0xBB29,2, 0x6984,7, 0x69A5,1,
    0x28E5,1, 0x18C5,23, 0x28E5,1, 0x4124,5, 0x6984,2, 0xF572,1, 0xDC4D,27, 0xBB29,2,
    0x6984,1, 0x4124,6, 0x28E5,1, 0x18C5,30, 0x6984,2, 0xBB29,30, 0x6984,1, 0x18C5,37,
    0x6984,2, 0xBB29,30, 0x6984,1, 0x18C5,37, 0x6984,2, 0xBB29,30, 0x6984,1, 0x18C5,37,
    0x6984,33, 0x18C5,40, 0xBB29,2, 0x6984,1, 0x18C5,3, 0xBB29,2, 0x6984,1, 0x18C5,9,
    0xBB29,2, 0x6984,1, 0x18C5,3, 0xBB29,2, 0x6984,1, 0x18C5,43, 0xBB29,2, 0x6984,1,
    0x18C5,3, 0xBB29,2, 0x6984,1, 0x18C5,9, 0xBB29,2, 0x6984,1, 0x18C5,3, 0xBB29,2,
    0x6984,1, 0x18C5,43, 0xBB29,2, 0x6984,1, 0x18C5,3, 0xBB29,2, 0x6984,1, 0x18C5,9,
    0xBB29,2, 0x6984,1, 0x18C5,3, 0xBB29,2, 0x6984,1, 0x18C5,43, 0xBB29,2, 0x6984,1,
    0x18C5,3, 0xBB29,2, 0x6984,1, 0x18C5,9, 0xBB29,2, 0x6984,1, 0x18C5,3, 0xBB29,2,
    0x6984,1, 0x18C5,43, 0xBB29,2, 0x6984,1, 0x18C5,3, 0xBB29,2, 0x6984,1, 0x18C5,9,
    0xBB29,2, 0x6984,1, 0x18C5,3, 0xBB29,2, 0x6984,1, 0x18C5,43, 0x6984,3, 0x18C5,3,
    0x6984,3, 0x18C5,9, 0x6984,3, 0x18C5,3, 0x6984,3, 0x18C5,39, 0x1084,36, 0x18C5,34,
    0x1084,36, 0x18C5,38, 0x10A4,27, 0x18C5,22, 0x18C5,230, 0x8B63,1, 0x18C5,69, 0xFE00,1,
    0x18C5,67, 0x8B63,2, 0xFE00,1, 0x8B63,2, 0x18C5,36, 0xFE00,1, 0x18C5,28, 0x8B63,2,
    0xFE00,1, 0x8B63,2, 0x18C5,36, 0xFE00,1, 0x18C5,30, 0xFE00,1, 0x18C5,36, 0xFE00,5,
    0x18C5,28, 0x8B63,1, 0x18C5,38, 0xFE00,1, 0x18C5,69, 0xFE00,1, 0x18C5,341, 0x8B63,2,
    0x18C5,68, 0x8B63,2, 0x18C5,68, 0x8B63,2, 0x18C5,68, 0x8B63,2, 0x18C5,68, 0x8B63,2,
    0x18C5,63, 0x8B63,1, 0xFE00,4, 0xF572,2, 0xFE00,4, 0x8B63,1, 0x18C5,63, 0x8B63,2,
    0x18C5,68, 0x8B63,2, 0x18C5,68, 0x8B63,2, 0x18C5,37, 0x6984,31, 0xBB29,2, 0x18C5,37,
    0x6984,31, 0xBB29,2, 0x18C5,37, 0x6984,1, 0xF572,29, 0xBB29,1, 0x6984,2, 0x18C5,37,
    0x6984,1, 0xFE98,3, 0xDC4D,26, 0xBB29,1, 0x6984,2, 0x18C5,31, 0x4124,6, 0x6984,1,
    0xFE98,3, 0x6984,2, 0xDC4D,4, 0x6984,2, 0xDC4D,10, 0x6984,2, 0xDC4D,4, 0x6984,2,
    0xBB29,1, 0x6984,2, 0x4124,6, 0x18C5,25, 0x6984,7, 0xF572,2, 0xDC4D,1, 0x1882,2,
    0xDC4D,4, 0x1882,2, 0xDC4D,10, 0x1882,2, 0xDC4D,4, 0x1882,2, 0xBB29,1, 0x6984,8,
    0x18C5,23, 0x4125,2, 0x6984,1, 0xBB29,6, 0xF572,2, 0xDC4D,1, 0x6984,3, 0xDC4D,2,
    0x6984,3, 0xDC4D,10, 0x6984,3, 0xDC4D,2, 0x6984,3, 0xBB29,7, 0x6984,2, 0x4125,1,
    0x18C5,22, 0x6984,3, 0xDC4D,6, 0xF572,2, 0xDC4D,3, 0x6984,4, 0xDC4D,14, 0x6984,4,
    0xDC4D,2, 0xBB29,1, 0xDC4D,6, 0x6984,3, 0x18C5,22, 0x6984,3, 0xBB29,2, 0xDC4D,4,
    0xF572,2, 0xDC4D,4, 0x1882,2, 0xDC4D,16, 0x1882,2, 0xDC4D,3, 0xBB29,1, 0xDC4D,5,
    0xBB29,1, 0x6984,3, 0x18C5,22, 0x4125,3, 0x6984,2, 0xDC4D,4, 0xF572,2, 0xDC4D,3,
    0x6984,4, 0xDC4D,14, 0x6984,4, 0xDC4D,2, 0xBB29,1, 0xDC4D,5, 0x6984,1, 0x4125,3,
    0x18C5,25, 0x6984,2, 0xDC4D,4, 0xF572,2, 0xDC4D,1, 0x6984,3, 0xDC4D,2, 0x6984,3,
    0xDC4D,10, 0x6984,3, 0xDC4D,2, 0x6984,3, 0xBB29,1, 0xDC4D,5, 0x6984,1, 0x18C5,28,
    0x6984,2, 0xDC4D,4, 0xF572,2, 0xDC4D,1, 0x1882,2, 0xDC4D,4, 0x1882,2, 0xDC4D,10,
    0x1882,2, 0xDC4D,4, 0x1882,2, 0xBB29,1, 0xDC4D,5, 0x6984,1, 0x18C5,25, 0x4125,3,
    0xBB29,2, 0xDC4D,4, 0xF572,2, 0xDC4D,1, 0x6984,2, 0xDC4D,4, 0x6984,2, 0xDC4D,10,
    0x6984,2, 0xDC4D,4, 0x6984,2, 0xBB29,1, 0xDC4D,5, 0xBB29,1, 0x4125,3, 0x18C5,22,
    0x6984,3, 0xDC4D,2, 0xBB29,4, 0xF572,2, 0xDC4D,27, 0xBB29,6, 0xDC4D,1, 0x6984,3,
    0x18C5,22, 0x6984,2, 0xBB29,7, 0xF572,2, 0xDC4D,27, 0xBB29,9, 0x6984,1, 0x18C5,22,
    0x4125,2, 0x6984,7, 0xF572,2, 0xDC4D,27, 0xBB29,1, 0x6984,8, 0x4125,1, 0x18C5,24,
    0x4124,6, 0x6984,1, 0xF572,2, 0xDC4D,27, 0xBB29,1, 0x6984,2, 0x4124,6, 0x18C5,29,
    0x6984,2, 0xBB29,30, 0x6984,1, 0x18C5,37, 0x6984,2, 0xBB29,30, 0x6984,1, 0x18C5,37,
    0x6984,2, 0xBB29,30, 0x6984,1, 0x18C5,37, 0x6984,33, 0x18C5,40, 0xBB29,2, 0x6984,1,
    0x18C5,3, 0xBB29,2, 0x6984,1, 0x18C5,9, 0xBB29,2, 0x6984,1, 0x18C5,3, 0xBB29,2,
    0x6984,1, 0x18C5,43, 0xBB29,2, 0x6984,1, 0x18C5,3, 0xBB29,2, 0x6984,1, 0x18C5,9,
    0xBB29,2, 0x6984,1, 0x18C5,3, 0xBB29,2, 0x6984,1, 0x18C5,43, 0xBB29,2, 0x6984,1,
    0x18C5,3, 0xBB29,2, 0x6984,1, 0x18C5,9, 0xBB29,2, 0x6984,1, 0x18C5,3, 0xBB29,2,
    0x6984,1, 0x18C5,43, 0xBB29,2, 0x6984,1, 0x18C5,3, 0xBB29,2, 0x6984,1, 0x18C5,9,
    0xBB29,2, 0x6984,1, 0x18C5,3, 0xBB29,2, 0x6984,1, 0x18C5,43, 0xBB29,2, 0x6984,1,
    0x18C5,3, 0xBB29,2, 0x6984,1, 0x18C5,9, 0xBB29,2, 0x6984,1, 0x18C5,3, 0xBB29,2,
    0x6984,1, 0x18C5,43, 0x6984,3, 0x18C5,3, 0x6984,3, 0x18C5,9, 0x6984,3, 0x18C5,3,
    0x6984,3, 0x18C5,39, 0x1084,36, 0x18C5,34, 0x1084,36, 0x18C5,38, 0x10A4,27, 0x18C5,22,
    0x18C5,224, 0x8B63,1, 0x18C5,41, 0x8B63,1, 0x18C5,27, 0xFE00,1, 0x18C5,41, 0xFE00,1,
    0x18C5,25, 0x8B63,2, 0xFE00,1, 0x8B63,2, 0x18C5,37, 0x8B63,2, 0xFE00,1, 0x8B63,2,
    0x18C5,23, 0x8B63,2, 0xFE00,1, 0x8B63,2, 0x18C5,37, 0x8B63,2, 0xFE00,1, 0x8B63,2,
    0x18C5,25, 0xFE00,1, 0x18C5,41, 0xFE00,1, 0x18C5,27, 0x8B63,1, 0x18C5,41, 0x8B63,1,
    0x18C5,418, 0x8B63,1, 0xFE00,1, 0x8B63,1, 0x18C5,67, 0x8B63,1, 0xFE00,1, 0x8B63,1,
    0x18C5,67, 0x8B63,1, 0xFE00,1, 0x8B63,1, 0x18C5,64, 0x8B63,1, 0xFE00,2, 0xF572,1,
    0xFF95,1, 0xF572,1, 0xFE00,2, 0x8B63,1, 0x18C5,61, 0x8B63,1, 0xFE00,2, 0xF572,1,
    0xFF95,1, 0xF572,1, 0xFE00,2, 0x8B63,1, 0x18C5,64, 0x8B63,1, 0xFE00,1, 0x8B63,1,
    0x18C5,67, 0x8B63,1, 0xFE00,1, 0x8B63,1, 0x18C5,67, 0x8B63,1, 0xFE00,1, 0x8B63,1,
    0x18C5,102, 0x6984,33, 0x18C5,37, 0x6984,33, 0x18C5,37, 0x6984,1, 0xF572,29, 0xBB29,1,
    0x6984,2, 0x18C5,37, 0x6984,1, 0xFE98,3, 0xDC4D,26, 0xBB29,1, 0x6984,2, 0x18C5,31,
    0x4124,6, 0x6984,1, 0xFE98,3, 0x6984,2, 0xDC4D,4, 0x6984,2, 0xDC4D,10, 0x6984,2,
    0xDC4D,4, 0x6984,2, 0xBB29,1, 0x6984,2, 0x4124,6, 0x18C5,25, 0x6984,7, 0xF572,2,
    0xDC4D,1, 0x1882,2, 0xDC4D,4, 0x1882,2, 0xDC4D,10, 0x1882,2, 0xDC4D,4, 0x1882,2,
    0xBB29,1, 0x6984,8, 0x18C5,23, 0x4125,2, 0x6984,1, 0xBB29,6, 0xF572,2, 0xDC4D,1,
    0x6984,3, 0xDC4D,2, 0x6984,3, 0xDC4D,10, 0x6984,3, 0xDC4D,2, 0x6984,3, 0xBB29,7,
    0x6984,2, 0x4125,1, 0x18C5,22, 0x6984,3, 0xDC4D,6, 0xF572,2, 0xDC4D,3, 0x6984,4,
    0xDC4D,14, 0x6984,4, 0xDC4D,2, 0xBB29,1, 0xDC4D,6, 0x6984,3, 0x18C5,22, 0x6984,3,
    0xBB29,2, 0xDC4D,4, 0xF572,2, 0xDC4D,4, 0x1882,2, 0xDC4D,16, 0x1882,2, 0xDC4D,3,
    0xBB29,1, 0xDC4D,5, 0xBB29,1, 0x6984,3, 0x18C5,22, 0x4125,3, 0x6984,2, 0xDC4D,4,
    0xF572,2, 0xDC4D,3, 0x6984,4, 0xDC4D,14, 0x6984,4, 0xDC4D,2, 0xBB29,1, 0xDC4D,5,
    0x6984,1, 0x4125,3, 0x18C5,25, 0x6984,2, 0xDC4D,4, 0xF572,2, 0xDC4D,1, 0x6984,3,
    0xDC4D,2, 0x6984,3, 0xDC4D,10, 0x6984,3, 0xDC4D,2, 0x6984,3, 0xBB29,1, 0xDC4D,5,
    0x6984,1, 0x18C5,28, 0x6984,2, 0xDC4D,4, 0xF572,2, 0xDC4D,1, 0x1882,2, 0xDC4D,4,
    0x1882,2, 0xDC4D,10, 0x1882,2, 0xDC4D,4, 0x1882,2, 0xBB29,1, 0xDC4D,5, 0x6984,1,
    0x18C5,25, 0x4125,3, 0xBB29,2, 0xDC4D,4, 0xF572,2, 0xDC4D,1, 0x6984,2, 0xDC4D,4,
    0x6984,2, 0xDC4D,10, 0x6984,2, 0xDC4D,4, 0x6984,2, 0xBB29,1, 0xDC4D,5, 0xBB29,1,
    0x4125,3, 0x18C5,22, 0x6984,3, 0xDC4D,2, 0xBB29,4, 0xF572,2, 0xDC4D,27, 0xBB29,6,
    0xDC4D,1, 0x6984,3, 0x18C5,22, 0x6984,2, 0xBB29,7, 0xF572,2, 0xDC4D,27, 0xBB29,9,
    0x6984,1, 0x18C5,22, 0x4125,2, 0x6984,7, 0xF572,2, 0xDC4D,27, 0xBB29,1, 0x6984,8,
    0x4125,1, 0x18C5,24, 0x4124,6, 0x6984,1, 0xF572,2, 0xDC4D,27, 0xBB29,1, 0x6984,2,
    0x4124,6, 0x18C5,29, 0x6984,2, 0xBB29,30, 0x6984,1, 0x18C5,37, 0x6984,2, 0xBB29,30,
    0x6984,1, 0x18C5,37, 0x6984,2, 0xBB29,30, 0x6984,1, 0x18C5,37, 0x6984,33, 0x18C5,40,
    0xBB29,2, 0x6984,1, 0x18C5,3, 0xBB29,2, 0x6984,1, 0x18C5,9, 0xBB29,2, 0x6984,1,
    0x18C5,3, 0xBB29,2, 0x6984,1, 0x18C5,43, 0xBB29,2, 0x6984,1, 0x18C5,3, 0xBB29,2,
    0x6984,1, 0x18C5,9, 0xBB29,2, 0x6984,1, 0x18C5,3, 0xBB29,2, 0x6984,1, 0x18C5,43,
    0xBB29,2, 0x6984,1, 0x18C5,3, 0xBB29,2, 0x6984,1, 0x18C5,9, 0xBB29,2, 0x6984,1,
    0x18C5,3, 0xBB29,2, 0x6984,1, 0x18C5,43, 0xBB29,2, 0x6984,1, 0x18C5,3, 0xBB29,2,
    0x6984,1, 0x18C5,9, 0xBB29,2, 0x6984,1, 0x18C5,3, 0xBB29,2, 0x6984,1, 0x18C5,43,
    0xBB29,2, 0x6984,1, 0x18C5,3, 0xBB29,2, 0x6984,1, 0x18C5,9, 0xBB29,2, 0x6984,1,
    0x18C5,3, 0xBB29,2, 0x6984,1, 0x18C5,43, 0x6984,3, 0x18C5,3, 0x6984,3, 0x18C5,9,
    0x6984,3, 0x18C5,3, 0x6984,3, 0x18C5,39, 0x1084,36, 0x18C5,34, 0x1084,36, 0x18C5,38,
    0x10A4,27, 0x18C5,22, 0x18C5,261, 0x5204,2, 0x18C5,68, 0x8B63,2, 0x18C5,29, 0x8B63,2,
    0x18C5,35, 0x5204,1, 0x8B63,1, 0xC4A2,2, 0x8B63,1, 0x5204,1, 0x18C5,27, 0x8B63,2,
    0x18C5,35, 0x5204,1, 0x8B63,1, 0xC4A2,2, 0x8B63,1, 0x5204,1, 0x18C5,25, 0x8B63,1,
    0xFE00,4, 0x8B63,1, 0x18C5,35, 0x8B63,2, 0x18C5,29, 0x8B63,2, 0x18C5,37, 0x5204,2,
    0x18C5,29, 0x8B63,2, 0x18C5,254, 0x5204,1, 0x8B63,1, 0x5204,1, 0x18C5,67, 0x8B63,1,
    0xFE00,1, 0x8B63,1, 0x18C5,67, 0x8B63,1, 0xFE00,1, 0x8B63,1, 0x18C5,64, 0x5204,1,
    0x8B63,2, 0xC507,1, 0xF572,1, 0xC507,1, 0x8B63,2, 0x5204,1, 0x18C5,61, 0x8B63,1,
    0xFE00,2, 0xF572,1, 0xFF95,1, 0xF572,1, 0xFE00,2, 0x8B63,1, 0x18C5,61, 0x5204,1,
    0x8B63,2, 0xC507,1, 0xF572,1, 0xC507,1, 0x8B63,2, 0x5204,1, 0x18C5,64, 0x8B63,1,
    0xFE00,1, 0x8B63,1, 0x18C5,67, 0x8B63,1, 0xFE00,1, 0x8B63,1, 0x18C5,67, 0x5204,1,
    0x8B63,1, 0x5204,1, 0x18C5,170, 0x6984,33, 0x18C5,37, 0x6984,33, 0x18C5,37, 0x6984,2,
    0xF572,28, 0xBB29,2, 0x6984,1, 0x18C5,37, 0x6984,2, 0xFE98,3, 0xDC4D,25, 0xBB29,2,
    0x6984,1, 0x18C5,30, 0x4124,7, 0x6984,2, 0xFE98,1, 0xBB29,2, 0xDC4D,4, 0x6984,2,
    0xDC4D,10, 0x6984,2, 0xDC4D,4, 0x6984,2, 0xDC4D,1, 0x6984,3, 0x4124,5, 0x18C5,25,
    0x6984,7, 0xF572,2, 0xDC4D,1, 0x1882,2, 0xDC4D,4, 0x1882,2, 0xDC4D,10, 0x1882,2,
    0xDC4D,4, 0x1882,2, 0xBB29,1, 0x6984,8, 0x18C5,23, 0x4125,2, 0x6984,1, 0xBB29,6,
    0xF572,2, 0xDC4D,1, 0x6984,3, 0xDC4D,2, 0x6984,3, 0xDC4D,10, 0x6984,3, 0xDC4D,2,
    0x6984,3, 0xBB29,7, 0x6984,2, 0x4125,1, 0x18C5,22, 0x6984,3, 0xDC4D,6, 0xF572,2,
    0xDC4D,3, 0x6984,4, 0xDC4D,14, 0x6984,4, 0xDC4D,2, 0xBB29,1, 0xDC4D,6, 0x6984,3,
    0x18C5,22, 0x6984,3, 0xBB29,2, 0xDC4D,4, 0xF572,2, 0xDC4D,4, 0x1882,2, 0xDC4D,16,
    0x1882,2, 0xDC4D,3, 0xBB29,1, 0xDC4D,5, 0xBB29,1, 0x6984,3, 0x18C5,22, 0x4125,3,
    0x6984,2, 0xDC4D,4, 0xF572,2, 0xDC4D,3, 0x6984,4, 0xDC4D,14, 0x6984,4, 0xDC4D,2,
    0xBB29,1, 0xDC4D,5, 0x6984,1, 0x4125,3, 0x18C5,25, 0x6984,2, 0xDC4D,4, 0xF572,2,
    0xDC4D,1, 0x6984,3, 0xDC4D,2, 0x6984,3, 0xDC4D,10, 0x6984,3, 0xDC4D,2, 0x6984,3,
    0xBB29,1, 0xDC4D,5, 0x6984,1, 0x18C5,28, 0x6984,2, 0xDC4D,4, 0xF572,2, 0xDC4D,1,
    0x1882,2, 0xDC4D,4, 0x1882,2, 0xDC4D,10, 0x1882,2, 0xDC4D,4, 0x1882,2, 0xBB29,1,
    0xDC4D,5, 0x6984,1, 0x18C5,25, 0x4125,3, 0xBB29,2, 0xDC4D,4, 0xF572,2, 0xDC4D,1,
    0x6984,2, 0xDC4D,4, 0x6984,2, 0xDC4D,10, 0x6984,2, 0xDC4D,4, 0x6984,2, 0xBB29,1,
    0xDC4D,5, 0xBB29,1, 0x4125,3, 0x18C5,22, 0x6984,3, 0xDC4D,2, 0xBB29,4, 0xF572,2,
    0xDC4D,27, 0xBB29,6, 0xDC4D,1, 0x6984,3, 0x18C5,22, 0x6984,2, 0xBB29,7, 0xF572,2,
    0xDC4D,27, 0xBB29,9, 0x6984,1, 0x18C5,22, 0x4125,2, 0x6984,7, 0xF572,2, 0xDC4D,27,
    0xBB29,1, 0x6984,8, 0x4125,1, 0x18C5,24, 0x4124,6, 0x6984,1, 0xF572,2, 0xDC4D,27,
    0xBB29,1, 0x6984,2, 0x4124,6, 0x18C5,29, 0x6984,2, 0xBB29,30, 0x6984,1, 0x18C5,37,
    0x6984,2, 0xBB29,30, 0x6984,1, 0x18C5,37, 0x6984,2, 0xBB29,30, 0x6984,1, 0x18C5,37,
    0x6984,33, 0x18C5,40, 0xBB29,2, 0x6984,1, 0x18C5,3, 0xBB29,2, 0x6984,1, 0x18C5,9,
    0xBB29,2, 0x6984,1, 0x18C5,3, 0xBB29,2, 0x6984,1, 0x18C5,43, 0xBB29,2, 0x6984,1,
    0x18C5,3, 0xBB29,2, 0x6984,1, 0x18C5,9, 0xBB29,2, 0x6984,1, 0x18C5,3, 0xBB29,2,
    0x6984,1, 0x18C5,43, 0xBB29,2, 0x6984,1, 0x18C5,3, 0xBB29,2, 0x6984,1, 0x18C5,9,
    0xBB29,2, 0x6984,1, 0x18C5,3, 0xBB29,2, 0x6984,1, 0x18C5,43, 0xBB29,2, 0x6984,1,
    0x18C5,3, 0xBB29,2, 0x6984,1, 0x18C5,9, 0xBB29,2, 0x6984,1, 0x18C5,3, 0xBB29,2,
    0x6984,1, 0x18C5,43, 0xBB29,2, 0x6984,1, 0x18C5,3, 0xBB29,2, 0x6984,1, 0x18C5,9,
    0xBB29,2, 0x6984,1, 0x18C5,3, 0xBB29,2, 0x6984,1, 0x18C5,43, 0x6984,3, 0x18C5,3,
    0x6984,3, 0x18C5,9, 0x6984,3, 0x18C5,3, 0x6984,3, 0x18C5,39, 0x1084,36, 0x18C5,34,
    0x1084,36, 0x18C5,38, 0x10A4,27, 0x18C5,22, 0x18C5,185, 0x8B63,2, 0x18C5,68, 0x8B63,2,
    0x18C5,66, 0x8B63,1, 0xFE00,4, 0x8B63,1, 0x18C5,66, 0x8B63,2, 0x18C5,32, 0x5204,2,
    0x18C5,34, 0x8B63,2, 0x18C5,32, 0x8B63,2, 0x18C5,66, 0x5204,1, 0x8B63,1, 0xC4A2,2,
    0x8B63,1, 0x5204,1, 0x18C5,64, 0x5204,1, 0x8B63,1, 0xC4A2,2, 0x8B63,1, 0x5204,1,
    0x18C5,66, 0x8B63,2, 0x18C5,68, 0x5204,2, 0x18C5,49, 0xFE00,2, 0x18C5,68, 0xFE00,2,
    0x18C5,68, 0xFE00,2, 0x18C5,65, 0xFE00,3, 0xFF95,2, 0xFE00,3, 0x18C5,62, 0xFE00,3,
    0xFF95,2, 0xFE00,3, 0x18C5,65, 0xFE00,2, 0x18C5,68, 0xFE00,2, 0x18C5,68, 0xFE00,2,
    0x18C5,309, 0x6984,33, 0x18C5,37, 0x6984,33, 0x18C5,37, 0x6984,2, 0xF572,28, 0xBB29,2,
    0x6984,1, 0x18C5,37, 0x6984,2, 0xFE98,3, 0xDC4D,25, 0xBB29,2, 0x6984,1, 0x18C5,30,
    0x4124,7, 0x6984,2, 0xFE98,1, 0xBB29,2, 0xDC4D,4, 0x6984,2, 0xDC4D,10, 0x6984,2,
    0xDC4D,4, 0x6984,2, 0xDC4D,1, 0x6984,3, 0x4124,5, 0x18C5,25, 0x6984,7, 0xF572,2,
    0xDC4D,1, 0x1882,2, 0xDC4D,4, 0x1882,2, 0xDC4D,10, 0x1882,2, 0xDC4D,4, 0x1882,2,
    0xBB29,1, 0x6984,8, 0x18C5,23, 0x4125,2, 0x6984,1, 0xBB29,6, 0xF572,2, 0xDC4D,1,
    0x6984,3, 0xDC4D,2, 0x6984,3, 0xDC4D,10, 0x6984,3, 0xDC4D,2, 0x6984,3, 0xBB29,7,
    0x6984,2, 0x4125,1, 0x18C5,22, 0x6984,3, 0xDC4D,6, 0xF572,2, 0xDC4D,3, 0x6984,4,
    0xDC4D,14, 0x6984,4, 0xDC4D,2, 0xBB29,1, 0xDC4D,6, 0x6984,3, 0x18C5,22, 0x6984,3,
    0xBB29,2, 0xDC4D,4, 0xF572,2, 0xDC4D,4, 0x1882,2, 0xDC4D,16, 0x1882,2, 0xDC4D,3,
    0xBB29,1, 0xDC4D,5, 0xBB29,1, 0x6984,3, 0x18C5,22, 0x4125,3, 0x6984,2, 0xDC4D,4,
    0xF572,2, 0xDC4D,3, 0x6984,4, 0xDC4D,14, 0x6984,4, 0xDC4D,2, 0xBB29,1, 0xDC4D,5,
    0x6984,1, 0x4125,3, 0x18C5,25, 0x6984,2, 0xDC4D,4, 0xF572,2, 0xDC4D,1, 0x6984,3,
    0xDC4D,2, 0x6984,3, 0xDC4D,10, 0x6984,3, 0xDC4D,2, 0x6984,3, 0xBB29,1, 0xDC4D,5,
    0x6984,1, 0x18C5,28, 0x6984,2, 0xDC4D,4, 0xF572,2, 0xDC4D,1, 0x1882,2, 0xDC4D,4,
    0x1882,2, 0xDC4D,10, 0x1882,2, 0xDC4D,4, 0x1882,2, 0xBB29,1, 0xDC4D,5, 0x6984,1,
    0x18C5,25, 0x4125,3, 0xBB29,2, 0xDC4D,4, 0xF572,2, 0xDC4D,1, 0x6984,2, 0xDC4D,4,
    0x6984,2, 0xDC4D,10, 0x6984,2, 0xDC4D,4, 0x6984,2, 0xBB29,1, 0xDC4D,5, 0xBB29,1,
    0x4125,3, 0x18C5,22, 0x6984,3, 0xDC4D,2, 0xBB29,4, 0xF572,2, 0xDC4D,27, 0xBB29,6,
    0xDC4D,1, 0x6984,3, 0x18C5,22, 0x6984,2, 0xBB29,7, 0xF572,2, 0xDC4D,27, 0xBB29,9,
    0x6984,1, 0x18C5,22, 0x4125,2, 0x6984,7, 0xF572,2, 0xDC4D,27, 0xBB29,1, 0x6984,8,
    0x4125,1, 0x18C5,24, 0x4124,6, 0x6984,1, 0xF572,2, 0xDC4D,27, 0xBB29,1, 0x6984,2,
    0x4124,6, 0x18C5,29, 0x6984,2, 0xBB29,30, 0x6984,1, 0x18C5,37, 0x6984,2, 0xBB29,30,
    0x6984,1, 0x18C5,37, 0x6984,2, 0xBB29,30, 0x6984,1, 0x18C5,37, 0x6984,33, 0x18C5,40,
    0xBB29,2, 0x6984,1, 0x18C5,3, 0xBB29,2, 0x6984,1, 0x18C5,9, 0xBB29,2, 0x6984,1,
    0x18C5,3, 0xBB29,2, 0x6984,1, 0x18C5,43, 0xBB29,2, 0x6984,1, 0x18C5,3, 0xBB29,2,
    0x6984,1, 0x18C5,9, 0xBB29,2, 0x6984,1, 0x18C5,3, 0xBB29,2, 0x6984,1, 0x18C5,43,
    0xBB29,2, 0x6984,1, 0x18C5,3, 0xBB29,2, 0x6984,1, 0x18C5,9, 0xBB29,2, 0x6984,1,
    0x18C5,3, 0xBB29,2, 0x6984,1, 0x18C5,43, 0xBB29,2, 0x6984,1, 0x18C5,3, 0xBB29,2,
    0x6984,1, 0x18C5,9, 0xBB29,2, 0x6984,1, 0x18C5,3, 0xBB29,2, 0x6984,1, 0x18C5,43,
    0xBB29,2, 0x6984,1, 0x18C5,3, 0xBB29,2, 0x6984,1, 0x18C5,9, 0xBB29,2, 0x6984,1,
    0x18C5,3, 0xBB29,2, 0x6984,1, 0x18C5,43, 0x6984,3, 0x18C5,3, 0x6984,3, 0x18C5,9,
    0x6984,3, 0x18C5,3, 0x6984,3, 0x18C5,39, 0x1084,36, 0x18C5,34, 0x1084,36, 0x18C5,38,
    0x10A4,27, 0x18C5,22, 0x18C5,181, 0xFE00,1, 0x18C5,69, 0xFE00,1, 0x18C5,67, 0xFE00,5,
    0x18C5,67, 0xFE00,1, 0x18C5,35, 0x5204,1, 0x8B63,1, 0x5204,1, 0x18C5,31, 0xFE00,1,
    0x18C5,35, 0x8B63,1, 0xFE00,1, 0x8B63,1, 0x18C5,67, 0x8B63,1, 0xFE00,1, 0x8B63,1,
    0x18C5,64, 0x5204,1, 0x8B63,2, 0xC507,1, 0xF572,1, 0xC507,1, 0x8B63,2, 0x5204,1,
    0x18C5,50, 0x8B63,2, 0x18C5,9, 0x8B63,1, 0xFE00,2, 0xF572,1, 0xFF95,1, 0xF572,1,
    0xFE00,2, 0x8B63,1, 0x18C5,50, 0xFE00,2, 0x18C5,9, 0x5204,1, 0x8B63,2, 0xC507,1,
    0xF572,1, 0xC507,1, 0x8B63,2, 0x5204,1, 0x18C5,50, 0xFE00,2, 0x18C5,12, 0x8B63,1,
    0xFE00,1, 0x8B63,1, 0x18C5,50, 0x8B63,3, 0xF572,2, 0x8B63,3, 0x18C5,9, 0x8B63,1,
    0xFE00,1, 0x8B63,1, 0x18C5,50, 0xFE00,3, 0xFF95,2, 0xFE00,3, 0x18C5,9, 0x5204,1,
    0x8B63,1, 0x5204,1, 0x18C5,50, 0x8B63,3, 0xF572,2, 0x8B63,3, 0x18C5,65, 0xFE00,2,
    0x18C5,68, 0xFE00,2, 0x18C5,68, 0x8B63,2, 0x18C5,376, 0x6984,33, 0x18C5,37, 0x6984,33,
    0x18C5,37, 0x6984,2, 0xF572,28, 0xBB29,2, 0x6984,1, 0x18C5,37, 0x6984,2, 0xFE98,3,
    0xDC4D,25, 0xBB29,2, 0x6984,1, 0x18C5,30, 0x4124,7, 0x6984,2, 0xFE98,1, 0xBB29,2,
    0xDC4D,4, 0x6984,2, 0xDC4D,10, 0x6984,2, 0xDC4D,4, 0x6984,2, 0xDC4D,1, 0x6984,3,
    0x4124,5, 0x18C5,25, 0x6984,7, 0xF572,2, 0xDC4D,1, 0x1882,2, 0xDC4D,4, 0x1882,2,
    0xDC4D,10, 0x1882,2, 0xDC4D,4, 0x1882,2, 0xBB29,1, 0x6984,8, 0x18C5,23, 0x4125,2,
    0x6984,1, 0xBB29,6, 0xF572,2, 0xDC4D,1, 0x6984,3, 0xDC4D,2, 0x6984,3, 0xDC4D,10,
    0x6984,3, 0xDC4D,2, 0x6984,3, 0xBB29,7, 0x6984,2, 0x4125,1, 0x18C5,22, 0x6984,3,
    0xDC4D,6, 0xF572,2, 0xDC4D,3, 0x6984,4, 0xDC4D,14, 0x6984,4, 0xDC4D,2, 0xBB29,1,
    0xDC4D,6, 0x6984,3, 0x18C5,22, 0x6984,3, 0xBB29,2, 0xDC4D,4, 0xF572,2, 0xDC4D,4,
    0x1882,2, 0xDC4D,16, 0x1882,2, 0xDC4D,3, 0xBB29,1, 0xDC4D,5, 0xBB29,1, 0x6984,3,
    0x18C5,22, 0x4125,3, 0x6984,2, 0xDC4D,4, 0xF572,2, 0xDC4D,3, 0x6984,4, 0xDC4D,14,
    0x6984,4, 0xDC4D,2, 0xBB29,1, 0xDC4D,5, 0x6984,1, 0x4125,3, 0x18C5,25, 0x6984,2,
    0xDC4D,4, 0xF572,2, 0xDC4D,1, 0x6984,3, 0xDC4D,2, 0x6984,3, 0xDC4D,10, 0x6984,3,
    0xDC4D,2, 0x6984,3, 0xBB29,1, 0xDC4D,5, 0x6984,1, 0x18C5,28, 0x6984,2, 0xDC4D,4,
    0xF572,2, 0xDC4D,1, 0x1882,2, 0xDC4D,4, 0x1882,2, 0xDC4D,10, 0x1882,2, 0xDC4D,4,
    0x1882,2, 0xBB29,1, 0xDC4D,5, 0x6984,1, 0x18C5,25, 0x4125,3, 0xBB29,2, 0xDC4D,4,
    0xF572,2, 0xDC4D,1, 0x6984,2, 0xDC4D,4, 0x6984,2, 0xDC4D,10, 0x6984,2, 0xDC4D,4,
    0x6984,2, 0xBB29,1, 0xDC4D,5, 0xBB29,1, 0x4125,3, 0x18C5,22, 0x6984,3, 0xDC4D,2,
    0xBB29,4, 0xF572,2, 0xDC4D,27, 0xBB29,6, 0xDC4D,1, 0x6984,3, 0x18C5,22, 0x6984,2,
    0xBB29,7, 0xF572,2, 0xDC4D,27, 0xBB29,9, 0x6984,1, 0x18C5,22, 0x4125,2, 0x6984,7,
    0xF572,2, 0xDC4D,27, 0xBB29,1, 0x6984,8, 0x4125,1, 0x18C5,24, 0x4124,6, 0x6984,1,
    0xF572,2, 0xDC4D,27, 0xBB29,1, 0x6984,2, 0x4124,6, 0x18C5,29, 0x6984,2, 0xBB29,30,
    0x6984,1, 0x18C5,37, 0x6984,2, 0xBB29,30, 0x6984,1, 0x18C5,37, 0x6984,2, 0xBB29,30,
    0x6984,1, 0x18C5,37, 0x6984,33, 0x18C5,40, 0xBB29,2, 0x6984,1, 0x18C5,3, 0xBB29,2,
    0x6984,1, 0x18C5,9, 0xBB29,2, 0x6984,1, 0x18C5,3, 0xBB29,2, 0x6984,1, 0x18C5,43,
    0xBB29,2, 0x6984,1, 0x18C5,3, 0xBB29,2, 0x6984,1, 0x18C5,9, 0xBB29,2, 0x6984,1,
    0x18C5,3, 0xBB29,2, 0x6984,1, 0x18C5,43, 0xBB29,2, 0x6984,1, 0x18C5,3, 0xBB29,2,
    0x6984,1, 0x18C5,9, 0xBB29,2, 0x6984,1, 0x18C5,3, 0xBB29,2, 0x6984,1, 0x18C5,43,
    0xBB29,2, 0x6984,1, 0x18C5,3, 0xBB29,2, 0x6984,1, 0x18C5,9, 0xBB29,2, 0x6984,1,
    0x18C5,3, 0xBB29,2, 0x6984,1, 0x18C5,43, 0xBB29,2, 0x6984,1, 0x18C5,3, 0xBB29,2,
    0x6984,1, 0x18C5,9, 0xBB29,2, 0x6984,1, 0x18C5,3, 0xBB29,2, 0x6984,1, 0x18C5,43,
    0x6984,3, 0x18C5,3, 0x6984,3, 0x18C5,9, 0x6984,3, 0x18C5,3, 0x6984,3, 0x18C5,39,
    0x1084,36, 0x18C5,34, 0x1084,36, 0x18C5,38, 0x10A4,27, 0x18C5,22, 0x18C5,35, 0x8B63,1,
    0x18C5,69, 0xFE00,1, 0x18C5,67, 0x8B63,2, 0xFE00,1, 0x8B63,2, 0x18C5,65, 0x8B63,2,
    0xFE00,1, 0x8B63,2, 0x18C5,67, 0xFE00,1, 0x18C5,69, 0x8B63,1, 0x18C5,178, 0x8B63,1,
    0xFE00,1, 0x8B63,1, 0x18C5,57, 0x8B63,1, 0xFE00,1, 0x8B63,1, 0x18C5,7, 0x8B63,1,
    0xFE00,1, 0x8B63,1, 0x18C5,57, 0x8B63,1, 0xFE00,1, 0x8B63,1, 0x18C5,7, 0x8B63,1,
    0xFE00,1, 0x8B63,1, 0x18C5,57, 0x8B63,1, 0xFE00,1, 0x8B63,1, 0x18C5,4, 0x8B63,1,
    0xFE00,2, 0xF572,1, 0xFF95,1, 0xF572,1, 0xFE00,2, 0x8B63,1, 0x18C5,51, 0x8B63,1,
    0xFE00,2, 0xF572,1, 0xFF95,1, 0xF572,1, 0xFE00,2, 0x8B63,1, 0x18C5,1, 0x8B63,1,
    0xFE00,2, 0xF572,1, 0xFF95,1, 0xF572,1, 0xFE00,2, 0x8B63,1, 0x18C5,51, 0x8B63,1,
    0xFE00,2, 0xF572,1, 0xFF95,1, 0xF572,1, 0xFE00,2, 0x8B63,1, 0x18C5,4, 0x8B63,1,
    0xFE00,1, 0x8B63,1, 0x18C5,57, 0x8B63,1, 0xFE00,1, 0x8B63,1, 0x18C5,7, 0x8B63,1,
    0xFE00,1, 0x8B63,1, 0x18C5,57, 0x8B63,1, 0xFE00,1, 0x8B63,1, 0x18C5,7, 0x8B63,1,
    0xFE00,1, 0x8B63,1, 0x18C5,57, 0x8B63,1, 0xFE00,1, 0x8B63,1, 0x18C5,514, 0x6984,33,
    0x18C5,37, 0x6984,33, 0x18C5,37, 0x6984,2, 0xF572,28, 0xBB29,2, 0x6984,1, 0x18C5,37,
    0x6984,2, 0xFE98,3, 0xDC4D,25, 0xBB29,2, 0x6984,1, 0x18C5,30, 0x4124,7, 0x6984,2,
    0xFE98,1, 0xBB29,2, 0xDC4D,4, 0x6984,2, 0xDC4D,10, 0x6984,2, 0xDC4D,4, 0x6984,2,
    0xDC4D,1, 0x6984,3, 0x4124,5, 0x18C5,25, 0x6984,7, 0xF572,2, 0xDC4D,1, 0x1882,2,
    0xDC4D,4, 0x1882,2, 0xDC4D,10, 0x1882,2, 0xDC4D,4, 0x1882,2, 0xBB29,1, 0x6984,8,
    0x18C5,23, 0x4125,2, 0x6984,1, 0xBB29,6, 0xF572,2, 0xDC4D,1, 0x6984,3, 0xDC4D,2,
    0x6984,3, 0xDC4D,10, 0x6984,3, 0xDC4D,2, 0x6984,3, 0xBB29,7, 0x6984,2, 0x4125,1,
    0x18C5,22, 0x6984,3, 0xDC4D,6, 0xF572,2, 0xDC4D,3, 0x6984,4, 0xDC4D,14, 0x6984,4,
    0xDC4D,2, 0xBB29,1, 0xDC4D,6, 0x6984,3, 0x18C5,22, 0x6984,3, 0xBB29,2, 0xDC4D,4,
    0xF572,2, 0xDC4D,4, 0x1882,2, 0xDC4D,16, 0x1882,2, 0xDC4D,3, 0xBB29,1, 0xDC4D,5,
    0xBB29,1, 0x6984,3, 0x18C5,22, 0x4125,3, 0x6984,2, 0xDC4D,4, 0xF572,2, 0xDC4D,3,
    0x6984,4, 0xDC4D,14, 0x6984,4, 0xDC4D,2, 0xBB29,1, 0xDC4D,5, 0x6984,1, 0x4125,3,
    0x18C5,25, 0x6984,2, 0xDC4D,4, 0xF572,2, 0xDC4D,1, 0x6984,3, 0xDC4D,2, 0x6984,3,
    0xDC4D,10, 0x6984,3, 0xDC4D,2, 0x6984,3, 0xBB29,1, 0xDC4D,5, 0x6984,1, 0x18C5,28,
    0x6984,2, 0xDC4D,4, 0xF572,2, 0xDC4D,1, 0x1882,2, 0xDC4D,4, 0x1882,2, 0xDC4D,10,
    0x1882,2, 0xDC4D,4, 0x1882,2, 0xBB29,1, 0xDC4D,5, 0x6984,1, 0x18C5,25, 0x4125,3,
    0xBB29,2, 0xDC4D,4, 0xF572,2, 0xDC4D,1, 0x6984,2, 0xDC4D,4, 0x6984,2, 0xDC4D,10,
    0x6984,2, 0xDC4D,4, 0x6984,2, 0xBB29,1, 0xDC4D,5, 0xBB29,1, 0x4125,3, 0x18C5,22,
    0x6984,3, 0xDC4D,2, 0xBB29,4, 0xF572,2, 0xDC4D,27, 0xBB29,6, 0xDC4D,1, 0x6984,3,
    0x18C5,22, 0x6984,2, 0xBB29,7, 0xF572,2, 0xDC4D,27, 0xBB29,9, 0x6984,1, 0x18C5,22,
    0x4125,2, 0x6984,7, 0xF572,2, 0xDC4D,27, 0xBB29,1, 0x6984,8, 0x4125,1, 0x18C5,24,
    0x4124,6, 0x6984,1, 0xF572,2, 0xDC4D,27, 0xBB29,1, 0x6984,2, 0x4124,6, 0x18C5,29,
    0x6984,2, 0xBB29,30, 0x6984,1, 0x18C5,37, 0x6984,2, 0xBB29,30, 0x6984,1, 0x18C5,37,
    0x6984,2, 0xBB29,30, 0x6984,1, 0x18C5,37, 0x6984,33, 0x18C5,40, 0xBB29,2, 0x6984,1,
    0x18C5,3, 0xBB29,2, 0x6984,1, 0x18C5,9, 0xBB29,2, 0x6984,1, 0x18C5,3, 0xBB29,2,
    0x6984,1, 0x18C5,43, 0xBB29,2, 0x6984,1, 0x18C5,3, 0xBB29,2, 0x6984,1, 0x18C5,9,
    0xBB29,2, 0x6984,1, 0x18C5,3, 0xBB29,2, 0x6984,1, 0x18C5,43, 0xBB29,2, 0x6984,1,
    0x18C5,3, 0xBB29,2, 0x6984,1, 0x18C5,9, 0xBB29,2, 0x6984,1, 0x18C5,3, 0xBB29,2,
    0x6984,1, 0x18C5,43, 0xBB29,2, 0x6984,1, 0x18C5,3, 0xBB29,2, 0x6984,1, 0x18C5,9,
    0xBB29,2, 0x6984,1, 0x18C5,3, 0xBB29,2, 0x6984,1, 0x18C5,43, 0xBB29,2, 0x6984,1,
    0x18C5,3, 0xBB29,2, 0x6984,1, 0x18C5,9, 0xBB29,2, 0x6984,1, 0x18C5,3, 0xBB29,2,
    0x6984,1, 0x18C5,43, 0x6984,3, 0x18C5,3, 0x6984,3, 0x18C5,9, 0x6984,3, 0x18C5,3,
    0x6984,3, 0x18C5,39, 0x1084,36, 0x18C5,34, 0x1084,36, 0x18C5,38, 0x10A4,27, 0x18C5,22,
    0x18C5,170, 0x8B63,2, 0x18C5,68, 0x8B63,2, 0x18C5,66, 0x8B63,1, 0xFE00,4, 0x8B63,1,
    0x18C5,66, 0x8B63,2, 0x18C5,68, 0x8B63,2, 0x18C5,31, 0x8B63,2, 0x18C5,68, 0xFE00,2,
    0x18C5,68, 0xFE00,2, 0x18C5,12, 0x5204,1, 0x8B63,1, 0x5204,1, 0x18C5,50, 0x8B63,3,
    0xF572,2, 0x8B63,3, 0x18C5,9, 0x8B63,1, 0xFE00,1, 0x8B63,1, 0x18C5,50, 0xFE00,3,
    0xFF95,2, 0xFE00,3, 0x18C5,9, 0x8B63,1, 0xFE00,1, 0x8B63,1, 0x18C5,50, 0x8B63,3,
    0xF572,2, 0x8B63,3, 0x18C5,6, 0x5204,1, 0x8B63,2, 0xC507,1, 0xF572,1, 0xC507,1,
    0x8B63,2, 0x5204,1, 0x18C5,50, 0xFE00,2, 0x18C5,9, 0x8B63,1, 0xFE00,2, 0xF572,1,
    0xFF95,1, 0xF572,1, 0xFE00,2, 0x8B63,1, 0x18C5,50, 0xFE00,2, 0x18C5,9, 0x5204,1,
    0x8B63,2, 0xC507,1, 0xF572,1, 0xC507,1, 0x8B63,2, 0x5204,1, 0x18C5,50, 0x8B63,2,
    0x18C5,12, 0x8B63,1, 0xFE00,1, 0x8B63,1, 0x18C5,67, 0x8B63,1, 0xFE00,1, 0x8B63,1,
    0x18C5,67, 0x5204,1, 0x8B63,1, 0x5204,1, 0x18C5,431, 0x6984,33, 0x18C5,37, 0x6984,33,
    0x18C5,37, 0x6984,2, 0xF572,28, 0xBB29,2, 0x6984,1, 0x18C5,37, 0x6984,2, 0xFE98,3,
    0xDC4D,25, 0xBB29,2, 0x6984,1, 0x18C5,30, 0x4124,7, 0x6984,2, 0xFE98,1, 0xBB29,2,
    0xDC4D,4, 0x6984,2, 0xDC4D,10, 0x6984,2, 0xDC4D,4, 0x6984,2, 0xDC4D,1, 0x6984,3,
    0x4124,5, 0x18C5,25, 0x6984,7, 0xF572,2, 0xDC4D,1, 0x1882,2, 0xDC4D,4, 0x1882,2,
    0xDC4D,10, 0x1882,2, 0xDC4D,4, 0x1882,2, 0xBB29,1, 0x6984,8, 0x18C5,23, 0x4125,2,
    0x6984,1, 0xBB29,6, 0xF572,2, 0xDC4D,1, 0x6984,3, 0xDC4D,2, 0x6984,3, 0xDC4D,10,
    0x6984,3, 0xDC4D,2, 0x6984,3, 0xBB29,7, 0x6984,2, 0x4125,1, 0x18C5,22, 0x6984,3,
    0xDC4D,6, 0xF572,2, 0xDC4D,3, 0x6984,4, 0xDC4D,14, 0x6984,4, 0xDC4D,2, 0xBB29,1,
    0xDC4D,6, 0x6984,3, 0x18C5,22, 0x6984,3, 0xBB29,2, 0xDC4D,4, 0xF572,2, 0xDC4D,4,
    0x1882,2, 0xDC4D,16, 0x1882,2, 0xDC4D,3, 0xBB29,1, 0xDC4D,5, 0xBB29,1, 0x6984,3,
    0x18C5,22, 0x4125,3, 0x6984,2, 0xDC4D,4, 0xF572,2, 0xDC4D,3, 0x6984,4, 0xDC4D,14,
    0x6984,4, 0xDC4D,2, 0xBB29,1, 0xDC4D,5, 0x6984,1, 0x4125,3, 0x18C5,25, 0x6984,2,
    0xDC4D,4, 0xF572,2, 0xDC4D,1, 0x6984,3, 0xDC4D,2, 0x6984,3, 0xDC4D,10, 0x6984,3,
    0xDC4D,2, 0x6984,3, 0xBB29,1, 0xDC4D,5, 0x6984,1, 0x18C5,28, 0x6984,2, 0xDC4D,4,
    0xF572,2, 0xDC4D,1, 0x1882,2, 0xDC4D,4, 0x1882,2, 0xDC4D,10, 0x1882,2, 0xDC4D,4,
    0x1882,2, 0xBB29,1, 0xDC4D,5, 0x6984,1, 0x18C5,25, 0x4125,3, 0xBB29,2, 0xDC4D,4,
    0xF572,2, 0xDC4D,1, 0x6984,2, 0xDC4D,4, 0x6984,2, 0xDC4D,10, 0x6984,2, 0xDC4D,4,
    0x6984,2, 0xBB29,1, 0xDC4D,5, 0xBB29,1, 0x4125,3, 0x18C5,22, 0x6984,3, 0xDC4D,2,
    0xBB29,4, 0xF572,2, 0xDC4D,27, 0xBB29,6, 0xDC4D,1, 0x6984,3, 0x18C5,22, 0x6984,2,
    0xBB29,7, 0xF572,2, 0xDC4D,27, 0xBB29,9, 0x6984,1, 0x18C5,22, 0x4125,2, 0x6984,7,
    0xF572,2, 0xDC4D,27, 0xBB29,1, 0x6984,8, 0x4125,1, 0x18C5,24, 0x4124,6, 0x6984,1,
    0xF572,2, 0xDC4D,27, 0xBB29,1, 0x6984,2, 0x4124,6, 0x18C5,29, 0x6984,2, 0xBB29,30,
    0x6984,1, 0x18C5,37, 0x6984,2, 0xBB29,30, 0x6984,1, 0x18C5,37, 0x6984,2, 0xBB29,30,
    0x6984,1, 0x18C5,37, 0x6984,33, 0x18C5,40, 0xBB29,2, 0x6984,1, 0x18C5,3, 0xBB29,2,
    0x6984,1, 0x18C5,9, 0xBB29,2, 0x6984,1, 0x18C5,3, 0xBB29,2, 0x6984,1, 0x18C5,43,
    0xBB29,2, 0x6984,1, 0x18C5,3, 0xBB29,2, 0x6984,1, 0x18C5,9, 0xBB29,2, 0x6984,1,
    0x18C5,3, 0xBB29,2, 0x6984,1, 0x18C5,43, 0xBB29,2, 0x6984,1, 0x18C5,3, 0xBB29,2,
    0x6984,1, 0x18C5,9, 0xBB29,2, 0x6984,1, 0x18C5,3, 0xBB29,2, 0x6984,1, 0x18C5,43,
    0xBB29,2, 0x6984,1, 0x18C5,3, 0xBB29,2, 0x6984,1, 0x18C5,9, 0xBB29,2, 0x6984,1,
    0x18C5,3, 0xBB29,2, 0x6984,1, 0x18C5,43, 0xBB29,2, 0x6984,1, 0x18C5,3, 0xBB29,2,
    0x6984,1, 0x18C5,9, 0xBB29,2, 0x6984,1, 0x18C5,3, 0xBB29,2, 0x6984,1, 0x18C5,43,
    0x6984,3, 0x18C5,3, 0x6984,3, 0x18C5,9, 0x6984,3, 0x18C5,3, 0x6984,3, 0x18C5,39,
    0x1084,36, 0x18C5,34, 0x1084,36, 0x18C5,38, 0x10A4,27, 0x18C5,22, 0x18C5,164, 0x8B63,2,
    0x18C5,68, 0x8B63,2, 0x18C5,66, 0x8B63,1, 0xFE00,4, 0x8B63,1, 0x18C5,66, 0x8B63,2,
    0x18C5,68, 0x8B63,2, 0x18C5,34, 0x5204,2, 0x18C5,68, 0x8B63,2, 0x18C5,66, 0x5204,1,
    0x8B63,1, 0xC4A2,2, 0x8B63,1, 0x5204,1, 0x18C5,64, 0x5204,1, 0x8B63,1, 0xC4A2,2,
    0x8B63,1, 0x5204,1, 0x18C5,66, 0x8B63,2, 0x18C5,17, 0xFE00,2, 0x18C5,49, 0x5204,2,
    0x18C5,17, 0xFE00,2, 0x18C5,68, 0xFE00,2, 0x18C5,65, 0xFE00,3, 0xFF95,2, 0xFE00,3,
    0x18C5,62, 0xFE00,3, 0xFF95,2, 0xFE00,3, 0x18C5,65, 0xFE00,2, 0x18C5,68, 0xFE00,2,
    0x18C5,68, 0xFE00,2, 0x18C5,360, 0x6984,33, 0x18C5,37, 0x6984,33, 0x18C5,37, 0x6984,2,
    0xF572,28, 0xBB29,2, 0x6984,1, 0x18C5,37, 0x6984,2, 0xFE98,3, 0xDC4D,25, 0xBB29,2,
    0x6984,1, 0x18C5,30, 0x4124,7, 0x6984,2, 0xFE98,1, 0xBB29,2, 0xDC4D,4, 0x6984,2,
    0xDC4D,10, 0x6984,2, 0xDC4D,4, 0x6984,2, 0xDC4D,1, 0x6984,3, 0x4124,5, 0x18C5,25,
    0x6984,7, 0xF572,2, 0xDC4D,1, 0x1882,2, 0xDC4D,4, 0x1882,2, 0xDC4D,10, 0x1882,2,
    0xDC4D,4, 0x1882,2, 0xBB29,1, 0x6984,8, 0x18C5,23, 0x4125,2, 0x6984,1, 0xBB29,6,
    0xF572,2, 0xDC4D,1, 0x6984,3, 0xDC4D,2, 0x6984,3, 0xDC4D,10, 0x6984,3, 0xDC4D,2,
    0x6984,3, 0xBB29,7, 0x6984,2, 0x4125,1, 0x18C5,22, 0x6984,3, 0xDC4D,6, 0xF572,2,
    0xDC4D,3, 0x6984,4, 0xDC4D,14, 0x6984,4, 0xDC4D,2, 0xBB29,1, 0xDC4D,6, 0x6984,3,
    0x18C5,22, 0x6984,3, 0xBB29,2, 0xDC4D,4, 0xF572,2, 0xDC4D,4, 0x1882,2, 0xDC4D,16,
    0x1882,2, 0xDC4D,3, 0xBB29,1, 0xDC4D,5, 0xBB29,1, 0x6984,3, 0x18C5,22, 0x4125,3,
    0x6984,2, 0xDC4D,4, 0xF572,2, 0xDC4D,3, 0x6984,4, 0xDC4D,14, 0x6984,4, 0xDC4D,2,
    0xBB29,1, 0xDC4D,5, 0x6984,1, 0x4125,3, 0x18C5,25, 0x6984,2, 0xDC4D,4, 0xF572,2,
    0xDC4D,1, 0x6984,3, 0xDC4D,2, 0x6984,3, 0xDC4D,10, 0x6984,3, 0xDC4D,2, 0x6984,3,
    0xBB29,1, 0xDC4D,5, 0x6984,1, 0x18C5,28, 0x6984,2, 0xDC4D,4, 0xF572,2, 0xDC4D,1,
    0x1882,2, 0xDC4D,4, 0x1882,2, 0xDC4D,10, 0x1882,2, 0xDC4D,4, 0x1882,2, 0xBB29,1,
    0xDC4D,5, 0x6984,1, 0x18C5,25, 0x4125,3, 0xBB29,2, 0xDC4D,4, 0xF572,2, 0xDC4D,1,
    0x6984,2, 0xDC4D,4, 0x6984,2, 0xDC4D,10, 0x6984,2, 0xDC4D,4, 0x6984,2, 0xBB29,1,
    0xDC4D,5, 0xBB29,1, 0x4125,3, 0x18C5,22, 0x6984,3, 0xDC4D,2, 0xBB29,4, 0xF572,2,
    0xDC4D,27, 0xBB29,6, 0xDC4D,1, 0x6984,3, 0x18C5,22, 0x6984,2, 0xBB29,7, 0xF572,2,
    0xDC4D,27, 0xBB29,9, 0x6984,1, 0x18C5,22, 0x4125,2, 0x6984,7, 0xF572,2, 0xDC4D,27,
    0xBB29,1, 0x6984,8, 0x4125,1, 0x18C5,24, 0x4124,6, 0x6984,1, 0xF572,2, 0xDC4D,27,
    0xBB29,1, 0x6984,2, 0x4124,6, 0x18C5,29, 0x6984,2, 0xBB29,30, 0x6984,1, 0x18C5,37,
    0x6984,2, 0xBB29,30, 0x6984,1, 0x18C5,37, 0x6984,2, 0xBB29,30, 0x6984,1, 0x18C5,37,
    0x6984,33, 0x18C5,40, 0xBB29,2, 0x6984,1, 0x18C5,3, 0xBB29,2, 0x6984,1, 0x18C5,9,
    0xBB29,2, 0x6984,1, 0x18C5,3, 0xBB29,2, 0x6984,1, 0x18C5,43, 0xBB29,2, 0x6984,1,
    0x18C5,3, 0xBB29,2, 0x6984,1, 0x18C5,9, 0xBB29,2, 0x6984,1, 0x18C5,3, 0xBB29,2,
    0x6984,1, 0x18C5,43, 0xBB29,2, 0x6984,1, 0x18C5,3, 0xBB29,2, 0x6984,1, 0x18C5,9,
    0xBB29,2, 0x6984,1, 0x18C5,3, 0xBB29,2, 0x6984,1, 0x18C5,43, 0xBB29,2, 0x6984,1,
    0x18C5,3, 0xBB29,2, 0x6984,1, 0x18C5,9, 0xBB29,2, 0x6984,1, 0x18C5,3, 0xBB29,2,
    0x6984,1, 0x18C5,43, 0xBB29,2, 0x6984,1, 0x18C5,3, 0xBB29,2, 0x6984,1, 0x18C5,9,
    0xBB29,2, 0x6984,1, 0x18C5,3, 0xBB29,2, 0x6984,1, 0x18C5,43, 0x6984,3, 0x18C5,3,
    0x6984,3, 0x18C5,9, 0x6984,3, 0x18C5,3, 0x6984,3, 0x18C5,39, 0x1084,36, 0x18C5,34,
    0x1084,36, 0x18C5,38, 0x10A4,27, 0x18C5,22, 0x18C5,230, 0x8B63,1, 0x18C5,69, 0xFE00,1,
    0x18C5,67, 0x8B63,2, 0xFE00,1, 0x8B63,2, 0x18C5,36, 0xFE00,1, 0x18C5,28, 0x8B63,2,
    0xFE00,1, 0x8B63,2, 0x18C5,36, 0xFE00,1, 0x18C5,30, 0xFE00,1, 0x18C5,36, 0xFE00,5,
    0x18C5,28, 0x8B63,1, 0x18C5,38, 0xFE00,1, 0x18C5,69, 0xFE00,1, 0x18C5,162, 0x8B63,2,
    0x18C5,68, 0xFE00,2, 0x18C5,68, 0xFE00,2, 0x18C5,65, 0x8B63,3, 0xF572,2, 0x8B63,3,
    0x18C5,62, 0xFE00,3, 0xFF95,2, 0xFE00,3, 0x18C5,62, 0x8B63,3, 0xF572,2, 0x8B63,3,
    0x18C5,65, 0xFE00,2, 0x18C5,68, 0xFE00,2, 0x18C5,68, 0x8B63,2, 0x18C5,217, 0x6984,33,
    0x18C5,37, 0x6984,33, 0x18C5,37, 0x6984,2, 0xF572,28, 0xBB29,2, 0x6984,1, 0x18C5,37,
    0x6984,2, 0xFE98,3, 0xDC4D,25, 0xBB29,2, 0x6984,1, 0x18C5,30, 0x4124,7, 0x6984,2,
    0xFE98,1, 0xBB29,2, 0xDC4D,4, 0x6984,2, 0xDC4D,10, 0x6984,2, 0xDC4D,4, 0x6984,2,
    0xDC4D,1, 0x6984,3, 0x4124,5, 0x18C5,25, 0x6984,7, 0xF572,2, 0xDC4D,1, 0x1882,2,
    0xDC4D,4, 0x1882,2, 0xDC4D,10, 0x1882,2, 0xDC4D,4, 0x1882,2, 0xBB29,1, 0x6984,8,
    0x18C5,23, 0x4125,2, 0x6984,1, 0xBB29,6, 0xF572,2, 0xDC4D,1, 0x6984,3, 0xDC4D,2,
    0x6984,3, 0xDC4D,10, 0x6984,3, 0xDC4D,2, 0x6984,3, 0xBB29,7, 0x6984,2, 0x4125,1,
    0x18C5,22, 0x6984,3, 0xDC4D,6, 0xF572,2, 0xDC4D,3, 0x6984,4, 0xDC4D,14, 0x6984,4,
    0xDC4D,2, 0xBB29,1, 0xDC4D,6, 0x6984,3, 0x18C5,22, 0x6984,3, 0xBB29,2, 0xDC4D,4,
    0xF572,2, 0xDC4D,4, 0x1882,2, 0xDC4D,16, 0x1882,2, 0xDC4D,3, 0xBB29,1, 0xDC4D,5,
    0xBB29,1, 0x6984,3, 0x18C5,22, 0x4125,3, 0x6984,2, 0xDC4D,4, 0xF572,2, 0xDC4D,3,
    0x6984,4, 0xDC4D,14, 0x6984,4, 0xDC4D,2, 0xBB29,1, 0xDC4D,5, 0x6984,1, 0x4125,3,
    0x18C5,25, 0x6984,2, 0xDC4D,4, 0xF572,2, 0xDC4D,1, 0x6984,3, 0xDC4D,2, 0x6984,3,
    0xDC4D,10, 0x6984,3, 0xDC4D,2, 0x6984,3, 0xBB29,1, 0xDC4D,5, 0x6984,1, 0x18C5,28,
    0x6984,2, 0xDC4D,4, 0xF572,2, 0xDC4D,1, 0x1882,2, 0xDC4D,4, 0x1882,2, 0xDC4D,10,
    0x1882,2, 0xDC4D,4, 0x1882,2, 0xBB29,1, 0xDC4D,5, 0x6984,1, 0x18C5,25, 0x4125,3,
    0xBB29,2, 0xDC4D,4, 0xF572,2, 0xDC4D,1, 0x6984,2, 0xDC4D,4, 0x6984,2, 0xDC4D,10,
    0x6984,2, 0xDC4D,4, 0x6984,2, 0xBB29,1, 0xDC4D,5, 0xBB29,1, 0x4125,3, 0x18C5,22,
    0x6984,3, 0xDC4D,2, 0xBB29,4, 0xF572,2, 0xDC4D,27, 0xBB29,6, 0xDC4D,1, 0x6984,3,
    0x18C5,22, 0x6984,2, 0xBB29,7, 0xF572,2, 0xDC4D,27, 0xBB29,9, 0x6984,1, 0x18C5,22,
    0x4125,2, 0x6984,7, 0xF572,2, 0xDC4D,27, 0xBB29,1, 0x6984,8, 0x4125,1, 0x18C5,24,
    0x4124,6, 0x6984,1, 0xF572,2, 0xDC4D,27, 0xBB29,1, 0x6984,2, 0x4124,6, 0x18C5,29,
    0x6984,2, 0xBB29,30, 0x6984,1, 0x18C5,37, 0x6984,2, 0xBB29,30, 0x6984,1, 0x18C5,37,
    0x6984,2, 0xBB29,30, 0x6984,1, 0x18C5,37, 0x6984,33, 0x18C5,40, 0xBB29,2, 0x6984,1,
    0x18C5,3, 0xBB29,2, 0x6984,1, 0x18C5,9, 0xBB29,2, 0x6984,1, 0x18C5,3, 0xBB29,2,
    0x6984,1, 0x18C5,43, 0xBB29,2, 0x6984,1, 0x18C5,3, 0xBB29,2, 0x6984,1, 0x18C5,9,
    0xBB29,2, 0x6984,1, 0x18C5,3, 0xBB29,2, 0x6984,1, 0x18C5,43, 0xBB29,2, 0x6984,1,
    0x18C5,3, 0xBB29,2, 0x6984,1, 0x18C5,9, 0xBB29,2, 0x6984,1, 0x18C5,3, 0xBB29,2,
    0x6984,1, 0x18C5,43, 0xBB29,2, 0x6984,1, 0x18C5,3, 0xBB29,2, 0x6984,1, 0x18C5,9,
    0xBB29,2, 0x6984,1, 0x18C5,3, 0xBB29,2, 0x6984,1, 0x18C5,43, 0xBB29,2, 0x6984,1,
    0x18C5,3, 0xBB29,2, 0x6984,1, 0x18C5,9, 0xBB29,2, 0x6984,1, 0x18C5,3, 0xBB29,2,
    0x6984,1, 0x18C5,43, 0x6984,3, 0x18C5,3, 0x6984,3, 0x18C5,9, 0x6984,3, 0x18C5,3,
    0x6984,3, 0x18C5,39, 0x1084,36, 0x18C5,34, 0x1084,36, 0x18C5,38, 0x10A4,27, 0x18C5,22,
    0x18C5,224, 0x8B63,1, 0x18C5,41, 0x8B63,1, 0x18C5,27, 0xFE00,1, 0x18C5,41, 0xFE00,1,
    0x18C5,25, 0x8B63,2, 0xFE00,1, 0x8B63,2, 0x18C5,37, 0x8B63,2, 0xFE00,1, 0x8B63,2,
    0x18C5,23, 0x8B63,2, 0xFE00,1, 0x8B63,2, 0x18C5,37, 0x8B63,2, 0xFE00,1, 0x8B63,2,
    0x18C5,25, 0xFE00,1, 0x18C5,41, 0xFE00,1, 0x18C5,27, 0x8B63,1, 0x18C5,41, 0x8B63,1,
    0x18C5,376, 0x8B63,1, 0xFE00,1, 0x8B63,1, 0x18C5,67, 0x8B63,1, 0xFE00,1, 0x8B63,1,
    0x18C5,67, 0x8B63,1, 0xFE00,1, 0x8B63,1, 0x18C5,64, 0x8B63,1, 0xFE00,2, 0xF572,1,
    0xFF95,1, 0xF572,1, 0xFE00,2, 0x8B63,1, 0x18C5,61, 0x8B63,1, 0xFE00,2, 0xF572,1,
    0xFF95,1, 0xF572,1, 0xFE00,2, 0x8B63,1, 0x18C5,64, 0x8B63,1, 0xFE00,1, 0x8B63,1,
    0x18C5,67, 0x8B63,1, 0xFE00,1, 0x8B63,1, 0x18C5,67, 0x8B63,1, 0xFE00,1, 0x8B63,1,
    0x18C5,144, 0x6984,33, 0x18C5,37, 0x6984,33, 0x18C5,37, 0x6984,1, 0xF572,29, 0xBB29,1,
    0x6984,2, 0x18C5,37, 0x6984,1, 0xFE98,3, 0xDC4D,26, 0xBB29,1, 0x6984,2, 0x18C5,31,
    0x4124,6, 0x6984,1, 0xFE98,3, 0x6984,2, 0xDC4D,4, 0x6984,2, 0xDC4D,10, 0x6984,2,
    0xDC4D,4, 0x6984,2, 0xBB29,1, 0x6984,2, 0x4124,6, 0x18C5,25, 0x6984,7, 0xF572,2,
    0xDC4D,1, 0x1882,2, 0xDC4D,4, 0x1882,2, 0xDC4D,10, 0x1882,2, 0xDC4D,4, 0x1882,2,
    0xBB29,1, 0x6984,8, 0x18C5,23, 0x4125,2, 0x6984,1, 0xBB29,6, 0xF572,2, 0xDC4D,1,
    0x6984,3, 0xDC4D,2, 0x6984,3, 0xDC4D,10, 0x6984,3, 0xDC4D,2, 0x6984,3, 0xBB29,7,
    0x6984,2, 0x4125,1, 0x18C5,22, 0x6984,3, 0xDC4D,6, 0xF572,2, 0xDC4D,3, 0x6984,4,
    0xDC4D,14, 0x6984,4, 0xDC4D,2, 0xBB29,1, 0xDC4D,6, 0x6984,3, 0x18C5,22, 0x6984,3,
    0xBB29,2, 0xDC4D,4, 0xF572,2, 0xDC4D,4, 0x1882,2, 0xDC4D,16, 0x1882,2, 0xDC4D,3,
    0xBB29,1, 0xDC4D,5, 0xBB29,1, 0x6984,3, 0x18C5,22, 0x4125,3, 0x6984,2, 0xDC4D,4,
    0xF572,2, 0xDC4D,3, 0x6984,4, 0xDC4D,14, 0x6984,4, 0xDC4D,2, 0xBB29,1, 0xDC4D,5,
    0x6984,1, 0x4125,3, 0x18C5,25, 0x6984,2, 0xDC4D,4, 0xF572,2, 0xDC4D,1, 0x6984,3,
    0xDC4D,2, 0x6984,3, 0xDC4D,10, 0x6984,3, 0xDC4D,2, 0x6984,3, 0xBB29,1, 0xDC4D,5,
    0x6984,1, 0x18C5,28, 0x6984,2, 0xDC4D,4, 0xF572,2, 0xDC4D,1, 0x1882,2, 0xDC4D,4,
    0x1882,2, 0xDC4D,10, 0x1882,2, 0xDC4D,4, 0x1882,2, 0xBB29,1, 0xDC4D,5, 0x6984,1,
    0x18C5,25, 0x4125,3, 0xBB29,2, 0xDC4D,4, 0xF572,2, 0xDC4D,1, 0x6984,2, 0xDC4D,4,
    0x6984,2, 0xDC4D,10, 0x6984,2, 0xDC4D,4, 0x6984,2, 0xBB29,1, 0xDC4D,5, 0xBB29,1,
    0x4125,3, 0x18C5,22, 0x6984,3, 0xDC4D,2, 0xBB29,4, 0xF572,2, 0xDC4D,27, 0xBB29,6,
    0xDC4D,1, 0x6984,3, 0x18C5,22, 0x6984,2, 0xBB29,7, 0xF572,2, 0xDC4D,27, 0xBB29,9,
    0x6984,1, 0x18C5,22, 0x4125,2, 0x6984,7, 0xF572,2, 0xDC4D,27, 0xBB29,1, 0x6984,8,
    0x4125,1, 0x18C5,24, 0x4124,6, 0x6984,1, 0xF572,2, 0xDC4D,27, 0xBB29,1, 0x6984,2,
    0x4124,6, 0x18C5,29, 0x6984,2, 0xBB29,30, 0x6984,1, 0x18C5,37, 0x6984,2, 0xBB29,30,
    0x6984,1, 0x18C5,37, 0x6984,2, 0xBB29,30, 0x6984,1, 0x18C5,37, 0x6984,33, 0x18C5,40,
    0xBB29,2, 0x6984,1, 0x18C5,3, 0xBB29,2, 0x6984,1, 0x18C5,9, 0xBB29,2, 0x6984,1,
    0x18C5,3, 0xBB29,2, 0x6984,1, 0x18C5,43, 0xBB29,2, 0x6984,1, 0x18C5,3, 0xBB29,2,
    0x6984,1, 0x18C5,9, 0xBB29,2, 0x6984,1, 0x18C5,3, 0xBB29,2, 0x6984,1, 0x18C5,43,
    0xBB29,2, 0x6984,1, 0x18C5,3, 0xBB29,2, 0x6984,1, 0x18C5,9, 0xBB29,2, 0x6984,1,
    0x18C5,3, 0xBB29,2, 0x6984,1, 0x18C5,43, 0xBB29,2, 0x6984,1, 0x18C5,3, 0xBB29,2,
    0x6984,1, 0x18C5,9, 0xBB29,2, 0x6984,1, 0x18C5,3, 0xBB29,2, 0x6984,1, 0x18C5,43,
    0xBB29,2, 0x6984,1, 0x18C5,3, 0xBB29,2, 0x6984,1, 0x18C5,9, 0xBB29,2, 0x6984,1,
    0x18C5,3, 0xBB29,2, 0x6984,1, 0x18C5,43, 0x6984,3, 0x18C5,3, 0x6984,3, 0x18C5,9,
    0x6984,3, 0x18C5,3, 0x6984,3, 0x18C5,39, 0x1084,36, 0x18C5,34, 0x1084,36, 0x18C5,38,
    0x10A4,27, 0x18C5,22, 0x18C5,261, 0x5204,2, 0x18C5,68, 0x8B63,2, 0x18C5,29, 0x8B63,2,
    0x18C5,35, 0x5204,1, 0x8B63,1, 0xC4A2,2, 0x8B63,1, 0x5204,1, 0x18C5,27, 0x8B63,2,
    0x18C5,35, 0x5204,1, 0x8B63,1, 0xC4A2,2, 0x8B63,1, 0x5204,1, 0x18C5,25, 0x8B63,1,
    0xFE00,4, 0x8B63,1, 0x18C5,35, 0x8B63,2, 0x18C5,29, 0x8B63,2, 0x18C5,37, 0x5204,2,
    0x18C5,29, 0x8B63,2, 0x18C5,356, 0xFE00,1, 0x18C5,69, 0xFE00,1, 0x18C5,69, 0xFE00,1,
    0x18C5,69, 0xFE00,1, 0x18C5,69, 0xFE00,1, 0x18C5,64, 0xFE00,5, 0xFF95,1, 0xFE00,5,
    0x18C5,64, 0xFE00,1, 0x18C5,69, 0xFE00,1, 0x18C5,69, 0xFE00,1, 0x18C5,69, 0xFE00,1,
    0x6984,32, 0x18C5,37, 0xFE00,1, 0x6984,32, 0x18C5,37, 0x6984,1, 0xF572,29, 0xBB29,1,
    0x6984,2, 0x18C5,37, 0x6984,1, 0xFE98,3, 0xDC4D,26, 0xBB29,1, 0x6984,2, 0x18C5,31,
    0x4124,6, 0x6984,1, 0xFE98,3, 0x6984,2, 0xDC4D,4, 0x6984,2, 0xDC4D,10, 0x6984,2,
    0xDC4D,4, 0x6984,2, 0xBB29,1, 0x6984,2, 0x4124,6, 0x18C5,25, 0x6984,7, 0xF572,2,
    0xDC4D,1, 0x1882,2, 0xDC4D,4, 0x1882,2, 0xDC4D,10, 0x1882,2, 0xDC4D,4, 0x1882,2,
    0xBB29,1, 0x6984,8, 0x18C5,23, 0x4125,2, 0x6984,1, 0xBB29,6, 0xF572,2, 0xDC4D,1,
    0x6984,3, 0xDC4D,2, 0x6984,3, 0xDC4D,10, 0x6984,3, 0xDC4D,2, 0x6984,3, 0xBB29,7,
    0x6984,2, 0x4125,1, 0x18C5,22, 0x6984,3, 0xDC4D,6, 0xF572,2, 0xDC4D,3, 0x6984,4,
    0xDC4D,14, 0x6984,4, 0xDC4D,2, 0xBB29,1, 0xDC4D,6, 0x6984,3, 0x18C5,22, 0x6984,3,
    0xBB29,2, 0xDC4D,4, 0xF572,2, 0xDC4D,4, 0x1882,2, 0xDC4D,16, 0x1882,2, 0xDC4D,3,
    0xBB29,1, 0xDC4D,5, 0xBB29,1, 0x6984,3, 0x18C5,22, 0x4125,3, 0x6984,2, 0xDC4D,4,
    0xF572,2, 0xDC4D,3, 0x6984,4, 0xDC4D,14, 0x6984,4, 0xDC4D,2, 0xBB29,1, 0xDC4D,5,
    0x6984,1, 0x4125,3, 0x18C5,25, 0x6984,2, 0xDC4D,4, 0xF572,2, 0xDC4D,1, 0x6984,3,
    0xDC4D,2, 0x6984,3, 0xDC4D,10, 0x6984,3, 0xDC4D,2, 0x6984,3, 0xBB29,1, 0xDC4D,5,
    0x6984,1, 0x18C5,28, 0x6984,2, 0xDC4D,4, 0xF572,2, 0xDC4D,1, 0x1882,2, 0xDC4D,4,
    0x1882,2, 0xDC4D,10, 0x1882,2, 0xDC4D,4, 0x1882,2, 0xBB29,1, 0xDC4D,5, 0x6984,1,
    0x18C5,25, 0x4125,3, 0xBB29,2, 0xDC4D,4, 0xF572,2, 0xDC4D,1, 0x6984,2, 0xDC4D,4,
    0x6984,2, 0xDC4D,10, 0x6984,2, 0xDC4D,4, 0x6984,2, 0xBB29,1, 0xDC4D,5, 0xBB29,1,
    0x4125,3, 0x18C5,22, 0x6984,3, 0xDC4D,2, 0xBB29,4, 0xF572,2, 0xDC4D,27, 0xBB29,6,
    0xDC4D,1, 0x6984,3, 0x18C5,22, 0x6984,2, 0xBB29,7, 0xF572,2, 0xDC4D,27, 0xBB29,9,
    0x6984,1, 0x18C5,22, 0x4125,2, 0x6984,7, 0xF572,2, 0xDC4D,27, 0xBB29,1, 0x6984,8,
    0x4125,1, 0x18C5,24, 0x4124,6, 0x6984,1, 0xF572,2, 0xDC4D,27, 0xBB29,1, 0x6984,2,
    0x4124,6, 0x18C5,29, 0x6984,2, 0xBB29,30, 0x6984,1, 0x18C5,37, 0x6984,2, 0xBB29,30,
    0x6984,1, 0x18C5,37, 0x6984,2, 0xBB29,30, 0x6984,1, 0x18C5,37, 0x6984,33, 0x18C5,40,
    0xBB29,2, 0x6984,1, 0x18C5,3, 0xBB29,2, 0x6984,1, 0x18C5,9, 0xBB29,2, 0x6984,1,
    0x18C5,3, 0xBB29,2, 0x6984,1, 0x18C5,43, 0xBB29,2, 0x6984,1, 0x18C5,3, 0xBB29,2,
    0x6984,1, 0x18C5,9, 0xBB29,2, 0x6984,1, 0x18C5,3, 0xBB29,2, 0x6984,1, 0x18C5,43,
    0xBB29,2, 0x6984,1, 0x18C5,3, 0xBB29,2, 0x6984,1, 0x18C5,9, 0xBB29,2, 0x6984,1,
    0x18C5,3, 0xBB29,2, 0x6984,1, 0x18C5,43, 0xBB29,2, 0x6984,1, 0x18C5,3, 0xBB29,2,
    0x6984,1, 0x18C5,9, 0xBB29,2, 0x6984,1, 0x18C5,3, 0xBB29,2, 0x6984,1, 0x18C5,43,
    0xBB29,2, 0x6984,1, 0x18C5,3, 0xBB29,2, 0x6984,1, 0x18C5,9, 0xBB29,2, 0x6984,1,
    0x18C5,3, 0xBB29,2, 0x6984,1, 0x18C5,43, 0x6984,3, 0x18C5,3, 0x6984,3, 0x18C5,9,
    0x6984,3, 0x18C5,3, 0x6984,3, 0x18C5,39, 0x1084,36, 0x18C5,34, 0x1084,36, 0x18C5,38,
    0x10A4,27, 0x18C5,22, 0x18C5,185, 0x8B63,2, 0x18C5,68, 0x8B63,2, 0x18C5,66, 0x8B63,1,
    0xFE00,4, 0x8B63,1, 0x18C5,66, 0x8B63,2, 0x18C5,32, 0x5204,2, 0x18C5,34, 0x8B63,2,
    0x18C5,32, 0x8B63,2, 0x18C5,66, 0x5204,1, 0x8B63,1, 0xC4A2,2, 0x8B63,1, 0x5204,1,
    0x18C5,64, 0x5204,1, 0x8B63,1, 0xC4A2,2, 0x8B63,1, 0x5204,1, 0x18C5,66, 0x8B63,2,
    0x18C5,68, 0x5204,2, 0x18C5,223, 0x8B63,2, 0x18C5,68, 0x8B63,2, 0x18C5,68, 0x8B63,2,
    0x18C5,68, 0x8B63,2, 0x18C5,68, 0x8B63,2, 0x18C5,63, 0x8B63,1, 0xFE00,4, 0xF572,2,
    0xFE00,4, 0x8B63,1, 0x18C5,63, 0x8B63,2, 0x18C5,68, 0x8B63,2, 0x18C5,68, 0x8B63,2,
    0x18C5,64, 0x6984,4, 0xBB29,2, 0x6984,27, 0x18C5,37, 0x6984,4, 0xBB29,2, 0x6984,27,
    0x18C5,37, 0x6984,1, 0xF572,29, 0xBB29,1, 0x6984,2, 0x18C5,37, 0x6984,1, 0xFE98,3,
    0xDC4D,26, 0xBB29,1, 0x6984,2, 0x18C5,29, 0x28E5,1, 0x4124,6, 0x28E5,1, 0x6984,1,
    0xFE98,1, 0xF572,1, 0xBB29,2, 0xDC4D,3, 0xBB29,1, 0x6984,1, 0xBB29,1, 0xDC4D,9,
    0xBB29,1, 0x6984,1, 0xBB29,1, 0xDC4D,3, 0xBB29,1, 0x6984,1, 0xBB29,2, 0x6984,3,
    0x4124,4, 0x28E5,1, 0x18C5,24, 0x4125,1, 0x6984,7, 0xF572,1, 0xDC4D,1, 0x6984,1,
    0x1882,1, 0x6984,1, 0xDC4D,3, 0x6984,1, 0x1882,1, 0x6984,1, 0xDC4D,9, 0x6984,1,
    0x1882,1, 0x6984,1, 0xDC4D,3, 0x6984,1, 0x1882,1, 0x6984,9, 0x4125,1, 0x18C5,22,
    0x28E5,1, 0x4125,1, 0x69A5,1, 0xBB29,7, 0xF572,1, 0xDC4D,1, 0xBB29,1, 0x6984,2,
    0xBB29,1, 0xDC4D,1, 0xBB29,1, 0x6984,2, 0xBB29,1, 0xDC4D,9, 0xBB29,1, 0x6984,2,
    0xBB29,1, 0xDC4D,1, 0xBB29,1, 0x6984,2, 0xBB29,8, 0x6984,1, 0x69A5,1, 0x28E5,1,
    0x18C5,21, 0x4124,1, 0x6984,2, 0xBB29,1, 0xDC4D,5, 0xBB29,1, 0xF572,1, 0xDC4D,3,
    0xBB29,1, 0x6984,3, 0xBB29,1, 0xDC4D,13, 0xBB29,1, 0x6984,3, 0xBB29,1, 0xDC4D,1,
    0xBB29,1, 0xDC4D,6, 0xBB29,1, 0x6984,2, 0x4124,1, 0x18C5,21, 0x4124,1, 0x6984,3,
    0xBB29,2, 0xDC4D,3, 0xBB29,1, 0xF572,1, 0xDC4D,4, 0x6984,1, 0x1882,1, 0x6984,1,
    0xDC4D,15, 0x6984,1, 0x1882,1, 0x6984,1, 0xDC4D,2, 0xBB29,2, 0xDC4D,4, 0xBB29,1,
    0x6984,3, 0x4124,1, 0x18C5,21, 0x28E5,1, 0x4125,2, 0x69A5,1, 0x6984,1, 0xBB29,1,
    0xDC4D,3, 0xBB29,1, 0xF572,1, 0xDC4D,3, 0xBB29,1, 0x6984,3, 0xBB29,1, 0xDC4D,13,
    0xBB29,1, 0x6984,3, 0xBB29,1, 0xDC4D,1, 0xBB29,2, 0xDC4D,4, 0xBB29,1, 0x69A5,1,
    0x4125,2, 0x28E5,1, 0x18C5,24, 0x4125,1, 0x6984,1, 0xBB29,1, 0xDC4D,3, 0xBB29,1,
    0xF572,1, 0xDC4D,1, 0xBB29,1, 0x6984,2, 0xBB29,1, 0xDC4D,1, 0xBB29,1, 0x6984,2,
    0xBB29,1, 0xDC4D,9, 0xBB29,1, 0x6984,2, 0xBB29,1, 0xDC4D,1, 0xBB29,1, 0x6984,2,
    0xBB29,2, 0xDC4D,4, 0xBB29,1, 0x4125,1, 0x18C5,27, 0x4125,1, 0x6984,1, 0xBB29,1,
    0xDC4D,3, 0xBB29,1, 0xF572,1, 0xDC4D,1, 0x6984,1, 0x1882,1, 0x6984,1, 0xDC4D,3,
    0x6984,1, 0x1882,1, 0x6984,1, 0xDC4D,9, 0x6984,1, 0x1882,1, 0x6984,1, 0xDC4D,3,
    0x6984,1, 0x1882,1, 0x6984,1, 0xBB29,1, 0xDC4D,4, 0xBB29,1, 0x4125,1, 0x18C5,24,
    0x28E5,1, 0x4125,2, 0x7A48,1, 0xBB29,1, 0xDC4D,4, 0xBB29,1, 0xF572,1, 0xDC4D,1,
    0xBB29,1, 0x6984,1, 0xBB29,1, 0xDC4D,3, 0xBB29,1, 0x6984,1, 0xBB29,1, 0xDC4D,9,
    0xBB29,1, 0x6984,1, 0xBB29,1, 0xDC4D,3, 0xBB29,1, 0x6984,1, 0xBB29,2, 0xDC4D,5,
    0x7A48,1, 0x4125,2, 0x28E5,1, 0x18C5,21, 0x4124,1, 0x6984,2, 0xBB29,1, 0xDC4D,2,
    0xBB29,4, 0xF572,1, 0xDC4D,27, 0xBB29,6, 0xDC4D,1, 0xBB29,1, 0x6984,2, 0x4124,1,
    0x18C5,21, 0x4124,1, 0x6984,2, 0xBB29,6, 0x6984,1, 0xF572,1, 0xDC4D,27, 0xBB29,9,
    0x6984,1, 0x4124,1, 0x18C5,21, 0x28E5,1, 0x4125,1, 0x69A5,1, 0x6984,7, 0xF572,1,
    0xDC4D,27, 0xBB29,2, 0x6984,7, 0x69A5,1, 0x28E5,1, 0x18C5,23, 0x28E5,1, 0x4124,5,
    0x6984,2, 0xF572,1, 0xDC4D,27, 0xBB29,2, 0x6984,1, 0x4124,6, 0x28E5,1, 0x18C5,30,
    0x6984,2, 0xBB29,30, 0x6984,1, 0x18C5,37, 0x6984,2, 0xBB29,30, 0x6984,1, 0x18C5,37,
    0x6984,2, 0xBB29,30, 0x6984,1, 0x18C5,37, 0x6984,33, 0x18C5,40, 0xBB29,2, 0x6984,1,
    0x18C5,3, 0xBB29,2, 0x6984,1, 0x18C5,9, 0xBB29,2, 0x6984,1, 0x18C5,3, 0xBB29,2,
    0x6984,1, 0x18C5,43, 0xBB29,2, 0x6984,1, 0x18C5,3, 0xBB29,2, 0x6984,1, 0x18C5,9,
    0xBB29,2, 0x6984,1, 0x18C5,3, 0xBB29,2, 0x6984,1, 0x18C5,43, 0xBB29,2, 0x6984,1,
    0x18C5,3, 0xBB29,2, 0x6984,1, 0x18C5,9, 0xBB29,2, 0x6984,1, 0x18C5,3, 0xBB29,2,
    0x6984,1, 0x18C5,43, 0xBB29,2, 0x6984,1, 0x18C5,3, 0xBB29,2, 0x6984,1, 0x18C5,9,
    0xBB29,2, 0x6984,1, 0x18C5,3, 0xBB29,2, 0x6984,1, 0x18C5,43, 0xBB29,2, 0x6984,1,
    0x18C5,3, 0xBB29,2, 0x6984,1, 0x18C5,9, 0xBB29,2, 0x6984,1, 0x18C5,3, 0xBB29,2,
    0x6984,1, 0x18C5,43, 0x6984,3, 0x18C5,3, 0x6984,3, 0x18C5,9, 0x6984,3, 0x18C5,3,
    0x6984,3, 0x18C5,39, 0x1084,36, 0x18C5,34, 0x1084,36, 0x18C5,38, 0x10A4,27, 0x18C5,22,
    0x18C5,181, 0xFE00,1, 0x18C5,69, 0xFE00,1, 0x18C5,67, 0xFE00,5, 0x18C5,67, 0xFE00,1,
    0x18C5,35, 0x5204,1, 0x8B63,1, 0x5204,1, 0x18C5,31, 0xFE00,1, 0x18C5,35, 0x8B63,1,
    0xFE00,1, 0x8B63,1, 0x18C5,67, 0x8B63,1, 0xFE00,1, 0x8B63,1, 0x18C5,64, 0x5204,1,
    0x8B63,2, 0xC507,1, 0xF572,1, 0xC507,1, 0x8B63,2, 0x5204,1, 0x18C5,61, 0x8B63,1,
    0xFE00,2, 0xF572,1, 0xFF95,1, 0xF572,1, 0xFE00,2, 0x8B63,1, 0x18C5,61, 0x5204,1,
    0x8B63,2, 0xC507,1, 0xF572,1, 0xC507,1, 0x8B63,2, 0x5204,1, 0x18C5,64, 0x8B63,1,
    0xFE00,1, 0x8B63,1, 0x18C5,67, 0x8B63,1, 0xFE00,1, 0x8B63,1, 0x18C5,67, 0x5204,1,
    0x8B63,1, 0x5204,1, 0x18C5,90, 0x5204,2, 0x18C5,68, 0x8B63,2, 0x18C5,68, 0x8B63,2,
    0x18C5,68, 0x8B63,2, 0x18C5,68, 0x8B63,2, 0x18C5,63, 0x5204,1, 0x8B63,4, 0xC507,2,
    0x8B63,4, 0x5204,1, 0x18C5,58, 0x5204,1, 0x8B63,4, 0xC507,2, 0x8B63,4, 0x5204,1,
    0x18C5,63, 0x8B63,2, 0x18C5,56, 0x6984,12, 0xBB29,2, 0x6984,19, 0x18C5,37, 0x6984,12,
    0xBB29,2, 0x6984,19, 0x18C5,37, 0x6984,2, 0xF572,10, 0xDC4D,2, 0xF572,16, 0xDC4D,2,
    0x6984,1, 0x18C5,37, 0x6984,2, 0xF572,1, 0xFE98,3, 0xDC4D,24, 0xBB29,2, 0x6984,1,
    0x18C5,31, 0x28E5,1, 0x4124,5, 0x6984,2, 0xF572,1, 0xFE98,1, 0xF572,1, 0xBB29,2,
    0xDC4D,3, 0xBB29,1, 0x6984,1, 0xBB29,1, 0xDC4D,9, 0xBB29,1, 0x6984,1, 0xBB29,1,
    0xDC4D,3, 0xBB29,1, 0x6984,1, 0xBB29,2, 0x6984,1, 0x4124,6, 0x28E5,1, 0x18C5,24,
    0x4125,1, 0x6984,7, 0xF572,1, 0xDC4D,1, 0x6984,1, 0x1882,1, 0x6984,1, 0xDC4D,3,
    0x6984,1, 0x1882,1, 0x6984,1, 0xDC4D,9, 0x6984,1, 0x1882,1, 0x6984,1, 0xDC4D,3,
    0x6984,1, 0x1882,1, 0x6984,9, 0x4125,1, 0x18C5,22, 0x28E5,1, 0x4125,1, 0x69A5,1,
    0xBB29,7, 0xF572,1, 0xDC4D,1, 0xBB29,1, 0x6984,2, 0xBB29,1, 0xDC4D,1, 0xBB29,1,
    0x6984,2, 0xBB29,1, 0xDC4D,9, 0xBB29,1, 0x6984,2, 0xBB29,1, 0xDC4D,1, 0xBB29,1,
    0x6984,2, 0xBB29,8, 0x6984,1, 0x69A5,1, 0x28E5,1, 0x18C5,21, 0x4124,1, 0x6984,2,
    0xBB29,1, 0xDC4D,5, 0xBB29,1, 0xF572,1, 0xDC4D,3, 0xBB29,1, 0x6984,3, 0xBB29,1,
    0xDC4D,13, 0xBB29,1, 0x6984,3, 0xBB29,1, 0xDC4D,1, 0xBB29,1, 0xDC4D,6, 0xBB29,1,
    0x6984,2, 0x4124,1, 0x18C5,21, 0x4124,1, 0x6984,3, 0xBB29,2, 0xDC4D,3, 0xBB29,1,
    0xF572,1, 0xDC4D,4, 0x6984,1, 0x1882,1, 0x6984,1, 0xDC4D,15, 0x6984,1, 0x1882,1,
    0x6984,1, 0xDC4D,2, 0xBB29,2, 0xDC4D,4, 0xBB29,1, 0x6984,3, 0x4124,1, 0x18C5,21,
    0x28E5,1, 0x4125,2, 0x69A5,1, 0x6984,1, 0xBB29,1, 0xDC4D,3, 0xBB29,1, 0xF572,1,
    0xDC4D,3, 0xBB29,1, 0x6984,3, 0xBB29,1, 0xDC4D,13, 0xBB29,1, 0x6984,3, 0xBB29,1,
    0xDC4D,1, 0xBB29,2, 0xDC4D,4, 0xBB29,1, 0x69A5,1, 0x4125,2, 0x28E5,1, 0x18C5,24,
    0x4125,1, 0x6984,1, 0xBB29,1, 0xDC4D,3, 0xBB29,1, 0xF572,1, 0xDC4D,1, 0xBB29,1,
    0x6984,2, 0xBB29,1, 0xDC4D,1, 0xBB29,1, 0x6984,2, 0xBB29,1, 0xDC4D,9, 0xBB29,1,
    0x6984,2, 0xBB29,1, 0xDC4D,1, 0xBB29,1, 0x6984,2, 0xBB29,2, 0xDC4D,4, 0xBB29,1,
    0x4125,1, 0x18C5,27, 0x4125,1, 0x6984,1, 0xBB29,1, 0xDC4D,3, 0xBB29,1, 0xF572,1,
    0xDC4D,1, 0x6984,1, 0x1882,1, 0x6984,1, 0xDC4D,3, 0x6984,1, 0x1882,1, 0x6984,1,
    0xDC4D,9, 0x6984,1, 0x1882,1, 0x6984,1, 0xDC4D,3, 0x6984,1, 0x1882,1, 0x6984,1,
    0xBB29,1, 0xDC4D,4, 0xBB29,1, 0x4125,1, 0x18C5,24, 0x28E5,1, 0x4125,2, 0x7A48,1,
    0xBB29,1, 0xDC4D,4, 0xBB29,1, 0xF572,1, 0xDC4D,1, 0xBB29,1, 0x6984,1, 0xBB29,1,
    0xDC4D,3, 0xBB29,1, 0x6984,1, 0xBB29,1, 0xDC4D,9, 0xBB29,1, 0x6984,1, 0xBB29,1,
    0xDC4D,3, 0xBB29,1, 0x6984,1, 0xBB29,2, 0xDC4D,5, 0x7A48,1, 0x4125,2, 0x28E5,1,
    0x18C5,21, 0x4124,1, 0x6984,2, 0xBB29,1, 0xDC4D,2, 0xBB29,4, 0xF572,1, 0xDC4D,27,
    0xBB29,6, 0xDC4D,1, 0xBB29,1, 0x6984,2, 0x4124,1, 0x18C5,21, 0x4124,1, 0x6984,2,
    0xBB29,6, 0x6984,1, 0xF572,1, 0xDC4D,27, 0xBB29,9, 0x6984,1, 0x4124,1, 0x18C5,21,
    0x28E5,1, 0x4125,1, 0x69A5,1, 0x6984,7, 0xF572,1, 0xDC4D,27, 0xBB29,2, 0x6984,7,
    0x69A5,1, 0x28E5,1, 0x18C5,23, 0x28E5,1, 0x4124,5, 0x6984,2, 0xF572,1, 0xDC4D,27,
    0xBB29,2, 0x6984,1, 0x4124,6, 0x28E5,1, 0x18C5,30, 0x6984,2, 0xDC4D,1, 0xBB29,29,
    0x6984,1, 0x18C5,37, 0x6984,2, 0xDC4D,1, 0xBB29,29, 0x6984,1, 0x18C5,37, 0x6984,2,
    0xDC4D,1, 0xBB29,29, 0x6984,1, 0x18C5,37, 0x6984,33, 0x18C5,40, 0xBB29,2, 0x6984,1,
    0x18C5,3, 0xBB29,2, 0x6984,1, 0x18C5,9, 0xBB29,2, 0x6984,1, 0x18C5,3, 0xBB29,2,
    0x6984,1, 0x18C5,43, 0xBB29,2, 0x6984,1, 0x18C5,3, 0xBB29,2, 0x6984,1, 0x18C5,9,
    0xBB29,2, 0x6984,1, 0x18C5,3, 0xBB29,2, 0x6984,1, 0x18C5,43, 0xBB29,2, 0x6984,1,
    0x18C5,3, 0xBB29,2, 0x6984,1, 0x18C5,9, 0xBB29,2, 0x6984,1, 0x18C5,3, 0xBB29,2,
    0x6984,1, 0x18C5,43, 0xBB29,2, 0x6984,1, 0x18C5,3, 0xBB29,2, 0x6984,1, 0x18C5,9,
    0xBB29,2, 0x6984,1, 0x18C5,3, 0xBB29,2, 0x6984,1, 0x18C5,43, 0xBB29,2, 0x6984,1,
    0x18C5,3, 0xBB29,2, 0x6984,1, 0x18C5,9, 0xBB29,2, 0x6984,1, 0x18C5,3, 0xBB29,2,
    0x6984,1, 0x18C5,43, 0x6984,3, 0x18C5,3, 0x6984,3, 0x18C5,9, 0x6984,3, 0x18C5,3,
    0x6984,3, 0x18C5,39, 0x1084,36, 0x18C5,34, 0x1084,36, 0x18C5,38, 0x10A4,27, 0x18C5,22,
    0x18C5,35, 0x8B63,1, 0x18C5,69, 0xFE00,1, 0x18C5,67, 0x8B63,2, 0xFE00,1, 0x8B63,2,
    0x18C5,65, 0x8B63,2, 0xFE00,1, 0x8B63,2, 0x18C5,67, 0xFE00,1, 0x18C5,69, 0x8B63,1,
    0x18C5,178, 0x8B63,1, 0xFE00,1, 0x8B63,1, 0x18C5,67, 0x8B63,1, 0xFE00,1, 0x8B63,1,
    0x18C5,67, 0x8B63,1, 0xFE00,1, 0x8B63,1, 0x18C5,64, 0x8B63,1, 0xFE00,2, 0xF572,1,
    0xFF95,1, 0xF572,1, 0xFE00,2, 0x8B63,1, 0x18C5,61, 0x8B63,1, 0xFE00,2, 0xF572,1,
    0xFF95,1, 0xF572,1, 0xFE00,2, 0x8B63,1, 0x18C5,64, 0x8B63,1, 0xFE00,1, 0x8B63,1,
    0x18C5,67, 0x8B63,1, 0xFE00,1, 0x8B63,1, 0x18C5,67, 0x8B63,1, 0xFE00,1, 0x8B63,1,
    0x18C5,28, 0x8B63,1, 0x18C5,69, 0xFE00,1, 0x18C5,69, 0xFE00,1, 0x18C5,69, 0xFE00,1,
    0x18C5,69, 0xFE00,1, 0x18C5,64, 0x8B63,5, 0xF572,1, 0x8B63,5, 0x18C5,59, 0x8B63,5,
    0xF572,1, 0x8B63,5, 0x18C5,64, 0xFE00,1, 0x18C5,52, 0x6984,17, 0xFE00,1, 0x6984,15,
    0x18C5,37, 0x6984,17, 0xFE00,1, 0x6984,15, 0x18C5,37, 0x6984,2, 0xF572,15, 0xFE00,1,
    0xF572,12, 0xDC4D,2, 0x6984,1, 0x18C5,37, 0x6984,2, 0xF572,1, 0xFE98,3, 0xDC4D,11,
    0xFE00,1, 0xDC4D,12, 0xBB29,2, 0x6984,1, 0x18C5,31, 0x28E5,1, 0x4124,5, 0x6984,2,
    0xF572,1, 0xFE98,1, 0xF572,1, 0xBB29,2, 0xDC4D,3, 0xBB29,1, 0x6984,1, 0xBB29,1,
    0xDC4D,9, 0xBB29,1, 0x6984,1, 0xBB29,1, 0xDC4D,3, 0xBB29,1, 0x6984,1, 0xBB29,2,
    0x6984,1, 0x4124,6, 0x28E5,1, 0x18C5,24, 0x4125,1, 0x6984,7, 0xF572,1, 0xDC4D,1,
    0x6984,1, 0x1882,1, 0x6984,1, 0xDC4D,3, 0x6984,1, 0x1882,1, 0x6984,1, 0xDC4D,9,
    0x6984,1, 0x1882,1, 0x6984,1, 0xDC4D,3, 0x6984,1, 0x1882,1, 0x6984,9, 0x4125,1,
    0x18C5,22, 0x28E5,1, 0x4125,1, 0x69A5,1, 0xBB29,7, 0xF572,1, 0xDC4D,1, 0xBB29,1,
    0x6984,2, 0xBB29,1, 0xDC4D,1, 0xBB29,1, 0x6984,2, 0xBB29,1, 0xDC4D,9, 0xBB29,1,
    0x6984,2, 0xBB29,1, 0xDC4D,1, 0xBB29,1, 0x6984,2, 0xBB29,8, 0x6984,1, 0x69A5,1,
    0x28E5,1, 0x18C5,21, 0x4124,1, 0x6984,2, 0xBB29,1, 0xDC4D,5, 0xBB29,1, 0xF572,1,
    0xDC4D,3, 0xBB29,1, 0x6984,3, 0xBB29,1, 0xDC4D,13, 0xBB29,1, 0x6984,3, 0xBB29,1,
    0xDC4D,1, 0xBB29,1, 0xDC4D,6, 0xBB29,1, 0x6984,2, 0x4124,1, 0x18C5,21, 0x4124,1,
    0x6984,3, 0xBB29,2, 0xDC4D,3, 0xBB29,1, 0xF572,1, 0xDC4D,4, 0x6984,1, 0x1882,1,
    0x6984,1, 0xDC4D,15, 0x6984,1, 0x1882,1, 0x6984,1, 0xDC4D,2, 0xBB29,2, 0xDC4D,4,
    0xBB29,1, 0x6984,3, 0x4124,1, 0x18C5,21, 0x28E5,1, 0x4125,2, 0x69A5,1, 0x6984,1,
    0xBB29,1, 0xDC4D,3, 0xBB29,1, 0xF572,1, 0xDC4D,3, 0xBB29,1, 0x6984,3, 0xBB29,1,
    0xDC4D,13, 0xBB29,1, 0x6984,3, 0xBB29,1, 0xDC4D,1, 0xBB29,2, 0xDC4D,4, 0xBB29,1,
    0x69A5,1, 0x4125,2, 0x28E5,1, 0x18C5,24, 0x4125,1, 0x6984,1, 0xBB29,1, 0xDC4D,3,
    0xBB29,1, 0xF572,1, 0xDC4D,1, 0xBB29,1, 0x6984,2, 0xBB29,1, 0xDC4D,1, 0xBB29,1,
    0x6984,2, 0xBB29,1, 0xDC4D,9, 0xBB29,1, 0x6984,2, 0xBB29,1, 0xDC4D,1, 0xBB29,1,
    0x6984,2, 0xBB29,2, 0xDC4D,4, 0xBB29,1, 0x4125,1, 0x18C5,27, 0x4125,1, 0x6984,1,
    0xBB29,1, 0xDC4D,3, 0xBB29,1, 0xF572,1, 0xDC4D,1, 0x6984,1, 0x1882,1, 0x6984,1,
    0xDC4D,3, 0x6984,1, 0x1882,1, 0x6984,1, 0xDC4D,9, 0x6984,1, 0x1882,1, 0x6984,1,
    0xDC4D,3, 0x6984,1, 0x1882,1, 0x6984,1, 0xBB29,1, 0xDC4D,4, 0xBB29,1, 0x4125,1,
    0x18C5,24, 0x28E5,1, 0x4125,2, 0x7A48,1, 0xBB29,1, 0xDC4D,4, 0xBB29,1, 0xF572,1,
    0xDC4D,1, 0xBB29,1, 0x6984,1, 0xBB29,1, 0xDC4D,3, 0xBB29,1, 0x6984,1, 0xBB29,1,
    0xDC4D,9, 0xBB29,1, 0x6984,1, 0xBB29,1, 0xDC4D,3, 0xBB29,1, 0x6984,1, 0xBB29,2,
    0xDC4D,5, 0x7A48,1, 0x4125,2, 0x28E5,1, 0x18C5,21, 0x4124,1, 0x6984,2, 0xBB29,1,
    0xDC4D,2, 0xBB29,4, 0xF572,1, 0xDC4D,27, 0xBB29,6, 0xDC4D,1, 0xBB29,1, 0x6984,2,
    0x4124,1, 0x18C5,21, 0x4124,1, 0x6984,2, 0xBB29,6, 0x6984,1, 0xF572,1, 0xDC4D,27,
    0xBB29,9, 0x6984,1, 0x4124,1, 0x18C5,21, 0x28E5,1, 0x4125,1, 0x69A5,1, 0x6984,7,
    0xF572,1, 0xDC4D,27, 0xBB29,2, 0x6984,7, 0x69A5,1, 0x28E5,1, 0x18C5,23, 0x28E5,1,
    0x4124,5, 0x6984,2, 0xF572,1, 0xDC4D,27, 0xBB29,2, 0x6984,1, 0x4124,6, 0x28E5,1,
    0x18C5,30, 0x6984,2, 0xDC4D,1, 0xBB29,29, 0x6984,1, 0x18C5,37, 0x6984,2, 0xDC4D,1,
    0xBB29,29, 0x6984,1, 0x18C5,37, 0x6984,2, 0xDC4D,1, 0xBB29,29, 0x6984,1, 0x18C5,37,
    0x6984,33, 0x18C5,40, 0xBB29,2, 0x6984,1, 0x18C5,3, 0xBB29,2, 0x6984,1, 0x18C5,9,
    0xBB29,2, 0x6984,1, 0x18C5,3, 0xBB29,2, 0x6984,1, 0x18C5,43, 0xBB29,2, 0x6984,1,
    0x18C5,3, 0xBB29,2, 0x6984,1, 0x18C5,9, 0xBB29,2, 0x6984,1, 0x18C5,3, 0xBB29,2,
    0x6984,1, 0x18C5,43, 0xBB29,2, 0x6984,1, 0x18C5,3, 0xBB29,2, 0x6984,1, 0x18C5,9,
    0xBB29,2, 0x6984,1, 0x18C5,3, 0xBB29,2, 0x6984,1, 0x18C5,43, 0xBB29,2, 0x6984,1,
    0x18C5,3, 0xBB29,2, 0x6984,1, 0x18C5,9, 0xBB29,2, 0x6984,1, 0x18C5,3, 0xBB29,2,
    0x6984,1, 0x18C5,43, 0xBB29,2, 0x6984,1, 0x18C5,3, 0xBB29,2, 0x6984,1, 0x18C5,9,
    0xBB29,2, 0x6984,1, 0x18C5,3, 0xBB29,2, 0x6984,1, 0x18C5,43, 0x6984,3, 0x18C5,3,
    0x6984,3, 0x18C5,9, 0x6984,3, 0x18C5,3, 0x6984,3, 0x18C5,39, 0x1084,36, 0x18C5,34,
    0x1084,36, 0x18C5,38, 0x10A4,27, 0x18C5,22, 0x18C5,170, 0x8B63,2, 0x18C5,68, 0x8B63,2,
    0x18C5,66, 0x8B63,1, 0xFE00,4, 0x8B63,1, 0x18C5,66, 0x8B63,2, 0x18C5,68, 0x8B63,2,
    0x18C5,185, 0x5204,1, 0x8B63,1, 0x5204,1, 0x18C5,67, 0x8B63,1, 0xFE00,1, 0x8B63,1,
    0x18C5,67, 0x8B63,1, 0xFE00,1, 0x8B63,1, 0x18C5,64, 0x5204,1, 0x8B63,2, 0xC507,1,
    0xF572,1, 0xC507,1, 0x8B63,2, 0x5204,1, 0x18C5,61, 0x8B63,1, 0xFE00,2, 0xF572,1,
    0xFF95,1, 0xF572,1, 0xFE00,2, 0x8B63,1, 0x18C5,61, 0x5204,1, 0x8B63,2, 0xC507,1,
    0xF572,1, 0xC507,1, 0x8B63,2, 0x5204,1, 0x18C5,64, 0x8B63,1, 0xFE00,1, 0x8B63,1,
    0x18C5,31, 0x8B63,1, 0x18C5,35, 0x8B63,1, 0xFE00,1, 0x8B63,1, 0x18C5,31, 0xFE00,1,
    0x18C5,35, 0x5204,1, 0x8B63,1, 0x5204,1, 0x18C5,31, 0xFE00,1, 0x18C5,69, 0xFE00,1,
    0x18C5,69, 0xFE00,1, 0x18C5,64, 0x8B63,5, 0xF572,1, 0x8B63,5, 0x18C5,59, 0x8B63,5,
    0xF572,1, 0x8B63,5, 0x18C5,64, 0xFE00,1, 0x18C5,46, 0x6984,23, 0xFE00,1, 0x6984,9,
    0x18C5,37, 0x6984,23, 0xFE00,1, 0x6984,9, 0x18C5,37, 0x6984,2, 0xF572,21, 0xFE00,1,
    0xF572,6, 0xDC4D,2, 0x6984,1, 0x18C5,37, 0x6984,2, 0xF572,1, 0xFE98,3, 0xDC4D,17,
    0xFE00,1, 0xDC4D,6, 0xBB29,2, 0x6984,1, 0x18C5,31, 0x28E5,1, 0x4124,5, 0x6984,2,
    0xF572,1, 0xFE98,1, 0xF572,1, 0xBB29,2, 0xDC4D,3, 0xBB29,1, 0x6984,1, 0xBB29,1,
    0xDC4D,9, 0xBB29,1, 0x6984,1, 0xBB29,1, 0xDC4D,3, 0xBB29,1, 0x6984,1, 0xBB29,2,
    0x6984,1, 0x4124,6, 0x28E5,1, 0x18C5,24, 0x4125,1, 0x6984,7, 0xF572,1, 0xDC4D,1,
    0x6984,1, 0x1882,1, 0x6984,1, 0xDC4D,3, 0x6984,1, 0x1882,1, 0x6984,1, 0xDC4D,9,
    0x6984,1, 0x1882,1, 0x6984,1, 0xDC4D,3, 0x6984,1, 0x1882,1, 0x6984,9, 0x4125,1,
    0x18C5,22, 0x28E5,1, 0x4125,1, 0x69A5,1, 0xBB29,7, 0xF572,1, 0xDC4D,1, 0xBB29,1,
    0x6984,2, 0xBB29,1, 0xDC4D,1, 0xBB29,1, 0x6984,2, 0xBB29,1, 0xDC4D,9, 0xBB29,1,
    0x6984,2, 0xBB29,1, 0xDC4D,1, 0xBB29,1, 0x6984,2, 0xBB29,8, 0x6984,1, 0x69A5,1,
    0x28E5,1, 0x18C5,21, 0x4124,1, 0x6984,2, 0xBB29,1, 0xDC4D,5, 0xBB29,1, 0xF572,1,
    0xDC4D,3, 0xBB29,1, 0x6984,3, 0xBB29,1, 0xDC4D,13, 0xBB29,1, 0x6984,3, 0xBB29,1,
    0xDC4D,1, 0xBB29,1, 0xDC4D,6, 0xBB29,1, 0x6984,2, 0x4124,1, 0x18C5,21, 0x4124,1,
    0x6984,3, 0xBB29,2, 0xDC4D,3, 0xBB29,1, 0xF572,1, 0xDC4D,4, 0x6984,1, 0x1882,1,
    0x6984,1, 0xDC4D,15, 0x6984,1, 0x1882,1, 0x6984,1, 0xDC4D,2, 0xBB29,2, 0xDC4D,4,
    0xBB29,1, 0x6984,3, 0x4124,1, 0x18C5,21, 0x28E5,1, 0x4125,2, 0x69A5,1, 0x6984,1,
    0xBB29,1, 0xDC4D,3, 0xBB29,1, 0xF572,1, 0xDC4D,3, 0xBB29,1, 0x6984,3, 0xBB29,1,
    0xDC4D,13, 0xBB29,1, 0x6984,3, 0xBB29,1, 0xDC4D,1, 0xBB29,2, 0xDC4D,4, 0xBB29,1,
    0x69A5,1, 0x4125,2, 0x28E5,1, 0x18C5,24, 0x4125,1, 0x6984,1, 0xBB29,1, 0xDC4D,3,
    0xBB29,1, 0xF572,1, 0xDC4D,1, 0xBB29,1, 0x6984,2, 0xBB29,1, 0xDC4D,1, 0xBB29,1,
    0x6984,2, 0xBB29,1, 0xDC4D,9, 0xBB29,1, 0x6984,2, 0xBB29,1, 0xDC4D,1, 0xBB29,1,
    0x6984,2, 0xBB29,2, 0xDC4D,4, 0xBB29,1, 0x4125,1, 0x18C5,27, 0x4125,1, 0x6984,1,
    0xBB29,1, 0xDC4D,3, 0xBB29,1, 0xF572,1, 0xDC4D,1, 0x6984,1, 0x1882,1, 0x6984,1,
    0xDC4D,3, 0x6984,1, 0x1882,1, 0x6984,1, 0xDC4D,9, 0x6984,1, 0x1882,1, 0x6984,1,
    0xDC4D,3, 0x6984,1, 0x1882,1, 0x6984,1, 0xBB29,1, 0xDC4D,4, 0xBB29,1, 0x4125,1,
    0x18C5,24, 0x28E5,1, 0x4125,2, 0x7A48,1, 0xBB29,1, 0xDC4D,4, 0xBB29,1, 0xF572,1,
    0xDC4D,1, 0xBB29,1, 0x6984,1, 0xBB29,1, 0xDC4D,3, 0xBB29,1, 0x6984,1, 0xBB29,1,
    0xDC4D,9, 0xBB29,1, 0x6984,1, 0xBB29,1, 0xDC4D,3, 0xBB29,1, 0x6984,1, 0xBB29,2,
    0xDC4D,5, 0x7A48,1, 0x4125,2, 0x28E5,1, 0x18C5,21, 0x4124,1, 0x6984,2, 0xBB29,1,
    0xDC4D,2, 0xBB29,4, 0xF572,1, 0xDC4D,27, 0xBB29,6, 0xDC4D,1, 0xBB29,1, 0x6984,2,
    0x4124,1, 0x18C5,21, 0x4124,1, 0x6984,2, 0xBB29,6, 0x6984,1, 0xF572,1, 0xDC4D,27,
    0xBB29,9, 0x6984,1, 0x4124,1, 0x18C5,21, 0x28E5,1, 0x4125,1, 0x69A5,1, 0x6984,7,
    0xF572,1, 0xDC4D,27, 0xBB29,2, 0x6984,7, 0x69A5,1, 0x28E5,1, 0x18C5,23, 0x28E5,1,
    0x4124,5, 0x6984,2, 0xF572,1, 0xDC4D,27, 0xBB29,2, 0x6984,1, 0x4124,6, 0x28E5,1,
    0x18C5,30, 0x6984,2, 0xDC4D,1, 0xBB29,29, 0x6984,1, 0x18C5,37, 0x6984,2, 0xDC4D,1,
    0xBB29,29, 0x6984,1, 0x18C5,37, 0x6984,2, 0xDC4D,1, 0xBB29,29, 0x6984,1, 0x18C5,37,
    0x6984,33, 0x18C5,40, 0xBB29,2, 0x6984,1, 0x18C5,3, 0xBB29,2, 0x6984,1, 0x18C5,9,
    0xBB29,2, 0x6984,1, 0x18C5,3, 0xBB29,2, 0x6984,1, 0x18C5,43, 0xBB29,2, 0x6984,1,
    0x18C5,3, 0xBB29,2, 0x6984,1, 0x18C5,9, 0xBB29,2, 0x6984,1, 0x18C5,3, 0xBB29,2,
    0x6984,1, 0x18C5,43, 0xBB29,2, 0x6984,1, 0x18C5,3, 0xBB29,2, 0x6984,1, 0x18C5,9,
    0xBB29,2, 0x6984,1, 0x18C5,3, 0xBB29,2, 0x6984,1, 0x18C5,43, 0xBB29,2, 0x6984,1,
    0x18C5,3, 0xBB29,2, 0x6984,1, 0x18C5,9, 0xBB29,2, 0x6984,1, 0x18C5,3, 0xBB29,2,
    0x6984,1, 0x18C5,43, 0xBB29,2, 0x6984,1, 0x18C5,3, 0xBB29,2, 0x6984,1, 0x18C5,9,
    0xBB29,2, 0x6984,1, 0x18C5,3, 0xBB29,2, 0x6984,1, 0x18C5,43, 0x6984,3, 0x18C5,3,
    0x6984,3, 0x18C5,9, 0x6984,3, 0x18C5,3, 0x6984,3, 0x18C5,39, 0x1084,36, 0x18C5,34,
    0x1084,36, 0x18C5,38, 0x10A4,27, 0x18C5,22, 0x18C5,164, 0x8B63,2, 0x18C5,68, 0x8B63,2,
    0x18C5,66, 0x8B63,1, 0xFE00,4, 0x8B63,1, 0x18C5,66, 0x8B63,2, 0x18C5,68, 0x8B63,2,
    0x18C5,333, 0xFE00,2, 0x18C5,68, 0xFE00,2, 0x18C5,68, 0xFE00,2, 0x18C5,65, 0xFE00,3,
    0xFF95,2, 0xFE00,3, 0x18C5,31, 0x8B63,2, 0x18C5,29, 0xFE00,3, 0xFF95,2, 0xFE00,3,
    0x18C5,31, 0x8B63,2, 0x18C5,32, 0xFE00,2, 0x18C5,34, 0x8B63,2, 0x18C5,32, 0xFE00,2,
    0x18C5,34, 0x8B63,2, 0x18C5,32, 0xFE00,2, 0x18C5,34, 0x8B63,2, 0x18C5,63, 0x8B63,1,
    0xFE00,4, 0xF572,2, 0xFE00,4, 0x8B63,1, 0x18C5,63, 0x8B63,2, 0x18C5,68, 0x8B63,2,
    0x18C5,68, 0x8B63,2, 0x18C5,39, 0x4124,1, 0x6984,28, 0xBB29,2, 0x6984,2, 0x4125,1,
    0x18C5,36, 0x4124,1, 0x6984,28, 0xBB29,2, 0x6984,2, 0x4125,1, 0x18C5,36, 0x4124,1,
    0x6984,2, 0xDC4D,1, 0xF572,26, 0xDC4D,1, 0xBB29,1, 0x6984,1, 0x4125,1, 0x18C5,36,
    0x4124,1, 0x6984,1, 0xDC4D,1, 0xFE98,2, 0xF572,1, 0xDC4D,24, 0xBB29,2, 0x6984,1,
    0x4125,1, 0x18C5,32, 0x28E5,1, 0x4124,3, 0x5144,1, 0x6984,1, 0xBB29,1, 0xF572,1,
    0xFE98,1, 0xF572,1, 0xBB29,1, 0x6984,1, 0xBB29,1, 0xDC4D,3, 0xBB29,1, 0x6984,1,
    0xBB29,1, 0xDC4D,9, 0xBB29,1, 0x6984,1, 0xBB29,1, 0xDC4D,3, 0xBB29,1, 0x6984,2,
    0x4924,1, 0x4124,7, 0x28E5,1, 0x18C5,24, 0x4125,1, 0x6984,6, 0xBB29,1, 0xF572,1,
    0xDC4D,1, 0x6984,1, 0x1882,1, 0x6984,1, 0xDC4D,3, 0x6984,1, 0x1882,1, 0x6984,1,
    0xDC4D,9, 0x6984,1, 0x1882,1, 0x6984,1, 0xDC4D,3, 0x6984,1, 0x1882,1, 0x6984,9,
    0x4125,1, 0x18C5,22, 0x28E5,1, 0x4125,1, 0x69A5,1, 0xBB29,7, 0xF572,1, 0xDC4D,1,
    0xBB29,1, 0x6984,2, 0xBB29,1, 0xDC4D,1, 0xBB29,1, 0x6984,2, 0xBB29,1, 0xDC4D,9,
    0xBB29,1, 0x6984,2, 0xBB29,1, 0xDC4D,1, 0xBB29,1, 0x6984,2, 0xBB29,8, 0x6984,1,
    0x69A5,1, 0x28E5,1, 0x18C5,21, 0x4124,1, 0x6984,2, 0xBB29,1, 0xDC4D,6, 0xF572,1,
    0xDC4D,3, 0xBB29,1, 0x6984,3, 0xBB29,1, 0xDC4D,13, 0xBB29,1, 0x6984,3, 0xBB29,1,
    0xDC4D,1, 0xBB29,2, 0xDC4D,5, 0xBB29,1, 0x6984,2, 0x4124,1, 0x18C5,21, 0x4124,1,
    0x6984,3, 0xBB29,2, 0xDC4D,4, 0xF572,1, 0xDC4D,4, 0x6984,1, 0x1882,1, 0x6984,1,
    0xDC4D,15, 0x6984,1, 0x1882,1, 0x6984,1, 0xDC4D,2, 0xBB29,2, 0xDC4D,4, 0xBB29,1,
    0x6984,3, 0x4124,1, 0x18C5,21, 0x28E5,1, 0x4125,2, 0x69A5,1, 0x6984,1, 0xBB29,1,
    0xDC4D,4, 0xF572,1, 0xDC4D,3, 0xBB29,1, 0x6984,3, 0xBB29,1, 0xDC4D,13, 0xBB29,1,
    0x6984,3, 0xBB29,1, 0xDC4D,1, 0xBB29,2, 0xDC4D,4, 0xBB29,1, 0x69A5,1, 0x4125,2,
    0x28E5,1, 0x18C5,24, 0x4125,1, 0x6984,1, 0xBB29,1, 0xDC4D,4, 0xF572,1, 0xDC4D,1,
    0xBB29,1, 0x6984,2, 0xBB29,1, 0xDC4D,1, 0xBB29,1, 0x6984,2, 0xBB29,1, 0xDC4D,9,
    0xBB29,1, 0x6984,2, 0xBB29,1, 0xDC4D,1, 0xBB29,1, 0x6984,2, 0xBB29,2, 0xDC4D,4,
    0xBB29,1, 0x4125,1, 0x18C5,27, 0x4125,1, 0x6984,1, 0xBB29,1, 0xDC4D,4, 0xF572,1,
    0xDC4D,1, 0x6984,1, 0x1882,1, 0x6984,1, 0xDC4D,3, 0x6984,1, 0x1882,1, 0x6984,1,
    0xDC4D,9, 0x6984,1, 0x1882,1, 0x6984,1, 0xDC4D,3, 0x6984,1, 0x1882,1, 0x6984,1,
    0xBB29,1, 0xDC4D,4, 0xBB29,1, 0x4125,1, 0x18C5,24, 0x28E5,1, 0x4125,2, 0x7A48,1,
    0xBB29,1, 0xDC4D,5, 0xF572,1, 0xDC4D,1, 0xBB29,1, 0x6984,1, 0xBB29,1, 0xDC4D,3,
    0xBB29,1, 0x6984,1, 0xBB29,1, 0xDC4D,9, 0xBB29,1, 0x6984,1, 0xBB29,1, 0xDC4D,3,
    0xBB29,1, 0x6984,1, 0xBB29,2, 0xDC4D,5, 0x7A48,1, 0x4125,2, 0x28E5,1, 0x18C5,21,
    0x4124,1, 0x6984,2, 0xBB29,1, 0xDC4D,2, 0xBB29,4, 0xF572,1, 0xDC4D,27, 0xBB29,6,
    0xDC4D,1, 0xBB29,1, 0x6984,2, 0x4124,1, 0x18C5,21, 0x4124,1, 0x6984,2, 0xBB29,7,
    0xF572,1, 0xDC4D,27, 0xBB29,9, 0x6984,1, 0x4124,1, 0x18C5,21, 0x28E5,1, 0x4125,1,
    0x69A5,1, 0x6984,6, 0xBB29,1, 0xF572,1, 0xDC4D,27, 0xBB29,1, 0x6984,8, 0x69A5,1,
    0x28E5,1, 0x18C5,23, 0x28E5,1, 0x4124,5, 0x5144,1, 0xBB29,1, 0xF572,1, 0xDC4D,27,
    0xBB29,1, 0x6984,2, 0x5144,1, 0x4124,5, 0x28E5,1, 0x18C5,30, 0x4125,1, 0x6984,1,
    0xBB29,29, 0x6984,2, 0x4124,1, 0x18C5,36, 0x4125,1, 0x6984,1, 0xBB29,29, 0x6984,2,
    0x4124,1, 0x18C5,36, 0x4125,1, 0x6984,1, 0xBB29,29, 0x6984,2, 0x4124,1, 0x18C5,36,
    0x4125,1, 0x6984,32, 0x4124,1, 0x18C5,39, 0xBB29,2, 0x6984,1, 0x18C5,3, 0xBB29,2,
    0x6984,1, 0x18C5,9, 0xBB29,2, 0x6984,1, 0x18C5,3, 0xBB29,2, 0x6984,1, 0x18C5,43,
    0xBB29,2, 0x6984,1, 0x18C5,3, 0xBB29,2, 0x6984,1, 0x18C5,9, 0xBB29,2, 0x6984,1,
    0x18C5,3, 0xBB29,2, 0x6984,1, 0x18C5,43, 0xBB29,2, 0x6984,1, 0x18C5,3, 0xBB29,2,
    0x6984,1, 0x18C5,9, 0xBB29,2, 0x6984,1, 0x18C5,3, 0xBB29,2, 0x6984,1, 0x18C5,43,
    0xBB29,2, 0x6984,1, 0x18C5,3, 0xBB29,2, 0x6984,1, 0x18C5,9, 0xBB29,2, 0x6984,1,
    0x18C5,3, 0xBB29,2, 0x6984,1, 0x18C5,43, 0xBB29,2, 0x6984,1, 0x18C5,3, 0xBB29,2,
    0x6984,1, 0x18C5,9, 0xBB29,2, 0x6984,1, 0x18C5,3, 0xBB29,2, 0x6984,1, 0x18C5,43,
    0x6984,3, 0x18C5,3, 0x6984,3, 0x18C5,9, 0x6984,3, 0x18C5,3, 0x6984,3, 0x18C5,39,
    0x1084,36, 0x18C5,34, 0x1084,36, 0x18C5,38, 0x10A4,27, 0x18C5,22, 0x18C5,230, 0x8B63,1,
    0x18C5,69, 0xFE00,1, 0x18C5,67, 0x8B63,2, 0xFE00,1, 0x8B63,2, 0x18C5,65, 0x8B63,2,
    0xFE00,1, 0x8B63,2, 0x18C5,67, 0xFE00,1, 0x18C5,69, 0x8B63,1, 0x18C5,271, 0x8B63,2,
    0x18C5,68, 0xFE00,2, 0x18C5,68, 0xFE00,2, 0x18C5,37, 0x8B63,2, 0x18C5,26, 0x8B63,3,
    0xF572,2, 0x8B63,3, 0x18C5,34, 0x8B63,2, 0x18C5,26, 0xFE00,3, 0xFF95,2, 0xFE00,3,
    0x18C5,34, 0x8B63,2, 0x18C5,26, 0x8B63,3, 0xF572,2, 0x8B63,3, 0x18C5,34, 0x8B63,2,
    0x18C5,29, 0xFE00,2, 0x18C5,37, 0x8B63,2, 0x18C5,29, 0xFE00,2, 0x18C5,32, 0x8B63,1,
    0xFE00,4, 0xF572,2, 0xFE00,4, 0x8B63,1, 0x18C5,24, 0x8B63,2, 0x18C5,37, 0x8B63,2,
    0x18C5,68, 0x8B63,2, 0x18C5,68, 0x8B63,2, 0x18C5,33, 0x4124,1, 0x6984,32, 0x4125,1,
    0x18C5,1, 0x8B63,2, 0x18C5,33, 0x4124,1, 0x6984,32, 0x4125,1, 0x18C5,1, 0x8B63,2,
    0x18C5,33, 0x4124,1, 0x6984,1, 0xBB29,1, 0xF572,27, 0xDC4D,1, 0xBB29,1, 0x6984,1,
    0x4125,1, 0x18C5,36, 0x4124,1, 0x6984,1, 0xDC4D,1, 0xFE98,2, 0xF572,1, 0xDC4D,24,
    0xBB29,2, 0x6984,1, 0x4125,1, 0x18C5,31, 0x4124,5, 0x5144,1, 0x6984,1, 0xDC4D,1,
    0xFE98,2, 0xBB29,1, 0x6984,1, 0xDC4D,4, 0x6984,2, 0xDC4D,10, 0x6984,2, 0xDC4D,4,
    0x6984,2, 0xBB29,1, 0x6984,1, 0x5144,1, 0x4124,6, 0x18C5,25, 0x6984,7, 0xBB29,1,
    0xDC4D,2, 0x1882,2, 0xDC4D,4, 0x1882,2, 0xDC4D,10, 0x1882,2, 0xDC4D,4, 0x1882,2,
    0xBB29,1, 0x6984,8, 0x18C5,23, 0x4125,2, 0x6984,1, 0xBB29,7, 0xDC4D,2, 0x6984,3,
    0xDC4D,2, 0x6984,3, 0xDC4D,10, 0x6984,3, 0xDC4D,2, 0x6984,3, 0xBB29,7, 0x6984,2,
    0x4125,1, 0x18C5,22, 0x6984,3, 0xDC4D,6, 0xBB29,1, 0xDC4D,4, 0x6984,4, 0xDC4D,14,
    0x6984,4, 0xDC4D,1, 0xBB29,2, 0xDC4D,6, 0x6984,3, 0x18C5,22, 0x6984,3, 0xBB29,2,
    0xDC4D,4, 0xBB29,1, 0xDC4D,5, 0x1882,2, 0xDC4D,16, 0x1882,2, 0xDC4D,2, 0xBB29,2,
    0xDC4D,5, 0xBB29,1, 0x6984,3, 0x18C5,22, 0x4125,3, 0x6984,2, 0xDC4D,4, 0xBB29,1,
    0xDC4D,4, 0x6984,4, 0xDC4D,14, 0x6984,4, 0xDC4D,1, 0xBB29,2, 0xDC4D,5, 0x6984,1,
    0x4125,3, 0x18C5,25, 0x6984,2, 0xDC4D,4, 0xBB29,1, 0xDC4D,2, 0x6984,3, 0xDC4D,2,
    0x6984,3, 0xDC4D,10, 0x6984,3, 0xDC4D,2, 0x6984,3, 0xBB29,1, 0xDC4D,5, 0x6984,1,
    0x18C5,28, 0x6984,2, 0xDC4D,4, 0xBB29,1, 0xDC4D,2, 0x1882,2, 0xDC4D,4, 0x1882,2,
    0xDC4D,10, 0x1882,2, 0xDC4D,4, 0x1882,2, 0xBB29,1, 0xDC4D,5, 0x6984,1, 0x18C5,25,
    0x4125,3, 0xBB29,2, 0xDC4D,4, 0xBB29,1, 0xDC4D,2, 0x6984,2, 0xDC4D,4, 0x6984,2,
    0xDC4D,10, 0x6984,2, 0xDC4D,4, 0x6984,2, 0xBB29,1, 0xDC4D,5, 0xBB29,1, 0x4125,3,
    0x18C5,22, 0x6984,3, 0xDC4D,2, 0xBB29,5, 0xDC4D,27, 0xBB29,7, 0xDC4D,1, 0x6984,3,
    0x18C5,22, 0x6984,2, 0xBB29,7, 0x6984,1, 0xBB29,1, 0xDC4D,26, 0xBB29,10, 0x6984,1,
    0x18C5,22, 0x4125,2, 0x6984,8, 0xBB29,1, 0xDC4D,26, 0xBB29,2, 0x6984,8, 0x4125,1,
    0x18C5,24, 0x4124,5, 0x5144,1, 0x6984,2, 0xBB29,1, 0xDC4D,26, 0xBB29,2, 0x6984,1,
    0x5144,1, 0x4124,6, 0x18C5,32, 0x4125,1, 0x6984,1, 0xBB29,29, 0x6984,2, 0x4124,1,
    0x18C5,36, 0x4125,1, 0x6984,1, 0xBB29,29, 0x6984,2, 0x4124,1, 0x18C5,36, 0x4125,1,
    0x6984,1, 0xBB29,29, 0x6984,2, 0x4124,1, 0x18C5,36, 0x4125,1, 0x6984,32, 0x4124,1,
    0x18C5,39, 0xBB29,2, 0x6984,1, 0x18C5,3, 0xBB29,2, 0x6984,1, 0x18C5,9, 0xBB29,2,
    0x6984,1, 0x18C5,3, 0xBB29,2, 0x6984,1, 0x18C5,43, 0xBB29,2, 0x6984,1, 0x18C5,3,
    0xBB29,2, 0x6984,1, 0x18C5,9, 0xBB29,2, 0x6984,1, 0x18C5,3, 0xBB29,2, 0x6984,1,
    0x18C5,43, 0xBB29,2, 0x6984,1, 0x18C5,3, 0xBB29,2, 0x6984,1, 0x18C5,9, 0xBB29,2,
    0x6984,1, 0x18C5,3, 0xBB29,2, 0x6984,1, 0x18C5,43, 0xBB29,2, 0x6984,1, 0x18C5,3,
    0xBB29,2, 0x6984,1, 0x18C5,9, 0xBB29,2, 0x6984,1, 0x18C5,3, 0xBB29,2, 0x6984,1,
    0x18C5,43, 0xBB29,2, 0x6984,1, 0x18C5,3, 0xBB29,2, 0x6984,1, 0x18C5,9, 0xBB29,2,
    0x6984,1, 0x18C5,3, 0xBB29,2, 0x6984,1, 0x18C5,43, 0x6984,3, 0x18C5,3, 0x6984,3,
    0x18C5,9, 0x6984,3, 0x18C5,3, 0x6984,3, 0x18C5,39, 0x1084,36, 0x18C5,34, 0x1084,36,
    0x18C5,38, 0x10A4,27, 0x18C5,22, 0x18C5,224, 0x8B63,1, 0x18C5,69, 0xFE00,1, 0x18C5,67,
    0x8B63,2, 0xFE00,1, 0x8B63,2, 0x18C5,65, 0x8B63,2, 0xFE00,1, 0x8B63,2, 0x18C5,67,
    0xFE00,1, 0x18C5,69, 0x8B63,1, 0x18C5,418, 0x8B63,1, 0xFE00,1, 0x8B63,1, 0x18C5,39,
    0x8B63,1, 0xFE00,1, 0x8B63,1, 0x18C5,25, 0x8B63,1, 0xFE00,1, 0x8B63,1, 0x18C5,39,
    0x8B63,1, 0xFE00,1, 0x8B63,1, 0x18C5,25, 0x8B63,1, 0xFE00,1, 0x8B63,1, 0x18C5,39,
    0x8B63,1, 0xFE00,1, 0x8B63,1, 0x18C5,22, 0x8B63,1, 0xFE00,2, 0xF572,1, 0xFF95,1,
    0xF572,1, 0xFE00,2, 0x8B63,1, 0x18C5,33, 0x8B63,1, 0xFE00,2, 0xF572,1, 0xFF95,1,
    0xF572,1, 0xFE00,2, 0x8B63,1, 0x18C5,19, 0x8B63,1, 0xFE00,2, 0xF572,1, 0xFF95,1,
    0xF572,1, 0xFE00,2, 0x8B63,1, 0x18C5,33, 0x8B63,1, 0xFE00,2, 0xF572,1, 0xFF95,1,
    0xF572,1, 0xFE00,2, 0x8B63,1, 0x18C5,22, 0x8B63,1, 0xFE00,1, 0x8B63,1, 0x18C5,39,
    0x8B63,1, 0xFE00,1, 0x8B63,1, 0x18C5,25, 0x8B63,1, 0xFE00,1, 0x8B63,1, 0x18C5,39,
    0x8B63,1, 0xFE00,1, 0x8B63,1, 0x18C5,25, 0x8B63,1, 0xFE00,1, 0x8B63,1, 0x18C5,39,
    0x8B63,1, 0xFE00,1, 0x8B63,1, 0x18C5,98, 0x4124,1, 0x6984,32, 0x4125,1, 0x18C5,36,
    0x4124,1, 0x6984,32, 0x4125,1, 0x18C5,36, 0x4124,1, 0x6984,1, 0xBB29,1, 0xF572,27,
    0xDC4D,1, 0xBB29,1, 0x6984,1, 0x4125,1, 0x18C5,36, 0x4124,1, 0x6984,1, 0xDC4D,1,
    0xFE98,2, 0xF572,1, 0xDC4D,24, 0xBB29,2, 0x6984,1, 0x4125,1, 0x18C5,31, 0x4124,5,
    0x5144,1, 0x6984,1, 0xDC4D,1, 0xFE98,2, 0xBB29,1, 0x6984,1, 0xDC4D,4, 0x6984,2,
    0xDC4D,10, 0x6984,2, 0xDC4D,4, 0x6984,2, 0xBB29,1, 0x6984,1, 0x5144,1, 0x4124,6,
    0x18C5,25, 0x6984,7, 0xBB29,1, 0xDC4D,2, 0x1882,2, 0xDC4D,4, 0x1882,2, 0xDC4D,10,
    0x1882,2, 0xDC4D,4, 0x1882,2, 0xBB29,1, 0x6984,8, 0x18C5,23, 0x4125,2, 0x6984,1,
    0xBB29,7, 0xDC4D,2, 0x6984,3, 0xDC4D,2, 0x6984,3, 0xDC4D,10, 0x6984,3, 0xDC4D,2,
    0x6984,3, 0xBB29,7, 0x6984,2, 0x4125,1, 0x18C5,22, 0x6984,3, 0xDC4D,6, 0xBB29,1,
    0xDC4D,4, 0x6984,4, 0xDC4D,14, 0x6984,4, 0xDC4D,1, 0xBB29,2, 0xDC4D,6, 0x6984,3,
    0x18C5,22, 0x6984,3, 0xBB29,2, 0xDC4D,4, 0xBB29,1, 0xDC4D,5, 0x1882,2, 0xDC4D,16,
    0x1882,2, 0xDC4D,2, 0xBB29,2, 0xDC4D,5, 0xBB29,1, 0x6984,3, 0x18C5,22, 0x4125,3,
    0x6984,2, 0xDC4D,4, 0xBB29,1, 0xDC4D,4, 0x6984,4, 0xDC4D,14, 0x6984,4, 0xDC4D,1,
    0xBB29,2, 0xDC4D,5, 0x6984,1, 0x4125,3, 0x18C5,25, 0x6984,2, 0xDC4D,4, 0xBB29,1,
    0xDC4D,2, 0x6984,3, 0xDC4D,2, 0x6984,3, 0xDC4D,10, 0x6984,3, 0xDC4D,2, 0x6984,3,
    0xBB29,1, 0xDC4D,5, 0x6984,1, 0x18C5,28, 0x6984,2, 0xDC4D,4, 0xBB29,1, 0xDC4D,2,
    0x1882,2, 0xDC4D,4, 0x1882,2, 0xDC4D,10, 0x1882,2, 0xDC4D,4, 0x1882,2, 0xBB29,1,
    0xDC4D,5, 0x6984,1, 0x18C5,25, 0x4125,3, 0xBB29,2, 0xDC4D,4, 0xBB29,1, 0xDC4D,2,
    0x6984,2, 0xDC4D,4, 0x6984,2, 0xDC4D,10, 0x6984,2, 0xDC4D,4, 0x6984,2, 0xBB29,1,
    0xDC4D,5, 0xBB29,1, 0x4125,3, 0x18C5,22, 0x6984,3, 0xDC4D,2, 0xBB29,5, 0xDC4D,27,
    0xBB29,7, 0xDC4D,1, 0x6984,3, 0x18C5,22, 0x6984,2, 0xBB29,7, 0x6984,1, 0xBB29,1,
    0xDC4D,26, 0xBB29,10, 0x6984,1, 0x18C5,22, 0x4125,2, 0x6984,8, 0xBB29,1, 0xDC4D,26,
    0xBB29,2, 0x6984,8, 0x4125,1, 0x18C5,24, 0x4124,5, 0x5144,1, 0x6984,2, 0xBB29,1,
    0xDC4D,26, 0xBB29,2, 0x6984,1, 0x5144,1, 0x4124,6, 0x18C5,32, 0x4125,1, 0x6984,1,
    0xBB29,29, 0x6984,2, 0x4124,1, 0x18C5,36, 0x4125,1, 0x6984,1, 0xBB29,29, 0x6984,2,
    0x4124,1, 0x18C5,36, 0x4125,1, 0x6984,1, 0xBB29,29, 0x6984,2, 0x4124,1, 0x18C5,36,
    0x4125,1, 0x6984,32, 0x4124,1, 0x18C5,39, 0xBB29,2, 0x6984,1, 0x18C5,3, 0xBB29,2,
    0x6984,1, 0x18C5,9, 0xBB29,2, 0x6984,1, 0x18C5,3, 0xBB29,2, 0x6984,1, 0x18C5,43,
    0xBB29,2, 0x6984,1, 0x18C5,3, 0xBB29,2, 0x6984,1, 0x18C5,9, 0xBB29,2, 0x6984,1,
    0x18C5,3, 0xBB29,2, 0x6984,1, 0x18C5,43, 0xBB29,2, 0x6984,1, 0x18C5,3, 0xBB29,2,
    0x6984,1, 0x18C5,9, 0xBB29,2, 0x6984,1, 0x18C5,3, 0xBB29,2, 0x6984,1, 0x18C5,43,
    0xBB29,2, 0x6984,1, 0x18C5,3, 0xBB29,2, 0x6984,1, 0x18C5,9, 0xBB29,2, 0x6984,1,
    0x18C5,3, 0xBB29,2, 0x6984,1, 0x18C5,43, 0xBB29,2, 0x6984,1, 0x18C5,3, 0xBB29,2,
    0x6984,1, 0x18C5,9, 0xBB29,2, 0x6984,1, 0x18C5,3, 0xBB29,2, 0x6984,1, 0x18C5,43,
    0x6984,3, 0x18C5,3, 0x6984,3, 0x18C5,9, 0x6984,3, 0x18C5,3, 0x6984,3, 0x18C5,39,
    0x1084,36, 0x18C5,34, 0x1084,36, 0x18C5,38, 0x10A4,27, 0x18C5,22, 0x18C5,362, 0x8B63,2,
    0x18C5,68, 0x8B63,2, 0x18C5,66, 0x8B63,1, 0xFE00,4, 0x8B63,1, 0x18C5,66, 0x8B63,2,
    0x18C5,68, 0x8B63,2, 0x18C5,254, 0x5204,1, 0x8B63,1, 0x5204,1, 0x18C5,67, 0x8B63,1,
    0xFE00,1, 0x8B63,1, 0x18C5,29, 0xFE00,1, 0x18C5,37, 0x8B63,1, 0xFE00,1, 0x8B63,1,
    0x18C5,29, 0xFE00,1, 0x18C5,34, 0x5204,1, 0x8B63,2, 0xC507,1, 0xF572,1, 0xC507,1,
    0x8B63,2, 0x5204,1, 0x18C5,26, 0xFE00,1, 0x18C5,34, 0x8B63,1, 0xFE00,2, 0xF572,1,
    0xFF95,1, 0xF572,1, 0xFE00,2, 0x8B63,1, 0x18C5,26, 0xFE00,1, 0x18C5,34, 0x5204,1,
    0x8B63,2, 0xC507,1, 0xF572,1, 0xC507,1, 0x8B63,2, 0x5204,1, 0x18C5,26, 0xFE00,1,
    0x18C5,37, 0x8B63,1, 0xFE00,1, 0x8B63,1, 0x18C5,24, 0xFE00,5, 0xFF95,1, 0xFE00,5,
    0x18C5,32, 0x8B63,1, 0xFE00,1, 0x8B63,1, 0x18C5,29, 0xFE00,1, 0x18C5,37, 0x5204,1,
    0x8B63,1, 0x5204,1, 0x18C5,29, 0xFE00,1, 0x18C5,69, 0xFE00,1, 0x18C5,64, 0x6984,5,
    0xFE00,1, 0x6984,27, 0x18C5,37, 0x6984,5, 0xFE00,1, 0x6984,27, 0x18C5,37, 0x6984,2,
    0xBB29,1, 0xF572,27, 0xBB29,2, 0x6984,1, 0x18C5,37, 0x6984,2, 0xFE98,3, 0xDC4D,25,
    0xBB29,2, 0x6984,1, 0x18C5,33, 0x4124,4, 0x6984,2, 0xDC4D,1, 0xFE98,2, 0xDC4D,1,
    0x6984,2, 0xDC4D,4, 0x6984,2, 0xDC4D,10, 0x6984,2, 0xDC4D,4, 0x6984,3, 0x4124,8,
    0x18C5,25, 0x6984,7, 0xF572,2, 0xDC4D,1, 0x1882,2, 0xDC4D,4, 0x1882,2, 0xDC4D,10,
    0x1882,2, 0xDC4D,4, 0x1882,2, 0xBB29,1, 0x6984,8, 0x18C5,23, 0x4125,2, 0x6984,1,
    0xBB29,6, 0xF572,2, 0xDC4D,1, 0x6984,3, 0xDC4D,2, 0x6984,3, 0xDC4D,10, 0x6984,3,
    0xDC4D,2, 0x6984,3, 0xBB29,7, 0x6984,2, 0x4125,1, 0x18C5,22, 0x6984,3, 0xDC4D,6,
    0xF572,2, 0xDC4D,3, 0x6984,4, 0xDC4D,14, 0x6984,4, 0xDC4D,2, 0xBB29,1, 0xDC4D,6,
    0x6984,3, 0x18C5,22, 0x6984,3, 0xBB29,2, 0xDC4D,4, 0xF572,2, 0xDC4D,4, 0x1882,2,
    0xDC4D,16, 0x1882,2, 0xDC4D,3, 0xBB29,1, 0xDC4D,5, 0xBB29,1, 0x6984,3, 0x18C5,22,
    0x4125,3, 0x6984,2, 0xDC4D,4, 0xF572,2, 0xDC4D,3, 0x6984,4, 0xDC4D,14, 0x6984,4,
    0xDC4D,2, 0xBB29,1, 0xDC4D,5, 0x6984,1, 0x4125,3, 0x18C5,25, 0x6984,2, 0xDC4D,4,
    0xF572,2, 0xDC4D,1, 0x6984,3, 0xDC4D,2, 0x6984,3, 0xDC4D,10, 0x6984,3, 0xDC4D,2,
    0x6984,3, 0xBB29,1, 0xDC4D,5, 0x6984,1, 0x18C5,28, 0x6984,2, 0xDC4D,4, 0xF572,2,
    0xDC4D,1, 0x1882,2, 0xDC4D,4, 0x1882,2, 0xDC4D,10, 0x1882,2, 0xDC4D,4, 0x1882,2,
    0xBB29,1, 0xDC4D,5, 0x6984,1, 0x18C5,25, 0x4125,3, 0xBB29,2, 0xDC4D,4, 0xF572,2,
    0xDC4D,1, 0x6984,2, 0xDC4D,4, 0x6984,2, 0xDC4D,10, 0x6984,2, 0xDC4D,4, 0x6984,2,
    0xBB29,1, 0xDC4D,5, 0xBB29,1, 0x4125,3, 0x18C5,22, 0x6984,3, 0xDC4D,2, 0xBB29,4,
    0xF572,2, 0xDC4D,27, 0xBB29,6, 0xDC4D,1, 0x6984,3, 0x18C5,22, 0x6984,2, 0xBB29,9,
    0xDC4D,27, 0xBB29,9, 0x6984,1, 0x18C5,22, 0x4125,2, 0x6984,7, 0xBB29,2, 0xDC4D,27,
    0xBB29,1, 0x6984,8, 0x4125,1, 0x18C5,24, 0x4124,6, 0x6984,1, 0xBB29,2, 0xDC4D,27,
    0xBB29,1, 0x6984,2, 0x4124,6, 0x18C5,32, 0x6984,2, 0xBB29,30, 0x6984,1, 0x18C5,37,
    0x6984,2, 0xBB29,30, 0x6984,1, 0x18C5,37, 0x6984,2, 0xBB29,30, 0x6984,1, 0x18C5,37,
    0x6984,33, 0x18C5,40, 0xBB29,2, 0x6984,1, 0x18C5,3, 0xBB29,2, 0x6984,1, 0x18C5,9,
    0xBB29,2, 0x6984,1, 0x18C5,3, 0xBB29,2, 0x6984,1, 0x18C5,43, 0xBB29,2, 0x6984,1,
    0x18C5,3, 0xBB29,2, 0x6984,1, 0x18C5,9, 0xBB29,2, 0x6984,1, 0x18C5,3, 0xBB29,2,
    0x6984,1, 0x18C5,43, 0xBB29,2, 0x6984,1, 0x18C5,3, 0xBB29,2, 0x6984,1, 0x18C5,9,
    0xBB29,2, 0x6984,1, 0x18C5,3, 0xBB29,2, 0x6984,1, 0x18C5,43, 0xBB29,2, 0x6984,1,
    0x18C5,3, 0xBB29,2, 0x6984,1, 0x18C5,9, 0xBB29,2, 0x6984,1, 0x18C5,3, 0xBB29,2,
    0x6984,1, 0x18C5,43, 0xBB29,2, 0x6984,1, 0x18C5,3, 0xBB29,2, 0x6984,1, 0x18C5,9,
    0xBB29,2, 0x6984,1, 0x18C5,3, 0xBB29,2, 0x6984,1, 0x18C5,43, 0x6984,3, 0x18C5,3,
    0x6984,3, 0x18C5,9, 0x6984,3, 0x18C5,3, 0x6984,3, 0x18C5,39, 0x1084,36, 0x18C5,34,
    0x1084,36, 0x18C5,38, 0x10A4,27, 0x18C5,22, 0x18C5,429, 0x5204,2, 0x18C5,68, 0x8B63,2,
    0x18C5,66, 0x5204,1, 0x8B63,1, 0xC4A2,2, 0x8B63,1, 0x5204,1, 0x18C5,64, 0x5204,1,
    0x8B63,1, 0xC4A2,2, 0x8B63,1, 0x5204,1, 0x18C5,66, 0x8B63,2, 0x18C5,68, 0x5204,2,
    0x18C5,49, 0xFE00,2, 0x18C5,68, 0xFE00,2, 0x18C5,68, 0xFE00,2, 0x18C5,32, 0x8B63,2,
    0x18C5,31, 0xFE00,3, 0xFF95,2, 0xFE00,3, 0x18C5,29, 0x8B63,2, 0x18C5,31, 0xFE00,3,
    0xFF95,2, 0xFE00,3, 0x18C5,29, 0x8B63,2, 0x18C5,34, 0xFE00,2, 0x18C5,32, 0x8B63,2,
    0x18C5,34, 0xFE00,2, 0x18C5,32, 0x8B63,2, 0x18C5,34, 0xFE00,2, 0x18C5,27, 0x8B63,1,
    0xFE00,4, 0xF572,2, 0xFE00,4, 0x8B63,1, 0x18C5,63, 0x8B63,2, 0x18C5,68, 0x8B63,2,
    0x18C5,68, 0x8B63,2, 0x18C5,59, 0x6984,9, 0xBB29,2, 0x6984,22, 0x18C5,37, 0x6984,9,
    0xBB29,2, 0x6984,22, 0x18C5,37, 0x6984,2, 0xBB29,1, 0xF572,27, 0xBB29,2, 0x6984,1,
    0x18C5,37, 0x6984,2, 0xFE98,3, 0xDC4D,25, 0xBB29,2, 0x6984,1, 0x18C5,33, 0x4124,4,
    0x6984,2, 0xDC4D,1, 0xFE98,2, 0xDC4D,1, 0x6984,2, 0xDC4D,4, 0x6984,2, 0xDC4D,10,
    0x6984,2, 0xDC4D,4, 0x6984,3, 0x4124,8, 0x18C5,25, 0x6984,7, 0xF572,2, 0xDC4D,1,
    0x1882,2, 0xDC4D,4, 0x1882,2, 0xDC4D,10, 0x1882,2, 0xDC4D,4, 0x1882,2, 0xBB29,1,
    0x6984,8, 0x18C5,23, 0x4125,2, 0x6984,1, 0xBB29,6, 0xF572,2, 0xDC4D,1, 0x6984,3,
    0xDC4D,2, 0x6984,3, 0xDC4D,10, 0x6984,3, 0xDC4D,2, 0x6984,3, 0xBB29,7, 0x6984,2,
    0x4125,1, 0x18C5,22, 0x6984,3, 0xDC4D,6, 0xF572,2, 0xDC4D,3, 0x6984,4, 0xDC4D,14,
    0x6984,4, 0xDC4D,2, 0xBB29,1, 0xDC4D,6, 0x6984,3, 0x18C5,22, 0x6984,3, 0xBB29,2,
    0xDC4D,4, 0xF572,2, 0xDC4D,4, 0x1882,2, 0xDC4D,16, 0x1882,2, 0xDC4D,3, 0xBB29,1,
    0xDC4D,5, 0xBB29,1, 0x6984,3, 0x18C5,22, 0x4125,3, 0x6984,2, 0xDC4D,4, 0xF572,2,
    0xDC4D,3, 0x6984,4, 0xDC4D,14, 0x6984,4, 0xDC4D,2, 0xBB29,1, 0xDC4D,5, 0x6984,1,
    0x4125,3, 0x18C5,25, 0x6984,2, 0xDC4D,4, 0xF572,2, 0xDC4D,1, 0x6984,3, 0xDC4D,2,
    0x6984,3, 0xDC4D,10, 0x6984,3, 0xDC4D,2, 0x6984,3, 0xBB29,1, 0xDC4D,5, 0x6984,1,
    0x18C5,28, 0x6984,2, 0xDC4D,4, 0xF572,2, 0xDC4D,1, 0x1882,2, 0xDC4D,4, 0x1882,2,
    0xDC4D,10, 0x1882,2, 0xDC4D,4, 0x1882,2, 0xBB29,1, 0xDC4D,5, 0x6984,1, 0x18C5,25,
    0x4125,3, 0xBB29,2, 0xDC4D,4, 0xF572,2, 0xDC4D,1, 0x6984,2, 0xDC4D,4, 0x6984,2,
    0xDC4D,10, 0x6984,2, 0xDC4D,4, 0x6984,2, 0xBB29,1, 0xDC4D,5, 0xBB29,1, 0x4125,3,
    0x18C5,22, 0x6984,3, 0xDC4D,2, 0xBB29,4, 0xF572,2, 0xDC4D,27, 0xBB29,6, 0xDC4D,1,
    0x6984,3, 0x18C5,22, 0x6984,2, 0xBB29,9, 0xDC4D,27, 0xBB29,9, 0x6984,1, 0x18C5,22,
    0x4125,2, 0x6984,7, 0xBB29,2, 0xDC4D,27, 0xBB29,1, 0x6984,8, 0x4125,1, 0x18C5,24,
    0x4124,6, 0x6984,1, 0xBB29,2, 0xDC4D,27, 0xBB29,1, 0x6984,2, 0x4124,6, 0x18C5,32,
    0x6984,2, 0xBB29,30, 0x6984,1, 0x18C5,37, 0x6984,2, 0xBB29,30, 0x6984,1, 0x18C5,37,
    0x6984,2, 0xBB29,30, 0x6984,1, 0x18C5,37, 0x6984,33, 0x18C5,40, 0xBB29,2, 0x6984,1,
    0x18C5,3, 0xBB29,2, 0x6984,1, 0x18C5,9, 0xBB29,2, 0x6984,1, 0x18C5,3, 0xBB29,2,
    0x6984,1, 0x18C5,43, 0xBB29,2, 0x6984,1, 0x18C5,3, 0xBB29,2, 0x6984,1, 0x18C5,9,
    0xBB29,2, 0x6984,1, 0x18C5,3, 0xBB29,2, 0x6984,1, 0x18C5,43, 0xBB29,2, 0x6984,1,
    0x18C5,3, 0xBB29,2, 0x6984,1, 0x18C5,9, 0xBB29,2, 0x6984,1, 0x18C5,3, 0xBB29,2,
    0x6984,1, 0x18C5,43, 0xBB29,2, 0x6984,1, 0x18C5,3, 0xBB29,2, 0x6984,1, 0x18C5,9,
    0xBB29,2, 0x6984,1, 0x18C5,3, 0xBB29,2, 0x6984,1, 0x18C5,43, 0xBB29,2, 0x6984,1,
    0x18C5,3, 0xBB29,2, 0x6984,1, 0x18C5,9, 0xBB29,2, 0x6984,1, 0x18C5,3, 0xBB29,2,
    0x6984,1, 0x18C5,43, 0x6984,3, 0x18C5,3, 0x6984,3, 0x18C5,9, 0x6984,3, 0x18C5,3,
    0x6984,3, 0x18C5,39, 0x1084,36, 0x18C5,34, 0x1084,36, 0x18C5,38, 0x10A4,27, 0x18C5,22,
    0x18C5,427, 0x5204,1, 0x8B63,1, 0x5204,1, 0x18C5,67, 0x8B63,1, 0xFE00,1, 0x8B63,1,
    0x18C5,67, 0x8B63,1, 0xFE00,1, 0x8B63,1, 0x18C5,64, 0x5204,1, 0x8B63,2, 0xC507,1,
    0xF572,1, 0xC507,1, 0x8B63,2, 0x5204,1, 0x18C5,50, 0x8B63,2, 0x18C5,9, 0x8B63,1,
    0xFE00,2, 0xF572,1, 0xFF95,1, 0xF572,1, 0xFE00,2, 0x8B63,1, 0x18C5,50, 0xFE00,2,
    0x18C5,9, 0x5204,1, 0x8B63,2, 0xC507,1, 0xF572,1, 0xC507,1, 0x8B63,2, 0x5204,1,
    0x18C5,50, 0xFE00,2, 0x18C5,12, 0x8B63,1, 0xFE00,1, 0x8B63,1, 0x18C5,50, 0x8B63,3,
    0xF572,2, 0x8B63,3, 0x18C5,9, 0x8B63,1, 0xFE00,1, 0x8B63,1, 0x18C5,50, 0xFE00,3,
    0xFF95,2, 0xFE00,3, 0x18C5,9, 0x5204,1, 0x8B63,1, 0x5204,1, 0x18C5,50, 0x8B63,3,
    0xF572,2, 0x8B63,3, 0x18C5,32, 0x5204,2, 0x18C5,31, 0xFE00,2, 0x18C5,35, 0x8B63,2,
    0x18C5,31, 0xFE00,2, 0x18C5,35, 0x8B63,2, 0x18C5,31, 0x8B63,2, 0x18C5,35, 0x8B63,2,
    0x18C5,68, 0x8B63,2, 0x18C5,63, 0x5204,1, 0x8B63,4, 0xC507,2, 0x8B63,4, 0x5204,1,
    0x18C5,58, 0x5204,1, 0x8B63,4, 0xC507,2, 0x8B63,4, 0x5204,1, 0x18C5,63, 0x8B63,2,
    0x18C5,53, 0x6984,15, 0xBB29,2, 0x6984,16, 0x18C5,37, 0x6984,15, 0xBB29,2, 0x6984,16,
    0x18C5,37, 0x6984,2, 0xBB29,1, 0xF572,12, 0xDC4D,2, 0xF572,13, 0xBB29,2, 0x6984,1,
    0x18C5,37, 0x6984,2, 0xFE98,3, 0xDC4D,25, 0xBB29,2, 0x6984,1, 0x18C5,33, 0x4124,4,
    0x6984,2, 0xDC4D,1, 0xFE98,2, 0xDC4D,1, 0x6984,2, 0xDC4D,4, 0x6984,2, 0xDC4D,10,
    0x6984,2, 0xDC4D,4, 0x6984,3, 0x4124,8, 0x18C5,25, 0x6984,7, 0xF572,2, 0xDC4D,1,
    0x1882,2, 0xDC4D,4, 0x1882,2, 0xDC4D,10, 0x1882,2, 0xDC4D,4, 0x1882,2, 0xBB29,1,
    0x6984,8, 0x18C5,23, 0x4125,2, 0x6984,1, 0xBB29,6, 0xF572,2, 0xDC4D,1, 0x6984,3,
    0xDC4D,2, 0x6984,3, 0xDC4D,10, 0x6984,3, 0xDC4D,2, 0x6984,3, 0xBB29,7, 0x6984,2,
    0x4125,1, 0x18C5,22, 0x6984,3, 0xDC4D,6, 0xF572,2, 0xDC4D,3, 0x6984,4, 0xDC4D,14,
    0x6984,4, 0xDC4D,2, 0xBB29,1, 0xDC4D,6, 0x6984,3, 0x18C5,22, 0x6984,3, 0xBB29,2,
    0xDC4D,4, 0xF572,2, 0xDC4D,4, 0x1882,2, 0xDC4D,16, 0x1882,2, 0xDC4D,3, 0xBB29,1,
    0xDC4D,5, 0xBB29,1, 0x6984,3, 0x18C5,22, 0x4125,3, 0x6984,2, 0xDC4D,4, 0xF572,2,
    0xDC4D,3, 0x6984,4, 0xDC4D,14, 0x6984,4, 0xDC4D,2, 0xBB29,1, 0xDC4D,5, 0x6984,1,
    0x4125,3, 0x18C5,25, 0x6984,2, 0xDC4D,4, 0xF572,2, 0xDC4D,1, 0x6984,3, 0xDC4D,2,
    0x6984,3, 0xDC4D,10, 0x6984,3, 0xDC4D,2, 0x6984,3, 0xBB29,1, 0xDC4D,5, 0x6984,1,
    0x18C5,28, 0x6984,2, 0xDC4D,4, 0xF572,2, 0xDC4D,1, 0x1882,2, 0xDC4D,4, 0x1882,2,
    0xDC4D,10, 0x1882,2, 0xDC4D,4, 0x1882,2, 0xBB29,1, 0xDC4D,5, 0x6984,1, 0x18C5,25,
    0x4125,3, 0xBB29,2, 0xDC4D,4, 0xF572,2, 0xDC4D,1, 0x6984,2, 0xDC4D,4, 0x6984,2,
    0xDC4D,10, 0x6984,2, 0xDC4D,4, 0x6984,2, 0xBB29,1, 0xDC4D,5, 0xBB29,1, 0x4125,3,
    0x18C5,22, 0x6984,3, 0xDC4D,2, 0xBB29,4, 0xF572,2, 0xDC4D,27, 0xBB29,6, 0xDC4D,1,
    0x6984,3, 0x18C5,22, 0x6984,2, 0xBB29,9, 0xDC4D,27, 0xBB29,9, 0x6984,1, 0x18C5,22,
    0x4125,2, 0x6984,7, 0xBB29,2, 0xDC4D,27, 0xBB29,1, 0x6984,8, 0x4125,1, 0x18C5,24,
    0x4124,6, 0x6984,1, 0xBB29,2, 0xDC4D,27, 0xBB29,1, 0x6984,2, 0x4124,6, 0x18C5,32,
    0x6984,2, 0xBB29,30, 0x6984,1, 0x18C5,37, 0x6984,2, 0xBB29,30, 0x6984,1, 0x18C5,37,
    0x6984,2, 0xBB29,30, 0x6984,1, 0x18C5,37, 0x6984,33, 0x18C5,40, 0xBB29,2, 0x6984,1,
    0x18C5,3, 0xBB29,2, 0x6984,1, 0x18C5,9, 0xBB29,2, 0x6984,1, 0x18C5,3, 0xBB29,2,
    0x6984,1, 0x18C5,43, 0xBB29,2, 0x6984,1, 0x18C5,3, 0xBB29,2, 0x6984,1, 0x18C5,9,
    0xBB29,2, 0x6984,1, 0x18C5,3, 0xBB29,2, 0x6984,1, 0x18C5,43, 0xBB29,2, 0x6984,1,
    0x18C5,3, 0xBB29,2, 0x6984,1, 0x18C5,9, 0xBB29,2, 0x6984,1, 0x18C5,3, 0xBB29,2,
    0x6984,1, 0x18C5,43, 0xBB29,2, 0x6984,1, 0x18C5,3, 0xBB29,2, 0x6984,1, 0x18C5,9,
    0xBB29,2, 0x6984,1, 0x18C5,3, 0xBB29,2, 0x6984,1, 0x18C5,43, 0xBB29,2, 0x6984,1,
    0x18C5,3, 0xBB29,2, 0x6984,1, 0x18C5,9, 0xBB29,2, 0x6984,1, 0x18C5,3, 0xBB29,2,
    0x6984,1, 0x18C5,43, 0x6984,3, 0x18C5,3, 0x6984,3, 0x18C5,9, 0x6984,3, 0x18C5,3,
    0x6984,3, 0x18C5,39, 0x1084,36, 0x18C5,34, 0x1084,36, 0x18C5,38, 0x10A4,27, 0x18C5,22,
};

#endif // DIZZY_FRAMES_H
