#ifndef LOW_BATTERY_FRAMES_H
#define LOW_BATTERY_FRAMES_H

/**
 * Auto-generated by png2rgb565.py (RLE compressed, auto-cropped)
 * 48 frame(s), 52x46 pixels
 * Raw: 229,632 bytes, RLE: 49,984 bytes (5x compression)
 * Transparent key: 0x18C5
 */

#include <stdint.h>

#define LOW_BATTERY_WIDTH  52
#define LOW_BATTERY_HEIGHT 46
#define LOW_BATTERY_FRAME_COUNT 48
#define LOW_BATTERY_TRANSPARENT_KEY 0x18C5

static const uint32_t low_battery_frame_offsets[49] = {
    0, 576, 1152, 1728, 2304, 2880, 3362, 3844,
    4326, 4808, 5290, 5782, 6274, 6766, 7258, 7750,
    8232, 8714, 9196, 9678, 10160, 10736, 11312, 11888,
    12464, 13040, 13616, 14192, 14768, 15344, 15826, 16308,
    16790, 17272, 17762, 18262, 18762, 19262, 19762, 20262,
    20752, 21242, 21724, 22206, 22688, 23264, 23840, 24416,
    24992,
};

static const uint16_t low_battery_rle_data[] = {
    0x18C5,14, 0x78E3,27, 0x18C5,23, 0x78E3,2, 0xFA28,27, 0x78E3,1, 0x18C5,22, 0x78E3,2,
    0xFA28,27, 0x78E3,1, 0x18C5,22, 0x78E3,2, 0xFA28,1, 0x28E3,24, 0xFA28,3, 0x78E3,3,
    0x18C5,19, 0x78E3,2, 0xFA28,1, 0x28E3,2, 0xFA28,4, 0x28E3,18, 0xFA28,5, 0x78E3,1,
    0x18C5,19, 0x78E3,2, 0xFA28,1, 0x28E3,2, 0xFA28,4, 0x28E3,18, 0xFA28,5, 0x78E3,1,
    0x18C5,19, 0x78E3,2, 0xFA28,1, 0x28E3,2, 0xFA28,4, 0x28E3,18, 0xFA28,5, 0x78E3,1,
    0x18C5,19, 0x78E3,2, 0xFA28,1, 0x28E3,2, 0xFA28,4, 0x28E3,18, 0xFA28,5, 0x78E3,1,
    0x18C5,19, 0x78E3,2, 0xFA28,1, 0x28E3,2, 0xFA28,4, 0x28E3,18, 0xFA28,5, 0x78E3,1,
    0x18C5,19, 0x78E3,2, 0xFA28,1, 0x28E3,24, 0xFA28,3, 0x78E3,3, 0x18C5,19, 0x78E3,2,
    0xFA28,27, 0x78E3,1, 0x18C5,22, 0x78E3,2, 0xFA28,27, 0x78E3,1, 0x18C5,24, 0x78E3,27,
    0x18C5,382, 0x28E5,1, 0x4124,35, 0x28E5,1, 0x18C5,15, 0x4124,1, 0x6984,35, 0x4124,1,
    0x18C5,15, 0x4124,1, 0x6984,1, 0xA9A6,1, 0xBB29,32, 0xA9A6,1, 0x4124,1, 0x18C5,15,
    0x4124,1, 0x6984,1, 0xBB29,1, 0xF572,4, 0xDC4D,27, 0xBB29,2, 0x4124,1, 0x18C5,15,
    0x4124,1, 0x6984,1, 0xBB29,1, 0xF572,1, 0xFE98,2, 0xF572,1, 0xDC4D,26, 0xBB29,2,
    0xA9A6,1, 0x4124,1, 0x18C5,15, 0x4124,1, 0x6984,1, 0xBB29,1, 0xF572,4, 0xDC4D,26,
    0xBB29,2, 0xA9A6,1, 0x4124,1, 0x18C5,10, 0x4124,5, 0x5144,1, 0x6984,1, 0xBB29,1,
    0xDC4D,30, 0xBB29,2, 0x6984,1, 0x5144,1, 0x4124,6, 0x18C5,4, 0x6984,7, 0xBB29,1,
    0xDC4D,30, 0xBB29,2, 0x6984,8, 0x18C5,2, 0x4125,2, 0xA9A6,1, 0xBB29,7, 0xDC4D,5,
    0x1882,3, 0xDC4D,15, 0x1882,3, 0xDC4D,4, 0xBB29,8, 0xA9A6,2, 0x4125,1, 0x18C5,1,
    0x6984,2, 0xA9A6,1, 0xDC4D,6, 0xBB29,1, 0xDC4D,5, 0x1882,3, 0xDC4D,15, 0x1882,3,
    0xDC4D,4, 0xBB29,2, 0xDC4D,6, 0xA9A6,2, 0x6984,1, 0x18C5,1, 0x6984,3, 0xBB29,2,
    0xDC4D,4, 0xBB29,1, 0xDC4D,30, 0xBB29,2, 0xDC4D,5, 0xBB29,1, 0x6984,3, 0x18C5,1,
    0x4125,3, 0xA9A6,2, 0xDC4D,4, 0xBB29,1, 0xDC4D,30, 0xBB29,2, 0xDC4D,5, 0xA9A6,1,
    0x4125,3, 0x18C5,4, 0x6984,2, 0xDC4D,4, 0xBB29,1, 0xDC4D,30, 0xBB29,2, 0xDC4D,5,
    0x6984,1, 0x18C5,7, 0x6984,2, 0xDC4D,4, 0xBB29,1, 0xDC4D,30, 0xBB29,2, 0xDC4D,5,
    0x6984,1, 0x18C5,4, 0x4125,3, 0xBB29,2, 0xDC4D,4, 0xBB29,1, 0xDC4D,30, 0xBB29,2,
    0xDC4D,5, 0xBB29,1, 0x4125,3, 0x18C5,1, 0x6984,2, 0xA9A6,1, 0xDC4D,2, 0xBB29,5,
    0xDC4D,1, 0xBB29,36, 0xDC4D,1, 0xA9A6,2, 0x6984,1, 0x18C5,1, 0x6984,2, 0xBB29,48,
    0x6984,1, 0x18C5,1, 0x4125,2, 0xA9A6,7, 0xBB29,33, 0xA9A6,8, 0x4125,1, 0x18C5,3,
    0x4124,5, 0x5144,1, 0x6984,1, 0xA9A6,1, 0xBB29,1, 0xA9A6,31, 0x6984,1, 0x5144,1,
    0x4124,6, 0x18C5,9, 0x4124,1, 0x6984,35, 0x4124,1, 0x18C5,15, 0x28E5,1, 0x4124,4,
    0xA9A6,2, 0x6984,1, 0x4124,3, 0xA9A6,2, 0x6984,1, 0x4124,9, 0xA9A6,2, 0x6984,1,
    0x4124,3, 0xA9A6,2, 0x6984,1, 0x4124,4, 0x28E5,1, 0x18C5,20, 0xA9A6,2, 0x6984,1,
    0x18C5,3, 0xA9A6,2, 0x6984,1, 0x18C5,9, 0xA9A6,2, 0x6984,1, 0x18C5,3, 0xA9A6,2,
    0x6984,1, 0x18C5,25, 0x6984,3, 0x18C5,3, 0x6984,3, 0x18C5,9, 0x6984,3, 0x18C5,3,
    0x6984,3, 0x18C5,21, 0x1084,4, 0x3904,3, 0x1084,3, 0x3904,3, 0x1084,9, 0x3904,3,
    0x1084,3, 0x3904,3, 0x1084,5, 0x18C5,16, 0x1084,36, 0x18C5,20, 0x10A4,27, 0x18C5,13,
    0x18C5,14, 0x78E3,27, 0x18C5,23, 0x78E3,2, 0xFA28,27, 0x78E3,1, 0x18C5,22, 0x78E3,2,
    0xFA28,27, 0x78E3,1, 0x18C5,22, 0x78E3,2, 0xFA28,1, 0x28E3,24, 0xFA28,3, 0x78E3,3,
    0x18C5,19, 0x78E3,2, 0xFA28,1, 0x28E3,2, 0xFA28,4, 0x28E3,18, 0xFA28,5, 0x78E3,1,
    0x18C5,19, 0x78E3,2, 0xFA28,1, 0x28E3,2, 0xFA28,4, 0x28E3,18, 0xFA28,5, 0x78E3,1,
    0x18C5,19, 0x78E3,2, 0xFA28,1, 0x28E3,2, 0xFA28,4, 0x28E3,18, 0xFA28,5, 0x78E3,1,
    0x18C5,19, 0x78E3,2, 0xFA28,1, 0x28E3,2, 0xFA28,4, 0x28E3,18, 0xFA28,5, 0x78E3,1,
    0x18C5,19, 0x78E3,2, 0xFA28,1, 0x28E3,2, 0xFA28,4, 0x28E3,18, 0xFA28,5, 0x78E3,1,
    0x18C5,19, 0x78E3,2, 0xFA28,1, 0x28E3,24, 0xFA28,3, 0x78E3,3, 0x18C5,19, 0x78E3,2,
    0xFA28,27, 0x78E3,1, 0x18C5,22, 0x78E3,2, 0xFA28,27, 0x78E3,1, 0x18C5,24, 0x78E3,27,
    0x18C5,382, 0x28E5,1, 0x4124,35, 0x28E5,1, 0x18C5,15, 0x4124,1, 0x6984,35, 0x4124,1,
    0x18C5,15, 0x4124,1, 0x6984,1, 0xA9A6,1, 0xBB29,32, 0xA9A6,1, 0x4124,1, 0x18C5,15,
    0x4124,1, 0x6984,1, 0xBB29,1, 0xF572,4, 0xDC4D,27, 0xBB29,2, 0x4124,1, 0x18C5,15,
    0x4124,1, 0x6984,1, 0xBB29,1, 0xF572,1, 0xFE98,2, 0xF572,1, 0xDC4D,26, 0xBB29,2,
    0xA9A6,1, 0x4124,1, 0x18C5,15, 0x4124,1, 0x6984,1, 0xBB29,1, 0xF572,4, 0xDC4D,26,
    0xBB29,2, 0xA9A6,1, 0x4124,1, 0x18C5,10, 0x4124,5, 0x5144,1, 0x6984,1, 0xBB29,1,
    0xDC4D,30, 0xBB29,2, 0x6984,1, 0x5144,1, 0x4124,6, 0x18C5,4, 0x6984,7, 0xBB29,1,
    0xDC4D,30, 0xBB29,2, 0x6984,8, 0x18C5,2, 0x4125,2, 0xA9A6,1, 0xBB29,7, 0xDC4D,5,
    0x1882,3, 0xDC4D,15, 0x1882,3, 0xDC4D,4, 0xBB29,8, 0xA9A6,2, 0x4125,1, 0x18C5,1,
    0x6984,2, 0xA9A6,1, 0xDC4D,6, 0xBB29,1, 0xDC4D,5, 0x1882,3, 0xDC4D,15, 0x1882,3,
    0xDC4D,4, 0xBB29,2, 0xDC4D,6, 0xA9A6,2, 0x6984,1, 0x18C5,1, 0x6984,3, 0xBB29,2,
    0xDC4D,4, 0xBB29,1, 0xDC4D,30, 0xBB29,2, 0xDC4D,5, 0xBB29,1, 0x6984,3, 0x18C5,1,
    0x4125,3, 0xA9A6,2, 0xDC4D,4, 0xBB29,1, 0xDC4D,30, 0xBB29,2, 0xDC4D,5, 0xA9A6,1,
    0x4125,3, 0x18C5,4, 0x6984,2, 0xDC4D,4, 0xBB29,1, 0xDC4D,30, 0xBB29,2, 0xDC4D,5,
    0x6984,1, 0x18C5,7, 0x6984,2, 0xDC4D,4, 0xBB29,1, 0xDC4D,30, 0xBB29,2, 0xDC4D,5,
    0x6984,1, 0x18C5,4, 0x4125,3, 0xBB29,2, 0xDC4D,4, 0xBB29,1, 0xDC4D,30, 0xBB29,2,
    0xDC4D,5, 0xBB29,1, 0x4125,3, 0x18C5,1, 0x6984,2, 0xA9A6,1, 0xDC4D,2, 0xBB29,5,
    0xDC4D,1, 0xBB29,36, 0xDC4D,1, 0xA9A6,2, 0x6984,1, 0x18C5,1, 0x6984,2, 0xBB29,48,
    0x6984,1, 0x18C5,1, 0x4125,2, 0xA9A6,7, 0xBB29,33, 0xA9A6,8, 0x4125,1, 0x18C5,3,
    0x4124,5, 0x5144,1, 0x6984,1, 0xA9A6,1, 0xBB29,1, 0xA9A6,31, 0x6984,1, 0x5144,1,
    0x4124,6, 0x18C5,9, 0x4124,1, 0x6984,35, 0x4124,1, 0x18C5,15, 0x28E5,1, 0x4124,4,
    0xA9A6,2, 0x6984,1, 0x4124,3, 0xA9A6,2, 0x6984,1, 0x4124,9, 0xA9A6,2, 0x6984,1,
    0x4124,3, 0xA9A6,2, 0x6984,1, 0x4124,4, 0x28E5,1, 0x18C5,20, 0xA9A6,2, 0x6984,1,
    0x18C5,3, 0xA9A6,2, 0x6984,1, 0x18C5,9, 0xA9A6,2, 0x6984,1, 0x18C5,3, 0xA9A6,2,
    0x6984,1, 0x18C5,25, 0x6984,3, 0x18C5,3, 0x6984,3, 0x18C5,9, 0x6984,3, 0x18C5,3,
    0x6984,3, 0x18C5,21, 0x1084,4, 0x3904,3, 0x1084,3, 0x3904,3, 0x1084,9, 0x3904,3,
    0x1084,3, 0x3904,3, 0x1084,5, 0x18C5,16, 0x1084,36, 0x18C5,20, 0x10A4,27, 0x18C5,13,
    0x18C5,14, 0x78E3,27, 0x18C5,23, 0x78E3,2, 0xFA28,27, 0x78E3,1, 0x18C5,22, 0x78E3,2,
    0xFA28,27, 0x78E3,1, 0x18C5,22, 0x78E3,2, 0xFA28,1, 0x28E3,24, 0xFA28,3, 0x78E3,3,
    0x18C5,19, 0x78E3,2, 0xFA28,1, 0x28E3,2, 0xFA28,4, 0x28E3,18, 0xFA28,5, 0x78E3,1,
    0x18C5,19, 0x78E3,2, 0xFA28,1, 0x28E3,2, 0xFA28,4, 0x28E3,18, 0xFA28,5, 0x78E3,1,
    0x18C5,19, 0x78E3,2, 0xFA28,1, 0x28E3,2, 0xFA28,4, 0x28E3,18, 0xFA28,5, 0x78E3,1,
    0x18C5,19, 0x78E3,2, 0xFA28,1, 0x28E3,2, 0xFA28,4, 0x28E3,18, 0xFA28,5, 0x78E3,1,
    0x18C5,19, 0x78E3,2, 0xFA28,1, 0x28E3,2, 0xFA28,4, 0x28E3,18, 0xFA28,5, 0x78E3,1,
    0x18C5,19, 0x78E3,2, 0xFA28,1, 0x28E3,24, 0xFA28,3, 0x78E3,3, 0x18C5,19, 0x78E3,2,
    0xFA28,27, 0x78E3,1, 0x18C5,22, 0x78E3,2, 0xFA28,27, 0x78E3,1, 0x18C5,24, 0x78E3,27,
    0x18C5,382, 0x28E5,1, 0x4124,35, 0x28E5,1, 0x18C5,15, 0x4124,1, 0x6984,35, 0x4124,1,
    0x18C5,15, 0x4124,1, 0x6984,1, 0xA9A6,1, 0xBB29,32, 0xA9A6,1, 0x4124,1, 0x18C5,15,
    0x4124,1, 0x6984,1, 0xBB29,1, 0xF572,4, 0xDC4D,27, 0xBB29,2, 0x4124,1, 0x18C5,15,
    0x4124,1, 0x6984,1, 0xBB29,1, 0xF572,1, 0xFE98,2, 0xF572,1, 0xDC4D,26, 0xBB29,2,
    0xA9A6,1, 0x4124,1, 0x18C5,15, 0x4124,1, 0x6984,1, 0xBB29,1, 0xF572,4, 0xDC4D,26,
    0xBB29,2, 0xA9A6,1, 0x4124,1, 0x18C5,10, 0x4124,5, 0x5144,1, 0x6984,1, 0xBB29,1,
    0xDC4D,30, 0xBB29,2, 0x6984,1, 0x5144,1, 0x4124,6, 0x18C5,4, 0x6984,7, 0xBB29,1,
    0xDC4D,30, 0xBB29,2, 0x6984,8, 0x18C5,2, 0x4125,2, 0xA9A6,1, 0xBB29,7, 0xDC4D,5,
    0x1882,3, 0xDC4D,15, 0x1882,3, 0xDC4D,4, 0xBB29,8, 0xA9A6,2, 0x4125,1, 0x18C5,1,
    0x6984,2, 0xA9A6,1, 0xDC4D,6, 0xBB29,1, 0xDC4D,5, 0x1882,3, 0xDC4D,15, 0x1882,3,
    0xDC4D,4, 0xBB29,2, 0xDC4D,6, 0xA9A6,2, 0x6984,1, 0x18C5,1, 0x6984,3, 0xBB29,2,
    0xDC4D,4, 0xBB29,1, 0xDC4D,30, 0xBB29,2, 0xDC4D,5, 0xBB29,1, 0x6984,3, 0x18C5,1,
    0x4125,3, 0xA9A6,2, 0xDC4D,4, 0xBB29,1, 0xDC4D,30, 0xBB29,2, 0xDC4D,5, 0xA9A6,1,
    0x4125,3, 0x18C5,4, 0x6984,2, 0xDC4D,4, 0xBB29,1, 0xDC4D,30, 0xBB29,2, 0xDC4D,5,
    0x6984,1, 0x18C5,7, 0x6984,2, 0xDC4D,4, 0xBB29,1, 0xDC4D,30, 0xBB29,2, 0xDC4D,5,
    0x6984,1, 0x18C5,4, 0x4125,3, 0xBB29,2, 0xDC4D,4, 0xBB29,1, 0xDC4D,30, 0xBB29,2,
    0xDC4D,5, 0xBB29,1, 0x4125,3, 0x18C5,1, 0x6984,2, 0xA9A6,1, 0xDC4D,2, 0xBB29,5,
    0xDC4D,1, 0xBB29,36, 0xDC4D,1, 0xA9A6,2, 0x6984,1, 0x18C5,1, 0x6984,2, 0xBB29,48,
    0x6984,1, 0x18C5,1, 0x4125,2, 0xA9A6,7, 0xBB29,33, 0xA9A6,8, 0x4125,1, 0x18C5,3,
    0x4124,5, 0x5144,1, 0x6984,1, 0xA9A6,1, 0xBB29,1, 0xA9A6,31, 0x6984,1, 0x5144,1,
    0x4124,6, 0x18C5,9, 0x4124,1, 0x6984,35, 0x4124,1, 0x18C5,15, 0x28E5,1, 0x4124,4,
    0xA9A6,2, 0x6984,1, 0x4124,3, 0xA9A6,2, 0x6984,1, 0x4124,9, 0xA9A6,2, 0x6984,1,
    0x4124,3, 0xA9A6,2, 0x6984,1, 0x4124,4, 0x28E5,1, 0x18C5,20, 0xA9A6,2, 0x6984,1,
    0x18C5,3, 0xA9A6,2, 0x6984,1, 0x18C5,9, 0xA9A6,2, 0x6984,1, 0x18C5,3, 0xA9A6,2,
    0x6984,1, 0x18C5,25, 0x6984,3, 0x18C5,3, 0x6984,3, 0x18C5,9, 0x6984,3, 0x18C5,3,
    0x6984,3, 0x18C5,21, 0x1084,4, 0x3904,3, 0x1084,3, 0x3904,3, 0x1084,9, 0x3904,3,
    0x1084,3, 0x3904,3, 0x1084,5, 0x18C5,16, 0x1084,36, 0x18C5,20, 0x10A4,27, 0x18C5,13,
    0x18C5,14, 0x78E3,27, 0x18C5,23, 0x78E3,2, 0xFA28,27, 0x78E3,1, 0x18C5,22, 0x78E3,2,
    0xFA28,27, 0x78E3,1, 0x18C5,22, 0x78E3,2, 0xFA28,1, 0x28E3,24, 0xFA28,3, 0x78E3,3,
    0x18C5,19, 0x78E3,2, 0xFA28,1, 0x28E3,2, 0xFA28,4, 0x28E3,18, 0xFA28,5, 0x78E3,1,
    0x18C5,19, 0x78E3,2, 0xFA28,1, 0x28E3,2, 0xFA28,4, 0x28E3,18, 0xFA28,5, 0x78E3,1,
    0x18C5,19, 0x78E3,2, 0xFA28,1, 0x28E3,2, 0xFA28,4, 0x28E3,18, 0xFA28,5, 0x78E3,1,
    0x18C5,19, 0x78E3,2, 0xFA28,1, 0x28E3,2, 0xFA28,4, 0x28E3,18, 0xFA28,5, 0x78E3,1,
    0x18C5,19, 0x78E3,2, 0xFA28,1, 0x28E3,2, 0xFA28,4, 0x28E3,18, 0xFA28,5, 0x78E3,1,
    0x18C5,19, 0x78E3,2, 0xFA28,1, 0x28E3,24, 0xFA28,3, 0x78E3,3, 0x18C5,19, 0x78E3,2,
    0xFA28,27, 0x78E3,1, 0x18C5,22, 0x78E3,2, 0xFA28,27, 0x78E3,1, 0x18C5,24, 0x78E3,27,
    0x18C5,382, 0x28E5,1, 0x4124,35, 0x28E5,1, 0x18C5,15, 0x4124,1, 0x6984,35, 0x4124,1,
    0x18C5,15, 0x4124,1, 0x6984,1, 0xA9A6,1, 0xBB29,32, 0xA9A6,1, 0x4124,1, 0x18C5,15,
    0x4124,1, 0x6984,1, 0xBB29,1, 0xF572,4, 0xDC4D,27, 0xBB29,2, 0x4124,1, 0x18C5,15,
    0x4124,1, 0x6984,1, 0xBB29,1, 0xF572,1, 0xFE98,2, 0xF572,1, 0xDC4D,26, 0xBB29,2,
    0xA9A6,1, 0x4124,1, 0x18C5,15, 0x4124,1, 0x6984,1, 0xBB29,1, 0xF572,4, 0xDC4D,26,
    0xBB29,2, 0xA9A6,1, 0x4124,1, 0x18C5,10, 0x4124,5, 0x5144,1, 0x6984,1, 0xBB29,1,
    0xDC4D,30, 0xBB29,2, 0x6984,1, 0x5144,1, 0x4124,6, 0x18C5,4, 0x6984,7, 0xBB29,1,
    0xDC4D,30, 0xBB29,2, 0x6984,8, 0x18C5,2, 0x4125,2, 0xA9A6,1, 0xBB29,7, 0xDC4D,5,
    0x1882,3, 0xDC4D,15, 0x1882,3, 0xDC4D,4, 0xBB29,8, 0xA9A6,2, 0x4125,1, 0x18C5,1,
    0x6984,2, 0xA9A6,1, 0xDC4D,6, 0xBB29,1, 0xDC4D,5, 0x1882,3, 0xDC4D,15, 0x1882,3,
    0xDC4D,4, 0xBB29,2, 0xDC4D,6, 0xA9A6,2, 0x6984,1, 0x18C5,1, 0x6984,3, 0xBB29,2,
    0xDC4D,4, 0xBB29,1, 0xDC4D,30, 0xBB29,2, 0xDC4D,5, 0xBB29,1, 0x6984,3, 0x18C5,1,
    0x4125,3, 0xA9A6,2, 0xDC4D,4, 0xBB29,1, 0xDC4D,30, 0xBB29,2, 0xDC4D,5, 0xA9A6,1,
    0x4125,3, 0x18C5,4, 0x6984,2, 0xDC4D,4, 0xBB29,1, 0xDC4D,30, 0xBB29,2, 0xDC4D,5,
    0x6984,1, 0x18C5,7, 0x6984,2, 0xDC4D,4, 0xBB29,1, 0xDC4D,30, 0xBB29,2, 0xDC4D,5,
    0x6984,1, 0x18C5,4, 0x4125,3, 0xBB29,2, 0xDC4D,4, 0xBB29,1, 0xDC4D,30, 0xBB29,2,
    0xDC4D,5, 0xBB29,1, 0x4125,3, 0x18C5,1, 0x6984,2, 0xA9A6,1, 0xDC4D,2, 0xBB29,5,
    0xDC4D,1, 0xBB29,36, 0xDC4D,1, 0xA9A6,2, 0x6984,1, 0x18C5,1, 0x6984,2, 0xBB29,48,
    0x6984,1, 0x18C5,1, 0x4125,2, 0xA9A6,7, 0xBB29,33, 0xA9A6,8, 0x4125,1, 0x18C5,3,
    0x4124,5, 0x5144,1, 0x6984,1, 0xA9A6,1, 0xBB29,1, 0xA9A6,31, 0x6984,1, 0x5144,1,
    0x4124,6, 0x18C5,9, 0x4124,1, 0x6984,35, 0x4124,1, 0x18C5,15, 0x28E5,1, 0x4124,4,
    0xA9A6,2, 0x6984,1, 0x4124,3, 0xA9A6,2, 0x6984,1, 0x4124,9, 0xA9A6,2, 0x6984,1,
    0x4124,3, 0xA9A6,2, 0x6984,1, 0x4124,4, 0x28E5,1, 0x18C5,20, 0xA9A6,2, 0x6984,1,
    0x18C5,3, 0xA9A6,2, 0x6984,1, 0x18C5,9, 0xA9A6,2, 0x6984,1, 0x18C5,3, 0xA9A6,2,
    0x6984,1, 0x18C5,25, 0x6984,3, 0x18C5,3, 0x6984,3, 0x18C5,9, 0x6984,3, 0x18C5,3,
    0x6984,3, 0x18C5,21, 0x1084,4, 0x3904,3, 0x1084,3, 0x3904,3, 0x1084,9, 0x3904,3,
    0x1084,3, 0x3904,3, 0x1084,5, 0x18C5,16, 0x1084,36, 0x18C5,20, 0x10A4,27, 0x18C5,13,
    0x18C5,14, 0x78E3,27, 0x18C5,23, 0x78E3,2, 0xFA28,27, 0x78E3,1, 0x18C5,22, 0x78E3,2,
    0xFA28,27, 0x78E3,1, 0x18C5,22, 0x78E3,2, 0xFA28,1, 0x28E3,24, 0xFA28,3, 0x78E3,3,
    0x18C5,19, 0x78E3,2, 0xFA28,1, 0x28E3,2, 0xFA28,4, 0x28E3,18, 0xFA28,5, 0x78E3,1,
    0x18C5,19, 0x78E3,2, 0xFA28,1, 0x28E3,2, 0xFA28,4, 0x28E3,18, 0xFA28,5, 0x78E3,1,
    0x18C5,19, 0x78E3,2, 0xFA28,1, 0x28E3,2, 0xFA28,4, 0x28E3,18, 0xFA28,5, 0x78E3,1,
    0x18C5,19, 0x78E3,2, 0xFA28,1, 0x28E3,2, 0xFA28,4, 0x28E3,18, 0xFA28,5, 0x78E3,1,
    0x18C5,19, 0x78E3,2, 0xFA28,1, 0x28E3,2, 0xFA28,4, 0x28E3,18, 0xFA28,5, 0x78E3,1,
    0x18C5,19, 0x78E3,2, 0xFA28,1, 0x28E3,24, 0xFA28,3, 0x78E3,3, 0x18C5,19, 0x78E3,2,
    0xFA28,27, 0x78E3,1, 0x18C5,22, 0x78E3,2, 0xFA28,27, 0x78E3,1, 0x18C5,24, 0x78E3,27,
    0x18C5,382, 0x28E5,1, 0x4124,35, 0x28E5,1, 0x18C5,15, 0x4124,1, 0x6984,35, 0x4124,1,
    0x18C5,15, 0x4124,1, 0x6984,1, 0xA9A6,1, 0xBB29,32, 0xA9A6,1, 0x4124,1, 0x18C5,15,
    0x4124,1, 0x6984,1, 0xBB29,1, 0xF572,4, 0xDC4D,27, 0xBB29,2, 0x4124,1, 0x18C5,15,
    0x4124,1, 0x6984,1, 0xBB29,1, 0xF572,1, 0xFE98,2, 0xF572,1, 0xDC4D,26, 0xBB29,2,
    0xA9A6,1, 0x4124,1, 0x18C5,15, 0x4124,1, 0x6984,1, 0xBB29,1, 0xF572,4, 0xDC4D,26,
    0xBB29,2, 0xA9A6,1, 0x4124,1, 0x18C5,10, 0x4124,5, 0x5144,1, 0x6984,1, 0xBB29,1,
    0xDC4D,30, 0xBB29,2, 0x6984,1, 0x5144,1, 0x4124,6, 0x18C5,4, 0x6984,7, 0xBB29,1,
    0xDC4D,30, 0xBB29,2, 0x6984,8, 0x18C5,2, 0x4125,2, 0xA9A6,1, 0xBB29,7, 0xDC4D,5,
    0x1882,3, 0xDC4D,15, 0x1882,3, 0xDC4D,4, 0xBB29,8, 0xA9A6,2, 0x4125,1, 0x18C5,1,
    0x6984,2, 0xA9A6,1, 0xDC4D,6, 0xBB29,1, 0xDC4D,5, 0x1882,3, 0xDC4D,15, 0x1882,3,
    0xDC4D,4, 0xBB29,2, 0xDC4D,6, 0xA9A6,2, 0x6984,1, 0x18C5,1, 0x6984,3, 0xBB29,2,
    0xDC4D,4, 0xBB29,1, 0xDC4D,30, 0xBB29,2, 0xDC4D,5, 0xBB29,1, 0x6984,3, 0x18C5,1,
    0x4125,3, 0xA9A6,2, 0xDC4D,4, 0xBB29,1, 0xDC4D,30, 0xBB29,2, 0xDC4D,5, 0xA9A6,1,
    0x4125,3, 0x18C5,4, 0x6984,2, 0xDC4D,4, 0xBB29,1, 0xDC4D,30, 0xBB29,2, 0xDC4D,5,
    0x6984,1, 0x18C5,7, 0x6984,2, 0xDC4D,4, 0xBB29,1, 0xDC4D,30, 0xBB29,2, 0xDC4D,5,
    0x6984,1, 0x18C5,4, 0x4125,3, 0xBB29,2, 0xDC4D,4, 0xBB29,1, 0xDC4D,30, 0xBB29,2,
    0xDC4D,5, 0xBB29,1, 0x4125,3, 0x18C5,1, 0x6984,2, 0xA9A6,1, 0xDC4D,2, 0xBB29,5,
    0xDC4D,1, 0xBB29,36, 0xDC4D,1, 0xA9A6,2, 0x6984,1, 0x18C5,1, 0x6984,2, 0xBB29,48,
    0x6984,1, 0x18C5,1, 0x4125,2, 0xA9A6,7, 0xBB29,33, 0xA9A6,8, 0x4125,1, 0x18C5,3,
    0x4124,5, 0x5144,1, 0x6984,1, 0xA9A6,1, 0xBB29,1, 0xA9A6,31, 0x6984,1, 0x5144,1,
    0x4124,6, 0x18C5,9, 0x4124,1, 0x6984,35, 0x4124,1, 0x18C5,15, 0x28E5,1, 0x4124,4,
    0xA9A6,2, 0x6984,1, 0x4124,3, 0xA9A6,2, 0x6984,1, 0x4124,9, 0xA9A6,2, 0x6984,1,
    0x4124,3, 0xA9A6,2, 0x6984,1, 0x4124,4, 0x28E5,1, 0x18C5,20, 0xA9A6,2, 0x6984,1,
    0x18C5,3, 0xA9A6,2, 0x6984,1, 0x18C5,9, 0xA9A6,2, 0x6984,1, 0x18C5,3, 0xA9A6,2,
    0x6984,1, 0x18C5,25, 0x6984,3, 0x18C5,3, 0x6984,3, 0x18C5,9, 0x6984,3, 0x18C5,3,
    0x6984,3, 0x18C5,21, 0x1084,4, 0x3904,3, 0x1084,3, 0x3904,3, 0x1084,9, 0x3904,3,
    0x1084,3, 0x3904,3, 0x1084,5, 0x18C5,16, 0x1084,36, 0x18C5,20, 0x10A4,27, 0x18C5,13,
    0x18C5,14, 0x78E3,27, 0x18C5,23, 0x78E3,2, 0xFA28,27, 0x78E3,1, 0x18C5,22, 0x78E3,2,
    0xFA28,27, 0x78E3,1, 0x18C5,22, 0x78E3,2, 0xFA28,1, 0x28E3,24, 0xFA28,3, 0x78E3,3,
    0x18C5,19, 0x78E3,2, 0xFA28,1, 0x28E3,2, 0xFA28,4, 0x28E3,18, 0xFA28,5, 0x78E3,1,
    0x18C5,19, 0x78E3,2, 0xFA28,1, 0x28E3,2, 0xFA28,4, 0x28E3,18, 0xFA28,5, 0x78E3,1,
    0x18C5,19, 0x78E3,2, 0xFA28,1, 0x28E3,2, 0xFA28,4, 0x28E3,18, 0xFA28,5, 0x78E3,1,
    0x18C5,19, 0x78E3,2, 0xFA28,1, 0x28E3,2, 0xFA28,4, 0x28E3,18, 0xFA28,5, 0x78E3,1,
    0x18C5,19, 0x78E3,2, 0xFA28,1, 0x28E3,2, 0xFA28,4, 0x28E3,18, 0xFA28,5, 0x78E3,1,
    0x18C5,19, 0x78E3,2, 0xFA28,1, 0x28E3,24, 0xFA28,3, 0x78E3,3, 0x18C5,19, 0x78E3,2,
    0xFA28,27, 0x78E3,1, 0x18C5,22, 0x78E3,2, 0xFA28,27, 0x78E3,1, 0x18C5,24, 0x78E3,27,
    0x18C5,486, 0x4124,1, 0x6984,35, 0x4124,1, 0x18C5,15, 0x4124,1, 0x6984,35, 0x4124,1,
    0x18C5,15, 0x4124,1, 0x6984,1, 0xBB29,1, 0xF572,30, 0xDC4D,2, 0xBB29,1, 0x4124,1,
    0x18C5,15, 0x4124,1, 0x6984,1, 0xBB29,1, 0xF572,1, 0xFE98,2, 0xF572,1, 0xDC4D,26,
    0xBB29,2, 0xA9A6,1, 0x4124,1, 0x18C5,15, 0x4124,1, 0x6984,1, 0xBB29,1, 0xF572,1,
    0xFE98,2, 0xF572,1, 0xDC4D,26, 0xBB29,2, 0xA9A6,1, 0x4124,1, 0x18C5,15, 0x4124,1,
    0x6984,1, 0xBB29,1, 0xDC4D,30, 0xBB29,2, 0xA9A6,1, 0x4124,1, 0x18C5,10, 0x6984,7,
    0xBB29,1, 0xDC4D,30, 0xBB29,2, 0x6984,8, 0x18C5,4, 0x6984,7, 0xBB29,1, 0xDC4D,5,
    0x6984,3, 0xDC4D,15, 0x6984,3, 0xDC4D,4, 0xBB29,2, 0x6984,8, 0x18C5,2, 0x6984,2,
    0xBB29,1, 0xF572,6, 0xBB29,1, 0xDC4D,5, 0x1882,3, 0xDC4D,15, 0x1882,3, 0xDC4D,4,
    0xBB29,2, 0xF572,6, 0xBB29,2, 0x6984,1, 0x18C5,1, 0x6984,3, 0xBB29,2, 0xDC4D,4,
    0xBB29,1, 0xDC4D,5, 0x6984,3, 0xDC4D,15, 0x6984,3, 0xDC4D,4, 0xBB29,2, 0xDC4D,5,
    0xBB29,1, 0x6984,3, 0x18C5,1, 0x6984,3, 0xBB29,2, 0xDC4D,4, 0xBB29,1, 0xDC4D,30,
    0xBB29,2, 0xDC4D,5, 0xBB29,1, 0x6984,3, 0x18C5,4, 0x6984,2, 0xDC4D,4, 0xBB29,1,
    0xDC4D,30, 0xBB29,2, 0xDC4D,5, 0x6984,1, 0x18C5,7, 0x6984,2, 0xDC4D,4, 0xBB29,1,
    0xDC4D,30, 0xBB29,2, 0xDC4D,5, 0x6984,1, 0x18C5,7, 0x6984,2, 0xDC4D,4, 0xBB29,1,
    0xDC4D,30, 0xBB29,2, 0xDC4D,5, 0x6984,1, 0x18C5,4, 0x6984,3, 0xF572,2, 0xDC4D,4,
    0xBB29,1, 0xDC4D,30, 0xBB29,2, 0xDC4D,5, 0xF572,1, 0x6984,3, 0x18C5,1, 0x6984,2,
    0xBB29,48, 0x6984,1, 0x18C5,1, 0x6984,2, 0xBB29,48, 0x6984,1, 0x18C5,3, 0x6984,7,
    0xBB29,33, 0x6984,8, 0x18C5,9, 0x4124,1, 0x6984,35, 0x4124,1, 0x18C5,15, 0x4124,1,
    0x6984,35, 0x4124,1, 0x18C5,20, 0x6984,3, 0x18C5,3, 0x6984,3, 0x18C5,9, 0x6984,3,
    0x18C5,3, 0x6984,3, 0x18C5,21, 0x1084,36, 0x18C5,16, 0x1084,36, 0x18C5,20, 0x10A4,27,
    0x18C5,13, 0x18C5,14, 0x78E3,27, 0x18C5,23, 0x78E3,2, 0xFA28,27, 0x78E3,1, 0x18C5,22,
    0x78E3,2, 0xFA28,27, 0x78E3,1, 0x18C5,22, 0x78E3,2, 0xFA28,1, 0x28E3,24, 0xFA28,3,
    0x78E3,3, 0x18C5,19, 0x78E3,2, 0xFA28,1, 0x28E3,2, 0xFA28,4, 0x28E3,18, 0xFA28,5,
    0x78E3,1, 0x18C5,19, 0x78E3,2, 0xFA28,1, 0x28E3,2, 0xFA28,4, 0x28E3,18, 0xFA28,5,
    0x78E3,1, 0x18C5,19, 0x78E3,2, 0xFA28,1, 0x28E3,2, 0xFA28,4, 0x28E3,18, 0xFA28,5,
    0x78E3,1, 0x18C5,19, 0x78E3,2, 0xFA28,1, 0x28E3,2, 0xFA28,4, 0x28E3,18, 0xFA28,5,
    0x78E3,1, 0x18C5,19, 0x78E3,2, 0xFA28,1, 0x28E3,2, 0xFA28,4, 0x28E3,18, 0xFA28,5,
    0x78E3,1, 0x18C5,19, 0x78E3,2, 0xFA28,1, 0x28E3,24, 0xFA28,3, 0x78E3,3, 0x18C5,19,
    0x78E3,2, 0xFA28,27, 0x78E3,1, 0x18C5,22, 0x78E3,2, 0xFA28,27, 0x78E3,1, 0x18C5,24,
    0x78E3,27, 0x18C5,486, 0x4124,1, 0x6984,35, 0x4124,1, 0x18C5,15, 0x4124,1, 0x6984,35,
    0x4124,1, 0x18C5,15, 0x4124,1, 0x6984,1, 0xBB29,1, 0xF572,30, 0xDC4D,2, 0xBB29,1,
    0x4124,1, 0x18C5,15, 0x4124,1, 0x6984,1, 0xBB29,1, 0xF572,1, 0xFE98,2, 0xF572,1,
    0xDC4D,26, 0xBB29,2, 0xA9A6,1, 0x4124,1, 0x18C5,15, 0x4124,1, 0x6984,1, 0xBB29,1,
    0xF572,1, 0xFE98,2, 0xF572,1, 0xDC4D,26, 0xBB29,2, 0xA9A6,1, 0x4124,1, 0x18C5,15,
    0x4124,1, 0x6984,1, 0xBB29,1, 0xDC4D,30, 0xBB29,2, 0xA9A6,1, 0x4124,1, 0x18C5,10,
    0x6984,7, 0xBB29,1, 0xDC4D,30, 0xBB29,2, 0x6984,8, 0x18C5,4, 0x6984,7, 0xBB29,1,
    0xDC4D,5, 0x6984,3, 0xDC4D,15, 0x6984,3, 0xDC4D,4, 0xBB29,2, 0x6984,8, 0x18C5,2,
    0x6984,2, 0xBB29,1, 0xF572,6, 0xBB29,1, 0xDC4D,5, 0x1882,3, 0xDC4D,15, 0x1882,3,
    0xDC4D,4, 0xBB29,2, 0xF572,6, 0xBB29,2, 0x6984,1, 0x18C5,1, 0x6984,3, 0xBB29,2,
    0xDC4D,4, 0xBB29,1, 0xDC4D,5, 0x6984,3, 0xDC4D,15, 0x6984,3, 0xDC4D,4, 0xBB29,2,
    0xDC4D,5, 0xBB29,1, 0x6984,3, 0x18C5,1, 0x6984,3, 0xBB29,2, 0xDC4D,4, 0xBB29,1,
    0xDC4D,30, 0xBB29,2, 0xDC4D,5, 0xBB29,1, 0x6984,3, 0x18C5,4, 0x6984,2, 0xDC4D,4,
    0xBB29,1, 0xDC4D,30, 0xBB29,2, 0xDC4D,5, 0x6984,1, 0x18C5,7, 0x6984,2, 0xDC4D,4,
    0xBB29,1, 0xDC4D,30, 0xBB29,2, 0xDC4D,5, 0x6984,1, 0x18C5,7, 0x6984,2, 0xDC4D,4,
    0xBB29,1, 0xDC4D,30, 0xBB29,2, 0xDC4D,5, 0x6984,1, 0x18C5,4, 0x6984,3, 0xF572,2,
    0xDC4D,4, 0xBB29,1, 0xDC4D,30, 0xBB29,2, 0xDC4D,5, 0xF572,1, 0x6984,3, 0x18C5,1,
    0x6984,2, 0xBB29,48, 0x6984,1, 0x18C5,1, 0x6984,2, 0xBB29,48, 0x6984,1, 0x18C5,3,
    0x6984,7, 0xBB29,33, 0x6984,8, 0x18C5,9, 0x4124,1, 0x6984,35, 0x4124,1, 0x18C5,15,
    0x4124,1, 0x6984,35, 0x4124,1, 0x18C5,20, 0x6984,3, 0x18C5,3, 0x6984,3, 0x18C5,9,
    0x6984,3, 0x18C5,3, 0x6984,3, 0x18C5,21, 0x1084,36, 0x18C5,16, 0x1084,36, 0x18C5,20,
    0x10A4,27, 0x18C5,13, 0x18C5,14, 0x78E3,27, 0x18C5,23, 0x78E3,2, 0xFA28,27, 0x78E3,1,
    0x18C5,22, 0x78E3,2, 0xFA28,27, 0x78E3,1, 0x18C5,22, 0x78E3,2, 0xFA28,1, 0x28E3,24,
    0xFA28,3, 0x78E3,3, 0x18C5,19, 0x78E3,2, 0xFA28,1, 0x28E3,2, 0xFA28,4, 0x28E3,18,
    0xFA28,5, 0x78E3,1, 0x18C5,19, 0x78E3,2, 0xFA28,1, 0x28E3,2, 0xFA28,4, 0x28E3,18,
    0xFA28,5, 0x78E3,1, 0x18C5,19, 0x78E3,2, 0xFA28,1, 0x28E3,2, 0xFA28,4, 0x28E3,18,
    0xFA28,5, 0x78E3,1, 0x18C5,19, 0x78E3,2, 0xFA28,1, 0x28E3,2, 0xFA28,4, 0x28E3,18,
    0xFA28,5, 0x78E3,1, 0x18C5,19, 0x78E3,2, 0xFA28,1, 0x28E3,2, 0xFA28,4, 0x28E3,18,
    0xFA28,5, 0x78E3,1, 0x18C5,19, 0x78E3,2, 0xFA28,1, 0x28E3,24, 0xFA28,3, 0x78E3,3,
    0x18C5,19, 0x78E3,2, 0xFA28,27, 0x78E3,1, 0x18C5,22, 0x78E3,2, 0xFA28,27, 0x78E3,1,
    0x18C5,24, 0x78E3,27, 0x18C5,486, 0x4124,1, 0x6984,35, 0x4124,1, 0x18C5,15, 0x4124,1,
    0x6984,35, 0x4124,1, 0x18C5,15, 0x4124,1, 0x6984,1, 0xBB29,1, 0xF572,30, 0xDC4D,2,
    0xBB29,1, 0x4124,1, 0x18C5,15, 0x4124,1, 0x6984,1, 0xBB29,1, 0xF572,1, 0xFE98,2,
    0xF572,1, 0xDC4D,26, 0xBB29,2, 0xA9A6,1, 0x4124,1, 0x18C5,15, 0x4124,1, 0x6984,1,
    0xBB29,1, 0xF572,1, 0xFE98,2, 0xF572,1, 0xDC4D,26, 0xBB29,2, 0xA9A6,1, 0x4124,1,
    0x18C5,15, 0x4124,1, 0x6984,1, 0xBB29,1, 0xDC4D,30, 0xBB29,2, 0xA9A6,1, 0x4124,1,
    0x18C5,10, 0x6984,7, 0xBB29,1, 0xDC4D,30, 0xBB29,2, 0x6984,8, 0x18C5,4, 0x6984,7,
    0xBB29,1, 0xDC4D,5, 0x6984,3, 0xDC4D,15, 0x6984,3, 0xDC4D,4, 0xBB29,2, 0x6984,8,
    0x18C5,2, 0x6984,2, 0xBB29,1, 0xF572,6, 0xBB29,1, 0xDC4D,5, 0x1882,3, 0xDC4D,15,
    0x1882,3, 0xDC4D,4, 0xBB29,2, 0xF572,6, 0xBB29,2, 0x6984,1, 0x18C5,1, 0x6984,3,
    0xBB29,2, 0xDC4D,4, 0xBB29,1, 0xDC4D,5, 0x6984,3, 0xDC4D,15, 0x6984,3, 0xDC4D,4,
    0xBB29,2, 0xDC4D,5, 0xBB29,1, 0x6984,3, 0x18C5,1, 0x6984,3, 0xBB29,2, 0xDC4D,4,
    0xBB29,1, 0xDC4D,30, 0xBB29,2, 0xDC4D,5, 0xBB29,1, 0x6984,3, 0x18C5,4, 0x6984,2,
    0xDC4D,4, 0xBB29,1, 0xDC4D,30, 0xBB29,2, 0xDC4D,5, 0x6984,1, 0x18C5,7, 0x6984,2,
    0xDC4D,4, 0xBB29,1, 0xDC4D,30, 0xBB29,2, 0xDC4D,5, 0x6984,1, 0x18C5,7, 0x6984,2,
    0xDC4D,4, 0xBB29,1, 0xDC4D,30, 0xBB29,2, 0xDC4D,5, 0x6984,1, 0x18C5,4, 0x6984,3,
    0xF572,2, 0xDC4D,4, 0xBB29,1, 0xDC4D,30, 0xBB29,2, 0xDC4D,5, 0xF572,1, 0x6984,3,
    0x18C5,1, 0x6984,2, 0xBB29,48, 0x6984,1, 0x18C5,1, 0x6984,2, 0xBB29,48, 0x6984,1,
    0x18C5,3, 0x6984,7, 0xBB29,33, 0x6984,8, 0x18C5,9, 0x4124,1, 0x6984,35, 0x4124,1,
    0x18C5,15, 0x4124,1, 0x6984,35, 0x4124,1, 0x18C5,20, 0x6984,3, 0x18C5,3, 0x6984,3,
    0x18C5,9, 0x6984,3, 0x18C5,3, 0x6984,3, 0x18C5,21, 0x1084,36, 0x18C5,16, 0x1084,36,
    0x18C5,20, 0x10A4,27, 0x18C5,13, 0x18C5,14, 0x78E3,27, 0x18C5,23, 0x78E3,2, 0xFA28,27,
    0x78E3,1, 0x18C5,22, 0x78E3,2, 0xFA28,27, 0x78E3,1, 0x18C5,22, 0x78E3,2, 0xFA28,1,
    0x28E3,24, 0xFA28,3, 0x78E3,3, 0x18C5,19, 0x78E3,2, 0xFA28,1, 0x28E3,2, 0xFA28,4,
    0x28E3,18, 0xFA28,5, 0x78E3,1, 0x18C5,19, 0x78E3,2, 0xFA28,1, 0x28E3,2, 0xFA28,4,
    0x28E3,18, 0xFA28,5, 0x78E3,1, 0x18C5,19, 0x78E3,2, 0xFA28,1, 0x28E3,2, 0xFA28,4,
    0x28E3,18, 0xFA28,5, 0x78E3,1, 0x18C5,19, 0x78E3,2, 0xFA28,1, 0x28E3,2, 0xFA28,4,
    0x28E3,18, 0xFA28,5, 0x78E3,1, 0x18C5,19, 0x78E3,2, 0xFA28,1, 0x28E3,2, 0xFA28,4,
    0x28E3,18, 0xFA28,5, 0x78E3,1, 0x18C5,19, 0x78E3,2, 0xFA28,1, 0x28E3,24, 0xFA28,3,
    0x78E3,3, 0x18C5,19, 0x78E3,2, 0xFA28,27, 0x78E3,1, 0x18C5,22, 0x78E3,2, 0xFA28,27,
    0x78E3,1, 0x18C5,24, 0x78E3,27, 0x18C5,486, 0x4124,1, 0x6984,35, 0x4124,1, 0x18C5,15,
    0x4124,1, 0x6984,35, 0x4124,1, 0x18C5,15, 0x4124,1, 0x6984,1, 0xBB29,1, 0xF572,30,
    0xDC4D,2, 0xBB29,1, 0x4124,1, 0x18C5,15, 0x4124,1, 0x6984,1, 0xBB29,1, 0xF572,1,
    0xFE98,2, 0xF572,1, 0xDC4D,26, 0xBB29,2, 0xA9A6,1, 0x4124,1, 0x18C5,15, 0x4124,1,
    0x6984,1, 0xBB29,1, 0xF572,1, 0xFE98,2, 0xF572,1, 0xDC4D,26, 0xBB29,2, 0xA9A6,1,
    0x4124,1, 0x18C5,15, 0x4124,1, 0x6984,1, 0xBB29,1, 0xDC4D,30, 0xBB29,2, 0xA9A6,1,
    0x4124,1, 0x18C5,10, 0x6984,7, 0xBB29,1, 0xDC4D,30, 0xBB29,2, 0x6984,8, 0x18C5,4,
    0x6984,7, 0xBB29,1, 0xDC4D,5, 0x6984,3, 0xDC4D,15, 0x6984,3, 0xDC4D,4, 0xBB29,2,
    0x6984,8, 0x18C5,2, 0x6984,2, 0xBB29,1, 0xF572,6, 0xBB29,1, 0xDC4D,5, 0x1882,3,
    0xDC4D,15, 0x1882,3, 0xDC4D,4, 0xBB29,2, 0xF572,6, 0xBB29,2, 0x6984,1, 0x18C5,1,
    0x6984,3, 0xBB29,2, 0xDC4D,4, 0xBB29,1, 0xDC4D,5, 0x6984,3, 0xDC4D,15, 0x6984,3,
    0xDC4D,4, 0xBB29,2, 0xDC4D,5, 0xBB29,1, 0x6984,3, 0x18C5,1, 0x6984,3, 0xBB29,2,
    0xDC4D,4, 0xBB29,1, 0xDC4D,30, 0xBB29,2, 0xDC4D,5, 0xBB29,1, 0x6984,3, 0x18C5,4,
    0x6984,2, 0xDC4D,4, 0xBB29,1, 0xDC4D,30, 0xBB29,2, 0xDC4D,5, 0x6984,1, 0x18C5,7,
    0x6984,2, 0xDC4D,4, 0xBB29,1, 0xDC4D,30, 0xBB29,2, 0xDC4D,5, 0x6984,1, 0x18C5,7,
    0x6984,2, 0xDC4D,4, 0xBB29,1, 0xDC4D,30, 0xBB29,2, 0xDC4D,5, 0x6984,1, 0x18C5,4,
    0x6984,3, 0xF572,2, 0xDC4D,4, 0xBB29,1, 0xDC4D,30, 0xBB29,2, 0xDC4D,5, 0xF572,1,
    0x6984,3, 0x18C5,1, 0x6984,2, 0xBB29,48, 0x6984,1, 0x18C5,1, 0x6984,2, 0xBB29,48,
    0x6984,1, 0x18C5,3, 0x6984,7, 0xBB29,33, 0x6984,8, 0x18C5,9, 0x4124,1, 0x6984,35,
    0x4124,1, 0x18C5,15, 0x4124,1, 0x6984,35, 0x4124,1, 0x18C5,20, 0x6984,3, 0x18C5,3,
    0x6984,3, 0x18C5,9, 0x6984,3, 0x18C5,3, 0x6984,3, 0x18C5,21, 0x1084,36, 0x18C5,16,
    0x1084,36, 0x18C5,20, 0x10A4,27, 0x18C5,13, 0x18C5,14, 0x78E3,27, 0x18C5,23, 0x78E3,2,
    0xFA28,27, 0x78E3,1, 0x18C5,22, 0x78E3,2, 0xFA28,27, 0x78E3,1, 0x18C5,22, 0x78E3,2,
    0xFA28,1, 0x28E3,24, 0xFA28,3, 0x78E3,3, 0x18C5,19, 0x78E3,2, 0xFA28,1, 0x28E3,2,
    0xFA28,4, 0x28E3,18, 0xFA28,5, 0x78E3,1, 0x18C5,19, 0x78E3,2, 0xFA28,1, 0x28E3,2,
    0xFA28,4, 0x28E3,18, 0xFA28,5, 0x78E3,1, 0x18C5,19, 0x78E3,2, 0xFA28,1, 0x28E3,2,
    0xFA28,4, 0x28E3,18, 0xFA28,5, 0x78E3,1, 0x18C5,19, 0x78E3,2, 0xFA28,1, 0x28E3,2,
    0xFA28,4, 0x28E3,18, 0xFA28,5, 0x78E3,1, 0x18C5,19, 0x78E3,2, 0xFA28,1, 0x28E3,2,
    0xFA28,4, 0x28E3,18, 0xFA28,5, 0x78E3,1, 0x18C5,19, 0x78E3,2, 0xFA28,1, 0x28E3,24,
    0xFA28,3, 0x78E3,3, 0x18C5,19, 0x78E3,2, 0xFA28,27, 0x78E3,1, 0x18C5,22, 0x78E3,2,
    0xFA28,27, 0x78E3,1, 0x18C5,24, 0x78E3,27, 0x18C5,486, 0x4124,1, 0x6984,35, 0x4124,1,
    0x18C5,15, 0x4124,1, 0x6984,35, 0x4124,1, 0x18C5,15, 0x4124,1, 0x6984,1, 0xBB29,1,
    0xF572,30, 0xDC4D,2, 0xBB29,1, 0x4124,1, 0x18C5,15, 0x4124,1, 0x6984,1, 0xBB29,1,
    0xF572,1, 0xFE98,2, 0xF572,1, 0xDC4D,26, 0xBB29,2, 0xA9A6,1, 0x4124,1, 0x18C5,15,
    0x4124,1, 0x6984,1, 0xBB29,1, 0xF572,1, 0xFE98,2, 0xF572,1, 0xDC4D,26, 0xBB29,2,
    0xA9A6,1, 0x4124,1, 0x18C5,15, 0x4124,1, 0x6984,1, 0xBB29,1, 0xDC4D,30, 0xBB29,2,
    0xA9A6,1, 0x4124,1, 0x18C5,10, 0x6984,7, 0xBB29,1, 0xDC4D,30, 0xBB29,2, 0x6984,8,
    0x18C5,4, 0x6984,7, 0xBB29,1, 0xDC4D,5, 0x6984,3, 0xDC4D,15, 0x6984,3, 0xDC4D,4,
    0xBB29,2, 0x6984,8, 0x18C5,2, 0x6984,2, 0xBB29,1, 0xF572,6, 0xBB29,1, 0xDC4D,5,
    0x1882,3, 0xDC4D,15, 0x1882,3, 0xDC4D,4, 0xBB29,2, 0xF572,6, 0xBB29,2, 0x6984,1,
    0x18C5,1, 0x6984,3, 0xBB29,2, 0xDC4D,4, 0xBB29,1, 0xDC4D,5, 0x6984,3, 0xDC4D,15,
    0x6984,3, 0xDC4D,4, 0xBB29,2, 0xDC4D,5, 0xBB29,1, 0x6984,3, 0x18C5,1, 0x6984,3,
    0xBB29,2, 0xDC4D,4, 0xBB29,1, 0xDC4D,30, 0xBB29,2, 0xDC4D,5, 0xBB29,1, 0x6984,3,
    0x18C5,4, 0x6984,2, 0xDC4D,4, 0xBB29,1, 0xDC4D,30, 0xBB29,2, 0xDC4D,5, 0x6984,1,
    0x18C5,7, 0x6984,2, 0xDC4D,4, 0xBB29,1, 0xDC4D,30, 0xBB29,2, 0xDC4D,5, 0x6984,1,
    0x18C5,7, 0x6984,2, 0xDC4D,4, 0xBB29,1, 0xDC4D,30, 0xBB29,2, 0xDC4D,5, 0x6984,1,
    0x18C5,4, 0x6984,3, 0xF572,2, 0xDC4D,4, 0xBB29,1, 0xDC4D,30, 0xBB29,2, 0xDC4D,5,
    0xF572,1, 0x6984,3, 0x18C5,1, 0x6984,2, 0xBB29,48, 0x6984,1, 0x18C5,1, 0x6984,2,
    0xBB29,48, 0x6984,1, 0x18C5,3, 0x6984,7, 0xBB29,33, 0x6984,8, 0x18C5,9, 0x4124,1,
    0x6984,35, 0x4124,1, 0x18C5,15, 0x4124,1, 0x6984,35, 0x4124,1, 0x18C5,20, 0x6984,3,
    0x18C5,3, 0x6984,3, 0x18C5,9, 0x6984,3, 0x18C5,3, 0x6984,3, 0x18C5,21, 0x1084,36,
    0x18C5,16, 0x1084,36, 0x18C5,20, 0x10A4,27, 0x18C5,13, 0x18C5,14, 0x78E3,27, 0x18C5,23,
    0x78E3,2, 0xFA28,27, 0x78E3,1, 0x18C5,22, 0x78E3,2, 0xFA28,27, 0x78E3,1, 0x18C5,22,
    0x78E3,2, 0xFA28,1, 0x28E3,24, 0xFA28,3, 0x78E3,3, 0x18C5,19, 0x78E3,2, 0xFA28,1,
    0x28E3,2, 0xFA28,4, 0x28E3,18, 0xFA28,5, 0x78E3,1, 0x18C5,19, 0x78E3,2, 0xFA28,1,
    0x28E3,2, 0xFA28,4, 0x28E3,18, 0xFA28,5, 0x78E3,1, 0x18C5,19, 0x78E3,2, 0xFA28,1,
    0x28E3,2, 0xFA28,4, 0x28E3,18, 0xFA28,5, 0x78E3,1, 0x18C5,19, 0x78E3,2, 0xFA28,1,
    0x28E3,2, 0xFA28,4, 0x28E3,18, 0xFA28,5, 0x78E3,1, 0x18C5,19, 0x78E3,2, 0xFA28,1,
    0x28E3,2, 0xFA28,4, 0x28E3,18, 0xFA28,5, 0x78E3,1, 0x18C5,19, 0x78E3,2, 0xFA28,1,
    0x28E3,24, 0xFA28,3, 0x78E3,3, 0x18C5,19, 0x78E3,2, 0xFA28,27, 0x78E3,1, 0x18C5,22,
    0x78E3,2, 0xFA28,27, 0x78E3,1, 0x18C5,24, 0x78E3,27, 0x18C5,538, 0x28E5,1, 0x4124,35,
    0x28E5,1, 0x18C5,15, 0x4124,1, 0x6984,35, 0x4124,1, 0x18C5,15, 0x4124,1, 0x6984,1,
    0xA9A6,1, 0xBB29,32, 0xA9A6,1, 0x4124,1, 0x18C5,15, 0x4124,1, 0x6984,1, 0xBB29,1,
    0xF572,4, 0xDC4D,27, 0xBB29,2, 0x4124,1, 0x18C5,15, 0x4124,1, 0x6984,1, 0xBB29,1,
    0xF572,1, 0xFE98,2, 0xF572,1, 0xDC4D,26, 0xBB29,2, 0xA9A6,1, 0x4124,1, 0x18C5,15,
    0x4124,1, 0x6984,1, 0xBB29,1, 0xF572,4, 0xDC4D,26, 0xBB29,2, 0xA9A6,1, 0x4124,1,
    0x18C5,10, 0x4124,5, 0x5144,1, 0x6984,1, 0xBB29,1, 0xDC4D,30, 0xBB29,2, 0x6984,1,
    0x5144,1, 0x4124,6, 0x18C5,4, 0x6984,7, 0xBB29,1, 0xDC4D,30, 0xBB29,2, 0x6984,8,
    0x18C5,2, 0x4125,2, 0xA9A6,1, 0xBB29,7, 0xDC4D,5, 0x1882,3, 0xDC4D,15, 0x1882,3,
    0xDC4D,4, 0xBB29,8, 0xA9A6,2, 0x4125,1, 0x18C5,1, 0x6984,2, 0xA9A6,1, 0xDC4D,6,
    0xBB29,1, 0xDC4D,5, 0x1882,3, 0xDC4D,15, 0x1882,3, 0xDC4D,4, 0xBB29,2, 0xDC4D,6,
    0xA9A6,2, 0x6984,1, 0x18C5,1, 0x6984,3, 0xBB29,2, 0xDC4D,4, 0xBB29,1, 0xDC4D,30,
    0xBB29,2, 0xDC4D,5, 0xBB29,1, 0x6984,3, 0x18C5,1, 0x4125,3, 0xA9A6,2, 0xDC4D,4,
    0xBB29,1, 0xDC4D,30, 0xBB29,2, 0xDC4D,5, 0xA9A6,1, 0x4125,3, 0x18C5,4, 0x6984,2,
    0xDC4D,4, 0xBB29,1, 0xDC4D,30, 0xBB29,2, 0xDC4D,5, 0x6984,1, 0x18C5,7, 0x6984,2,
    0xDC4D,4, 0xBB29,1, 0xDC4D,30, 0xBB29,2, 0xDC4D,5, 0x6984,1, 0x18C5,4, 0x4125,3,
    0xBB29,2, 0xDC4D,4, 0xBB29,1, 0xDC4D,30, 0xBB29,2, 0xDC4D,5, 0xBB29,1, 0x4125,3,
    0x18C5,1, 0x6984,2, 0xA9A6,1, 0xDC4D,2, 0xBB29,5, 0xDC4D,1, 0xBB29,36, 0xDC4D,1,
    0xA9A6,2, 0x6984,1, 0x18C5,1, 0x6984,2, 0xBB29,48, 0x6984,1, 0x18C5,1, 0x4125,2,
    0xA9A6,7, 0xBB29,33, 0xA9A6,8, 0x4125,1, 0x18C5,3, 0x4124,5, 0x5144,1, 0x6984,1,
    0xA9A6,1, 0xBB29,1, 0xA9A6,31, 0x6984,1, 0x5144,1, 0x4124,6, 0x18C5,9, 0x4124,1,
    0x6984,35, 0x4124,1, 0x18C5,15, 0x28E5,1, 0x3904,35, 0x28C4,1, 0x18C5,16, 0x1084,36,
    0x18C5,20, 0x10A4,27, 0x18C5,13, 0x18C5,14, 0x78E3,27, 0x18C5,23, 0x78E3,2, 0xFA28,27,
    0x78E3,1, 0x18C5,22, 0x78E3,2, 0xFA28,27, 0x78E3,1, 0x18C5,22, 0x78E3,2, 0xFA28,1,
    0x28E3,24, 0xFA28,3, 0x78E3,3, 0x18C5,19, 0x78E3,2, 0xFA28,1, 0x28E3,2, 0xFA28,4,
    0x28E3,18, 0xFA28,5, 0x78E3,1, 0x18C5,19, 0x78E3,2, 0xFA28,1, 0x28E3,2, 0xFA28,4,
    0x28E3,18, 0xFA28,5, 0x78E3,1, 0x18C5,19, 0x78E3,2, 0xFA28,1, 0x28E3,2, 0xFA28,4,
    0x28E3,18, 0xFA28,5, 0x78E3,1, 0x18C5,19, 0x78E3,2, 0xFA28,1, 0x28E3,2, 0xFA28,4,
    0x28E3,18, 0xFA28,5, 0x78E3,1, 0x18C5,19, 0x78E3,2, 0xFA28,1, 0x28E3,2, 0xFA28,4,
    0x28E3,18, 0xFA28,5, 0x78E3,1, 0x18C5,19, 0x78E3,2, 0xFA28,1, 0x28E3,24, 0xFA28,3,
    0x78E3,3, 0x18C5,19, 0x78E3,2, 0xFA28,27, 0x78E3,1, 0x18C5,22, 0x78E3,2, 0xFA28,27,
    0x78E3,1, 0x18C5,24, 0x78E3,27, 0x18C5,538, 0x28E5,1, 0x4124,35, 0x28E5,1, 0x18C5,15,
    0x4124,1, 0x6984,35, 0x4124,1, 0x18C5,15, 0x4124,1, 0x6984,1, 0xA9A6,1, 0xBB29,32,
    0xA9A6,1, 0x4124,1, 0x18C5,15, 0x4124,1, 0x6984,1, 0xBB29,1, 0xF572,4, 0xDC4D,27,
    0xBB29,2, 0x4124,1, 0x18C5,15, 0x4124,1, 0x6984,1, 0xBB29,1, 0xF572,1, 0xFE98,2,
    0xF572,1, 0xDC4D,26, 0xBB29,2, 0xA9A6,1, 0x4124,1, 0x18C5,15, 0x4124,1, 0x6984,1,
    0xBB29,1, 0xF572,4, 0xDC4D,26, 0xBB29,2, 0xA9A6,1, 0x4124,1, 0x18C5,10, 0x4124,5,
    0x5144,1, 0x6984,1, 0xBB29,1, 0xDC4D,30, 0xBB29,2, 0x6984,1, 0x5144,1, 0x4124,6,
    0x18C5,4, 0x6984,7, 0xBB29,1, 0xDC4D,30, 0xBB29,2, 0x6984,8, 0x18C5,2, 0x4125,2,
    0xA9A6,1, 0xBB29,7, 0xDC4D,5, 0x1882,3, 0xDC4D,15, 0x1882,3, 0xDC4D,4, 0xBB29,8,
    0xA9A6,2, 0x4125,1, 0x18C5,1, 0x6984,2, 0xA9A6,1, 0xDC4D,6, 0xBB29,1, 0xDC4D,5,
    0x1882,3, 0xDC4D,15, 0x1882,3, 0xDC4D,4, 0xBB29,2, 0xDC4D,6, 0xA9A6,2, 0x6984,1,
    0x18C5,1, 0x6984,3, 0xBB29,2, 0xDC4D,4, 0xBB29,1, 0xDC4D,30, 0xBB29,2, 0xDC4D,5,
    0xBB29,1, 0x6984,3, 0x18C5,1, 0x4125,3, 0xA9A6,2, 0xDC4D,4, 0xBB29,1, 0xDC4D,30,
    0xBB29,2, 0xDC4D,5, 0xA9A6,1, 0x4125,3, 0x18C5,4, 0x6984,2, 0xDC4D,4, 0xBB29,1,
    0xDC4D,30, 0xBB29,2, 0xDC4D,5, 0x6984,1, 0x18C5,7, 0x6984,2, 0xDC4D,4, 0xBB29,1,
    0xDC4D,30, 0xBB29,2, 0xDC4D,5, 0x6984,1, 0x18C5,4, 0x4125,3, 0xBB29,2, 0xDC4D,4,
    0xBB29,1, 0xDC4D,30, 0xBB29,2, 0xDC4D,5, 0xBB29,1, 0x4125,3, 0x18C5,1, 0x6984,2,
    0xA9A6,1, 0xDC4D,2, 0xBB29,5, 0xDC4D,1, 0xBB29,36, 0xDC4D,1, 0xA9A6,2, 0x6984,1,
    0x18C5,1, 0x6984,2, 0xBB29,48, 0x6984,1, 0x18C5,1, 0x4125,2, 0xA9A6,7, 0xBB29,33,
    0xA9A6,8, 0x4125,1, 0x18C5,3, 0x4124,5, 0x5144,1, 0x6984,1, 0xA9A6,1, 0xBB29,1,
    0xA9A6,31, 0x6984,1, 0x5144,1, 0x4124,6, 0x18C5,9, 0x4124,1, 0x6984,35, 0x4124,1,
    0x18C5,15, 0x28E5,1, 0x3904,35, 0x28C4,1, 0x18C5,16, 0x1084,36, 0x18C5,20, 0x10A4,27,
    0x18C5,13, 0x18C5,14, 0x78E3,27, 0x18C5,23, 0x78E3,2, 0xFA28,27, 0x78E3,1, 0x18C5,22,
    0x78E3,2, 0xFA28,27, 0x78E3,1, 0x18C5,22, 0x78E3,2, 0xFA28,1, 0x28E3,24, 0xFA28,3,
    0x78E3,3, 0x18C5,19, 0x78E3,2, 0xFA28,1, 0x28E3,2, 0xFA28,4, 0x28E3,18, 0xFA28,5,
    0x78E3,1, 0x18C5,19, 0x78E3,2, 0xFA28,1, 0x28E3,2, 0xFA28,4, 0x28E3,18, 0xFA28,5,
    0x78E3,1, 0x18C5,19, 0x78E3,2, 0xFA28,1, 0x28E3,2, 0xFA28,4, 0x28E3,18, 0xFA28,5,
    0x78E3,1, 0x18C5,19, 0x78E3,2, 0xFA28,1, 0x28E3,2, 0xFA28,4, 0x28E3,18, 0xFA28,5,
    0x78E3,1, 0x18C5,19, 0x78E3,2, 0xFA28,1, 0x28E3,2, 0xFA28,4, 0x28E3,18, 0xFA28,5,
    0x78E3,1, 0x18C5,19, 0x78E3,2, 0xFA28,1, 0x28E3,24, 0xFA28,3, 0x78E3,3, 0x18C5,19,
    0x78E3,2, 0xFA28,27, 0x78E3,1, 0x18C5,22, 0x78E3,2, 0xFA28,27, 0x78E3,1, 0x18C5,24,
    0x78E3,27, 0x18C5,538, 0x28E5,1, 0x4124,35, 0x28E5,1, 0x18C5,15, 0x4124,1, 0x6984,35,
    0x4124,1, 0x18C5,15, 0x4124,1, 0x6984,1, 0xA9A6,1, 0xBB29,32, 0xA9A6,1, 0x4124,1,
    0x18C5,15, 0x4124,1, 0x6984,1, 0xBB29,1, 0xF572,4, 0xDC4D,27, 0xBB29,2, 0x4124,1,
    0x18C5,15, 0x4124,1, 0x6984,1, 0xBB29,1, 0xF572,1, 0xFE98,2, 0xF572,1, 0xDC4D,26,
    0xBB29,2, 0xA9A6,1, 0x4124,1, 0x18C5,15, 0x4124,1, 0x6984,1, 0xBB29,1, 0xF572,4,
    0xDC4D,26, 0xBB29,2, 0xA9A6,1, 0x4124,1, 0x18C5,10, 0x4124,5, 0x5144,1, 0x6984,1,
    0xBB29,1, 0xDC4D,30, 0xBB29,2, 0x6984,1, 0x5144,1, 0x4124,6, 0x18C5,4, 0x6984,7,
    0xBB29,1, 0xDC4D,30, 0xBB29,2, 0x6984,8, 0x18C5,2, 0x4125,2, 0xA9A6,1, 0xBB29,7,
    0xDC4D,5, 0x1882,3, 0xDC4D,15, 0x1882,3, 0xDC4D,4, 0xBB29,8, 0xA9A6,2, 0x4125,1,
    0x18C5,1, 0x6984,2, 0xA9A6,1, 0xDC4D,6, 0xBB29,1, 0xDC4D,5, 0x1882,3, 0xDC4D,15,
    0x1882,3, 0xDC4D,4, 0xBB29,2, 0xDC4D,6, 0xA9A6,2, 0x6984,1, 0x18C5,1, 0x6984,3,
    0xBB29,2, 0xDC4D,4, 0xBB29,1, 0xDC4D,30, 0xBB29,2, 0xDC4D,5, 0xBB29,1, 0x6984,3,
    0x18C5,1, 0x4125,3, 0xA9A6,2, 0xDC4D,4, 0xBB29,1, 0xDC4D,30, 0xBB29,2, 0xDC4D,5,
    0xA9A6,1, 0x4125,3, 0x18C5,4, 0x6984,2, 0xDC4D,4, 0xBB29,1, 0xDC4D,30, 0xBB29,2,
    0xDC4D,5, 0x6984,1, 0x18C5,7, 0x6984,2, 0xDC4D,4, 0xBB29,1, 0xDC4D,30, 0xBB29,2,
    0xDC4D,5, 0x6984,1, 0x18C5,4, 0x4125,3, 0xBB29,2, 0xDC4D,4, 0xBB29,1, 0xDC4D,30,
    0xBB29,2, 0xDC4D,5, 0xBB29,1, 0x4125,3, 0x18C5,1, 0x6984,2, 0xA9A6,1, 0xDC4D,2,
    0xBB29,5, 0xDC4D,1, 0xBB29,36, 0xDC4D,1, 0xA9A6,2, 0x6984,1, 0x18C5,1, 0x6984,2,
    0xBB29,48, 0x6984,1, 0x18C5,1, 0x4125,2, 0xA9A6,7, 0xBB29,33, 0xA9A6,8, 0x4125,1,
    0x18C5,3, 0x4124,5, 0x5144,1, 0x6984,1, 0xA9A6,1, 0xBB29,1, 0xA9A6,31, 0x6984,1,
    0x5144,1, 0x4124,6, 0x18C5,9, 0x4124,1, 0x6984,35, 0x4124,1, 0x18C5,15, 0x28E5,1,
    0x3904,35, 0x28C4,1, 0x18C5,16, 0x1084,36, 0x18C5,20, 0x10A4,27, 0x18C5,13, 0x18C5,14,
    0x78E3,27, 0x18C5,23, 0x78E3,2, 0xFA28,27, 0x78E3,1, 0x18C5,22, 0x78E3,2, 0xFA28,27,
    0x78E3,1, 0x18C5,22, 0x78E3,2, 0xFA28,1, 0x28E3,24, 0xFA28,3, 0x78E3,3, 0x18C5,19,
    0x78E3,2, 0xFA28,1, 0x28E3,2, 0xFA28,4, 0x28E3,18, 0xFA28,5, 0x78E3,1, 0x18C5,19,
    0x78E3,2, 0xFA28,1, 0x28E3,2, 0xFA28,4, 0x28E3,18, 0xFA28,5, 0x78E3,1, 0x18C5,19,
    0x78E3,2, 0xFA28,1, 0x28E3,2, 0xFA28,4, 0x28E3,18, 0xFA28,5, 0x78E3,1, 0x18C5,19,
    0x78E3,2, 0xFA28,1, 0x28E3,2, 0xFA28,4, 0x28E3,18, 0xFA28,5, 0x78E3,1, 0x18C5,19,
    0x78E3,2, 0xFA28,1, 0x28E3,2, 0xFA28,4, 0x28E3,18, 0xFA28,5, 0x78E3,1, 0x18C5,19,
    0x78E3,2, 0xFA28,1, 0x28E3,24, 0xFA28,3, 0x78E3,3, 0x18C5,19, 0x78E3,2, 0xFA28,27,
    0x78E3,1, 0x18C5,22, 0x78E3,2, 0xFA28,27, 0x78E3,1, 0x18C5,24, 0x78E3,27, 0x18C5,538,
    0x28E5,1, 0x4124,35, 0x28E5,1, 0x18C5,15, 0x4124,1, 0x6984,35, 0x4124,1, 0x18C5,15,
    0x4124,1, 0x6984,1, 0xA9A6,1, 0xBB29,32, 0xA9A6,1, 0x4124,1, 0x18C5,15, 0x4124,1,
    0x6984,1, 0xBB29,1, 0xF572,4, 0xDC4D,27, 0xBB29,2, 0x4124,1, 0x18C5,15, 0x4124,1,
    0x6984,1, 0xBB29,1, 0xF572,1, 0xFE98,2, 0xF572,1, 0xDC4D,26, 0xBB29,2, 0xA9A6,1,
    0x4124,1, 0x18C5,15, 0x4124,1, 0x6984,1, 0xBB29,1, 0xF572,4, 0xDC4D,26, 0xBB29,2,
    0xA9A6,1, 0x4124,1, 0x18C5,10, 0x4124,5, 0x5144,1, 0x6984,1, 0xBB29,1, 0xDC4D,30,
    0xBB29,2, 0x6984,1, 0x5144,1, 0x4124,6, 0x18C5,4, 0x6984,7, 0xBB29,1, 0xDC4D,30,
    0xBB29,2, 0x6984,8, 0x18C5,2, 0x4125,2, 0xA9A6,1, 0xBB29,7, 0xDC4D,5, 0x1882,3,
    0xDC4D,15, 0x1882,3, 0xDC4D,4, 0xBB29,8, 0xA9A6,2, 0x4125,1, 0x18C5,1, 0x6984,2,
    0xA9A6,1, 0xDC4D,6, 0xBB29,1, 0xDC4D,5, 0x1882,3, 0xDC4D,15, 0x1882,3, 0xDC4D,4,
    0xBB29,2, 0xDC4D,6, 0xA9A6,2, 0x6984,1, 0x18C5,1, 0x6984,3, 0xBB29,2, 0xDC4D,4,
    0xBB29,1, 0xDC4D,30, 0xBB29,2, 0xDC4D,5, 0xBB29,1, 0x6984,3, 0x18C5,1, 0x4125,3,
    0xA9A6,2, 0xDC4D,4, 0xBB29,1, 0xDC4D,30, 0xBB29,2, 0xDC4D,5, 0xA9A6,1, 0x4125,3,
    0x18C5,4, 0x6984,2, 0xDC4D,4, 0xBB29,1, 0xDC4D,30, 0xBB29,2, 0xDC4D,5, 0x6984,1,
    0x18C5,7, 0x6984,2, 0xDC4D,4, 0xBB29,1, 0xDC4D,30, 0xBB29,2, 0xDC4D,5, 0x6984,1,
    0x18C5,4, 0x4125,3, 0xBB29,2, 0xDC4D,4, 0xBB29,1, 0xDC4D,30, 0xBB29,2, 0xDC4D,5,
    0xBB29,1, 0x4125,3, 0x18C5,1, 0x6984,2, 0xA9A6,1, 0xDC4D,2, 0xBB29,5, 0xDC4D,1,
    0xBB29,36, 0xDC4D,1, 0xA9A6,2, 0x6984,1, 0x18C5,1, 0x6984,2, 0xBB29,48, 0x6984,1,
    0x18C5,1, 0x4125,2, 0xA9A6,7, 0xBB29,33, 0xA9A6,8, 0x4125,1, 0x18C5,3, 0x4124,5,
    0x5144,1, 0x6984,1, 0xA9A6,1, 0xBB29,1, 0xA9A6,31, 0x6984,1, 0x5144,1, 0x4124,6,
    0x18C5,9, 0x4124,1, 0x6984,35, 0x4124,1, 0x18C5,15, 0x28E5,1, 0x3904,35, 0x28C4,1,
    0x18C5,16, 0x1084,36, 0x18C5,20, 0x10A4,27, 0x18C5,13, 0x18C5,14, 0x78E3,27, 0x18C5,23,
    0x78E3,2, 0xFA28,27, 0x78E3,1, 0x18C5,22, 0x78E3,2, 0xFA28,27, 0x78E3,1, 0x18C5,22,
    0x78E3,2, 0xFA28,1, 0x28E3,24, 0xFA28,3, 0x78E3,3, 0x18C5,19, 0x78E3,2, 0xFA28,1,
    0x28E3,2, 0xFA28,4, 0x28E3,18, 0xFA28,5, 0x78E3,1, 0x18C5,19, 0x78E3,2, 0xFA28,1,
    0x28E3,2, 0xFA28,4, 0x28E3,18, 0xFA28,5, 0x78E3,1, 0x18C5,19, 0x78E3,2, 0xFA28,1,
    0x28E3,2, 0xFA28,4, 0x28E3,18, 0xFA28,5, 0x78E3,1, 0x18C5,19, 0x78E3,2, 0xFA28,1,
    0x28E3,2, 0xFA28,4, 0x28E3,18, 0xFA28,5, 0x78E3,1, 0x18C5,19, 0x78E3,2, 0xFA28,1,
    0x28E3,2, 0xFA28,4, 0x28E3,18, 0xFA28,5, 0x78E3,1, 0x18C5,19, 0x78E3,2, 0xFA28,1,
    0x28E3,24, 0xFA28,3, 0x78E3,3, 0x18C5,19, 0x78E3,2, 0xFA28,27, 0x78E3,1, 0x18C5,22,
    0x78E3,2, 0xFA28,27, 0x78E3,1, 0x18C5,24, 0x78E3,27, 0x18C5,538, 0x28E5,1, 0x4124,35,
    0x28E5,1, 0x18C5,15, 0x4124,1, 0x6984,35, 0x4124,1, 0x18C5,15, 0x4124,1, 0x6984,1,
    0xA9A6,1, 0xBB29,32, 0xA9A6,1, 0x4124,1, 0x18C5,15, 0x4124,1, 0x6984,1, 0xBB29,1,
    0xF572,4, 0xDC4D,27, 0xBB29,2, 0x4124,1, 0x18C5,15, 0x4124,1, 0x6984,1, 0xBB29,1,
    0xF572,1, 0xFE98,2, 0xF572,1, 0xDC4D,26, 0xBB29,2, 0xA9A6,1, 0x4124,1, 0x18C5,15,
    0x4124,1, 0x6984,1, 0xBB29,1, 0xF572,4, 0xDC4D,26, 0xBB29,2, 0xA9A6,1, 0x4124,1,
    0x18C5,10, 0x4124,5, 0x5144,1, 0x6984,1, 0xBB29,1, 0xDC4D,30, 0xBB29,2, 0x6984,1,
    0x5144,1, 0x4124,6, 0x18C5,4, 0x6984,7, 0xBB29,1, 0xDC4D,30, 0xBB29,2, 0x6984,8,
    0x18C5,2, 0x4125,2, 0xA9A6,1, 0xBB29,7, 0xDC4D,5, 0x1882,3, 0xDC4D,15, 0x1882,3,
    0xDC4D,4, 0xBB29,8, 0xA9A6,2, 0x4125,1, 0x18C5,1, 0x6984,2, 0xA9A6,1, 0xDC4D,6,
    0xBB29,1, 0xDC4D,5, 0x1882,3, 0xDC4D,15, 0x1882,3, 0xDC4D,4, 0xBB29,2, 0xDC4D,6,
    0xA9A6,2, 0x6984,1, 0x18C5,1, 0x6984,3, 0xBB29,2, 0xDC4D,4, 0xBB29,1, 0xDC4D,30,
    0xBB29,2, 0xDC4D,5, 0xBB29,1, 0x6984,3, 0x18C5,1, 0x4125,3, 0xA9A6,2, 0xDC4D,4,
    0xBB29,1, 0xDC4D,30, 0xBB29,2, 0xDC4D,5, 0xA9A6,1, 0x4125,3, 0x18C5,4, 0x6984,2,
    0xDC4D,4, 0xBB29,1, 0xDC4D,30, 0xBB29,2, 0xDC4D,5, 0x6984,1, 0x18C5,7, 0x6984,2,
    0xDC4D,4, 0xBB29,1, 0xDC4D,30, 0xBB29,2, 0xDC4D,5, 0x6984,1, 0x18C5,4, 0x4125,3,
    0xBB29,2, 0xDC4D,4, 0xBB29,1, 0xDC4D,30, 0xBB29,2, 0xDC4D,5, 0xBB29,1, 0x4125,3,
    0x18C5,1, 0x6984,2, 0xA9A6,1, 0xDC4D,2, 0xBB29,5, 0xDC4D,1, 0xBB29,36, 0xDC4D,1,
    0xA9A6,2, 0x6984,1, 0x18C5,1, 0x6984,2, 0xBB29,48, 0x6984,1, 0x18C5,1, 0x4125,2,
    0xA9A6,7, 0xBB29,33, 0xA9A6,8, 0x4125,1, 0x18C5,3, 0x4124,5, 0x5144,1, 0x6984,1,
    0xA9A6,1, 0xBB29,1, 0xA9A6,31, 0x6984,1, 0x5144,1, 0x4124,6, 0x18C5,9, 0x4124,1,
    0x6984,35, 0x4124,1, 0x18C5,15, 0x28E5,1, 0x3904,35, 0x28C4,1, 0x18C5,16, 0x1084,36,
    0x18C5,20, 0x10A4,27, 0x18C5,13, 0x18C5,14, 0x78E3,27, 0x18C5,23, 0x78E3,2, 0xFA28,27,
    0x78E3,1, 0x18C5,22, 0x78E3,2, 0xFA28,27, 0x78E3,1, 0x18C5,22, 0x78E3,2, 0xFA28,1,
    0x28E3,24, 0xFA28,3, 0x78E3,3, 0x18C5,19, 0x78E3,2, 0xFA28,1, 0x28E3,2, 0xFA28,4,
    0x28E3,18, 0xFA28,5, 0x78E3,1, 0x18C5,19, 0x78E3,2, 0xFA28,1, 0x28E3,2, 0xFA28,4,
    0x28E3,18, 0xFA28,5, 0x78E3,1, 0x18C5,19, 0x78E3,2, 0xFA28,1, 0x28E3,2, 0xFA28,4,
    0x28E3,18, 0xFA28,5, 0x78E3,1, 0x18C5,19, 0x78E3,2, 0xFA28,1, 0x28E3,2, 0xFA28,4,
    0x28E3,18, 0xFA28,5, 0x78E3,1, 0x18C5,19, 0x78E3,2, 0xFA28,1, 0x28E3,2, 0xFA28,4,
    0x28E3,18, 0xFA28,5, 0x78E3,1, 0x18C5,19, 0x78E3,2, 0xFA28,1, 0x28E3,24, 0xFA28,3,
    0x78E3,3, 0x18C5,19, 0x78E3,2, 0xFA28,27, 0x78E3,1, 0x18C5,22, 0x78E3,2, 0xFA28,27,
    0x78E3,1, 0x18C5,24, 0x78E3,27, 0x18C5,486, 0x4124,1, 0x6984,35, 0x4124,1, 0x18C5,15,
    0x4124,1, 0x6984,35, 0x4124,1, 0x18C5,15, 0x4124,1, 0x6984,1, 0xBB29,1, 0xF572,30,
    0xDC4D,2, 0xBB29,1, 0x4124,1, 0x18C5,15, 0x4124,1, 0x6984,1, 0xBB29,1, 0xF572,1,
    0xFE98,2, 0xF572,1, 0xDC4D,26, 0xBB29,2, 0xA9A6,1, 0x4124,1, 0x18C5,15, 0x4124,1,
    0x6984,1, 0xBB29,1, 0xF572,1, 0xFE98,2, 0xF572,1, 0xDC4D,26, 0xBB29,2, 0xA9A6,1,
    0x4124,1, 0x18C5,15, 0x4124,1, 0x6984,1, 0xBB29,1, 0xDC4D,30, 0xBB29,2, 0xA9A6,1,
    0x4124,1, 0x18C5,10, 0x6984,7, 0xBB29,1, 0xDC4D,30, 0xBB29,2, 0x6984,8, 0x18C5,4,
    0x6984,7, 0xBB29,1, 0xDC4D,5, 0x6984,3, 0xDC4D,15, 0x6984,3, 0xDC4D,4, 0xBB29,2,
    0x6984,8, 0x18C5,2, 0x6984,2, 0xBB29,1, 0xF572,6, 0xBB29,1, 0xDC4D,5, 0x1882,3,
    0xDC4D,15, 0x1882,3, 0xDC4D,4, 0xBB29,2, 0xF572,6, 0xBB29,2, 0x6984,1, 0x18C5,1,
    0x6984,3, 0xBB29,2, 0xDC4D,4, 0xBB29,1, 0xDC4D,5, 0x6984,3, 0xDC4D,15, 0x6984,3,
    0xDC4D,4, 0xBB29,2, 0xDC4D,5, 0xBB29,1, 0x6984,3, 0x18C5,1, 0x6984,3, 0xBB29,2,
    0xDC4D,4, 0xBB29,1, 0xDC4D,30, 0xBB29,2, 0xDC4D,5, 0xBB29,1, 0x6984,3, 0x18C5,4,
    0x6984,2, 0xDC4D,4, 0xBB29,1, 0xDC4D,30, 0xBB29,2, 0xDC4D,5, 0x6984,1, 0x18C5,7,
    0x6984,2, 0xDC4D,4, 0xBB29,1, 0xDC4D,30, 0xBB29,2, 0xDC4D,5, 0x6984,1, 0x18C5,7,
    0x6984,2, 0xDC4D,4, 0xBB29,1, 0xDC4D,30, 0xBB29,2, 0xDC4D,5, 0x6984,1, 0x18C5,4,
    0x6984,3, 0xF572,2, 0xDC4D,4, 0xBB29,1, 0xDC4D,30, 0xBB29,2, 0xDC4D,5, 0xF572,1,
    0x6984,3, 0x18C5,1, 0x6984,2, 0xBB29,48, 0x6984,1, 0x18C5,1, 0x6984,2, 0xBB29,48,
    0x6984,1, 0x18C5,3, 0x6984,7, 0xBB29,33, 0x6984,8, 0x18C5,9, 0x4124,1, 0x6984,35,
    0x4124,1, 0x18C5,15, 0x4124,1, 0x6984,35, 0x4124,1, 0x18C5,20, 0x6984,3, 0x18C5,3,
    0x6984,3, 0x18C5,9, 0x6984,3, 0x18C5,3, 0x6984,3, 0x18C5,21, 0x1084,36, 0x18C5,16,
    0x1084,36, 0x18C5,20, 0x10A4,27, 0x18C5,13, 0x18C5,14, 0x78E3,27, 0x18C5,23, 0x78E3,2,
    0xFA28,27, 0x78E3,1, 0x18C5,22, 0x78E3,2, 0xFA28,27, 0x78E3,1, 0x18C5,22, 0x78E3,2,
    0xFA28,1, 0x28E3,24, 0xFA28,3, 0x78E3,3, 0x18C5,19, 0x78E3,2, 0xFA28,1, 0x28E3,2,
    0xFA28,4, 0x28E3,18, 0xFA28,5, 0x78E3,1, 0x18C5,19, 0x78E3,2, 0xFA28,1, 0x28E3,2,
    0xFA28,4, 0x28E3,18, 0xFA28,5, 0x78E3,1, 0x18C5,19, 0x78E3,2, 0xFA28,1, 0x28E3,2,
    0xFA28,4, 0x28E3,18, 0xFA28,5, 0x78E3,1, 0x18C5,19, 0x78E3,2, 0xFA28,1, 0x28E3,2,
    0xFA28,4, 0x28E3,18, 0xFA28,5, 0x78E3,1, 0x18C5,19, 0x78E3,2, 0xFA28,1, 0x28E3,2,
    0xFA28,4, 0x28E3,18, 0xFA28,5, 0x78E3,1, 0x18C5,19, 0x78E3,2, 0xFA28,1, 0x28E3,24,
    0xFA28,3, 0x78E3,3, 0x18C5,19, 0x78E3,2, 0xFA28,27, 0x78E3,1, 0x18C5,22, 0x78E3,2,
    0xFA28,27, 0x78E3,1, 0x18C5,24, 0x78E3,27, 0x18C5,486, 0x4124,1, 0x6984,35, 0x4124,1,
    0x18C5,15, 0x4124,1, 0x6984,35, 0x4124,1, 0x18C5,15, 0x4124,1, 0x6984,1, 0xBB29,1,
    0xF572,30, 0xDC4D,2, 0xBB29,1, 0x4124,1, 0x18C5,15, 0x4124,1, 0x6984,1, 0xBB29,1,
    0xF572,1, 0xFE98,2, 0xF572,1, 0xDC4D,26, 0xBB29,2, 0xA9A6,1, 0x4124,1, 0x18C5,15,
    0x4124,1, 0x6984,1, 0xBB29,1, 0xF572,1, 0xFE98,2, 0xF572,1, 0xDC4D,26, 0xBB29,2,
    0xA9A6,1, 0x4124,1, 0x18C5,15, 0x4124,1, 0x6984,1, 0xBB29,1, 0xDC4D,30, 0xBB29,2,
    0xA9A6,1, 0x4124,1, 0x18C5,10, 0x6984,7, 0xBB29,1, 0xDC4D,30, 0xBB29,2, 0x6984,8,
    0x18C5,4, 0x6984,7, 0xBB29,1, 0xDC4D,5, 0x6984,3, 0xDC4D,15, 0x6984,3, 0xDC4D,4,
    0xBB29,2, 0x6984,8, 0x18C5,2, 0x6984,2, 0xBB29,1, 0xF572,6, 0xBB29,1, 0xDC4D,5,
    0x1882,3, 0xDC4D,15, 0x1882,3, 0xDC4D,4, 0xBB29,2, 0xF572,6, 0xBB29,2, 0x6984,1,
    0x18C5,1, 0x6984,3, 0xBB29,2, 0xDC4D,4, 0xBB29,1, 0xDC4D,5, 0x6984,3, 0xDC4D,15,
    0x6984,3, 0xDC4D,4, 0xBB29,2, 0xDC4D,5, 0xBB29,1, 0x6984,3, 0x18C5,1, 0x6984,3,
    0xBB29,2, 0xDC4D,4, 0xBB29,1, 0xDC4D,30, 0xBB29,2, 0xDC4D,5, 0xBB29,1, 0x6984,3,
    0x18C5,4, 0x6984,2, 0xDC4D,4, 0xBB29,1, 0xDC4D,30, 0xBB29,2, 0xDC4D,5, 0x6984,1,
    0x18C5,7, 0x6984,2, 0xDC4D,4, 0xBB29,1, 0xDC4D,30, 0xBB29,2, 0xDC4D,5, 0x6984,1,
    0x18C5,7, 0x6984,2, 0xDC4D,4, 0xBB29,1, 0xDC4D,30, 0xBB29,2, 0xDC4D,5, 0x6984,1,
    0x18C5,4, 0x6984,3, 0xF572,2, 0xDC4D,4, 0xBB29,1, 0xDC4D,30, 0xBB29,2, 0xDC4D,5,
    0xF572,1, 0x6984,3, 0x18C5,1, 0x6984,2, 0xBB29,48, 0x6984,1, 0x18C5,1, 0x6984,2,
    0xBB29,48, 0x6984,1, 0x18C5,3, 0x6984,7, 0xBB29,33, 0x6984,8, 0x18C5,9, 0x4124,1,
    0x6984,35, 0x4124,1, 0x18C5,15, 0x4124,1, 0x6984,35, 0x4124,1, 0x18C5,20, 0x6984,3,
    0x18C5,3, 0x6984,3, 0x18C5,9, 0x6984,3, 0x18C5,3, 0x6984,3, 0x18C5,21, 0x1084,36,
    0x18C5,16, 0x1084,36, 0x18C5,20, 0x10A4,27, 0x18C5,13, 0x18C5,14, 0x78E3,27, 0x18C5,23,
    0x78E3,2, 0xFA28,27, 0x78E3,1, 0x18C5,22, 0x78E3,2, 0xFA28,27, 0x78E3,1, 0x18C5,22,
    0x78E3,2, 0xFA28,1, 0x28E3,24, 0xFA28,3, 0x78E3,3, 0x18C5,19, 0x78E3,2, 0xFA28,1,
    0x28E3,2, 0xFA28,4, 0x28E3,18, 0xFA28,5, 0x78E3,1, 0x18C5,19, 0x78E3,2, 0xFA28,1,
    0x28E3,2, 0xFA28,4, 0x28E3,18, 0xFA28,5, 0x78E3,1, 0x18C5,19, 0x78E3,2, 0xFA28,1,
    0x28E3,2, 0xFA28,4, 0x28E3,18, 0xFA28,5, 0x78E3,1, 0x18C5,19, 0x78E3,2, 0xFA28,1,
    0x28E3,2, 0xFA28,4, 0x28E3,18, 0xFA28,5, 0x78E3,1, 0x18C5,19, 0x78E3,2, 0xFA28,1,
    0x28E3,2, 0xFA28,4, 0x28E3,18, 0xFA28,5, 0x78E3,1, 0x18C5,19, 0x78E3,2, 0xFA28,1,
    0x28E3,24, 0xFA28,3, 0x78E3,3, 0x18C5,19, 0x78E3,2, 0xFA28,27, 0x78E3,1, 0x18C5,22,
    0x78E3,2, 0xFA28,27, 0x78E3,1, 0x18C5,24, 0x78E3,27, 0x18C5,486, 0x4124,1, 0x6984,35,
    0x4124,1, 0x18C5,15, 0x4124,1, 0x6984,35, 0x4124,1, 0x18C5,15, 0x4124,1, 0x6984,1,
    0xBB29,1, 0xF572,30, 0xDC4D,2, 0xBB29,1, 0x4124,1, 0x18C5,15, 0x4124,1, 0x6984,1,
    0xBB29,1, 0xF572,1, 0xFE98,2, 0xF572,1, 0xDC4D,26, 0xBB29,2, 0xA9A6,1, 0x4124,1,
    0x18C5,15, 0x4124,1, 0x6984,1, 0xBB29,1, 0xF572,1, 0xFE98,2, 0xF572,1, 0xDC4D,26,
    0xBB29,2, 0xA9A6,1, 0x4124,1, 0x18C5,15, 0x4124,1, 0x6984,1, 0xBB29,1, 0xDC4D,30,
    0xBB29,2, 0xA9A6,1, 0x4124,1, 0x18C5,10, 0x6984,7, 0xBB29,1, 0xDC4D,30, 0xBB29,2,
    0x6984,8, 0x18C5,4, 0x6984,7, 0xBB29,1, 0xDC4D,5, 0x6984,3, 0xDC4D,15, 0x6984,3,
    0xDC4D,4, 0xBB29,2, 0x6984,8, 0x18C5,2, 0x6984,2, 0xBB29,1, 0xF572,6, 0xBB29,1,
    0xDC4D,5, 0x1882,3, 0xDC4D,15, 0x1882,3, 0xDC4D,4, 0xBB29,2, 0xF572,6, 0xBB29,2,
    0x6984,1, 0x18C5,1, 0x6984,3, 0xBB29,2, 0xDC4D,4, 0xBB29,1, 0xDC4D,5, 0x6984,3,
    0xDC4D,15, 0x6984,3, 0xDC4D,4, 0xBB29,2, 0xDC4D,5, 0xBB29,1, 0x6984,3, 0x18C5,1,
    0x6984,3, 0xBB29,2, 0xDC4D,4, 0xBB29,1, 0xDC4D,30, 0xBB29,2, 0xDC4D,5, 0xBB29,1,
    0x6984,3, 0x18C5,4, 0x6984,2, 0xDC4D,4, 0xBB29,1, 0xDC4D,30, 0xBB29,2, 0xDC4D,5,
    0x6984,1, 0x18C5,7, 0x6984,2, 0xDC4D,4, 0xBB29,1, 0xDC4D,30, 0xBB29,2, 0xDC4D,5,
    0x6984,1, 0x18C5,7, 0x6984,2, 0xDC4D,4, 0xBB29,1, 0xDC4D,30, 0xBB29,2, 0xDC4D,5,
    0x6984,1, 0x18C5,4, 0x6984,3, 0xF572,2, 0xDC4D,4, 0xBB29,1, 0xDC4D,30, 0xBB29,2,
    0xDC4D,5, 0xF572,1, 0x6984,3, 0x18C5,1, 0x6984,2, 0xBB29,48, 0x6984,1, 0x18C5,1,
    0x6984,2, 0xBB29,48, 0x6984,1, 0x18C5,3, 0x6984,7, 0xBB29,33, 0x6984,8, 0x18C5,9,
    0x4124,1, 0x6984,35, 0x4124,1, 0x18C5,15, 0x4124,1, 0x6984,35, 0x4124,1, 0x18C5,20,
    0x6984,3, 0x18C5,3, 0x6984,3, 0x18C5,9, 0x6984,3, 0x18C5,3, 0x6984,3, 0x18C5,21,
    0x1084,36, 0x18C5,16, 0x1084,36, 0x18C5,20, 0x10A4,27, 0x18C5,13, 0x18C5,14, 0x78E3,27,
    0x18C5,23, 0x78E3,2, 0xFA28,27, 0x78E3,1, 0x18C5,22, 0x78E3,2, 0xFA28,27, 0x78E3,1,
    0x18C5,22, 0x78E3,2, 0xFA28,1, 0x28E3,24, 0xFA28,3, 0x78E3,3, 0x18C5,19, 0x78E3,2,
    0xFA28,1, 0x28E3,2, 0xFA28,4, 0x28E3,18, 0xFA28,5, 0x78E3,1, 0x18C5,19, 0x78E3,2,
    0xFA28,1, 0x28E3,2, 0xFA28,4, 0x28E3,18, 0xFA28,5, 0x78E3,1, 0x18C5,19, 0x78E3,2,
    0xFA28,1, 0x28E3,2, 0xFA28,4, 0x28E3,18, 0xFA28,5, 0x78E3,1, 0x18C5,19, 0x78E3,2,
    0xFA28,1, 0x28E3,2, 0xFA28,4, 0x28E3,18, 0xFA28,5, 0x78E3,1, 0x18C5,19, 0x78E3,2,
    0xFA28,1, 0x28E3,2, 0xFA28,4, 0x28E3,18, 0xFA28,5, 0x78E3,1, 0x18C5,19, 0x78E3,2,
    0xFA28,1, 0x28E3,24, 0xFA28,3, 0x78E3,3, 0x18C5,19, 0x78E3,2, 0xFA28,27, 0x78E3,1,
    0x18C5,22, 0x78E3,2, 0xFA28,27, 0x78E3,1, 0x18C5,24, 0x78E3,27, 0x18C5,486, 0x4124,1,
    0x6984,35, 0x4124,1, 0x18C5,15, 0x4124,1, 0x6984,35, 0x4124,1, 0x18C5,15, 0x4124,1,
    0x6984,1, 0xBB29,1, 0xF572,30, 0xDC4D,2, 0xBB29,1, 0x4124,1, 0x18C5,15, 0x4124,1,
    0x6984,1, 0xBB29,1, 0xF572,1, 0xFE98,2, 0xF572,1, 0xDC4D,26, 0xBB29,2, 0xA9A6,1,
    0x4124,1, 0x18C5,15, 0x4124,1, 0x6984,1, 0xBB29,1, 0xF572,1, 0xFE98,2, 0xF572,1,
    0xDC4D,26, 0xBB29,2, 0xA9A6,1, 0x4124,1, 0x18C5,15, 0x4124,1, 0x6984,1, 0xBB29,1,
    0xDC4D,30, 0xBB29,2, 0xA9A6,1, 0x4124,1, 0x18C5,10, 0x6984,7, 0xBB29,1, 0xDC4D,30,
    0xBB29,2, 0x6984,8, 0x18C5,4, 0x6984,7, 0xBB29,1, 0xDC4D,5, 0x6984,3, 0xDC4D,15,
    0x6984,3, 0xDC4D,4, 0xBB29,2, 0x6984,8, 0x18C5,2, 0x6984,2, 0xBB29,1, 0xF572,6,
    0xBB29,1, 0xDC4D,5, 0x1882,3, 0xDC4D,15, 0x1882,3, 0xDC4D,4, 0xBB29,2, 0xF572,6,
    0xBB29,2, 0x6984,1, 0x18C5,1, 0x6984,3, 0xBB29,2, 0xDC4D,4, 0xBB29,1, 0xDC4D,5,
    0x6984,3, 0xDC4D,15, 0x6984,3, 0xDC4D,4, 0xBB29,2, 0xDC4D,5, 0xBB29,1, 0x6984,3,
    0x18C5,1, 0x6984,3, 0xBB29,2, 0xDC4D,4, 0xBB29,1, 0xDC4D,30, 0xBB29,2, 0xDC4D,5,
    0xBB29,1, 0x6984,3, 0x18C5,4, 0x6984,2, 0xDC4D,4, 0xBB29,1, 0xDC4D,30, 0xBB29,2,
    0xDC4D,5, 0x6984,1, 0x18C5,7, 0x6984,2, 0xDC4D,4, 0xBB29,1, 0xDC4D,30, 0xBB29,2,
    0xDC4D,5, 0x6984,1, 0x18C5,7, 0x6984,2, 0xDC4D,4, 0xBB29,1, 0xDC4D,30, 0xBB29,2,
    0xDC4D,5, 0x6984,1, 0x18C5,4, 0x6984,3, 0xF572,2, 0xDC4D,4, 0xBB29,1, 0xDC4D,30,
    0xBB29,2, 0xDC4D,5, 0xF572,1, 0x6984,3, 0x18C5,1, 0x6984,2, 0xBB29,48, 0x6984,1,
    0x18C5,1, 0x6984,2, 0xBB29,48, 0x6984,1, 0x18C5,3, 0x6984,7, 0xBB29,33, 0x6984,8,
    0x18C5,9, 0x4124,1, 0x6984,35, 0x4124,1, 0x18C5,15, 0x4124,1, 0x6984,35, 0x4124,1,
    0x18C5,20, 0x6984,3, 0x18C5,3, 0x6984,3, 0x18C5,9, 0x6984,3, 0x18C5,3, 0x6984,3,
    0x18C5,21, 0x1084,36, 0x18C5,16, 0x1084,36, 0x18C5,20, 0x10A4,27, 0x18C5,13, 0x18C5,14,
    0x78E3,27, 0x18C5,23, 0x78E3,2, 0xFA28,27, 0x78E3,1, 0x18C5,22, 0x78E3,2, 0xFA28,27,
    0x78E3,1, 0x18C5,22, 0x78E3,2, 0xFA28,1, 0x28E3,24, 0xFA28,3, 0x78E3,3, 0x18C5,19,
    0x78E3,2, 0xFA28,1, 0x28E3,2, 0xFA28,4, 0x28E3,18, 0xFA28,5, 0x78E3,1, 0x18C5,19,
    0x78E3,2, 0xFA28,1, 0x28E3,2, 0xFA28,4, 0x28E3,18, 0xFA28,5, 0x78E3,1, 0x18C5,19,
    0x78E3,2, 0xFA28,1, 0x28E3,2, 0xFA28,4, 0x28E3,18, 0xFA28,5, 0x78E3,1, 0x18C5,19,
    0x78E3,2, 0xFA28,1, 0x28E3,2, 0xFA28,4, 0x28E3,18, 0xFA28,5, 0x78E3,1, 0x18C5,19,
    0x78E3,2, 0xFA28,1, 0x28E3,2, 0xFA28,4, 0x28E3,18, 0xFA28,5, 0x78E3,1, 0x18C5,19,
    0x78E3,2, 0xFA28,1, 0x28E3,24, 0xFA28,3, 0x78E3,3, 0x18C5,19, 0x78E3,2, 0xFA28,27,
    0x78E3,1, 0x18C5,22, 0x78E3,2, 0xFA28,27, 0x78E3,1, 0x18C5,24, 0x78E3,27, 0x18C5,486,
    0x4124,1, 0x6984,35, 0x4124,1, 0x18C5,15, 0x4124,1, 0x6984,35, 0x4124,1, 0x18C5,15,
    0x4124,1, 0x6984,1, 0xBB29,1, 0xF572,30, 0xDC4D,2, 0xBB29,1, 0x4124,1, 0x18C5,15,
    0x4124,1, 0x6984,1, 0xBB29,1, 0xF572,1, 0xFE98,2, 0xF572,1, 0xDC4D,26, 0xBB29,2,
    0xA9A6,1, 0x4124,1, 0x18C5,15, 0x4124,1, 0x6984,1, 0xBB29,1, 0xF572,1, 0xFE98,2,
    0xF572,1, 0xDC4D,26, 0xBB29,2, 0xA9A6,1, 0x4124,1, 0x18C5,15, 0x4124,1, 0x6984,1,
    0xBB29,1, 0xDC4D,30, 0xBB29,2, 0xA9A6,1, 0x4124,1, 0x18C5,10, 0x6984,7, 0xBB29,1,
    0xDC4D,30, 0xBB29,2, 0x6984,8, 0x18C5,4, 0x6984,7, 0xBB29,1, 0xDC4D,5, 0x6984,3,
    0xDC4D,15, 0x6984,3, 0xDC4D,4, 0xBB29,2, 0x6984,8, 0x18C5,2, 0x6984,2, 0xBB29,1,
    0xF572,6, 0xBB29,1, 0xDC4D,5, 0x1882,3, 0xDC4D,15, 0x1882,3, 0xDC4D,4, 0xBB29,2,
    0xF572,6, 0xBB29,2, 0x6984,1, 0x18C5,1, 0x6984,3, 0xBB29,2, 0xDC4D,4, 0xBB29,1,
    0xDC4D,5, 0x6984,3, 0xDC4D,15, 0x6984,3, 0xDC4D,4, 0xBB29,2, 0xDC4D,5, 0xBB29,1,
    0x6984,3, 0x18C5,1, 0x6984,3, 0xBB29,2, 0xDC4D,4, 0xBB29,1, 0xDC4D,30, 0xBB29,2,
    0xDC4D,5, 0xBB29,1, 0x6984,3, 0x18C5,4, 0x6984,2, 0xDC4D,4, 0xBB29,1, 0xDC4D,30,
    0xBB29,2, 0xDC4D,5, 0x6984,1, 0x18C5,7, 0x6984,2, 0xDC4D,4, 0xBB29,1, 0xDC4D,30,
    0xBB29,2, 0xDC4D,5, 0x6984,1, 0x18C5,7, 0x6984,2, 0xDC4D,4, 0xBB29,1, 0xDC4D,30,
    0xBB29,2, 0xDC4D,5, 0x6984,1, 0x18C5,4, 0x6984,3, 0xF572,2, 0xDC4D,4, 0xBB29,1,
    0xDC4D,30, 0xBB29,2, 0xDC4D,5, 0xF572,1, 0x6984,3, 0x18C5,1, 0x6984,2, 0xBB29,48,
    0x6984,1, 0x18C5,1, 0x6984,2, 0xBB29,48, 0x6984,1, 0x18C5,3, 0x6984,7, 0xBB29,33,
    0x6984,8, 0x18C5,9, 0x4124,1, 0x6984,35, 0x4124,1, 0x18C5,15, 0x4124,1, 0x6984,35,
    0x4124,1, 0x18C5,20, 0x6984,3, 0x18C5,3, 0x6984,3, 0x18C5,9, 0x6984,3, 0x18C5,3,
    0x6984,3, 0x18C5,21, 0x1084,36, 0x18C5,16, 0x1084,36, 0x18C5,20, 0x10A4,27, 0x18C5,13,
    0x18C5,14, 0x78E3,27, 0x18C5,23, 0x78E3,2, 0xFA28,27, 0x78E3,1, 0x18C5,22, 0x78E3,2,
    0xFA28,27, 0x78E3,1, 0x18C5,22, 0x78E3,2, 0xFA28,1, 0x28E3,24, 0xFA28,3, 0x78E3,3,
    0x18C5,19, 0x78E3,2, 0xFA28,1, 0x28E3,2, 0xFA28,4, 0x28E3,18, 0xFA28,5, 0x78E3,1,
    0x18C5,19, 0x78E3,2, 0xFA28,1, 0x28E3,2, 0xFA28,4, 0x28E3,18, 0xFA28,5, 0x78E3,1,
    0x18C5,19, 0x78E3,2, 0xFA28,1, 0x28E3,2, 0xFA28,4, 0x28E3,18, 0xFA28,5, 0x78E3,1,
    0x18C5,19, 0x78E3,2, 0xFA28,1, 0x28E3,2, 0xFA28,4, 0x28E3,18, 0xFA28,5, 0x78E3,1,
    0x18C5,19, 0x78E3,2, 0xFA28,1, 0x28E3,2, 0xFA28,4, 0x28E3,18, 0xFA28,5, 0x78E3,1,
    0x18C5,19, 0x78E3,2, 0xFA28,1, 0x28E3,24, 0xFA28,3, 0x78E3,3, 0x18C5,19, 0x78E3,2,
    0xFA28,27, 0x78E3,1, 0x18C5,22, 0x78E3,2, 0xFA28,27, 0x78E3,1, 0x18C5,24, 0x78E3,27,
    0x18C5,382, 0x28E5,1, 0x4124,35, 0x28E5,1, 0x18C5,15, 0x4124,1, 0x6984,35, 0x4124,1,
    0x18C5,15, 0x4124,1, 0x6984,1, 0xA9A6,1, 0xBB29,32, 0xA9A6,1, 0x4124,1, 0x18C5,15,
    0x4124,1, 0x6984,1, 0xBB29,1, 0xF572,4, 0xDC4D,27, 0xBB29,2, 0x4124,1, 0x18C5,15,
    0x4124,1, 0x6984,1, 0xBB29,1, 0xF572,1, 0xFE98,2, 0xF572,1, 0xDC4D,26, 0xBB29,2,
    0xA9A6,1, 0x4124,1, 0x18C5,15, 0x4124,1, 0x6984,1, 0xBB29,1, 0xF572,4, 0xDC4D,26,
    0xBB29,2, 0xA9A6,1, 0x4124,1, 0x18C5,10, 0x4124,5, 0x5144,1, 0x6984,1, 0xBB29,1,
    0xDC4D,30, 0xBB29,2, 0x6984,1, 0x5144,1, 0x4124,6, 0x18C5,4, 0x6984,7, 0xBB29,1,
    0xDC4D,30, 0xBB29,2, 0x6984,8, 0x18C5,2, 0x4125,2, 0xA9A6,1, 0xBB29,7, 0xDC4D,5,
    0x1882,3, 0xDC4D,15, 0x1882,3, 0xDC4D,4, 0xBB29,8, 0xA9A6,2, 0x4125,1, 0x18C5,1,
    0x6984,2, 0xA9A6,1, 0xDC4D,6, 0xBB29,1, 0xDC4D,5, 0x1882,3, 0xDC4D,15, 0x1882,3,
    0xDC4D,4, 0xBB29,2, 0xDC4D,6, 0xA9A6,2, 0x6984,1, 0x18C5,1, 0x6984,3, 0xBB29,2,
    0xDC4D,4, 0xBB29,1, 0xDC4D,30, 0xBB29,2, 0xDC4D,5, 0xBB29,1, 0x6984,3, 0x18C5,1,
    0x4125,3, 0xA9A6,2, 0xDC4D,4, 0xBB29,1, 0xDC4D,30, 0xBB29,2, 0xDC4D,5, 0xA9A6,1,
    0x4125,3, 0x18C5,4, 0x6984,2, 0xDC4D,4, 0xBB29,1, 0xDC4D,30, 0xBB29,2, 0xDC4D,5,
    0x6984,1, 0x18C5,7, 0x6984,2, 0xDC4D,4, 0xBB29,1, 0xDC4D,30, 0xBB29,2, 0xDC4D,5,
    0x6984,1, 0x18C5,4, 0x4125,3, 0xBB29,2, 0xDC4D,4, 0xBB29,1, 0xDC4D,30, 0xBB29,2,
    0xDC4D,5, 0xBB29,1, 0x4125,3, 0x18C5,1, 0x6984,2, 0xA9A6,1, 0xDC4D,2, 0xBB29,5,
    0xDC4D,1, 0xBB29,36, 0xDC4D,1, 0xA9A6,2, 0x6984,1, 0x18C5,1, 0x6984,2, 0xBB29,48,
    0x6984,1, 0x18C5,1, 0x4125,2, 0xA9A6,7, 0xBB29,33, 0xA9A6,8, 0x4125,1, 0x18C5,3,
    0x4124,5, 0x5144,1, 0x6984,1, 0xA9A6,1, 0xBB29,1, 0xA9A6,31, 0x6984,1, 0x5144,1,
    0x4124,6, 0x18C5,9, 0x4124,1, 0x6984,35, 0x4124,1, 0x18C5,15, 0x28E5,1, 0x4124,4,
    0xA9A6,2, 0x6984,1, 0x4124,3, 0xA9A6,2, 0x6984,1, 0x4124,9, 0xA9A6,2, 0x6984,1,
    0x4124,3, 0xA9A6,2, 0x6984,1, 0x4124,4, 0x28E5,1, 0x18C5,20, 0xA9A6,2, 0x6984,1,
    0x18C5,3, 0xA9A6,2, 0x6984,1, 0x18C5,9, 0xA9A6,2, 0x6984,1, 0x18C5,3, 0xA9A6,2,
    0x6984,1, 0x18C5,25, 0x6984,3, 0x18C5,3, 0x6984,3, 0x18C5,9, 0x6984,3, 0x18C5,3,
    0x6984,3, 0x18C5,21, 0x1084,4, 0x3904,3, 0x1084,3, 0x3904,3, 0x1084,9, 0x3904,3,
    0x1084,3, 0x3904,3, 0x1084,5, 0x18C5,16, 0x1084,36, 0x18C5,20, 0x10A4,27, 0x18C5,13,
    0x18C5,14, 0x78E3,27, 0x18C5,23, 0x78E3,2, 0xFA28,27, 0x78E3,1, 0x18C5,22, 0x78E3,2,
    0xFA28,27, 0x78E3,1, 0x18C5,22, 0x78E3,2, 0xFA28,1, 0x28E3,24, 0xFA28,3, 0x78E3,3,
    0x18C5,19, 0x78E3,2, 0xFA28,1, 0x28E3,2, 0xFA28,4, 0x28E3,18, 0xFA28,5, 0x78E3,1,
    0x18C5,19, 0x78E3,2, 0xFA28,1, 0x28E3,2, 0xFA28,4, 0x28E3,18, 0xFA28,5, 0x78E3,1,
    0x18C5,19, 0x78E3,2, 0xFA28,1, 0x28E3,2, 0xFA28,4, 0x28E3,18, 0xFA28,5, 0x78E3,1,
    0x18C5,19, 0x78E3,2, 0xFA28,1, 0x28E3,2, 0xFA28,4, 0x28E3,18, 0xFA28,5, 0x78E3,1,
    0x18C5,19, 0x78E3,2, 0xFA28,1, 0x28E3,2, 0xFA28,4, 0x28E3,18, 0xFA28,5, 0x78E3,1,
    0x18C5,19, 0x78E3,2, 0xFA28,1, 0x28E3,24, 0xFA28,3, 0x78E3,3, 0x18C5,19, 0x78E3,2,
    0xFA28,27, 0x78E3,1, 0x18C5,22, 0x78E3,2, 0xFA28,27, 0x78E3,1, 0x18C5,24, 0x78E3,27,
    0x18C5,382, 0x28E5,1, 0x4124,35, 0x28E5,1, 0x18C5,15, 0x4124,1, 0x6984,35, 0x4124,1,
    0x18C5,15, 0x4124,1, 0x6984,1, 0xA9A6,1, 0xBB29,32, 0xA9A6,1, 0x4124,1, 0x18C5,15,
    0x4124,1, 0x6984,1, 0xBB29,1, 0xF572,4, 0xDC4D,27, 0xBB29,2, 0x4124,1, 0x18C5,15,
    0x4124,1, 0x6984,1, 0xBB29,1, 0xF572,1, 0xFE98,2, 0xF572,1, 0xDC4D,26, 0xBB29,2,
    0xA9A6,1, 0x4124,1, 0x18C5,15, 0x4124,1, 0x6984,1, 0xBB29,1, 0xF572,4, 0xDC4D,26,
    0xBB29,2, 0xA9A6,1, 0x4124,1, 0x18C5,10, 0x4124,5, 0x5144,1, 0x6984,1, 0xBB29,1,
    0xDC4D,30, 0xBB29,2, 0x6984,1, 0x5144,1, 0x4124,6, 0x18C5,4, 0x6984,7, 0xBB29,1,
    0xDC4D,30, 0xBB29,2, 0x6984,8, 0x18C5,2, 0x4125,2, 0xA9A6,1, 0xBB29,7, 0xDC4D,5,
    0x1882,3, 0xDC4D,15, 0x1882,3, 0xDC4D,4, 0xBB29,8, 0xA9A6,2, 0x4125,1, 0x18C5,1,
    0x6984,2, 0xA9A6,1, 0xDC4D,6, 0xBB29,1, 0xDC4D,5, 0x1882,3, 0xDC4D,15, 0x1882,3,
    0xDC4D,4, 0xBB29,2, 0xDC4D,6, 0xA9A6,2, 0x6984,1, 0x18C5,1, 0x6984,3, 0xBB29,2,
    0xDC4D,4, 0xBB29,1, 0xDC4D,30, 0xBB29,2, 0xDC4D,5, 0xBB29,1, 0x6984,3, 0x18C5,1,
    0x4125,3, 0xA9A6,2, 0xDC4D,4, 0xBB29,1, 0xDC4D,30, 0xBB29,2, 0xDC4D,5, 0xA9A6,1,
    0x4125,3, 0x18C5,4, 0x6984,2, 0xDC4D,4, 0xBB29,1, 0xDC4D,30, 0xBB29,2, 0xDC4D,5,
    0x6984,1, 0x18C5,7, 0x6984,2, 0xDC4D,4, 0xBB29,1, 0xDC4D,30, 0xBB29,2, 0xDC4D,5,
    0x6984,1, 0x18C5,4, 0x4125,3, 0xBB29,2, 0xDC4D,4, 0xBB29,1, 0xDC4D,30, 0xBB29,2,
    0xDC4D,5, 0xBB29,1, 0x4125,3, 0x18C5,1, 0x6984,2, 0xA9A6,1, 0xDC4D,2, 0xBB29,5,
    0xDC4D,1, 0xBB29,36, 0xDC4D,1, 0xA9A6,2, 0x6984,1, 0x18C5,1, 0x6984,2, 0xBB29,48,
    0x6984,1, 0x18C5,1, 0x4125,2, 0xA9A6,7, 0xBB29,33, 0xA9A6,8, 0x4125,1, 0x18C5,3,
    0x4124,5, 0x5144,1, 0x6984,1, 0xA9A6,1, 0xBB29,1, 0xA9A6,31, 0x6984,1, 0x5144,1,
    0x4124,6, 0x18C5,9, 0x4124,1, 0x6984,35, 0x4124,1, 0x18C5,15, 0x28E5,1, 0x4124,4,
    0xA9A6,2, 0x6984,1, 0x4124,3, 0xA9A6,2, 0x6984,1, 0x4124,9, 0xA9A6,2, 0x6984,1,
    0x4124,3, 0xA9A6,2, 0x6984,1, 0x4124,4, 0x28E5,1, 0x18C5,20, 0xA9A6,2, 0x6984,1,
    0x18C5,3, 0xA9A6,2, 0x6984,1, 0x18C5,9, 0xA9A6,2, 0x6984,1, 0x18C5,3, 0xA9A6,2,
    0x6984,1, 0x18C5,25, 0x6984,3, 0x18C5,3, 0x6984,3, 0x18C5,9, 0x6984,3, 0x18C5,3,
    0x6984,3, 0x18C5,21, 0x1084,4, 0x3904,3, 0x1084,3, 0x3904,3, 0x1084,9, 0x3904,3,
    0x1084,3, 0x3904,3, 0x1084,5, 0x18C5,16, 0x1084,36, 0x18C5,20, 0x10A4,27, 0x18C5,13,
    0x18C5,14, 0x78E3,27, 0x18C5,23, 0x78E3,2, 0xFA28,27, 0x78E3,1, 0x18C5,22, 0x78E3,2,
    0xFA28,27, 0x78E3,1, 0x18C5,22, 0x78E3,2, 0xFA28,1, 0x28E3,24, 0xFA28,3, 0x78E3,3,
    0x18C5,19, 0x78E3,2, 0xFA28,1, 0x28E3,2, 0xFA28,4, 0x28E3,18, 0xFA28,5, 0x78E3,1,
    0x18C5,19, 0x78E3,2, 0xFA28,1, 0x28E3,2, 0xFA28,4, 0x28E3,18, 0xFA28,5, 0x78E3,1,
    0x18C5,19, 0x78E3,2, 0xFA28,1, 0x28E3,2, 0xFA28,4, 0x28E3,18, 0xFA28,5, 0x78E3,1,
    0x18C5,19, 0x78E3,2, 0xFA28,1, 0x28E3,2, 0xFA28,4, 0x28E3,18, 0xFA28,5, 0x78E3,1,
    0x18C5,19, 0x78E3,2, 0xFA28,1, 0x28E3,2, 0xFA28,4, 0x28E3,18, 0xFA28,5, 0x78E3,1,
    0x18C5,19, 0x78E3,2, 0xFA28,1, 0x28E3,24, 0xFA28,3, 0x78E3,3, 0x18C5,19, 0x78E3,2,
    0xFA28,27, 0x78E3,1, 0x18C5,22, 0x78E3,2, 0xFA28,27, 0x78E3,1, 0x18C5,24, 0x78E3,27,
    0x18C5,382, 0x28E5,1, 0x4124,35, 0x28E5,1, 0x18C5,15, 0x4124,1, 0x6984,35, 0x4124,1,
    0x18C5,15, 0x4124,1, 0x6984,1, 0xA9A6,1, 0xBB29,32, 0xA9A6,1, 0x4124,1, 0x18C5,15,
    0x4124,1, 0x6984,1, 0xBB29,1, 0xF572,4, 0xDC4D,27, 0xBB29,2, 0x4124,1, 0x18C5,15,
    0x4124,1, 0x6984,1, 0xBB29,1, 0xF572,1, 0xFE98,2, 0xF572,1, 0xDC4D,26, 0xBB29,2,
    0xA9A6,1, 0x4124,1, 0x18C5,15, 0x4124,1, 0x6984,1, 0xBB29,1, 0xF572,4, 0xDC4D,26,
    0xBB29,2, 0xA9A6,1, 0x4124,1, 0x18C5,10, 0x4124,5, 0x5144,1, 0x6984,1, 0xBB29,1,
    0xDC4D,30, 0xBB29,2, 0x6984,1, 0x5144,1, 0x4124,6, 0x18C5,4, 0x6984,7, 0xBB29,1,
    0xDC4D,30, 0xBB29,2, 0x6984,8, 0x18C5,2, 0x4125,2, 0xA9A6,1, 0xBB29,7, 0xDC4D,5,
    0x1882,3, 0xDC4D,15, 0x1882,3, 0xDC4D,4, 0xBB29,8, 0xA9A6,2, 0x4125,1, 0x18C5,1,
    0x6984,2, 0xA9A6,1, 0xDC4D,6, 0xBB29,1, 0xDC4D,5, 0x1882,3, 0xDC4D,15, 0x1882,3,
    0xDC4D,4, 0xBB29,2, 0xDC4D,6, 0xA9A6,2, 0x6984,1, 0x18C5,1, 0x6984,3, 0xBB29,2,
    0xDC4D,4, 0xBB29,1, 0xDC4D,30, 0xBB29,2, 0xDC4D,5, 0xBB29,1, 0x6984,3, 0x18C5,1,
    0x4125,3, 0xA9A6,2, 0xDC4D,4, 0xBB29,1, 0xDC4D,30, 0xBB29,2, 0xDC4D,5, 0xA9A6,1,
    0x4125,3, 0x18C5,4, 0x6984,2, 0xDC4D,4, 0xBB29,1, 0xDC4D,30, 0xBB29,2, 0xDC4D,5,
    0x6984,1, 0x18C5,7, 0x6984,2, 0xDC4D,4, 0xBB29,1, 0xDC4D,30, 0xBB29,2, 0xDC4D,5,
    0x6984,1, 0x18C5,4, 0x4125,3, 0xBB29,2, 0xDC4D,4, 0xBB29,1, 0xDC4D,30, 0xBB29,2,
    0xDC4D,5, 0xBB29,1, 0x4125,3, 0x18C5,1, 0x6984,2, 0xA9A6,1, 0xDC4D,2, 0xBB29,5,
    0xDC4D,1, 0xBB29,36, 0xDC4D,1, 0xA9A6,2, 0x6984,1, 0x18C5,1, 0x6984,2, 0xBB29,48,
    0x6984,1, 0x18C5,1, 0x4125,2, 0xA9A6,7, 0xBB29,33, 0xA9A6,8, 0x4125,1, 0x18C5,3,
    0x4124,5, 0x5144,1, 0x6984,1, 0xA9A6,1, 0xBB29,1, 0xA9A6,31, 0x6984,1, 0x5144,1,
    0x4124,6, 0x18C5,9, 0x4124,1, 0x6984,35, 0x4124,1, 0x18C5,15, 0x28E5,1, 0x4124,4,
    0xA9A6,2, 0x6984,1, 0x4124,3, 0xA9A6,2, 0x6984,1, 0x4124,9, 0xA9A6,2, 0x6984,1,
    0x4124,3, 0xA9A6,2, 0x6984,1, 0x4124,4, 0x28E5,1, 0x18C5,20, 0xA9A6,2, 0x6984,1,
    0x18C5,3, 0xA9A6,2, 0x6984,1, 0x18C5,9, 0xA9A6,2, 0x6984,1, 0x18C5,3, 0xA9A6,2,
    0x6984,1, 0x18C5,25, 0x6984,3, 0x18C5,3, 0x6984,3, 0x18C5,9, 0x6984,3, 0x18C5,3,
    0x6984,3, 0x18C5,21, 0x1084,4, 0x3904,3, 0x1084,3, 0x3904,3, 0x1084,9, 0x3904,3,
    0x1084,3, 0x3904,3, 0x1084,5, 0x18C5,16, 0x1084,36, 0x18C5,20, 0x10A4,27, 0x18C5,13,
    0x18C5,14, 0x78E3,27, 0x18C5,23, 0x78E3,2, 0xFA28,27, 0x78E3,1, 0x18C5,22, 0x78E3,2,
    0xFA28,27, 0x78E3,1, 0x18C5,22, 0x78E3,2, 0xFA28,1, 0x28E3,24, 0xFA28,3, 0x78E3,3,
    0x18C5,19, 0x78E3,2, 0xFA28,1, 0x28E3,2, 0xFA28,4, 0x28E3,18, 0xFA28,5, 0x78E3,1,
    0x18C5,19, 0x78E3,2, 0xFA28,1, 0x28E3,2, 0xFA28,4, 0x28E3,18, 0xFA28,5, 0x78E3,1,
    0x18C5,19, 0x78E3,2, 0xFA28,1, 0x28E3,2, 0xFA28,4, 0x28E3,18, 0xFA28,5, 0x78E3,1,
    0x18C5,19, 0x78E3,2, 0xFA28,1, 0x28E3,2, 0xFA28,4, 0x28E3,18, 0xFA28,5, 0x78E3,1,
    0x18C5,19, 0x78E3,2, 0xFA28,1, 0x28E3,2, 0xFA28,4, 0x28E3,18, 0xFA28,5, 0x78E3,1,
    0x18C5,19, 0x78E3,2, 0xFA28,1, 0x28E3,24, 0xFA28,3, 0x78E3,3, 0x18C5,19, 0x78E3,2,
    0xFA28,27, 0x78E3,1, 0x18C5,22, 0x78E3,2, 0xFA28,27, 0x78E3,1, 0x18C5,24, 0x78E3,27,
    0x18C5,382, 0x28E5,1, 0x4124,35, 0x28E5,1, 0x18C5,15, 0x4124,1, 0x6984,35, 0x4124,1,
    0x18C5,15, 0x4124,1, 0x6984,1, 0xA9A6,1, 0xBB29,32, 0xA9A6,1, 0x4124,1, 0x18C5,15,
    0x4124,1, 0x6984,1, 0xBB29,1, 0xF572,4, 0xDC4D,27, 0xBB29,2, 0x4124,1, 0x18C5,15,
    0x4124,1, 0x6984,1, 0xBB29,1, 0xF572,1, 0xFE98,2, 0xF572,1, 0xDC4D,26, 0xBB29,2,
    0xA9A6,1, 0x4124,1, 0x18C5,15, 0x4124,1, 0x6984,1, 0xBB29,1, 0xF572,4, 0xDC4D,26,
    0xBB29,2, 0xA9A6,1, 0x4124,1, 0x18C5,10, 0x4124,5, 0x5144,1, 0x6984,1, 0xBB29,1,
    0xDC4D,30, 0xBB29,2, 0x6984,1, 0x5144,1, 0x4124,6, 0x18C5,4, 0x6984,7, 0xBB29,1,
    0xDC4D,30, 0xBB29,2, 0x6984,8, 0x18C5,2, 0x4125,2, 0xA9A6,1, 0xBB29,7, 0xDC4D,5,
    0x1882,3, 0xDC4D,15, 0x1882,3, 0xDC4D,4, 0xBB29,8, 0xA9A6,2, 0x4125,1, 0x18C5,1,
    0x6984,2, 0xA9A6,1, 0xDC4D,6, 0xBB29,1, 0xDC4D,5, 0x1882,3, 0xDC4D,15, 0x1882,3,
    0xDC4D,4, 0xBB29,2, 0xDC4D,6, 0xA9A6,2, 0x6984,1, 0x18C5,1, 0x6984,3, 0xBB29,2,
    0xDC4D,4, 0xBB29,1, 0xDC4D,30, 0xBB29,2, 0xDC4D,5, 0xBB29,1, 0x6984,3, 0x18C5,1,
    0x4125,3, 0xA9A6,2, 0xDC4D,4, 0xBB29,1, 0xDC4D,30, 0xBB29,2, 0xDC4D,5, 0xA9A6,1,
    0x4125,3, 0x18C5,4, 0x6984,2, 0xDC4D,4, 0xBB29,1, 0xDC4D,30, 0xBB29,2, 0xDC4D,5,
    0x6984,1, 0x18C5,7, 0x6984,2, 0xDC4D,4, 0xBB29,1, 0xDC4D,30, 0xBB29,2, 0xDC4D,5,
    0x6984,1, 0x18C5,4, 0x4125,3, 0xBB29,2, 0xDC4D,4, 0xBB29,1, 0xDC4D,30, 0xBB29,2,
    0xDC4D,5, 0xBB29,1, 0x4125,3, 0x18C5,1, 0x6984,2, 0xA9A6,1, 0xDC4D,2, 0xBB29,5,
    0xDC4D,1, 0xBB29,36, 0xDC4D,1, 0xA9A6,2, 0x6984,1, 0x18C5,1, 0x6984,2, 0xBB29,48,
    0x6984,1, 0x18C5,1, 0x4125,2, 0xA9A6,7, 0xBB29,33, 0xA9A6,8, 0x4125,1, 0x18C5,3,
    0x4124,5, 0x5144,1, 0x6984,1, 0xA9A6,1, 0xBB29,1, 0xA9A6,31, 0x6984,1, 0x5144,1,
    0x4124,6, 0x18C5,9, 0x4124,1, 0x6984,35, 0x4124,1, 0x18C5,15, 0x28E5,1, 0x4124,4,
    0xA9A6,2, 0x6984,1, 0x4124,3, 0xA9A6,2, 0x6984,1, 0x4124,9, 0xA9A6,2, 0x6984,1,
    0x4124,3, 0xA9A6,2, 0x6984,1, 0x4124,4, 0x28E5,1, 0x18C5,20, 0xA9A6,2, 0x6984,1,
    0x18C5,3, 0xA9A6,2, 0x6984,1, 0x18C5,9, 0xA9A6,2, 0x6984,1, 0x18C5,3, 0xA9A6,2,
    0x6984,1, 0x18C5,25, 0x6984,3, 0x18C5,3, 0x6984,3, 0x18C5,9, 0x6984,3, 0x18C5,3,
    0x6984,3, 0x18C5,21, 0x1084,4, 0x3904,3, 0x1084,3, 0x3904,3, 0x1084,9, 0x3904,3,
    0x1084,3, 0x3904,3, 0x1084,5, 0x18C5,16, 0x1084,36, 0x18C5,20, 0x10A4,27, 0x18C5,13,
    0x18C5,14, 0x78E3,27, 0x18C5,23, 0x78E3,2, 0xFA28,27, 0x78E3,1, 0x18C5,22, 0x78E3,2,
    0xFA28,27, 0x78E3,1, 0x18C5,22, 0x78E3,2, 0xFA28,1, 0x28E3,24, 0xFA28,3, 0x78E3,3,
    0x18C5,19, 0x78E3,2, 0xFA28,1, 0x28E3,2, 0xFA28,4, 0x28E3,18, 0xFA28,5, 0x78E3,1,
    0x18C5,19, 0x78E3,2, 0xFA28,1, 0x28E3,2, 0xFA28,4, 0x28E3,18, 0xFA28,5, 0x78E3,1,
    0x18C5,19, 0x78E3,2, 0xFA28,1, 0x28E3,2, 0xFA28,4, 0x28E3,18, 0xFA28,5, 0x78E3,1,
    0x18C5,19, 0x78E3,2, 0xFA28,1, 0x28E3,2, 0xFA28,4, 0x28E3,18, 0xFA28,5, 0x78E3,1,
    0x18C5,19, 0x78E3,2, 0xFA28,1, 0x28E3,2, 0xFA28,4, 0x28E3,18, 0xFA28,5, 0x78E3,1,
    0x18C5,19, 0x78E3,2, 0xFA28,1, 0x28E3,24, 0xFA28,3, 0x78E3,3, 0x18C5,19, 0x78E3,2,
    0xFA28,27, 0x78E3,1, 0x18C5,22, 0x78E3,2, 0xFA28,27, 0x78E3,1, 0x18C5,24, 0x78E3,27,
    0x18C5,382, 0x28E5,1, 0x4124,35, 0x28E5,1, 0x18C5,15, 0x4124,1, 0x6984,35, 0x4124,1,
    0x18C5,15, 0x4124,1, 0x6984,1, 0xA9A6,1, 0xBB29,32, 0xA9A6,1, 0x4124,1, 0x18C5,15,
    0x4124,1, 0x6984,1, 0xBB29,1, 0xF572,4, 0xDC4D,27, 0xBB29,2, 0x4124,1, 0x18C5,15,
    0x4124,1, 0x6984,1, 0xBB29,1, 0xF572,1, 0xFE98,2, 0xF572,1, 0xDC4D,26, 0xBB29,2,
    0xA9A6,1, 0x4124,1, 0x18C5,15, 0x4124,1, 0x6984,1, 0xBB29,1, 0xF572,4, 0xDC4D,26,
    0xBB29,2, 0xA9A6,1, 0x4124,1, 0x18C5,10, 0x4124,5, 0x5144,1, 0x6984,1, 0xBB29,1,
    0xDC4D,30, 0xBB29,2, 0x6984,1, 0x5144,1, 0x4124,6, 0x18C5,4, 0x6984,7, 0xBB29,1,
    0xDC4D,30, 0xBB29,2, 0x6984,8, 0x18C5,2, 0x4125,2, 0xA9A6,1, 0xBB29,7, 0xDC4D,5,
    0x1882,3, 0xDC4D,15, 0x1882,3, 0xDC4D,4, 0xBB29,8, 0xA9A6,2, 0x4125,1, 0x18C5,1,
    0x6984,2, 0xA9A6,1, 0xDC4D,6, 0xBB29,1, 0xDC4D,5, 0x1882,3, 0xDC4D,15, 0x1882,3,
    0xDC4D,4, 0xBB29,2, 0xDC4D,6, 0xA9A6,2, 0x6984,1, 0x18C5,1, 0x6984,3, 0xBB29,2,
    0xDC4D,4, 0xBB29,1, 0xDC4D,30, 0xBB29,2, 0xDC4D,5, 0xBB29,1, 0x6984,3, 0x18C5,1,
    0x4125,3, 0xA9A6,2, 0xDC4D,4, 0xBB29,1, 0xDC4D,30, 0xBB29,2, 0xDC4D,5, 0xA9A6,1,
    0x4125,3, 0x18C5,4, 0x6984,2, 0xDC4D,4, 0xBB29,1, 0xDC4D,30, 0xBB29,2, 0xDC4D,5,
    0x6984,1, 0x18C5,7, 0x6984,2, 0xDC4D,4, 0xBB29,1, 0xDC4D,30, 0xBB29,2, 0xDC4D,5,
    0x6984,1, 0x18C5,4, 0x4125,3, 0xBB29,2, 0xDC4D,4, 0xBB29,1, 0xDC4D,30, 0xBB29,2,
    0xDC4D,5, 0xBB29,1, 0x4125,3, 0x18C5,1, 0x6984,2, 0xA9A6,1, 0xDC4D,2, 0xBB29,5,
    0xDC4D,1, 0xBB29,36, 0xDC4D,1, 0xA9A6,2, 0x6984,1, 0x18C5,1, 0x6984,2, 0xBB29,48,
    0x6984,1, 0x18C5,1, 0x4125,2, 0xA9A6,7, 0xBB29,33, 0xA9A6,8, 0x4125,1, 0x18C5,3,
    0x4124,5, 0x5144,1, 0x6984,1, 0xA9A6,1, 0xBB29,1, 0xA9A6,31, 0x6984,1, 0x5144,1,
    0x4124,6, 0x18C5,9, 0x4124,1, 0x6984,35, 0x4124,1, 0x18C5,15, 0x28E5,1, 0x4124,4,
    0xA9A6,2, 0x6984,1, 0x4124,3, 0xA9A6,2, 0x6984,1, 0x4124,9, 0xA9A6,2, 0x6984,1,
    0x4124,3, 0xA9A6,2, 0x6984,1, 0x4124,4, 0x28E5,1, 0x18C5,20, 0xA9A6,2, 0x6984,1,
    0x18C5,3, 0xA9A6,2, 0x6984,1, 0x18C5,9, 0xA9A6,2, 0x6984,1, 0x18C5,3, 0xA9A6,2,
    0x6984,1, 0x18C5,25, 0x6984,3, 0x18C5,3, 0x6984,3, 0x18C5,9, 0x6984,3, 0x18C5,3,
    0x6984,3, 0x18C5,21, 0x1084,4, 0x3904,3, 0x1084,3, 0x3904,3, 0x1084,9, 0x3904,3,
    0x1084,3, 0x3904,3, 0x1084,5, 0x18C5,16, 0x1084,36, 0x18C5,20, 0x10A4,27, 0x18C5,13,
    0x18C5,14, 0x78E3,27, 0x18C5,23, 0x78E3,2, 0xFA28,27, 0x78E3,1, 0x18C5,22, 0x78E3,2,
    0xFA28,27, 0x78E3,1, 0x18C5,22, 0x78E3,2, 0xFA28,1, 0x28E3,24, 0xFA28,3, 0x78E3,3,
    0x18C5,19, 0x78E3,2, 0xFA28,1, 0x28E3,2, 0xFA28,4, 0x28E3,18, 0xFA28,5, 0x78E3,1,
    0x18C5,19, 0x78E3,2, 0xFA28,1, 0x28E3,2, 0xFA28,4, 0x28E3,18, 0xFA28,5, 0x78E3,1,
    0x18C5,19, 0x78E3,2, 0xFA28,1, 0x28E3,2, 0xFA28,4, 0x28E3,18, 0xFA28,5, 0x78E3,1,
    0x18C5,19, 0x78E3,2, 0xFA28,1, 0x28E3,2, 0xFA28,4, 0x28E3,18, 0xFA28,5, 0x78E3,1,
    0x18C5,19, 0x78E3,2, 0xFA28,1, 0x28E3,2, 0xFA28,4, 0x28E3,18, 0xFA28,5, 0x78E3,1,
    0x18C5,19, 0x78E3,2, 0xFA28,1, 0x28E3,24, 0xFA28,3, 0x78E3,3, 0x18C5,19, 0x78E3,2,
    0xFA28,27, 0x78E3,1, 0x18C5,22, 0x78E3,2, 0xFA28,27, 0x78E3,1, 0x18C5,24, 0x78E3,27,
    0x18C5,382, 0x28E5,1, 0x4124,35, 0x28E5,1, 0x18C5,15, 0x4124,1, 0x6984,35, 0x4124,1,
    0x18C5,15, 0x4124,1, 0x6984,1, 0xA9A6,1, 0xBB29,32, 0xA9A6,1, 0x4124,1, 0x18C5,15,
    0x4124,1, 0x6984,1, 0xBB29,1, 0xF572,4, 0xDC4D,27, 0xBB29,2, 0x4124,1, 0x18C5,15,
    0x4124,1, 0x6984,1, 0xBB29,1, 0xF572,1, 0xFE98,2, 0xF572,1, 0xDC4D,26, 0xBB29,2,
    0xA9A6,1, 0x4124,1, 0x18C5,15, 0x4124,1, 0x6984,1, 0xBB29,1, 0xF572,4, 0xDC4D,26,
    0xBB29,2, 0xA9A6,1, 0x4124,1, 0x18C5,10, 0x4124,5, 0x5144,1, 0x6984,1, 0xBB29,1,
    0xDC4D,30, 0xBB29,2, 0x6984,1, 0x5144,1, 0x4124,6, 0x18C5,4, 0x6984,7, 0xBB29,1,
    0xDC4D,30, 0xBB29,2, 0x6984,8, 0x18C5,2, 0x4125,2, 0xA9A6,1, 0xBB29,7, 0xDC4D,5,
    0x1882,3, 0xDC4D,15, 0x1882,3, 0xDC4D,4, 0xBB29,8, 0xA9A6,2, 0x4125,1, 0x18C5,1,
    0x6984,2, 0xA9A6,1, 0xDC4D,6, 0xBB29,1, 0xDC4D,5, 0x1882,3, 0xDC4D,15, 0x1882,3,
    0xDC4D,4, 0xBB29,2, 0xDC4D,6, 0xA9A6,2, 0x6984,1, 0x18C5,1, 0x6984,3, 0xBB29,2,
    0xDC4D,4, 0xBB29,1, 0xDC4D,30, 0xBB29,2, 0xDC4D,5, 0xBB29,1, 0x6984,3, 0x18C5,1,
    0x4125,3, 0xA9A6,2, 0xDC4D,4, 0xBB29,1, 0xDC4D,30, 0xBB29,2, 0xDC4D,5, 0xA9A6,1,
    0x4125,3, 0x18C5,4, 0x6984,2, 0xDC4D,4, 0xBB29,1, 0xDC4D,30, 0xBB29,2, 0xDC4D,5,
    0x6984,1, 0x18C5,7, 0x6984,2, 0xDC4D,4, 0xBB29,1, 0xDC4D,30, 0xBB29,2, 0xDC4D,5,
    0x6984,1, 0x18C5,4, 0x4125,3, 0xBB29,2, 0xDC4D,4, 0xBB29,1, 0xDC4D,30, 0xBB29,2,
    0xDC4D,5, 0xBB29,1, 0x4125,3, 0x18C5,1, 0x6984,2, 0xA9A6,1, 0xDC4D,2, 0xBB29,5,
    0xDC4D,1, 0xBB29,36, 0xDC4D,1, 0xA9A6,2, 0x6984,1, 0x18C5,1, 0x6984,2, 0xBB29,48,
    0x6984,1, 0x18C5,1, 0x4125,2, 0xA9A6,7, 0xBB29,33, 0xA9A6,8, 0x4125,1, 0x18C5,3,
    0x4124,5, 0x5144,1, 0x6984,1, 0xA9A6,1, 0xBB29,1, 0xA9A6,31, 0x6984,1, 0x5144,1,
    0x4124,6, 0x18C5,9, 0x4124,1, 0x6984,35, 0x4124,1, 0x18C5,15, 0x28E5,1, 0x4124,4,
    0xA9A6,2, 0x6984,1, 0x4124,3, 0xA9A6,2, 0x6984,1, 0x4124,9, 0xA9A6,2, 0x6984,1,
    0x4124,3, 0xA9A6,2, 0x6984,1, 0x4124,4, 0x28E5,1, 0x18C5,20, 0xA9A6,2, 0x6984,1,
    0x18C5,3, 0xA9A6,2, 0x6984,1, 0x18C5,9, 0xA9A6,2, 0x6984,1, 0x18C5,3, 0xA9A6,2,
    0x6984,1, 0x18C5,25, 0x6984,3, 0x18C5,3, 0x6984,3, 0x18C5,9, 0x6984,3, 0x18C5,3,
    0x6984,3, 0x18C5,21, 0x1084,4, 0x3904,3, 0x1084,3, 0x3904,3, 0x1084,9, 0x3904,3,
    0x1084,3, 0x3904,3, 0x1084,5, 0x18C5,16, 0x1084,36, 0x18C5,20, 0x10A4,27, 0x18C5,13,
    0x18C5,14, 0x78E3,27, 0x18C5,23, 0x78E3,2, 0xFA28,27, 0x78E3,1, 0x18C5,22, 0x78E3,2,
    0xFA28,27, 0x78E3,1, 0x18C5,22, 0x78E3,2, 0xFA28,1, 0x28E3,24, 0xFA28,3, 0x78E3,3,
    0x18C5,19, 0x78E3,2, 0xFA28,1, 0x28E3,2, 0xFA28,4, 0x28E3,18, 0xFA28,5, 0x78E3,1,
    0x18C5,19, 0x78E3,2, 0xFA28,1, 0x28E3,2, 0xFA28,4, 0x28E3,18, 0xFA28,5, 0x78E3,1,
    0x18C5,19, 0x78E3,2, 0xFA28,1, 0x28E3,2, 0xFA28,4, 0x28E3,18, 0xFA28,5, 0x78E3,1,
    0x18C5,19, 0x78E3,2, 0xFA28,1, 0x28E3,2, 0xFA28,4, 0x28E3,18, 0xFA28,5, 0x78E3,1,
    0x18C5,19, 0x78E3,2, 0xFA28,1, 0x28E3,2, 0xFA28,4, 0x28E3,18, 0xFA28,5, 0x78E3,1,
    0x18C5,19, 0x78E3,2, 0xFA28,1, 0x28E3,24, 0xFA28,3, 0x78E3,3, 0x18C5,19, 0x78E3,2,
    0xFA28,27, 0x78E3,1, 0x18C5,22, 0x78E3,2, 0xFA28,27, 0x78E3,1, 0x18C5,24, 0x78E3,27,
    0x18C5,382, 0x28E5,1, 0x4124,35, 0x28E5,1, 0x18C5,15, 0x4124,1, 0x6984,35, 0x4124,1,
    0x18C5,15, 0x4124,1, 0x6984,1, 0xA9A6,1, 0xBB29,32, 0xA9A6,1, 0x4124,1, 0x18C5,15,
    0x4124,1, 0x6984,1, 0xBB29,1, 0xF572,4, 0xDC4D,27, 0xBB29,2, 0x4124,1, 0x18C5,15,
    0x4124,1, 0x6984,1, 0xBB29,1, 0xF572,1, 0xFE98,2, 0xF572,1, 0xDC4D,26, 0xBB29,2,
    0xA9A6,1, 0x4124,1, 0x18C5,15, 0x4124,1, 0x6984,1, 0xBB29,1, 0xF572,4, 0xDC4D,26,
    0xBB29,2, 0xA9A6,1, 0x4124,1, 0x18C5,10, 0x4124,5, 0x5144,1, 0x6984,1, 0xBB29,1,
    0xDC4D,30, 0xBB29,2, 0x6984,1, 0x5144,1, 0x4124,6, 0x18C5,4, 0x6984,7, 0xBB29,1,
    0xDC4D,30, 0xBB29,2, 0x6984,8, 0x18C5,2, 0x4125,2, 0xA9A6,1, 0xBB29,7, 0xDC4D,5,
    0x1882,3, 0xDC4D,15, 0x1882,3, 0xDC4D,4, 0xBB29,8, 0xA9A6,2, 0x4125,1, 0x18C5,1,
    0x6984,2, 0xA9A6,1, 0xDC4D,6, 0xBB29,1, 0xDC4D,5, 0x1882,3, 0xDC4D,15, 0x1882,3,
    0xDC4D,4, 0xBB29,2, 0xDC4D,6, 0xA9A6,2, 0x6984,1, 0x18C5,1, 0x6984,3, 0xBB29,2,
    0xDC4D,4, 0xBB29,1, 0xDC4D,30, 0xBB29,2, 0xDC4D,5, 0xBB29,1, 0x6984,3, 0x18C5,1,
    0x4125,3, 0xA9A6,2, 0xDC4D,4, 0xBB29,1, 0xDC4D,30, 0xBB29,2, 0xDC4D,5, 0xA9A6,1,
    0x4125,3, 0x18C5,4, 0x6984,2, 0xDC4D,4, 0xBB29,1, 0xDC4D,30, 0xBB29,2, 0xDC4D,5,
    0x6984,1, 0x18C5,7, 0x6984,2, 0xDC4D,4, 0xBB29,1, 0xDC4D,30, 0xBB29,2, 0xDC4D,5,
    0x6984,1, 0x18C5,4, 0x4125,3, 0xBB29,2, 0xDC4D,4, 0xBB29,1, 0xDC4D,30, 0xBB29,2,
    0xDC4D,5, 0xBB29,1, 0x4125,3, 0x18C5,1, 0x6984,2, 0xA9A6,1, 0xDC4D,2, 0xBB29,5,
    0xDC4D,1, 0xBB29,36, 0xDC4D,1, 0xA9A6,2, 0x6984,1, 0x18C5,1, 0x6984,2, 0xBB29,48,
    0x6984,1, 0x18C5,1, 0x4125,2, 0xA9A6,7, 0xBB29,33, 0xA9A6,8, 0x4125,1, 0x18C5,3,
    0x4124,5, 0x5144,1, 0x6984,1, 0xA9A6,1, 0xBB29,1, 0xA9A6,31, 0x6984,1, 0x5144,1,
    0x4124,6, 0x18C5,9, 0x4124,1, 0x6984,35, 0x4124,1, 0x18C5,15, 0x28E5,1, 0x4124,4,
    0xA9A6,2, 0x6984,1, 0x4124,3, 0xA9A6,2, 0x6984,1, 0x4124,9, 0xA9A6,2, 0x6984,1,
    0x4124,3, 0xA9A6,2, 0x6984,1, 0x4124,4, 0x28E5,1, 0x18C5,20, 0xA9A6,2, 0x6984,1,
    0x18C5,3, 0xA9A6,2, 0x6984,1, 0x18C5,9, 0xA9A6,2, 0x6984,1, 0x18C5,3, 0xA9A6,2,
    0x6984,1, 0x18C5,25, 0x6984,3, 0x18C5,3, 0x6984,3, 0x18C5,9, 0x6984,3, 0x18C5,3,
    0x6984,3, 0x18C5,21, 0x1084,4, 0x3904,3, 0x1084,3, 0x3904,3, 0x1084,9, 0x3904,3,
    0x1084,3, 0x3904,3, 0x1084,5, 0x18C5,16, 0x1084,36, 0x18C5,20, 0x10A4,27, 0x18C5,13,
    0x18C5,14, 0x78E3,27, 0x18C5,23, 0x78E3,2, 0xFA28,27, 0x78E3,1, 0x18C5,22, 0x78E3,2,
    0xFA28,27, 0x78E3,1, 0x18C5,22, 0x78E3,2, 0xFA28,1, 0x28E3,24, 0xFA28,3, 0x78E3,3,
    0x18C5,19, 0x78E3,2, 0xFA28,1, 0x28E3,2, 0xFA28,4, 0x28E3,18, 0xFA28,5, 0x78E3,1,
    0x18C5,19, 0x78E3,2, 0xFA28,1, 0x28E3,2, 0xFA28,4, 0x28E3,18, 0xFA28,5, 0x78E3,1,
    0x18C5,19, 0x78E3,2, 0xFA28,1, 0x28E3,2, 0xFA28,4, 0x28E3,18, 0xFA28,5, 0x78E3,1,
    0x18C5,19, 0x78E3,2, 0xFA28,1, 0x28E3,2, 0xFA28,4, 0x28E3,18, 0xFA28,5, 0x78E3,1,
    0x18C5,19, 0x78E3,2, 0xFA28,1, 0x28E3,2, 0xFA28,4, 0x28E3,18, 0xFA28,5, 0x78E3,1,
    0x18C5,19, 0x78E3,2, 0xFA28,1, 0x28E3,24, 0xFA28,3, 0x78E3,3, 0x18C5,19, 0x78E3,2,
    0xFA28,27, 0x78E3,1, 0x18C5,22, 0x78E3,2, 0xFA28,27, 0x78E3,1, 0x18C5,24, 0x78E3,27,
    0x18C5,382, 0x28E5,1, 0x4124,35, 0x28E5,1, 0x18C5,15, 0x4124,1, 0x6984,35, 0x4124,1,
    0x18C5,15, 0x4124,1, 0x6984,1, 0xA9A6,1, 0xBB29,32, 0xA9A6,1, 0x4124,1, 0x18C5,15,
    0x4124,1, 0x6984,1, 0xBB29,1, 0xF572,4, 0xDC4D,27, 0xBB29,2, 0x4124,1, 0x18C5,15,
    0x4124,1, 0x6984,1, 0xBB29,1, 0xF572,1, 0xFE98,2, 0xF572,1, 0xDC4D,26, 0xBB29,2,
    0xA9A6,1, 0x4124,1, 0x18C5,15, 0x4124,1, 0x6984,1, 0xBB29,1, 0xF572,4, 0xDC4D,26,
    0xBB29,2, 0xA9A6,1, 0x4124,1, 0x18C5,10, 0x4124,5, 0x5144,1, 0x6984,1, 0xBB29,1,
    0xDC4D,30, 0xBB29,2, 0x6984,1, 0x5144,1, 0x4124,6, 0x18C5,4, 0x6984,7, 0xBB29,1,
    0xDC4D,30, 0xBB29,2, 0x6984,8, 0x18C5,2, 0x4125,2, 0xA9A6,1, 0xBB29,7, 0xDC4D,5,
    0x1882,3, 0xDC4D,15, 0x1882,3, 0xDC4D,4, 0xBB29,8, 0xA9A6,2, 0x4125,1, 0x18C5,1,
    0x6984,2, 0xA9A6,1, 0xDC4D,6, 0xBB29,1, 0xDC4D,5, 0x1882,3, 0xDC4D,15, 0x1882,3,
    0xDC4D,4, 0xBB29,2, 0xDC4D,6, 0xA9A6,2, 0x6984,1, 0x18C5,1, 0x6984,3, 0xBB29,2,
    0xDC4D,4, 0xBB29,1, 0xDC4D,30, 0xBB29,2, 0xDC4D,5, 0xBB29,1, 0x6984,3, 0x18C5,1,
    0x4125,3, 0xA9A6,2, 0xDC4D,4, 0xBB29,1, 0xDC4D,30, 0xBB29,2, 0xDC4D,5, 0xA9A6,1,
    0x4125,3, 0x18C5,4, 0x6984,2, 0xDC4D,4, 0xBB29,1, 0xDC4D,30, 0xBB29,2, 0xDC4D,5,
    0x6984,1, 0x18C5,7, 0x6984,2, 0xDC4D,4, 0xBB29,1, 0xDC4D,30, 0xBB29,2, 0xDC4D,5,
    0x6984,1, 0x18C5,4, 0x4125,3, 0xBB29,2, 0xDC4D,4, 0xBB29,1, 0xDC4D,30, 0xBB29,2,
    0xDC4D,5, 0xBB29,1, 0x4125,3, 0x18C5,1, 0x6984,2, 0xA9A6,1, 0xDC4D,2, 0xBB29,5,
    0xDC4D,1, 0xBB29,36, 0xDC4D,1, 0xA9A6,2, 0x6984,1, 0x18C5,1, 0x6984,2, 0xBB29,48,
    0x6984,1, 0x18C5,1, 0x4125,2, 0xA9A6,7, 0xBB29,33, 0xA9A6,8, 0x4125,1, 0x18C5,3,
    0x4124,5, 0x5144,1, 0x6984,1, 0xA9A6,1, 0xBB29,1, 0xA9A6,31, 0x6984,1, 0x5144,1,
    0x4124,6, 0x18C5,9, 0x4124,1, 0x6984,35, 0x4124,1, 0x18C5,15, 0x28E5,1, 0x4124,4,
    0xA9A6,2, 0x6984,1, 0x4124,3, 0xA9A6,2, 0x6984,1, 0x4124,9, 0xA9A6,2, 0x6984,1,
    0x4124,3, 0xA9A6,2, 0x6984,1, 0x4124,4, 0x28E5,1, 0x18C5,20, 0xA9A6,2, 0x6984,1,
    0x18C5,3, 0xA9A6,2, 0x6984,1, 0x18C5,9, 0xA9A6,2, 0x6984,1, 0x18C5,3, 0xA9A6,2,
    0x6984,1, 0x18C5,25, 0x6984,3, 0x18C5,3, 0x6984,3, 0x18C5,9, 0x6984,3, 0x18C5,3,
    0x6984,3, 0x18C5,21, 0x1084,4, 0x3904,3, 0x1084,3, 0x3904,3, 0x1084,9, 0x3904,3,
    0x1084,3, 0x3904,3, 0x1084,5, 0x18C5,16, 0x1084,36, 0x18C5,20, 0x10A4,27, 0x18C5,13,
    0x18C5,14, 0x78E3,27, 0x18C5,23, 0x78E3,2, 0xFA28,27, 0x78E3,1, 0x18C5,22, 0x78E3,2,
    0xFA28,27, 0x78E3,1, 0x18C5,22, 0x78E3,2, 0xFA28,1, 0x28E3,24, 0xFA28,3, 0x78E3,3,
    0x18C5,19, 0x78E3,2, 0xFA28,1, 0x28E3,2, 0xFA28,4, 0x28E3,18, 0xFA28,5, 0x78E3,1,
    0x18C5,19, 0x78E3,2, 0xFA28,1, 0x28E3,2, 0xFA28,4, 0x28E3,18, 0xFA28,5, 0x78E3,1,
    0x18C5,19, 0x78E3,2, 0xFA28,1, 0x28E3,2, 0xFA28,4, 0x28E3,18, 0xFA28,5, 0x78E3,1,
    0x18C5,19, 0x78E3,2, 0xFA28,1, 0x28E3,2, 0xFA28,4, 0x28E3,18, 0xFA28,5, 0x78E3,1,
    0x18C5,19, 0x78E3,2, 0xFA28,1, 0x28E3,2, 0xFA28,4, 0x28E3,18, 0xFA28,5, 0x78E3,1,
    0x18C5,19, 0x78E3,2, 0xFA28,1, 0x28E3,24, 0xFA28,3, 0x78E3,3, 0x18C5,19, 0x78E3,2,
    0xFA28,27, 0x78E3,1, 0x18C5,22, 0x78E3,2, 0xFA28,27, 0x78E3,1, 0x18C5,24, 0x78E3,27,
    0x18C5,382, 0x28E5,1, 0x4124,35, 0x28E5,1, 0x18C5,15, 0x4124,1, 0x6984,35, 0x4124,1,
    0x18C5,15, 0x4124,1, 0x6984,1, 0xA9A6,1, 0xBB29,32, 0xA9A6,1, 0x4124,1, 0x18C5,15,
    0x4124,1, 0x6984,1, 0xBB29,1, 0xF572,4, 0xDC4D,27, 0xBB29,2, 0x4124,1, 0x18C5,15,
    0x4124,1, 0x6984,1, 0xBB29,1, 0xF572,1, 0xFE98,2, 0xF572,1, 0xDC4D,26, 0xBB29,2,
    0xA9A6,1, 0x4124,1, 0x18C5,15, 0x4124,1, 0x6984,1, 0xBB29,1, 0xF572,4, 0xDC4D,26,
    0xBB29,2, 0xA9A6,1, 0x4124,1, 0x18C5,10, 0x4124,5, 0x5144,1, 0x6984,1, 0xBB29,1,
    0xDC4D,30, 0xBB29,2, 0x6984,1, 0x5144,1, 0x4124,6, 0x18C5,4, 0x6984,7, 0xBB29,1,
    0xDC4D,30, 0xBB29,2, 0x6984,8, 0x18C5,2, 0x4125,2, 0xA9A6,1, 0xBB29,7, 0xDC4D,5,
    0x1882,3, 0xDC4D,15, 0x1882,3, 0xDC4D,4, 0xBB29,8, 0xA9A6,2, 0x4125,1, 0x18C5,1,
    0x6984,2, 0xA9A6,1, 0xDC4D,6, 0xBB29,1, 0xDC4D,5, 0x1882,3, 0xDC4D,15, 0x1882,3,
    0xDC4D,4, 0xBB29,2, 0xDC4D,6, 0xA9A6,2, 0x6984,1, 0x18C5,1, 0x6984,3, 0xBB29,2,
    0xDC4D,4, 0xBB29,1, 0xDC4D,30, 0xBB29,2, 0xDC4D,5, 0xBB29,1, 0x6984,3, 0x18C5,1,
    0x4125,3, 0xA9A6,2, 0xDC4D,4, 0xBB29,1, 0xDC4D,30, 0xBB29,2, 0xDC4D,5, 0xA9A6,1,
    0x4125,3, 0x18C5,4, 0x6984,2, 0xDC4D,4, 0xBB29,1, 0xDC4D,30, 0xBB29,2, 0xDC4D,5,
    0x6984,1, 0x18C5,7, 0x6984,2, 0xDC4D,4, 0xBB29,1, 0xDC4D,30, 0xBB29,2, 0xDC4D,5,
    0x6984,1, 0x18C5,4, 0x4125,3, 0xBB29,2, 0xDC4D,4, 0xBB29,1, 0xDC4D,30, 0xBB29,2,
    0xDC4D,5, 0xBB29,1, 0x4125,3, 0x18C5,1, 0x6984,2, 0xA9A6,1, 0xDC4D,2, 0xBB29,5,
    0xDC4D,1, 0xBB29,36, 0xDC4D,1, 0xA9A6,2, 0x6984,1, 0x18C5,1, 0x6984,2, 0xBB29,48,
    0x6984,1, 0x18C5,1, 0x4125,2, 0xA9A6,7, 0xBB29,33, 0xA9A6,8, 0x4125,1, 0x18C5,3,
    0x4124,5, 0x5144,1, 0x6984,1, 0xA9A6,1, 0xBB29,1, 0xA9A6,31, 0x6984,1, 0x5144,1,
    0x4124,6, 0x18C5,9, 0x4124,1, 0x6984,35, 0x4124,1, 0x18C5,15, 0x28E5,1, 0x4124,4,
    0xA9A6,2, 0x6984,1, 0x4124,3, 0xA9A6,2, 0x6984,1, 0x4124,9, 0xA9A6,2, 0x6984,1,
    0x4124,3, 0xA9A6,2, 0x6984,1, 0x4124,4, 0x28E5,1, 0x18C5,20, 0xA9A6,2, 0x6984,1,
    0x18C5,3, 0xA9A6,2, 0x6984,1, 0x18C5,9, 0xA9A6,2, 0x6984,1, 0x18C5,3, 0xA9A6,2,
    0x6984,1, 0x18C5,25, 0x6984,3, 0x18C5,3, 0x6984,3, 0x18C5,9, 0x6984,3, 0x18C5,3,
    0x6984,3, 0x18C5,21, 0x1084,4, 0x3904,3, 0x1084,3, 0x3904,3, 0x1084,9, 0x3904,3,
    0x1084,3, 0x3904,3, 0x1084,5, 0x18C5,16, 0x1084,36, 0x18C5,20, 0x10A4,27, 0x18C5,13,
    0x18C5,14, 0x78E3,27, 0x18C5,23, 0x78E3,2, 0xFA28,27, 0x78E3,1, 0x18C5,22, 0x78E3,2,
    0xFA28,27, 0x78E3,1, 0x18C5,22, 0x78E3,2, 0xFA28,1, 0x28E3,24, 0xFA28,3, 0x78E3,3,
    0x18C5,19, 0x78E3,2, 0xFA28,1, 0x28E3,2, 0xFA28,4, 0x28E3,18, 0xFA28,5, 0x78E3,1,
    0x18C5,19, 0x78E3,2, 0xFA28,1, 0x28E3,2, 0xFA28,4, 0x28E3,18, 0xFA28,5, 0x78E3,1,
    0x18C5,19, 0x78E3,2, 0xFA28,1, 0x28E3,2, 0xFA28,4, 0x28E3,18, 0xFA28,5, 0x78E3,1,
    0x18C5,19, 0x78E3,2, 0xFA28,1, 0x28E3,2, 0xFA28,4, 0x28E3,18, 0xFA28,5, 0x78E3,1,
    0x18C5,19, 0x78E3,2, 0xFA28,1, 0x28E3,2, 0xFA28,4, 0x28E3,18, 0xFA28,5, 0x78E3,1,
    0x18C5,19, 0x78E3,2, 0xFA28,1, 0x28E3,24, 0xFA28,3, 0x78E3,3, 0x18C5,19, 0x78E3,2,
    0xFA28,27, 0x78E3,1, 0x18C5,22, 0x78E3,2, 0xFA28,27, 0x78E3,1, 0x18C5,24, 0x78E3,27,
    0x18C5,486, 0x4124,1, 0x6984,35, 0x4124,1, 0x18C5,15, 0x4124,1, 0x6984,35, 0x4124,1,
    0x18C5,15, 0x4124,1, 0x6984,1, 0xBB29,1, 0xF572,30, 0xDC4D,2, 0xBB29,1, 0x4124,1,
    0x18C5,15, 0x4124,1, 0x6984,1, 0xBB29,1, 0xF572,1, 0xFE98,2, 0xF572,1, 0xDC4D,26,
    0xBB29,2, 0xA9A6,1, 0x4124,1, 0x18C5,15, 0x4124,1, 0x6984,1, 0xBB29,1, 0xF572,1,
    0xFE98,2, 0xF572,1, 0xDC4D,26, 0xBB29,2, 0xA9A6,1, 0x4124,1, 0x18C5,15, 0x4124,1,
    0x6984,1, 0xBB29,1, 0xDC4D,30, 0xBB29,2, 0xA9A6,1, 0x4124,1, 0x18C5,10, 0x6984,7,
    0xBB29,1, 0xDC4D,30, 0xBB29,2, 0x6984,8, 0x18C5,4, 0x6984,7, 0xBB29,1, 0xDC4D,5,
    0x6984,3, 0xDC4D,15, 0x6984,3, 0xDC4D,4, 0xBB29,2, 0x6984,8, 0x18C5,2, 0x6984,2,
    0xBB29,1, 0xF572,6, 0xBB29,1, 0xDC4D,5, 0x1882,3, 0xDC4D,15, 0x1882,3, 0xDC4D,4,
    0xBB29,2, 0xF572,6, 0xBB29,2, 0x6984,1, 0x18C5,1, 0x6984,3, 0xBB29,2, 0xDC4D,4,
    0xBB29,1, 0xDC4D,5, 0x6984,3, 0xDC4D,15, 0x6984,3, 0xDC4D,4, 0xBB29,2, 0xDC4D,5,
    0xBB29,1, 0x6984,3, 0x18C5,1, 0x6984,3, 0xBB29,2, 0xDC4D,4, 0xBB29,1, 0xDC4D,30,
    0xBB29,2, 0xDC4D,5, 0xBB29,1, 0x6984,3, 0x18C5,4, 0x6984,2, 0xDC4D,4, 0xBB29,1,
    0xDC4D,30, 0xBB29,2, 0xDC4D,5, 0x6984,1, 0x18C5,7, 0x6984,2, 0xDC4D,4, 0xBB29,1,
    0xDC4D,30, 0xBB29,2, 0xDC4D,5, 0x6984,1, 0x18C5,7, 0x6984,2, 0xDC4D,4, 0xBB29,1,
    0xDC4D,30, 0xBB29,2, 0xDC4D,5, 0x6984,1, 0x18C5,4, 0x6984,3, 0xF572,2, 0xDC4D,4,
    0xBB29,1, 0xDC4D,30, 0xBB29,2, 0xDC4D,5, 0xF572,1, 0x6984,3, 0x18C5,1, 0x6984,2,
    0xBB29,48, 0x6984,1, 0x18C5,1, 0x6984,2, 0xBB29,48, 0x6984,1, 0x18C5,3, 0x6984,7,
    0xBB29,33, 0x6984,8, 0x18C5,9, 0x4124,1, 0x6984,35, 0x4124,1, 0x18C5,15, 0x4124,1,
    0x6984,35, 0x4124,1, 0x18C5,20, 0x6984,3, 0x18C5,3, 0x6984,3, 0x18C5,9, 0x6984,3,
    0x18C5,3, 0x6984,3, 0x18C5,21, 0x1084,36, 0x18C5,16, 0x1084,36, 0x18C5,20, 0x10A4,27,
    0x18C5,13, 0x18C5,14, 0x78E3,27, 0x18C5,23, 0x78E3,2, 0xFA28,27, 0x78E3,1, 0x18C5,22,
    0x78E3,2, 0xFA28,27, 0x78E3,1, 0x18C5,22, 0x78E3,2, 0xFA28,1, 0x28E3,24, 0xFA28,3,
    0x78E3,3, 0x18C5,19, 0x78E3,2, 0xFA28,1, 0x28E3,2, 0xFA28,4, 0x28E3,18, 0xFA28,5,
    0x78E3,1, 0x18C5,19, 0x78E3,2, 0xFA28,1, 0x28E3,2, 0xFA28,4, 0x28E3,18, 0xFA28,5,
    0x78E3,1, 0x18C5,19, 0x78E3,2, 0xFA28,1, 0x28E3,2, 0xFA28,4, 0x28E3,18, 0xFA28,5,
    0x78E3,1, 0x18C5,19, 0x78E3,2, 0xFA28,1, 0x28E3,2, 0xFA28,4, 0x28E3,18, 0xFA28,5,
    0x78E3,1, 0x18C5,19, 0x78E3,2, 0xFA28,1, 0x28E3,2, 0xFA28,4, 0x28E3,18, 0xFA28,5,
    0x78E3,1, 0x18C5,19, 0x78E3,2, 0xFA28,1, 0x28E3,24, 0xFA28,3, 0x78E3,3, 0x18C5,19,
    0x78E3,2, 0xFA28,27, 0x78E3,1, 0x18C5,22, 0x78E3,2, 0xFA28,27, 0x78E3,1, 0x18C5,24,
    0x78E3,27, 0x18C5,486, 0x4124,1, 0x6984,35, 0x4124,1, 0x18C5,15, 0x4124,1, 0x6984,35,
    0x4124,1, 0x18C5,15, 0x4124,1, 0x6984,1, 0xBB29,1, 0xF572,30, 0xDC4D,2, 0xBB29,1,
    0x4124,1, 0x18C5,15, 0x4124,1, 0x6984,1, 0xBB29,1, 0xF572,1, 0xFE98,2, 0xF572,1,
    0xDC4D,26, 0xBB29,2, 0xA9A6,1, 0x4124,1, 0x18C5,15, 0x4124,1, 0x6984,1, 0xBB29,1,
    0xF572,1, 0xFE98,2, 0xF572,1, 0xDC4D,26, 0xBB29,2, 0xA9A6,1, 0x4124,1, 0x18C5,15,
    0x4124,1, 0x6984,1, 0xBB29,1, 0xDC4D,30, 0xBB29,2, 0xA9A6,1, 0x4124,1, 0x18C5,10,
    0x6984,7, 0xBB29,1, 0xDC4D,30, 0xBB29,2, 0x6984,8, 0x18C5,4, 0x6984,7, 0xBB29,1,
    0xDC4D,5, 0x6984,3, 0xDC4D,15, 0x6984,3, 0xDC4D,4, 0xBB29,2, 0x6984,8, 0x18C5,2,
    0x6984,2, 0xBB29,1, 0xF572,6, 0xBB29,1, 0xDC4D,5, 0x1882,3, 0xDC4D,15, 0x1882,3,
    0xDC4D,4, 0xBB29,2, 0xF572,6, 0xBB29,2, 0x6984,1, 0x18C5,1, 0x6984,3, 0xBB29,2,
    0xDC4D,4, 0xBB29,1, 0xDC4D,5, 0x6984,3, 0xDC4D,15, 0x6984,3, 0xDC4D,4, 0xBB29,2,
    0xDC4D,5, 0xBB29,1, 0x6984,3, 0x18C5,1, 0x6984,3, 0xBB29,2, 0xDC4D,4, 0xBB29,1,
    0xDC4D,30, 0xBB29,2, 0xDC4D,5, 0xBB29,1, 0x6984,3, 0x18C5,4, 0x6984,2, 0xDC4D,4,
    0xBB29,1, 0xDC4D,30, 0xBB29,2, 0xDC4D,5, 0x6984,1, 0x18C5,7, 0x6984,2, 0xDC4D,4,
    0xBB29,1, 0xDC4D,30, 0xBB29,2, 0xDC4D,5, 0x6984,1, 0x18C5,7, 0x6984,2, 0xDC4D,4,
    0xBB29,1, 0xDC4D,30, 0xBB29,2, 0xDC4D,5, 0x6984,1, 0x18C5,4, 0x6984,3, 0xF572,2,
    0xDC4D,4, 0xBB29,1, 0xDC4D,30, 0xBB29,2, 0xDC4D,5, 0xF572,1, 0x6984,3, 0x18C5,1,
    0x6984,2, 0xBB29,48, 0x6984,1, 0x18C5,1, 0x6984,2, 0xBB29,48, 0x6984,1, 0x18C5,3,
    0x6984,7, 0xBB29,33, 0x6984,8, 0x18C5,9, 0x4124,1, 0x6984,35, 0x4124,1, 0x18C5,15,
    0x4124,1, 0x6984,35, 0x4124,1, 0x18C5,20, 0x6984,3, 0x18C5,3, 0x6984,3, 0x18C5,9,
    0x6984,3, 0x18C5,3, 0x6984,3, 0x18C5,21, 0x1084,36, 0x18C5,16, 0x1084,36, 0x18C5,20,
    0x10A4,27, 0x18C5,13, 0x18C5,14, 0x78E3,27, 0x18C5,23, 0x78E3,2, 0xFA28,27, 0x78E3,1,
    0x18C5,22, 0x78E3,2, 0xFA28,27, 0x78E3,1, 0x18C5,22, 0x78E3,2, 0xFA28,1, 0x28E3,24,
    0xFA28,3, 0x78E3,3, 0x18C5,19, 0x78E3,2, 0xFA28,1, 0x28E3,2, 0xFA28,4, 0x28E3,18,
    0xFA28,5, 0x78E3,1, 0x18C5,19, 0x78E3,2, 0xFA28,1, 0x28E3,2, 0xFA28,4, 0x28E3,18,
    0xFA28,5, 0x78E3,1, 0x18C5,19, 0x78E3,2, 0xFA28,1, 0x28E3,2, 0xFA28,4, 0x28E3,18,
    0xFA28,5, 0x78E3,1, 0x18C5,19, 0x78E3,2, 0xFA28,1, 0x28E3,2, 0xFA28,4, 0x28E3,18,
    0xFA28,5, 0x78E3,1, 0x18C5,19, 0x78E3,2, 0xFA28,1, 0x28E3,2, 0xFA28,4, 0x28E3,18,
    0xFA28,5, 0x78E3,1, 0x18C5,19, 0x78E3,2, 0xFA28,1, 0x28E3,24, 0xFA28,3, 0x78E3,3,
    0x18C5,19, 0x78E3,2, 0xFA28,27, 0x78E3,1, 0x18C5,22, 0x78E3,2, 0xFA28,27, 0x78E3,1,
    0x18C5,24, 0x78E3,27, 0x18C5,486, 0x4124,1, 0x6984,35, 0x4124,1, 0x18C5,15, 0x4124,1,
    0x6984,35, 0x4124,1, 0x18C5,15, 0x4124,1, 0x6984,1, 0xBB29,1, 0xF572,30, 0xDC4D,2,
    0xBB29,1, 0x4124,1, 0x18C5,15, 0x4124,1, 0x6984,1, 0xBB29,1, 0xF572,1, 0xFE98,2,
    0xF572,1, 0xDC4D,26, 0xBB29,2, 0xA9A6,1, 0x4124,1, 0x18C5,15, 0x4124,1, 0x6984,1,
    0xBB29,1, 0xF572,1, 0xFE98,2, 0xF572,1, 0xDC4D,26, 0xBB29,2, 0xA9A6,1, 0x4124,1,
    0x18C5,15, 0x4124,1, 0x6984,1, 0xBB29,1, 0xDC4D,30, 0xBB29,2, 0xA9A6,1, 0x4124,1,
    0x18C5,10, 0x6984,7, 0xBB29,1, 0xDC4D,30, 0xBB29,2, 0x6984,8, 0x18C5,4, 0x6984,7,
    0xBB29,1, 0xDC4D,5, 0x6984,3, 0xDC4D,15, 0x6984,3, 0xDC4D,4, 0xBB29,2, 0x6984,8,
    0x18C5,2, 0x6984,2, 0xBB29,1, 0xF572,6, 0xBB29,1, 0xDC4D,5, 0x1882,3, 0xDC4D,15,
    0x1882,3, 0xDC4D,4, 0xBB29,2, 0xF572,6, 0xBB29,2, 0x6984,1, 0x18C5,1, 0x6984,3,
    0xBB29,2, 0xDC4D,4, 0xBB29,1, 0xDC4D,5, 0x6984,3, 0xDC4D,15, 0x6984,3, 0xDC4D,4,
    0xBB29,2, 0xDC4D,5, 0xBB29,1, 0x6984,3, 0x18C5,1, 0x6984,3, 0xBB29,2, 0xDC4D,4,
    0xBB29,1, 0xDC4D,30, 0xBB29,2, 0xDC4D,5, 0xBB29,1, 0x6984,3, 0x18C5,4, 0x6984,2,
    0xDC4D,4, 0xBB29,1, 0xDC4D,30, 0xBB29,2, 0xDC4D,5, 0x6984,1, 0x18C5,7, 0x6984,2,
    0xDC4D,4, 0xBB29,1, 0xDC4D,30, 0xBB29,2, 0xDC4D,5, 0x6984,1, 0x18C5,7, 0x6984,2,
    0xDC4D,4, 0xBB29,1, 0xDC4D,30, 0xBB29,2, 0xDC4D,5, 0x6984,1, 0x18C5,4, 0x6984,3,
    0xF572,2, 0xDC4D,4, 0xBB29,1, 0xDC4D,30, 0xBB29,2, 0xDC4D,5, 0xF572,1, 0x6984,3,
    0x18C5,1, 0x6984,2, 0xBB29,48, 0x6984,1, 0x18C5,1, 0x6984,2, 0xBB29,48, 0x6984,1,
    0x18C5,3, 0x6984,7, 0xBB29,33, 0x6984,8, 0x18C5,9, 0x4124,1, 0x6984,35, 0x4124,1,
    0x18C5,15, 0x4124,1, 0x6984,35, 0x4124,1, 0x18C5,20, 0x6984,3, 0x18C5,3, 0x6984,3,
    0x18C5,9, 0x6984,3, 0x18C5,3, 0x6984,3, 0x18C5,21, 0x1084,36, 0x18C5,16, 0x1084,36,
    0x18C5,20, 0x10A4,27, 0x18C5,13, 0x18C5,14, 0x78E3,27, 0x18C5,23, 0x78E3,2, 0xFA28,27,
    0x78E3,1, 0x18C5,22, 0x78E3,2, 0xFA28,27, 0x78E3,1, 0x18C5,22, 0x78E3,2, 0xFA28,1,
    0x28E3,24, 0xFA28,3, 0x78E3,3, 0x18C5,19, 0x78E3,2, 0xFA28,1, 0x28E3,2, 0xFA28,4,
    0x28E3,18, 0xFA28,5, 0x78E3,1, 0x18C5,19, 0x78E3,2, 0xFA28,1, 0x28E3,2, 0xFA28,4,
    0x28E3,18, 0xFA28,5, 0x78E3,1, 0x18C5,19, 0x78E3,2, 0xFA28,1, 0x28E3,2, 0xFA28,4,
    0x28E3,18, 0xFA28,5, 0x78E3,1, 0x18C5,19, 0x78E3,2, 0xFA28,1, 0x28E3,2, 0xFA28,4,
    0x28E3,18, 0xFA28,5, 0x78E3,1, 0x18C5,19, 0x78E3,2, 0xFA28,1, 0x28E3,2, 0xFA28,4,
    0x28E3,18, 0xFA28,5, 0x78E3,1, 0x18C5,19, 0x78E3,2, 0xFA28,1, 0x28E3,24, 0xFA28,3,
    0x78E3,3, 0x18C5,19, 0x78E3,2, 0xFA28,27, 0x78E3,1, 0x18C5,22, 0x78E3,2, 0xFA28,27,
    0x78E3,1, 0x18C5,24, 0x78E3,27, 0x18C5,486, 0x4124,1, 0x6984,35, 0x4124,1, 0x18C5,15,
    0x4124,1, 0x6984,35, 0x4124,1, 0x18C5,15, 0x4124,1, 0x6984,1, 0xBB29,1, 0xF572,30,
    0xDC4D,2, 0xBB29,1, 0x4124,1, 0x18C5,15, 0x4124,1, 0x6984,1, 0xBB29,1, 0xF572,1,
    0xFE98,2, 0xF572,1, 0xDC4D,26, 0xBB29,2, 0xA9A6,1, 0x4124,1, 0x18C5,15, 0x4124,1,
    0x6984,1, 0xBB29,1, 0xF572,1, 0xFE98,2, 0xF572,1, 0xDC4D,26, 0xBB29,2, 0xA9A6,1,
    0x4124,1, 0x18C5,15, 0x4124,1, 0x6984,1, 0xBB29,1, 0xDC4D,30, 0xBB29,2, 0xA9A6,1,
    0x4124,1, 0x18C5,10, 0x6984,7, 0xBB29,1, 0xDC4D,30, 0xBB29,2, 0x6984,8, 0x18C5,4,
    0x6984,7, 0xBB29,1, 0xDC4D,5, 0x6984,3, 0xDC4D,15, 0x6984,3, 0xDC4D,4, 0xBB29,2,
    0x6984,8, 0x18C5,2, 0x6984,2, 0xBB29,1, 0xF572,6, 0xBB29,1, 0xDC4D,5, 0x1882,3,
    0xDC4D,15, 0x1882,3, 0xDC4D,4, 0xBB29,2, 0xF572,6, 0xBB29,2, 0x6984,1, 0x18C5,1,
    0x6984,3, 0xBB29,2, 0xDC4D,4, 0xBB29,1, 0xDC4D,5, 0x6984,3, 0xDC4D,15, 0x6984,3,
    0xDC4D,4, 0xBB29,2, 0xDC4D,5, 0xBB29,1, 0x6984,3, 0x18C5,1, 0x6984,3, 0xBB29,2,
    0xDC4D,4, 0xBB29,1, 0xDC4D,30, 0xBB29,2, 0xDC4D,5, 0xBB29,1, 0x6984,3, 0x18C5,4,
    0x6984,2, 0xDC4D,4, 0xBB29,1, 0xDC4D,30, 0xBB29,2, 0xDC4D,5, 0x6984,1, 0x18C5,7,
    0x6984,2, 0xDC4D,4, 0xBB29,1, 0xDC4D,30, 0xBB29,2, 0xDC4D,5, 0x6984,1, 0x18C5,7,
    0x6984,2, 0xDC4D,4, 0xBB29,1, 0xDC4D,30, 0xBB29,2, 0xDC4D,5, 0x6984,1, 0x18C5,4,
    0x6984,3, 0xF572,2, 0xDC4D,4, 0xBB29,1, 0xDC4D,30, 0xBB29,2, 0xDC4D,5, 0xF572,1,
    0x6984,3, 0x18C5,1, 0x6984,2, 0xBB29,48, 0x6984,1, 0x18C5,1, 0x6984,2, 0xBB29,48,
    0x6984,1, 0x18C5,3, 0x6984,7, 0xBB29,33, 0x6984,8, 0x18C5,9, 0x4124,1, 0x6984,35,
    0x4124,1, 0x18C5,15, 0x4124,1, 0x6984,35, 0x4124,1, 0x18C5,20, 0x6984,3, 0x18C5,3,
    0x6984,3, 0x18C5,9, 0x6984,3, 0x18C5,3, 0x6984,3, 0x18C5,21, 0x1084,36, 0x18C5,16,
    0x1084,36, 0x18C5,20, 0x10A4,27, 0x18C5,13, 0x18C5,14, 0x78E3,27, 0x18C5,23, 0x78E3,2,
    0xFA28,27, 0x78E3,1, 0x18C5,22, 0x78E3,2, 0xFA28,27, 0x78E3,1, 0x18C5,22, 0x78E3,2,
    0xFA28,1, 0x28E3,24, 0xFA28,3, 0x78E3,3, 0x18C5,19, 0x78E3,2, 0xFA28,1, 0x28E3,2,
    0xFA28,4, 0x28E3,18, 0xFA28,5, 0x78E3,1, 0x18C5,19, 0x78E3,2, 0xFA28,1, 0x28E3,2,
    0xFA28,4, 0x28E3,18, 0xFA28,5, 0x78E3,1, 0x18C5,19, 0x78E3,2, 0xFA28,1, 0x28E3,2,
    0xFA28,4, 0x28E3,18, 0xFA28,5, 0x78E3,1, 0x18C5,19, 0x78E3,2, 0xFA28,1, 0x28E3,2,
    0xFA28,4, 0x28E3,18, 0xFA28,5, 0x78E3,1, 0x18C5,19, 0x78E3,2, 0xFA28,1, 0x28E3,2,
    0xFA28,4, 0x28E3,18, 0xFA28,5, 0x78E3,1, 0x18C5,19, 0x78E3,2, 0xFA28,1, 0x28E3,24,
    0xFA28,3, 0x78E3,3, 0x18C5,19, 0x78E3,2, 0xFA28,27, 0x78E3,1, 0x18C5,22, 0x78E3,2,
    0xFA28,27, 0x78E3,1, 0x18C5,24, 0x78E3,27, 0x18C5,486, 0x4124,1, 0x6984,35, 0x4124,1,
    0x18C5,15, 0x4124,1, 0x6984,35, 0x4124,1, 0x18C5,15, 0x4124,1, 0x6984,1, 0xBB29,1,
    0xF572,30, 0xDC4D,2, 0xBB29,1, 0x4124,1, 0x18C5,15, 0x4124,1, 0x6984,1, 0xBB29,1,
    0xF572,1, 0xFE98,2, 0xF572,1, 0xDC4D,26, 0xBB29,2, 0xA9A6,1, 0x4124,1, 0x18C5,15,
    0x4124,1, 0x6984,1, 0xBB29,1, 0xF572,1, 0xFE98,2, 0xF572,1, 0xDC4D,26, 0xBB29,2,
    0xA9A6,1, 0x4124,1, 0x18C5,15, 0x4124,1, 0x6984,1, 0xBB29,1, 0xDC4D,30, 0xBB29,2,
    0xA9A6,1, 0x4124,1, 0x18C5,10, 0x6984,7, 0xBB29,1, 0xDC4D,30, 0xBB29,2, 0x6984,8,
    0x18C5,4, 0x6984,7, 0xBB29,1, 0xDC4D,5, 0x6984,3, 0xDC4D,15, 0x6984,3, 0xDC4D,4,
    0xBB29,2, 0x6984,8, 0x18C5,2, 0x6984,2, 0xBB29,1, 0xF572,6, 0xBB29,1, 0xDC4D,5,
    0x1882,3, 0xDC4D,15, 0x1882,3, 0xDC4D,4, 0xBB29,2, 0xF572,6, 0xBB29,2, 0x6984,1,
    0x18C5,1, 0x6984,3, 0xBB29,2, 0xDC4D,4, 0xBB29,1, 0xDC4D,5, 0x1882,3, 0xDC4D,15,
    0x1882,3, 0xDC4D,4, 0xBB29,2, 0xDC4D,5, 0xBB29,1, 0x6984,3, 0x18C5,1, 0x6984,3,
    0xBB29,2, 0xDC4D,4, 0xBB29,1, 0xDC4D,5, 0x6984,3, 0xDC4D,15, 0x6984,3, 0xDC4D,4,
    0xBB29,2, 0xDC4D,5, 0xBB29,1, 0x6984,3, 0x18C5,4, 0x6984,2, 0xDC4D,4, 0xBB29,1,
    0xDC4D,30, 0xBB29,2, 0xDC4D,5, 0x6984,1, 0x18C5,7, 0x6984,2, 0xDC4D,4, 0xBB29,1,
    0xDC4D,30, 0xBB29,2, 0xDC4D,5, 0x6984,1, 0x18C5,7, 0x6984,2, 0xDC4D,4, 0xBB29,1,
    0xDC4D,30, 0xBB29,2, 0xDC4D,5, 0x6984,1, 0x18C5,4, 0x6984,3, 0xF572,2, 0xDC4D,4,
    0xBB29,1, 0xDC4D,30, 0xBB29,2, 0xDC4D,5, 0xF572,1, 0x6984,3, 0x18C5,1, 0x6984,2,
    0xBB29,48, 0x6984,1, 0x18C5,1, 0x6984,2, 0xBB29,48, 0x6984,1, 0x18C5,3, 0x6984,7,
    0xBB29,33, 0x6984,8, 0x18C5,9, 0x4124,1, 0x6984,35, 0x4124,1, 0x18C5,15, 0x4124,1,
    0x6984,35, 0x4124,1, 0x18C5,20, 0x6984,3, 0x18C5,3, 0x6984,3, 0x18C5,9, 0x6984,3,
    0x18C5,3, 0x6984,3, 0x18C5,21, 0x1084,36, 0x18C5,16, 0x1084,36, 0x18C5,20, 0x10A4,27,
    0x18C5,13, 0x18C5,14, 0x78E3,27, 0x18C5,23, 0x78E3,2, 0xFA28,27, 0x78E3,1, 0x18C5,22,
    0x78E3,2, 0xFA28,27, 0x78E3,1, 0x18C5,22, 0x78E3,2, 0xFA28,1, 0x28E3,24, 0xFA28,3,
    0x78E3,3, 0x18C5,19, 0x78E3,2, 0xFA28,1, 0x28E3,2, 0xFA28,4, 0x28E3,18, 0xFA28,5,
    0x78E3,1, 0x18C5,19, 0x78E3,2, 0xFA28,1, 0x28E3,2, 0xFA28,4, 0x28E3,18, 0xFA28,5,
    0x78E3,1, 0x18C5,19, 0x78E3,2, 0xFA28,1, 0x28E3,2, 0xFA28,4, 0x28E3,18, 0xFA28,5,
    0x78E3,1, 0x18C5,19, 0x78E3,2, 0xFA28,1, 0x28E3,2, 0xFA28,4, 0x28E3,18, 0xFA28,5,
    0x78E3,1, 0x18C5,19, 0x78E3,2, 0xFA28,1, 0x28E3,2, 0xFA28,4, 0x28E3,18, 0xFA28,5,
    0x78E3,1, 0x18C5,19, 0x78E3,2, 0xFA28,1, 0x28E3,24, 0xFA28,3, 0x78E3,3, 0x18C5,19,
    0x78E3,2, 0xFA28,27, 0x78E3,1, 0x18C5,22, 0x78E3,2, 0xFA28,27, 0x78E3,1, 0x18C5,24,
    0x78E3,27, 0x18C5,538, 0x28E5,1, 0x4124,35, 0x28E5,1, 0x18C5,15, 0x4124,1, 0x6984,35,
    0x4124,1, 0x18C5,15, 0x4124,1, 0x6984,1, 0xA9A6,1, 0xBB29,32, 0xA9A6,1, 0x4124,1,
    0x18C5,15, 0x4124,1, 0x6984,1, 0xBB29,1, 0xF572,4, 0xDC4D,27, 0xBB29,2, 0x4124,1,
    0x18C5,15, 0x4124,1, 0x6984,1, 0xBB29,1, 0xF572,1, 0xFE98,2, 0xF572,1, 0xDC4D,26,
    0xBB29,2, 0xA9A6,1, 0x4124,1, 0x18C5,15, 0x4124,1, 0x6984,1, 0xBB29,1, 0xF572,4,
    0xDC4D,26, 0xBB29,2, 0xA9A6,1, 0x4124,1, 0x18C5,10, 0x4124,5, 0x5144,1, 0x6984,1,
    0xBB29,1, 0xDC4D,30, 0xBB29,2, 0x6984,1, 0x5144,1, 0x4124,6, 0x18C5,4, 0x6984,7,
    0xBB29,1, 0xDC4D,30, 0xBB29,2, 0x6984,8, 0x18C5,2, 0x4125,2, 0xA9A6,1, 0xBB29,7,
    0xDC4D,5, 0x1882,3, 0xDC4D,15, 0x1882,3, 0xDC4D,4, 0xBB29,8, 0xA9A6,2, 0x4125,1,
    0x18C5,1, 0x6984,2, 0xA9A6,1, 0xDC4D,6, 0xBB29,1, 0xDC4D,5, 0x1882,3, 0xDC4D,15,
    0x1882,3, 0xDC4D,4, 0xBB29,2, 0xDC4D,6, 0xA9A6,2, 0x6984,1, 0x18C5,1, 0x6984,3,
    0xBB29,2, 0xDC4D,4, 0xBB29,1, 0xDC4D,5, 0x1882,3, 0xDC4D,15, 0x1882,3, 0xDC4D,4,
    0xBB29,2, 0xDC4D,5, 0xBB29,1, 0x6984,3, 0x18C5,1, 0x4125,3, 0xA9A6,2, 0xDC4D,4,
    0xBB29,1, 0xDC4D,30, 0xBB29,2, 0xDC4D,5, 0xA9A6,1, 0x4125,3, 0x18C5,4, 0x6984,2,
    0xDC4D,4, 0xBB29,1, 0xDC4D,30, 0xBB29,2, 0xDC4D,5, 0x6984,1, 0x18C5,7, 0x6984,2,
    0xDC4D,4, 0xBB29,1, 0xDC4D,30, 0xBB29,2, 0xDC4D,5, 0x6984,1, 0x18C5,4, 0x4125,3,
    0xBB29,2, 0xDC4D,4, 0xBB29,1, 0xDC4D,30, 0xBB29,2, 0xDC4D,5, 0xBB29,1, 0x4125,3,
    0x18C5,1, 0x6984,2, 0xA9A6,1, 0xDC4D,2, 0xBB29,5, 0xDC4D,1, 0xBB29,36, 0xDC4D,1,
    0xA9A6,2, 0x6984,1, 0x18C5,1, 0x6984,2, 0xBB29,48, 0x6984,1, 0x18C5,1, 0x4125,2,
    0xA9A6,7, 0xBB29,33, 0xA9A6,8, 0x4125,1, 0x18C5,3, 0x4124,5, 0x5144,1, 0x6984,1,
    0xA9A6,1, 0xBB29,1, 0xA9A6,31, 0x6984,1, 0x5144,1, 0x4124,6, 0x18C5,9, 0x4124,1,
    0x6984,35, 0x4124,1, 0x18C5,15, 0x28E5,1, 0x3904,35, 0x28C4,1, 0x18C5,16, 0x1084,36,
    0x18C5,20, 0x10A4,27, 0x18C5,13, 0x18C5,14, 0x78E3,27, 0x18C5,23, 0x78E3,2, 0xFA28,27,
    0x78E3,1, 0x18C5,22, 0x78E3,2, 0xFA28,27, 0x78E3,1, 0x18C5,22, 0x78E3,2, 0xFA28,1,
    0x28E3,24, 0xFA28,3, 0x78E3,3, 0x18C5,19, 0x78E3,2, 0xFA28,1, 0x28E3,2, 0xFA28,4,
    0x28E3,18, 0xFA28,5, 0x78E3,1, 0x18C5,19, 0x78E3,2, 0xFA28,1, 0x28E3,2, 0xFA28,4,
    0x28E3,18, 0xFA28,5, 0x78E3,1, 0x18C5,19, 0x78E3,2, 0xFA28,1, 0x28E3,2, 0xFA28,4,
    0x28E3,18, 0xFA28,5, 0x78E3,1, 0x18C5,19, 0x78E3,2, 0xFA28,1, 0x28E3,2, 0xFA28,4,
    0x28E3,18, 0xFA28,5, 0x78E3,1, 0x18C5,19, 0x78E3,2, 0xFA28,1, 0x28E3,2, 0xFA28,4,
    0x28E3,18, 0xFA28,5, 0x78E3,1, 0x18C5,19, 0x78E3,2, 0xFA28,1, 0x28E3,24, 0xFA28,3,
    0x78E3,3, 0x18C5,19, 0x78E3,2, 0xFA28,27, 0x78E3,1, 0x18C5,22, 0x78E3,2, 0xFA28,27,
    0x78E3,1, 0x18C5,24, 0x78E3,27, 0x18C5,538, 0x28E5,1, 0x4124,35, 0x28E5,1, 0x18C5,15,
    0x4124,1, 0x6984,35, 0x4124,1, 0x18C5,15, 0x4124,1, 0x6984,1, 0xA9A6,1, 0xBB29,32,
    0xA9A6,1, 0x4124,1, 0x18C5,15, 0x4124,1, 0x6984,1, 0xBB29,1, 0xF572,4, 0xDC4D,27,
    0xBB29,2, 0x4124,1, 0x18C5,15, 0x4124,1, 0x6984,1, 0xBB29,1, 0xF572,1, 0xFE98,2,
    0xF572,1, 0xDC4D,26, 0xBB29,2, 0xA9A6,1, 0x4124,1, 0x18C5,15, 0x4124,1, 0x6984,1,
    0xBB29,1, 0xF572,4, 0xDC4D,26, 0xBB29,2, 0xA9A6,1, 0x4124,1, 0x18C5,10, 0x4124,5,
    0x5144,1, 0x6984,1, 0xBB29,1, 0xDC4D,30, 0xBB29,2, 0x6984,1, 0x5144,1, 0x4124,6,
    0x18C5,4, 0x6984,7, 0xBB29,1, 0xDC4D,30, 0xBB29,2, 0x6984,8, 0x18C5,2, 0x4125,2,
    0xA9A6,1, 0xBB29,7, 0xDC4D,5, 0x1882,3, 0xDC4D,15, 0x1882,3, 0xDC4D,4, 0xBB29,8,
    0xA9A6,2, 0x4125,1, 0x18C5,1, 0x6984,2, 0xA9A6,1, 0xDC4D,6, 0xBB29,1, 0xDC4D,5,
    0x1882,3, 0xDC4D,15, 0x1882,3, 0xDC4D,4, 0xBB29,2, 0xDC4D,6, 0xA9A6,2, 0x6984,1,
    0x18C5,1, 0x6984,3, 0xBB29,2, 0xDC4D,4, 0xBB29,1, 0xDC4D,5, 0x1882,3, 0xDC4D,15,
    0x1882,3, 0xDC4D,4, 0xBB29,2, 0xDC4D,5, 0xBB29,1, 0x6984,3, 0x18C5,1, 0x4125,3,
    0xA9A6,2, 0xDC4D,4, 0xBB29,1, 0xDC4D,30, 0xBB29,2, 0xDC4D,5, 0xA9A6,1, 0x4125,3,
    0x18C5,4, 0x6984,2, 0xDC4D,4, 0xBB29,1, 0xDC4D,30, 0xBB29,2, 0xDC4D,5, 0x6984,1,
    0x18C5,7, 0x6984,2, 0xDC4D,4, 0xBB29,1, 0xDC4D,30, 0xBB29,2, 0xDC4D,5, 0x6984,1,
    0x18C5,4, 0x4125,3, 0xBB29,2, 0xDC4D,4, 0xBB29,1, 0xDC4D,30, 0xBB29,2, 0xDC4D,5,
    0xBB29,1, 0x4125,3, 0x18C5,1, 0x6984,2, 0xA9A6,1, 0xDC4D,2, 0xBB29,5, 0xDC4D,1,
    0xBB29,36, 0xDC4D,1, 0xA9A6,2, 0x6984,1, 0x18C5,1, 0x6984,2, 0xBB29,48, 0x6984,1,
    0x18C5,1, 0x4125,2, 0xA9A6,7, 0xBB29,33, 0xA9A6,8, 0x4125,1, 0x18C5,3, 0x4124,5,
    0x5144,1, 0x6984,1, 0xA9A6,1, 0xBB29,1, 0xA9A6,31, 0x6984,1, 0x5144,1, 0x4124,6,
    0x18C5,9, 0x4124,1, 0x6984,35, 0x4124,1, 0x18C5,15, 0x28E5,1, 0x3904,35, 0x28C4,1,
    0x18C5,16, 0x1084,36, 0x18C5,20, 0x10A4,27, 0x18C5,13, 0x18C5,14, 0x78E3,27, 0x18C5,23,
    0x78E3,2, 0xFA28,27, 0x78E3,1, 0x18C5,22, 0x78E3,2, 0xFA28,27, 0x78E3,1, 0x18C5,22,
    0x78E3,2, 0xFA28,1, 0x28E3,24, 0xFA28,3, 0x78E3,3, 0x18C5,19, 0x78E3,2, 0xFA28,1,
    0x28E3,2, 0xFA28,4, 0x28E3,18, 0xFA28,5, 0x78E3,1, 0x18C5,19, 0x78E3,2, 0xFA28,1,
    0x28E3,2, 0xFA28,4, 0x28E3,18, 0xFA28,5, 0x78E3,1, 0x18C5,19, 0x78E3,2, 0xFA28,1,
    0x28E3,2, 0xFA28,4, 0x28E3,18, 0xFA28,5, 0x78E3,1, 0x18C5,19, 0x78E3,2, 0xFA28,1,
    0x28E3,2, 0xFA28,4, 0x28E3,18, 0xFA28,5, 0x78E3,1, 0x18C5,19, 0x78E3,2, 0xFA28,1,
    0x28E3,2, 0xFA28,4, 0x28E3,18, 0xFA28,5, 0x78E3,1, 0x18C5,19, 0x78E3,2, 0xFA28,1,
    0x28E3,24, 0xFA28,3, 0x78E3,3, 0x18C5,19, 0x78E3,2, 0xFA28,27, 0x78E3,1, 0x18C5,22,
    0x78E3,2, 0xFA28,27, 0x78E3,1, 0x18C5,24, 0x78E3,27, 0x18C5,538, 0x28E5,1, 0x4124,35,
    0x28E5,1, 0x18C5,15, 0x4124,1, 0x6984,35, 0x4124,1, 0x18C5,15, 0x4124,1, 0x6984,1,
    0xA9A6,1, 0xBB29,32, 0xA9A6,1, 0x4124,1, 0x18C5,15, 0x4124,1, 0x6984,1, 0xBB29,1,
    0xF572,4, 0xDC4D,27, 0xBB29,2, 0x4124,1, 0x18C5,15, 0x4124,1, 0x6984,1, 0xBB29,1,
    0xF572,1, 0xFE98,2, 0xF572,1, 0xDC4D,26, 0xBB29,2, 0xA9A6,1, 0x4124,1, 0x18C5,15,
    0x4124,1, 0x6984,1, 0xBB29,1, 0xF572,4, 0xDC4D,26, 0xBB29,2, 0xA9A6,1, 0x4124,1,
    0x18C5,10, 0x4124,5, 0x5144,1, 0x6984,1, 0xBB29,1, 0xDC4D,30, 0xBB29,2, 0x6984,1,
    0x5144,1, 0x4124,6, 0x18C5,4, 0x6984,7, 0xBB29,1, 0xDC4D,30, 0xBB29,2, 0x6984,8,
    0x18C5,2, 0x4125,2, 0xA9A6,1, 0xBB29,7, 0xDC4D,5, 0x1882,3, 0xDC4D,15, 0x1882,3,
    0xDC4D,4, 0xBB29,8, 0xA9A6,2, 0x4125,1, 0x18C5,1, 0x6984,2, 0xA9A6,1, 0xDC4D,6,
    0xBB29,1, 0xDC4D,5, 0x1882,3, 0xDC4D,15, 0x1882,3, 0xDC4D,4, 0xBB29,2, 0xDC4D,6,
    0xA9A6,2, 0x6984,1, 0x18C5,1, 0x6984,3, 0xBB29,2, 0xDC4D,4, 0xBB29,1, 0xDC4D,5,
    0x1882,3, 0xDC4D,15, 0x1882,3, 0xDC4D,4, 0xBB29,2, 0xDC4D,5, 0xBB29,1, 0x6984,3,
    0x18C5,1, 0x4125,3, 0xA9A6,2, 0xDC4D,4, 0xBB29,1, 0xDC4D,30, 0xBB29,2, 0xDC4D,5,
    0xA9A6,1, 0x4125,3, 0x18C5,4, 0x6984,2, 0xDC4D,4, 0xBB29,1, 0xDC4D,30, 0xBB29,2,
    0xDC4D,5, 0x6984,1, 0x18C5,7, 0x6984,2, 0xDC4D,4, 0xBB29,1, 0xDC4D,30, 0xBB29,2,
    0xDC4D,5, 0x6984,1, 0x18C5,4, 0x4125,3, 0xBB29,2, 0xDC4D,4, 0xBB29,1, 0xDC4D,30,
    0xBB29,2, 0xDC4D,5, 0xBB29,1, 0x4125,3, 0x18C5,1, 0x6984,2, 0xA9A6,1, 0xDC4D,2,
    0xBB29,5, 0xDC4D,1, 0xBB29,36, 0xDC4D,1, 0xA9A6,2, 0x6984,1, 0x18C5,1, 0x6984,2,
    0xBB29,48, 0x6984,1, 0x18C5,1, 0x4125,2, 0xA9A6,7, 0xBB29,33, 0xA9A6,8, 0x4125,1,
    0x18C5,3, 0x4124,5, 0x5144,1, 0x6984,1, 0xA9A6,1, 0xBB29,1, 0xA9A6,31, 0x6984,1,
    0x5144,1, 0x4124,6, 0x18C5,9, 0x4124,1, 0x6984,35, 0x4124,1, 0x18C5,15, 0x28E5,1,
    0x3904,35, 0x28C4,1, 0x18C5,16, 0x1084,36, 0x18C5,20, 0x10A4,27, 0x18C5,13, 0x18C5,14,
    0x78E3,27, 0x18C5,23, 0x78E3,2, 0xFA28,27, 0x78E3,1, 0x18C5,22, 0x78E3,2, 0xFA28,27,
    0x78E3,1, 0x18C5,22, 0x78E3,2, 0xFA28,1, 0x28E3,24, 0xFA28,3, 0x78E3,3, 0x18C5,19,
    0x78E3,2, 0xFA28,1, 0x28E3,2, 0xFA28,4, 0x28E3,18, 0xFA28,5, 0x78E3,1, 0x18C5,19,
    0x78E3,2, 0xFA28,1, 0x28E3,2, 0xFA28,4, 0x28E3,18, 0xFA28,5, 0x78E3,1, 0x18C5,19,
    0x78E3,2, 0xFA28,1, 0x28E3,2, 0xFA28,4, 0x28E3,18, 0xFA28,5, 0x78E3,1, 0x18C5,19,
    0x78E3,2, 0xFA28,1, 0x28E3,2, 0xFA28,4, 0x28E3,18, 0xFA28,5, 0x78E3,1, 0x18C5,19,
    0x78E3,2, 0xFA28,1, 0x28E3,2, 0xFA28,4, 0x28E3,18, 0xFA28,5, 0x78E3,1, 0x18C5,19,
    0x78E3,2, 0xFA28,1, 0x28E3,24, 0xFA28,3, 0x78E3,3, 0x18C5,19, 0x78E3,2, 0xFA28,27,
    0x78E3,1, 0x18C5,22, 0x78E3,2, 0xFA28,27, 0x78E3,1, 0x18C5,24, 0x78E3,27, 0x18C5,538,
    0x28E5,1, 0x4124,35, 0x28E5,1, 0x18C5,15, 0x4124,1, 0x6984,35, 0x4124,1, 0x18C5,15,
    0x4124,1, 0x6984,1, 0xA9A6,1, 0xBB29,32, 0xA9A6,1, 0x4124,1, 0x18C5,15, 0x4124,1,
    0x6984,1, 0xBB29,1, 0xF572,4, 0xDC4D,27, 0xBB29,2, 0x4124,1, 0x18C5,15, 0x4124,1,
    0x6984,1, 0xBB29,1, 0xF572,1, 0xFE98,2, 0xF572,1, 0xDC4D,26, 0xBB29,2, 0xA9A6,1,
    0x4124,1, 0x18C5,15, 0x4124,1, 0x6984,1, 0xBB29,1, 0xF572,4, 0xDC4D,26, 0xBB29,2,
    0xA9A6,1, 0x4124,1, 0x18C5,10, 0x4124,5, 0x5144,1, 0x6984,1, 0xBB29,1, 0xDC4D,30,
    0xBB29,2, 0x6984,1, 0x5144,1, 0x4124,6, 0x18C5,4, 0x6984,7, 0xBB29,1, 0xDC4D,30,
    0xBB29,2, 0x6984,8, 0x18C5,2, 0x4125,2, 0xA9A6,1, 0xBB29,7, 0xDC4D,5, 0x1882,3,
    0xDC4D,15, 0x1882,3, 0xDC4D,4, 0xBB29,8, 0xA9A6,2, 0x4125,1, 0x18C5,1, 0x6984,2,
    0xA9A6,1, 0xDC4D,6, 0xBB29,1, 0xDC4D,5, 0x1882,3, 0xDC4D,15, 0x1882,3, 0xDC4D,4,
    0xBB29,2, 0xDC4D,6, 0xA9A6,2, 0x6984,1, 0x18C5,1, 0x6984,3, 0xBB29,2, 0xDC4D,4,
    0xBB29,1, 0xDC4D,5, 0x1882,3, 0xDC4D,15, 0x1882,3, 0xDC4D,4, 0xBB29,2, 0xDC4D,5,
    0xBB29,1, 0x6984,3, 0x18C5,1, 0x4125,3, 0xA9A6,2, 0xDC4D,4, 0xBB29,1, 0xDC4D,30,
    0xBB29,2, 0xDC4D,5, 0xA9A6,1, 0x4125,3, 0x18C5,4, 0x6984,2, 0xDC4D,4, 0xBB29,1,
    0xDC4D,30, 0xBB29,2, 0xDC4D,5, 0x6984,1, 0x18C5,7, 0x6984,2, 0xDC4D,4, 0xBB29,1,
    0xDC4D,30, 0xBB29,2, 0xDC4D,5, 0x6984,1, 0x18C5,4, 0x4125,3, 0xBB29,2, 0xDC4D,4,
    0xBB29,1, 0xDC4D,30, 0xBB29,2, 0xDC4D,5, 0xBB29,1, 0x4125,3, 0x18C5,1, 0x6984,2,
    0xA9A6,1, 0xDC4D,2, 0xBB29,5, 0xDC4D,1, 0xBB29,36, 0xDC4D,1, 0xA9A6,2, 0x6984,1,
    0x18C5,1, 0x6984,2, 0xBB29,48, 0x6984,1, 0x18C5,1, 0x4125,2, 0xA9A6,7, 0xBB29,33,
    0xA9A6,8, 0x4125,1, 0x18C5,3, 0x4124,5, 0x5144,1, 0x6984,1, 0xA9A6,1, 0xBB29,1,
    0xA9A6,31, 0x6984,1, 0x5144,1, 0x4124,6, 0x18C5,9, 0x4124,1, 0x6984,35, 0x4124,1,
    0x18C5,15, 0x28E5,1, 0x3904,35, 0x28C4,1, 0x18C5,16, 0x1084,36, 0x18C5,20, 0x10A4,27,
    0x18C5,13, 0x18C5,14, 0x78E3,27, 0x18C5,23, 0x78E3,2, 0xFA28,27, 0x78E3,1, 0x18C5,22,
    0x78E3,2, 0xFA28,27, 0x78E3,1, 0x18C5,22, 0x78E3,2, 0xFA28,1, 0x28E3,24, 0xFA28,3,
    0x78E3,3, 0x18C5,19, 0x78E3,2, 0xFA28,1, 0x28E3,2, 0xFA28,4, 0x28E3,18, 0xFA28,5,
    0x78E3,1, 0x18C5,19, 0x78E3,2, 0xFA28,1, 0x28E3,2, 0xFA28,4, 0x28E3,18, 0xFA28,5,
    0x78E3,1, 0x18C5,19, 0x78E3,2, 0xFA28,1, 0x28E3,2, 0xFA28,4, 0x28E3,18, 0xFA28,5,
    0x78E3,1, 0x18C5,19, 0x78E3,2, 0xFA28,1, 0x28E3,2, 0xFA28,4, 0x28E3,18, 0xFA28,5,
    0x78E3,1, 0x18C5,19, 0x78E3,2, 0xFA28,1, 0x28E3,2, 0xFA28,4, 0x28E3,18, 0xFA28,5,
    0x78E3,1, 0x18C5,19, 0x78E3,2, 0xFA28,1, 0x28E3,24, 0xFA28,3, 0x78E3,3, 0x18C5,19,
    0x78E3,2, 0xFA28,27, 0x78E3,1, 0x18C5,22, 0x78E3,2, 0xFA28,27, 0x78E3,1, 0x18C5,24,
    0x78E3,27, 0x18C5,538, 0x28E5,1, 0x4124,35, 0x28E5,1, 0x18C5,15, 0x4124,1, 0x6984,35,
    0x4124,1, 0x18C5,15, 0x4124,1, 0x6984,1, 0xA9A6,1, 0xBB29,32, 0xA9A6,1, 0x4124,1,
    0x18C5,15, 0x4124,1, 0x6984,1, 0xBB29,1, 0xF572,4, 0xDC4D,27, 0xBB29,2, 0x4124,1,
    0x18C5,15, 0x4124,1, 0x6984,1, 0xBB29,1, 0xF572,1, 0xFE98,2, 0xF572,1, 0xDC4D,26,
    0xBB29,2, 0xA9A6,1, 0x4124,1, 0x18C5,15, 0x4124,1, 0x6984,1, 0xBB29,1, 0xF572,4,
    0xDC4D,26, 0xBB29,2, 0xA9A6,1, 0x4124,1, 0x18C5,10, 0x4124,5, 0x5144,1, 0x6984,1,
    0xBB29,1, 0xDC4D,30, 0xBB29,2, 0x6984,1, 0x5144,1, 0x4124,6, 0x18C5,4, 0x6984,7,
    0xBB29,1, 0xDC4D,30, 0xBB29,2, 0x6984,8, 0x18C5,2, 0x4125,2, 0xA9A6,1, 0xBB29,7,
    0xDC4D,5, 0x1882,3, 0xDC4D,15, 0x1882,3, 0xDC4D,4, 0xBB29,8, 0xA9A6,2, 0x4125,1,
    0x18C5,1, 0x6984,2, 0xA9A6,1, 0xDC4D,6, 0xBB29,1, 0xDC4D,5, 0x1882,3, 0xDC4D,15,
    0x1882,3, 0xDC4D,4, 0xBB29,2, 0xDC4D,6, 0xA9A6,2, 0x6984,1, 0x18C5,1, 0x6984,3,
    0xBB29,2, 0xDC4D,4, 0xBB29,1, 0xDC4D,5, 0x1882,3, 0xDC4D,15, 0x1882,3, 0xDC4D,4,
    0xBB29,2, 0xDC4D,5, 0xBB29,1, 0x6984,3, 0x18C5,1, 0x4125,3, 0xA9A6,2, 0xDC4D,4,
    0xBB29,1, 0xDC4D,30, 0xBB29,2, 0xDC4D,5, 0xA9A6,1, 0x4125,3, 0x18C5,4, 0x6984,2,
    0xDC4D,4, 0xBB29,1, 0xDC4D,30, 0xBB29,2, 0xDC4D,5, 0x6984,1, 0x18C5,7, 0x6984,2,
    0xDC4D,4, 0xBB29,1, 0xDC4D,30, 0xBB29,2, 0xDC4D,5, 0x6984,1, 0x18C5,4, 0x4125,3,
    0xBB29,2, 0xDC4D,4, 0xBB29,1, 0xDC4D,30, 0xBB29,2, 0xDC4D,5, 0xBB29,1, 0x4125,3,
    0x18C5,1, 0x6984,2, 0xA9A6,1, 0xDC4D,2, 0xBB29,5, 0xDC4D,1, 0xBB29,36, 0xDC4D,1,
    0xA9A6,2, 0x6984,1, 0x18C5,1, 0x6984,2, 0xBB29,48, 0x6984,1, 0x18C5,1, 0x4125,2,
    0xA9A6,7, 0xBB29,33, 0xA9A6,8, 0x4125,1, 0x18C5,3, 0x4124,5, 0x5144,1, 0x6984,1,
    0xA9A6,1, 0xBB29,1, 0xA9A6,31, 0x6984,1, 0x5144,1, 0x4124,6, 0x18C5,9, 0x4124,1,
    0x6984,35, 0x4124,1, 0x18C5,15, 0x28E5,1, 0x3904,35, 0x28C4,1, 0x18C5,16, 0x1084,36,
    0x18C5,20, 0x10A4,27, 0x18C5,13, 0x18C5,14, 0x78E3,27, 0x18C5,23, 0x78E3,2, 0xFA28,27,
    0x78E3,1, 0x18C5,22, 0x78E3,2, 0xFA28,27, 0x78E3,1, 0x18C5,22, 0x78E3,2, 0xFA28,1,
    0x28E3,24, 0xFA28,3, 0x78E3,3, 0x18C5,19, 0x78E3,2, 0xFA28,1, 0x28E3,2, 0xFA28,4,
    0x28E3,18, 0xFA28,5, 0x78E3,1, 0x18C5,19, 0x78E3,2, 0xFA28,1, 0x28E3,2, 0xFA28,4,
    0x28E3,18, 0xFA28,5, 0x78E3,1, 0x18C5,19, 0x78E3,2, 0xFA28,1, 0x28E3,2, 0xFA28,4,
    0x28E3,18, 0xFA28,5, 0x78E3,1, 0x18C5,19, 0x78E3,2, 0xFA28,1, 0x28E3,2, 0xFA28,4,
    0x28E3,18, 0xFA28,5, 0x78E3,1, 0x18C5,19, 0x78E3,2, 0xFA28,1, 0x28E3,2, 0xFA28,4,
    0x28E3,18, 0xFA28,5, 0x78E3,1, 0x18C5,19, 0x78E3,2, 0xFA28,1, 0x28E3,24, 0xFA28,3,
    0x78E3,3, 0x18C5,19, 0x78E3,2, 0xFA28,27, 0x78E3,1, 0x18C5,22, 0x78E3,2, 0xFA28,27,
    0x78E3,1, 0x18C5,24, 0x78E3,27, 0x18C5,486, 0x4124,1, 0x6984,35, 0x4124,1, 0x18C5,15,
    0x4124,1, 0x6984,35, 0x4124,1, 0x18C5,15, 0x4124,1, 0x6984,1, 0xBB29,1, 0xF572,30,
    0xDC4D,2, 0xBB29,1, 0x4124,1, 0x18C5,15, 0x4124,1, 0x6984,1, 0xBB29,1, 0xF572,1,
    0xFE98,2, 0xF572,1, 0xDC4D,26, 0xBB29,2, 0xA9A6,1, 0x4124,1, 0x18C5,15, 0x4124,1,
    0x6984,1, 0xBB29,1, 0xF572,1, 0xFE98,2, 0xF572,1, 0xDC4D,26, 0xBB29,2, 0xA9A6,1,
    0x4124,1, 0x18C5,15, 0x4124,1, 0x6984,1, 0xBB29,1, 0xDC4D,30, 0xBB29,2, 0xA9A6,1,
    0x4124,1, 0x18C5,10, 0x6984,7, 0xBB29,1, 0xDC4D,30, 0xBB29,2, 0x6984,8, 0x18C5,4,
    0x6984,7, 0xBB29,1, 0xDC4D,5, 0x6984,3, 0xDC4D,15, 0x6984,3, 0xDC4D,4, 0xBB29,2,
    0x6984,8, 0x18C5,2, 0x6984,2, 0xBB29,1, 0xF572,6, 0xBB29,1, 0xDC4D,5, 0x1882,3,
    0xDC4D,15, 0x1882,3, 0xDC4D,4, 0xBB29,2, 0xF572,6, 0xBB29,2, 0x6984,1, 0x18C5,1,
    0x6984,3, 0xBB29,2, 0xDC4D,4, 0xBB29,1, 0xDC4D,5, 0x1882,3, 0xDC4D,15, 0x1882,3,
    0xDC4D,4, 0xBB29,2, 0xDC4D,5, 0xBB29,1, 0x6984,3, 0x18C5,1, 0x6984,3, 0xBB29,2,
    0xDC4D,4, 0xBB29,1, 0xDC4D,5, 0x6984,3, 0xDC4D,15, 0x6984,3, 0xDC4D,4, 0xBB29,2,
    0xDC4D,5, 0xBB29,1, 0x6984,3, 0x18C5,4, 0x6984,2, 0xDC4D,4, 0xBB29,1, 0xDC4D,30,
    0xBB29,2, 0xDC4D,5, 0x6984,1, 0x18C5,7, 0x6984,2, 0xDC4D,4, 0xBB29,1, 0xDC4D,30,
    0xBB29,2, 0xDC4D,5, 0x6984,1, 0x18C5,7, 0x6984,2, 0xDC4D,4, 0xBB29,1, 0xDC4D,30,
    0xBB29,2, 0xDC4D,5, 0x6984,1, 0x18C5,4, 0x6984,3, 0xF572,2, 0xDC4D,4, 0xBB29,1,
    0xDC4D,30, 0xBB29,2, 0xDC4D,5, 0xF572,1, 0x6984,3, 0x18C5,1, 0x6984,2, 0xBB29,48,
    0x6984,1, 0x18C5,1, 0x6984,2, 0xBB29,48, 0x6984,1, 0x18C5,3, 0x6984,7, 0xBB29,33,
    0x6984,8, 0x18C5,9, 0x4124,1, 0x6984,35, 0x4124,1, 0x18C5,15, 0x4124,1, 0x6984,35,
    0x4124,1, 0x18C5,20, 0x6984,3, 0x18C5,3, 0x6984,3, 0x18C5,9, 0x6984,3, 0x18C5,3,
    0x6984,3, 0x18C5,21, 0x1084,36, 0x18C5,16, 0x1084,36, 0x18C5,20, 0x10A4,27, 0x18C5,13,
    0x18C5,14, 0x78E3,27, 0x18C5,23, 0x78E3,2, 0xFA28,27, 0x78E3,1, 0x18C5,22, 0x78E3,2,
    0xFA28,27, 0x78E3,1, 0x18C5,22, 0x78E3,2, 0xFA28,1, 0x28E3,24, 0xFA28,3, 0x78E3,3,
    0x18C5,19, 0x78E3,2, 0xFA28,1, 0x28E3,2, 0xFA28,4, 0x28E3,18, 0xFA28,5, 0x78E3,1,
    0x18C5,19, 0x78E3,2, 0xFA28,1, 0x28E3,2, 0xFA28,4, 0x28E3,18, 0xFA28,5, 0x78E3,1,
    0x18C5,19, 0x78E3,2, 0xFA28,1, 0x28E3,2, 0xFA28,4, 0x28E3,18, 0xFA28,5, 0x78E3,1,
    0x18C5,19, 0x78E3,2, 0xFA28,1, 0x28E3,2, 0xFA28,4, 0x28E3,18, 0xFA28,5, 0x78E3,1,
    0x18C5,19, 0x78E3,2, 0xFA28,1, 0x28E3,2, 0xFA28,4, 0x28E3,18, 0xFA28,5, 0x78E3,1,
    0x18C5,19, 0x78E3,2, 0xFA28,1, 0x28E3,24, 0xFA28,3, 0x78E3,3, 0x18C5,19, 0x78E3,2,
    0xFA28,27, 0x78E3,1, 0x18C5,22, 0x78E3,2, 0xFA28,27, 0x78E3,1, 0x18C5,24, 0x78E3,27,
    0x18C5,486, 0x4124,1, 0x6984,35, 0x4124,1, 0x18C5,15, 0x4124,1, 0x6984,35, 0x4124,1,
    0x18C5,15, 0x4124,1, 0x6984,1, 0xBB29,1, 0xF572,30, 0xDC4D,2, 0xBB29,1, 0x4124,1,
    0x18C5,15, 0x4124,1, 0x6984,1, 0xBB29,1, 0xF572,1, 0xFE98,2, 0xF572,1, 0xDC4D,26,
    0xBB29,2, 0xA9A6,1, 0x4124,1, 0x18C5,15, 0x4124,1, 0x6984,1, 0xBB29,1, 0xF572,1,
    0xFE98,2, 0xF572,1, 0xDC4D,26, 0xBB29,2, 0xA9A6,1, 0x4124,1, 0x18C5,15, 0x4124,1,
    0x6984,1, 0xBB29,1, 0xDC4D,30, 0xBB29,2, 0xA9A6,1, 0x4124,1, 0x18C5,10, 0x6984,7,
    0xBB29,1, 0xDC4D,30, 0xBB29,2, 0x6984,8, 0x18C5,4, 0x6984,7, 0xBB29,1, 0xDC4D,5,
    0x6984,3, 0xDC4D,15, 0x6984,3, 0xDC4D,4, 0xBB29,2, 0x6984,8, 0x18C5,2, 0x6984,2,
    0xBB29,1, 0xF572,6, 0xBB29,1, 0xDC4D,5, 0x1882,3, 0xDC4D,15, 0x1882,3, 0xDC4D,4,
    0xBB29,2, 0xF572,6, 0xBB29,2, 0x6984,1, 0x18C5,1, 0x6984,3, 0xBB29,2, 0xDC4D,4,
    0xBB29,1, 0xDC4D,5, 0x1882,3, 0xDC4D,15, 0x1882,3, 0xDC4D,4, 0xBB29,2, 0xDC4D,5,
    0xBB29,1, 0x6984,3, 0x18C5,1, 0x6984,3, 0xBB29,2, 0xDC4D,4, 0xBB29,1, 0xDC4D,5,
    0x6984,3, 0xDC4D,15, 0x6984,3, 0xDC4D,4, 0xBB29,2, 0xDC4D,5, 0xBB29,1, 0x6984,3,
    0x18C5,4, 0x6984,2, 0xDC4D,4, 0xBB29,1, 0xDC4D,30, 0xBB29,2, 0xDC4D,5, 0x6984,1,
    0x18C5,7, 0x6984,2, 0xDC4D,4, 0xBB29,1, 0xDC4D,30, 0xBB29,2, 0xDC4D,5, 0x6984,1,
    0x18C5,7, 0x6984,2, 0xDC4D,4, 0xBB29,1, 0xDC4D,30, 0xBB29,2, 0xDC4D,5, 0x6984,1,
    0x18C5,4, 0x6984,3, 0xF572,2, 0xDC4D,4, 0xBB29,1, 0xDC4D,30, 0xBB29,2, 0xDC4D,5,
    0xF572,1, 0x6984,3, 0x18C5,1, 0x6984,2, 0xBB29,48, 0x6984,1, 0x18C5,1, 0x6984,2,
    0xBB29,48, 0x6984,1, 0x18C5,3, 0x6984,7, 0xBB29,33, 0x6984,8, 0x18C5,9, 0x4124,1,
    0x6984,35, 0x4124,1, 0x18C5,15, 0x4124,1, 0x6984,35, 0x4124,1, 0x18C5,20, 0x6984,3,
    0x18C5,3, 0x6984,3, 0x18C5,9, 0x6984,3, 0x18C5,3, 0x6984,3, 0x18C5,21, 0x1084,36,
    0x18C5,16, 0x1084,36, 0x18C5,20, 0x10A4,27, 0x18C5,13, 0x18C5,14, 0x78E3,27, 0x18C5,23,
    0x78E3,2, 0xFA28,27, 0x78E3,1, 0x18C5,22, 0x78E3,2, 0xFA28,27, 0x78E3,1, 0x18C5,22,
    0x78E3,2, 0xFA28,1, 0x28E3,24, 0xFA28,3, 0x78E3,3, 0x18C5,19, 0x78E3,2, 0xFA28,1,
    0x28E3,2, 0xFA28,4, 0x28E3,18, 0xFA28,5, 0x78E3,1, 0x18C5,19, 0x78E3,2, 0xFA28,1,
    0x28E3,2, 0xFA28,4, 0x28E3,18, 0xFA28,5, 0x78E3,1, 0x18C5,19, 0x78E3,2, 0xFA28,1,
    0x28E3,2, 0xFA28,4, 0x28E3,18, 0xFA28,5, 0x78E3,1, 0x18C5,19, 0x78E3,2, 0xFA28,1,
    0x28E3,2, 0xFA28,4, 0x28E3,18, 0xFA28,5, 0x78E3,1, 0x18C5,19, 0x78E3,2, 0xFA28,1,
    0x28E3,2, 0xFA28,4, 0x28E3,18, 0xFA28,5, 0x78E3,1, 0x18C5,19, 0x78E3,2, 0xFA28,1,
    0x28E3,24, 0xFA28,3, 0x78E3,3, 0x18C5,19, 0x78E3,2, 0xFA28,27, 0x78E3,1, 0x18C5,22,
    0x78E3,2, 0xFA28,27, 0x78E3,1, 0x18C5,24, 0x78E3,27, 0x18C5,486, 0x4124,1, 0x6984,35,
    0x4124,1, 0x18C5,15, 0x4124,1, 0x6984,35, 0x4124,1, 0x18C5,15, 0x4124,1, 0x6984,1,
    0xBB29,1, 0xF572,30, 0xDC4D,2, 0xBB29,1, 0x4124,1, 0x18C5,15, 0x4124,1, 0x6984,1,
    0xBB29,1, 0xF572,1, 0xFE98,2, 0xF572,1, 0xDC4D,26, 0xBB29,2, 0xA9A6,1, 0x4124,1,
    0x18C5,15, 0x4124,1, 0x6984,1, 0xBB29,1, 0xF572,1, 0xFE98,2, 0xF572,1, 0xDC4D,26,
    0xBB29,2, 0xA9A6,1, 0x4124,1, 0x18C5,15, 0x4124,1, 0x6984,1, 0xBB29,1, 0xDC4D,30,
    0xBB29,2, 0xA9A6,1, 0x4124,1, 0x18C5,10, 0x6984,7, 0xBB29,1, 0xDC4D,30, 0xBB29,2,
    0x6984,8, 0x18C5,4, 0x6984,7, 0xBB29,1, 0xDC4D,5, 0x6984,3, 0xDC4D,15, 0x6984,3,
    0xDC4D,4, 0xBB29,2, 0x6984,8, 0x18C5,2, 0x6984,2, 0xBB29,1, 0xF572,6, 0xBB29,1,
    0xDC4D,5, 0x1882,3, 0xDC4D,15, 0x1882,3, 0xDC4D,4, 0xBB29,2, 0xF572,6, 0xBB29,2,
    0x6984,1, 0x18C5,1, 0x6984,3, 0xBB29,2, 0xDC4D,4, 0xBB29,1, 0xDC4D,5, 0x6984,3,
    0xDC4D,15, 0x6984,3, 0xDC4D,4, 0xBB29,2, 0xDC4D,5, 0xBB29,1, 0x6984,3, 0x18C5,1,
    0x6984,3, 0xBB29,2, 0xDC4D,4, 0xBB29,1, 0xDC4D,30, 0xBB29,2, 0xDC4D,5, 0xBB29,1,
    0x6984,3, 0x18C5,4, 0x6984,2, 0xDC4D,4, 0xBB29,1, 0xDC4D,30, 0xBB29,2, 0xDC4D,5,
    0x6984,1, 0x18C5,7, 0x6984,2, 0xDC4D,4, 0xBB29,1, 0xDC4D,30, 0xBB29,2, 0xDC4D,5,
    0x6984,1, 0x18C5,7, 0x6984,2, 0xDC4D,4, 0xBB29,1, 0xDC4D,30, 0xBB29,2, 0xDC4D,5,
    0x6984,1, 0x18C5,4, 0x6984,3, 0xF572,2, 0xDC4D,4, 0xBB29,1, 0xDC4D,30, 0xBB29,2,
    0xDC4D,5, 0xF572,1, 0x6984,3, 0x18C5,1, 0x6984,2, 0xBB29,48, 0x6984,1, 0x18C5,1,
    0x6984,2, 0xBB29,48, 0x6984,1, 0x18C5,3, 0x6984,7, 0xBB29,33, 0x6984,8, 0x18C5,9,
    0x4124,1, 0x6984,35, 0x4124,1, 0x18C5,15, 0x4124,1, 0x6984,35, 0x4124,1, 0x18C5,20,
    0x6984,3, 0x18C5,3, 0x6984,3, 0x18C5,9, 0x6984,3, 0x18C5,3, 0x6984,3, 0x18C5,21,
    0x1084,36, 0x18C5,16, 0x1084,36, 0x18C5,20, 0x10A4,27, 0x18C5,13, 0x18C5,14, 0x78E3,27,
    0x18C5,23, 0x78E3,2, 0xFA28,27, 0x78E3,1, 0x18C5,22, 0x78E3,2, 0xFA28,27, 0x78E3,1,
    0x18C5,22, 0x78E3,2, 0xFA28,1, 0x28E3,24, 0xFA28,3, 0x78E3,3, 0x18C5,19, 0x78E3,2,
    0xFA28,1, 0x28E3,2, 0xFA28,4, 0x28E3,18, 0xFA28,5, 0x78E3,1, 0x18C5,19, 0x78E3,2,
    0xFA28,1, 0x28E3,2, 0xFA28,4, 0x28E3,18, 0xFA28,5, 0x78E3,1, 0x18C5,19, 0x78E3,2,
    0xFA28,1, 0x28E3,2, 0xFA28,4, 0x28E3,18, 0xFA28,5, 0x78E3,1, 0x18C5,19, 0x78E3,2,
    0xFA28,1, 0x28E3,2, 0xFA28,4, 0x28E3,18, 0xFA28,5, 0x78E3,1, 0x18C5,19, 0x78E3,2,
    0xFA28,1, 0x28E3,2, 0xFA28,4, 0x28E3,18, 0xFA28,5, 0x78E3,1, 0x18C5,19, 0x78E3,2,
    0xFA28,1, 0x28E3,24, 0xFA28,3, 0x78E3,3, 0x18C5,19, 0x78E3,2, 0xFA28,27, 0x78E3,1,
    0x18C5,22, 0x78E3,2, 0xFA28,27, 0x78E3,1, 0x18C5,24, 0x78E3,27, 0x18C5,486, 0x4124,1,
    0x6984,35, 0x4124,1, 0x18C5,15, 0x4124,1, 0x6984,35, 0x4124,1, 0x18C5,15, 0x4124,1,
    0x6984,1, 0xBB29,1, 0xF572,30, 0xDC4D,2, 0xBB29,1, 0x4124,1, 0x18C5,15, 0x4124,1,
    0x6984,1, 0xBB29,1, 0xF572,1, 0xFE98,2, 0xF572,1, 0xDC4D,26, 0xBB29,2, 0xA9A6,1,
    0x4124,1, 0x18C5,15, 0x4124,1, 0x6984,1, 0xBB29,1, 0xF572,1, 0xFE98,2, 0xF572,1,
    0xDC4D,26, 0xBB29,2, 0xA9A6,1, 0x4124,1, 0x18C5,15, 0x4124,1, 0x6984,1, 0xBB29,1,
    0xDC4D,30, 0xBB29,2, 0xA9A6,1, 0x4124,1, 0x18C5,10, 0x6984,7, 0xBB29,1, 0xDC4D,30,
    0xBB29,2, 0x6984,8, 0x18C5,4, 0x6984,7, 0xBB29,1, 0xDC4D,5, 0x6984,3, 0xDC4D,15,
    0x6984,3, 0xDC4D,4, 0xBB29,2, 0x6984,8, 0x18C5,2, 0x6984,2, 0xBB29,1, 0xF572,6,
    0xBB29,1, 0xDC4D,5, 0x1882,3, 0xDC4D,15, 0x1882,3, 0xDC4D,4, 0xBB29,2, 0xF572,6,
    0xBB29,2, 0x6984,1, 0x18C5,1, 0x6984,3, 0xBB29,2, 0xDC4D,4, 0xBB29,1, 0xDC4D,5,
    0x6984,3, 0xDC4D,15, 0x6984,3, 0xDC4D,4, 0xBB29,2, 0xDC4D,5, 0xBB29,1, 0x6984,3,
    0x18C5,1, 0x6984,3, 0xBB29,2, 0xDC4D,4, 0xBB29,1, 0xDC4D,30, 0xBB29,2, 0xDC4D,5,
    0xBB29,1, 0x6984,3, 0x18C5,4, 0x6984,2, 0xDC4D,4, 0xBB29,1, 0xDC4D,30, 0xBB29,2,
    0xDC4D,5, 0x6984,1, 0x18C5,7, 0x6984,2, 0xDC4D,4, 0xBB29,1, 0xDC4D,30, 0xBB29,2,
    0xDC4D,5, 0x6984,1, 0x18C5,7, 0x6984,2, 0xDC4D,4, 0xBB29,1, 0xDC4D,30, 0xBB29,2,
    0xDC4D,5, 0x6984,1, 0x18C5,4, 0x6984,3, 0xF572,2, 0xDC4D,4, 0xBB29,1, 0xDC4D,30,
    0xBB29,2, 0xDC4D,5, 0xF572,1, 0x6984,3, 0x18C5,1, 0x6984,2, 0xBB29,48, 0x6984,1,
    0x18C5,1, 0x6984,2, 0xBB29,48, 0x6984,1, 0x18C5,3, 0x6984,7, 0xBB29,33, 0x6984,8,
    0x18C5,9, 0x4124,1, 0x6984,35, 0x4124,1, 0x18C5,15, 0x4124,1, 0x6984,35, 0x4124,1,
    0x18C5,20, 0x6984,3, 0x18C5,3, 0x6984,3, 0x18C5,9, 0x6984,3, 0x18C5,3, 0x6984,3,
    0x18C5,21, 0x1084,36, 0x18C5,16, 0x1084,36, 0x18C5,20, 0x10A4,27, 0x18C5,13, 0x18C5,14,
    0x78E3,27, 0x18C5,23, 0x78E3,2, 0xFA28,27, 0x78E3,1, 0x18C5,22, 0x78E3,2, 0xFA28,27,
    0x78E3,1, 0x18C5,22, 0x78E3,2, 0xFA28,1, 0x28E3,24, 0xFA28,3, 0x78E3,3, 0x18C5,19,
    0x78E3,2, 0xFA28,1, 0x28E3,2, 0xFA28,4, 0x28E3,18, 0xFA28,5, 0x78E3,1, 0x18C5,19,
    0x78E3,2, 0xFA28,1, 0x28E3,2, 0xFA28,4, 0x28E3,18, 0xFA28,5, 0x78E3,1, 0x18C5,19,
    0x78E3,2, 0xFA28,1, 0x28E3,2, 0xFA28,4, 0x28E3,18, 0xFA28,5, 0x78E3,1, 0x18C5,19,
    0x78E3,2, 0xFA28,1, 0x28E3,2, 0xFA28,4, 0x28E3,18, 0xFA28,5, 0x78E3,1, 0x18C5,19,
    0x78E3,2, 0xFA28,1, 0x28E3,2, 0xFA28,4, 0x28E3,18, 0xFA28,5, 0x78E3,1, 0x18C5,19,
    0x78E3,2, 0xFA28,1, 0x28E3,24, 0xFA28,3, 0x78E3,3, 0x18C5,19, 0x78E3,2, 0xFA28,27,
    0x78E3,1, 0x18C5,22, 0x78E3,2, 0xFA28,27, 0x78E3,1, 0x18C5,24, 0x78E3,27, 0x18C5,486,
    0x4124,1, 0x6984,35, 0x4124,1, 0x18C5,15, 0x4124,1, 0x6984,35, 0x4124,1, 0x18C5,15,
    0x4124,1, 0x6984,1, 0xBB29,1, 0xF572,30, 0xDC4D,2, 0xBB29,1, 0x4124,1, 0x18C5,15,
    0x4124,1, 0x6984,1, 0xBB29,1, 0xF572,1, 0xFE98,2, 0xF572,1, 0xDC4D,26, 0xBB29,2,
    0xA9A6,1, 0x4124,1, 0x18C5,15, 0x4124,1, 0x6984,1, 0xBB29,1, 0xF572,1, 0xFE98,2,
    0xF572,1, 0xDC4D,26, 0xBB29,2, 0xA9A6,1, 0x4124,1, 0x18C5,15, 0x4124,1, 0x6984,1,
    0xBB29,1, 0xDC4D,30, 0xBB29,2, 0xA9A6,1, 0x4124,1, 0x18C5,10, 0x6984,7, 0xBB29,1,
    0xDC4D,30, 0xBB29,2, 0x6984,8, 0x18C5,4, 0x6984,7, 0xBB29,1, 0xDC4D,5, 0x6984,3,
    0xDC4D,15, 0x6984,3, 0xDC4D,4, 0xBB29,2, 0x6984,8, 0x18C5,2, 0x6984,2, 0xBB29,1,
    0xF572,6, 0xBB29,1, 0xDC4D,5, 0x1882,3, 0xDC4D,15, 0x1882,3, 0xDC4D,4, 0xBB29,2,
    0xF572,6, 0xBB29,2, 0x6984,1, 0x18C5,1, 0x6984,3, 0xBB29,2, 0xDC4D,4, 0xBB29,1,
    0xDC4D,5, 0x6984,3, 0xDC4D,15, 0x6984,3, 0xDC4D,4, 0xBB29,2, 0xDC4D,5, 0xBB29,1,
    0x6984,3, 0x18C5,1, 0x6984,3, 0xBB29,2, 0xDC4D,4, 0xBB29,1, 0xDC4D,30, 0xBB29,2,
    0xDC4D,5, 0xBB29,1, 0x6984,3, 0x18C5,4, 0x6984,2, 0xDC4D,4, 0xBB29,1, 0xDC4D,30,
    0xBB29,2, 0xDC4D,5, 0x6984,1, 0x18C5,7, 0x6984,2, 0xDC4D,4, 0xBB29,1, 0xDC4D,30,
    0xBB29,2, 0xDC4D,5, 0x6984,1, 0x18C5,7, 0x6984,2, 0xDC4D,4, 0xBB29,1, 0xDC4D,30,
    0xBB29,2, 0xDC4D,5, 0x6984,1, 0x18C5,4, 0x6984,3, 0xF572,2, 0xDC4D,4, 0xBB29,1,
    0xDC4D,30, 0xBB29,2, 0xDC4D,5, 0xF572,1, 0x6984,3, 0x18C5,1, 0x6984,2, 0xBB29,48,
    0x6984,1, 0x18C5,1, 0x6984,2, 0xBB29,48, 0x6984,1, 0x18C5,3, 0x6984,7, 0xBB29,33,
    0x6984,8, 0x18C5,9, 0x4124,1, 0x6984,35, 0x4124,1, 0x18C5,15, 0x4124,1, 0x6984,35,
    0x4124,1, 0x18C5,20, 0x6984,3, 0x18C5,3, 0x6984,3, 0x18C5,9, 0x6984,3, 0x18C5,3,
    0x6984,3, 0x18C5,21, 0x1084,36, 0x18C5,16, 0x1084,36, 0x18C5,20, 0x10A4,27, 0x18C5,13,
    0x18C5,14, 0x78E3,27, 0x18C5,23, 0x78E3,2, 0xFA28,27, 0x78E3,1, 0x18C5,22, 0x78E3,2,
    0xFA28,27, 0x78E3,1, 0x18C5,22, 0x78E3,2, 0xFA28,1, 0x28E3,24, 0xFA28,3, 0x78E3,3,
    0x18C5,19, 0x78E3,2, 0xFA28,1, 0x28E3,2, 0xFA28,4, 0x28E3,18, 0xFA28,5, 0x78E3,1,
    0x18C5,19, 0x78E3,2, 0xFA28,1, 0x28E3,2, 0xFA28,4, 0x28E3,18, 0xFA28,5, 0x78E3,1,
    0x18C5,19, 0x78E3,2, 0xFA28,1, 0x28E3,2, 0xFA28,4, 0x28E3,18, 0xFA28,5, 0x78E3,1,
    0x18C5,19, 0x78E3,2, 0xFA28,1, 0x28E3,2, 0xFA28,4, 0x28E3,18, 0xFA28,5, 0x78E3,1,
    0x18C5,19, 0x78E3,2, 0xFA28,1, 0x28E3,2, 0xFA28,4, 0x28E3,18, 0xFA28,5, 0x78E3,1,
    0x18C5,19, 0x78E3,2, 0xFA28,1, 0x28E3,24, 0xFA28,3, 0x78E3,3, 0x18C5,19, 0x78E3,2,
    0xFA28,27, 0x78E3,1, 0x18C5,22, 0x78E3,2, 0xFA28,27, 0x78E3,1, 0x18C5,24, 0x78E3,27,
    0x18C5,382, 0x28E5,1, 0x4124,35, 0x28E5,1, 0x18C5,15, 0x4124,1, 0x6984,35, 0x4124,1,
    0x18C5,15, 0x4124,1, 0x6984,1, 0xA9A6,1, 0xBB29,32, 0xA9A6,1, 0x4124,1, 0x18C5,15,
    0x4124,1, 0x6984,1, 0xBB29,1, 0xF572,4, 0xDC4D,27, 0xBB29,2, 0x4124,1, 0x18C5,15,
    0x4124,1, 0x6984,1, 0xBB29,1, 0xF572,1, 0xFE98,2, 0xF572,1, 0xDC4D,26, 0xBB29,2,
    0xA9A6,1, 0x4124,1, 0x18C5,15, 0x4124,1, 0x6984,1, 0xBB29,1, 0xF572,4, 0xDC4D,26,
    0xBB29,2, 0xA9A6,1, 0x4124,1, 0x18C5,10, 0x4124,5, 0x5144,1, 0x6984,1, 0xBB29,1,
    0xDC4D,30, 0xBB29,2, 0x6984,1, 0x5144,1, 0x4124,6, 0x18C5,4, 0x6984,7, 0xBB29,1,
    0xDC4D,30, 0xBB29,2, 0x6984,8, 0x18C5,2, 0x4125,2, 0xA9A6,1, 0xBB29,7, 0xDC4D,5,
    0x1882,3, 0xDC4D,15, 0x1882,3, 0xDC4D,4, 0xBB29,8, 0xA9A6,2, 0x4125,1, 0x18C5,1,
    0x6984,2, 0xA9A6,1, 0xDC4D,6, 0xBB29,1, 0xDC4D,5, 0x1882,3, 0xDC4D,15, 0x1882,3,
    0xDC4D,4, 0xBB29,2, 0xDC4D,6, 0xA9A6,2, 0x6984,1, 0x18C5,1, 0x6984,3, 0xBB29,2,
    0xDC4D,4, 0xBB29,1, 0xDC4D,30, 0xBB29,2, 0xDC4D,5, 0xBB29,1, 0x6984,3, 0x18C5,1,
    0x4125,3, 0xA9A6,2, 0xDC4D,4, 0xBB29,1, 0xDC4D,30, 0xBB29,2, 0xDC4D,5, 0xA9A6,1,
    0x4125,3, 0x18C5,4, 0x6984,2, 0xDC4D,4, 0xBB29,1, 0xDC4D,30, 0xBB29,2, 0xDC4D,5,
    0x6984,1, 0x18C5,7, 0x6984,2, 0xDC4D,4, 0xBB29,1, 0xDC4D,30, 0xBB29,2, 0xDC4D,5,
    0x6984,1, 0x18C5,4, 0x4125,3, 0xBB29,2, 0xDC4D,4, 0xBB29,1, 0xDC4D,30, 0xBB29,2,
    0xDC4D,5, 0xBB29,1, 0x4125,3, 0x18C5,1, 0x6984,2, 0xA9A6,1, 0xDC4D,2, 0xBB29,5,
    0xDC4D,1, 0xBB29,36, 0xDC4D,1, 0xA9A6,2, 0x6984,1, 0x18C5,1, 0x6984,2, 0xBB29,48,
    0x6984,1, 0x18C5,1, 0x4125,2, 0xA9A6,7, 0xBB29,33, 0xA9A6,8, 0x4125,1, 0x18C5,3,
    0x4124,5, 0x5144,1, 0x6984,1, 0xA9A6,1, 0xBB29,1, 0xA9A6,31, 0x6984,1, 0x5144,1,
    0x4124,6, 0x18C5,9, 0x4124,1, 0x6984,35, 0x4124,1, 0x18C5,15, 0x28E5,1, 0x4124,4,
    0xA9A6,2, 0x6984,1, 0x4124,3, 0xA9A6,2, 0x6984,1, 0x4124,9, 0xA9A6,2, 0x6984,1,
    0x4124,3, 0xA9A6,2, 0x6984,1, 0x4124,4, 0x28E5,1, 0x18C5,20, 0xA9A6,2, 0x6984,1,
    0x18C5,3, 0xA9A6,2, 0x6984,1, 0x18C5,9, 0xA9A6,2, 0x6984,1, 0x18C5,3, 0xA9A6,2,
    0x6984,1, 0x18C5,25, 0x6984,3, 0x18C5,3, 0x6984,3, 0x18C5,9, 0x6984,3, 0x18C5,3,
    0x6984,3, 0x18C5,21, 0x1084,4, 0x3904,3, 0x1084,3, 0x3904,3, 0x1084,9, 0x3904,3,
    0x1084,3, 0x3904,3, 0x1084,5, 0x18C5,16, 0x1084,36, 0x18C5,20, 0x10A4,27, 0x18C5,13,
    0x18C5,14, 0x78E3,27, 0x18C5,23, 0x78E3,2, 0xFA28,27, 0x78E3,1, 0x18C5,22, 0x78E3,2,
    0xFA28,27, 0x78E3,1, 0x18C5,22, 0x78E3,2, 0xFA28,1, 0x28E3,24, 0xFA28,3, 0x78E3,3,
    0x18C5,19, 0x78E3,2, 0xFA28,1, 0x28E3,2, 0xFA28,4, 0x28E3,18, 0xFA28,5, 0x78E3,1,
    0x18C5,19, 0x78E3,2, 0xFA28,1, 0x28E3,2, 0xFA28,4, 0x28E3,18, 0xFA28,5, 0x78E3,1,
    0x18C5,19, 0x78E3,2, 0xFA28,1, 0x28E3,2, 0xFA28,4, 0x28E3,18, 0xFA28,5, 0x78E3,1,
    0x18C5,19, 0x78E3,2, 0xFA28,1, 0x28E3,2, 0xFA28,4, 0x28E3,18, 0xFA28,5, 0x78E3,1,
    0x18C5,19, 0x78E3,2, 0xFA28,1, 0x28E3,2, 0xFA28,4, 0x28E3,18, 0xFA28,5, 0x78E3,1,
    0x18C5,19, 0x78E3,2, 0xFA28,1, 0x28E3,24, 0xFA28,3, 0x78E3,3, 0x18C5,19, 0x78E3,2,
    0xFA28,27, 0x78E3,1, 0x18C5,22, 0x78E3,2, 0xFA28,27, 0x78E3,1, 0x18C5,24, 0x78E3,27,
    0x18C5,382, 0x28E5,1, 0x4124,35, 0x28E5,1, 0x18C5,15, 0x4124,1, 0x6984,35, 0x4124,1,
    0x18C5,15, 0x4124,1, 0x6984,1, 0xA9A6,1, 0xBB29,32, 0xA9A6,1, 0x4124,1, 0x18C5,15,
    0x4124,1, 0x6984,1, 0xBB29,1, 0xF572,4, 0xDC4D,27, 0xBB29,2, 0x4124,1, 0x18C5,15,
    0x4124,1, 0x6984,1, 0xBB29,1, 0xF572,1, 0xFE98,2, 0xF572,1, 0xDC4D,26, 0xBB29,2,
    0xA9A6,1, 0x4124,1, 0x18C5,15, 0x4124,1, 0x6984,1, 0xBB29,1, 0xF572,4, 0xDC4D,26,
    0xBB29,2, 0xA9A6,1, 0x4124,1, 0x18C5,10, 0x4124,5, 0x5144,1, 0x6984,1, 0xBB29,1,
    0xDC4D,30, 0xBB29,2, 0x6984,1, 0x5144,1, 0x4124,6, 0x18C5,4, 0x6984,7, 0xBB29,1,
    0xDC4D,30, 0xBB29,2, 0x6984,8, 0x18C5,2, 0x4125,2, 0xA9A6,1, 0xBB29,7, 0xDC4D,5,
    0x1882,3, 0xDC4D,15, 0x1882,3, 0xDC4D,4, 0xBB29,8, 0xA9A6,2, 0x4125,1, 0x18C5,1,
    0x6984,2, 0xA9A6,1, 0xDC4D,6, 0xBB29,1, 0xDC4D,5, 0x1882,3, 0xDC4D,15, 0x1882,3,
    0xDC4D,4, 0xBB29,2, 0xDC4D,6, 0xA9A6,2, 0x6984,1, 0x18C5,1, 0x6984,3, 0xBB29,2,
    0xDC4D,4, 0xBB29,1, 0xDC4D,30, 0xBB29,2, 0xDC4D,5, 0xBB29,1, 0x6984,3, 0x18C5,1,
    0x4125,3, 0xA9A6,2, 0xDC4D,4, 0xBB29,1, 0xDC4D,30, 0xBB29,2, 0xDC4D,5, 0xA9A6,1,
    0x4125,3, 0x18C5,4, 0x6984,2, 0xDC4D,4, 0xBB29,1, 0xDC4D,30, 0xBB29,2, 0xDC4D,5,
    0x6984,1, 0x18C5,7, 0x6984,2, 0xDC4D,4, 0xBB29,1, 0xDC4D,30, 0xBB29,2, 0xDC4D,5,
    0x6984,1, 0x18C5,4, 0x4125,3, 0xBB29,2, 0xDC4D,4, 0xBB29,1, 0xDC4D,30, 0xBB29,2,
    0xDC4D,5, 0xBB29,1, 0x4125,3, 0x18C5,1, 0x6984,2, 0xA9A6,1, 0xDC4D,2, 0xBB29,5,
    0xDC4D,1, 0xBB29,36, 0xDC4D,1, 0xA9A6,2, 0x6984,1, 0x18C5,1, 0x6984,2, 0xBB29,48,
    0x6984,1, 0x18C5,1, 0x4125,2, 0xA9A6,7, 0xBB29,33, 0xA9A6,8, 0x4125,1, 0x18C5,3,
    0x4124,5, 0x5144,1, 0x6984,1, 0xA9A6,1, 0xBB29,1, 0xA9A6,31, 0x6984,1, 0x5144,1,
    0x4124,6, 0x18C5,9, 0x4124,1, 0x6984,35, 0x4124,1, 0x18C5,15, 0x28E5,1, 0x4124,4,
    0xA9A6,2, 0x6984,1, 0x4124,3, 0xA9A6,2, 0x6984,1, 0x4124,9, 0xA9A6,2, 0x6984,1,
    0x4124,3, 0xA9A6,2, 0x6984,1, 0x4124,4, 0x28E5,1, 0x18C5,20, 0xA9A6,2, 0x6984,1,
    0x18C5,3, 0xA9A6,2, 0x6984,1, 0x18C5,9, 0xA9A6,2, 0x6984,1, 0x18C5,3, 0xA9A6,2,
    0x6984,1, 0x18C5,25, 0x6984,3, 0x18C5,3, 0x6984,3, 0x18C5,9, 0x6984,3, 0x18C5,3,
    0x6984,3, 0x18C5,21, 0x1084,4, 0x3904,3, 0x1084,3, 0x3904,3, 0x1084,9, 0x3904,3,
    0x1084,3, 0x3904,3, 0x1084,5, 0x18C5,16, 0x1084,36, 0x18C5,20, 0x10A4,27, 0x18C5,13,
    0x18C5,14, 0x78E3,27, 0x18C5,23, 0x78E3,2, 0xFA28,27, 0x78E3,1, 0x18C5,22, 0x78E3,2,
    0xFA28,27, 0x78E3,1, 0x18C5,22, 0x78E3,2, 0xFA28,1, 0x28E3,24, 0xFA28,3, 0x78E3,3,
    0x18C5,19, 0x78E3,2, 0xFA28,1, 0x28E3,2, 0xFA28,4, 0x28E3,18, 0xFA28,5, 0x78E3,1,
    0x18C5,19, 0x78E3,2, 0xFA28,1, 0x28E3,2, 0xFA28,4, 0x28E3,18, 0xFA28,5, 0x78E3,1,
    0x18C5,19, 0x78E3,2, 0xFA28,1, 0x28E3,2, 0xFA28,4, 0x28E3,18, 0xFA28,5, 0x78E3,1,
    0x18C5,19, 0x78E3,2, 0xFA28,1, 0x28E3,2, 0xFA28,4, 0x28E3,18, 0xFA28,5, 0x78E3,1,
    0x18C5,19, 0x78E3,2, 0xFA28,1, 0x28E3,2, 0xFA28,4, 0x28E3,18, 0xFA28,5, 0x78E3,1,
    0x18C5,19, 0x78E3,2, 0xFA28,1, 0x28E3,24, 0xFA28,3, 0x78E3,3, 0x18C5,19, 0x78E3,2,
    0xFA28,27, 0x78E3,1, 0x18C5,22, 0x78E3,2, 0xFA28,27, 0x78E3,1, 0x18C5,24, 0x78E3,27,
    0x18C5,382, 0x28E5,1, 0x4124,35, 0x28E5,1, 0x18C5,15, 0x4124,1, 0x6984,35, 0x4124,1,
    0x18C5,15, 0x4124,1, 0x6984,1, 0xA9A6,1, 0xBB29,32, 0xA9A6,1, 0x4124,1, 0x18C5,15,
    0x4124,1, 0x6984,1, 0xBB29,1, 0xF572,4, 0xDC4D,27, 0xBB29,2, 0x4124,1, 0x18C5,15,
    0x4124,1, 0x6984,1, 0xBB29,1, 0xF572,1, 0xFE98,2, 0xF572,1, 0xDC4D,26, 0xBB29,2,
    0xA9A6,1, 0x4124,1, 0x18C5,15, 0x4124,1, 0x6984,1, 0xBB29,1, 0xF572,4, 0xDC4D,26,
    0xBB29,2, 0xA9A6,1, 0x4124,1, 0x18C5,10, 0x4124,5, 0x5144,1, 0x6984,1, 0xBB29,1,
    0xDC4D,30, 0xBB29,2, 0x6984,1, 0x5144,1, 0x4124,6, 0x18C5,4, 0x6984,7, 0xBB29,1,
    0xDC4D,30, 0xBB29,2, 0x6984,8, 0x18C5,2, 0x4125,2, 0xA9A6,1, 0xBB29,7, 0xDC4D,5,
    0x1882,3, 0xDC4D,15, 0x1882,3, 0xDC4D,4, 0xBB29,8, 0xA9A6,2, 0x4125,1, 0x18C5,1,
    0x6984,2, 0xA9A6,1, 0xDC4D,6, 0xBB29,1, 0xDC4D,5, 0x1882,3, 0xDC4D,15, 0x1882,3,
    0xDC4D,4, 0xBB29,2, 0xDC4D,6, 0xA9A6,2, 0x6984,1, 0x18C5,1, 0x6984,3, 0xBB29,2,
    0xDC4D,4, 0xBB29,1, 0xDC4D,30, 0xBB29,2, 0xDC4D,5, 0xBB29,1, 0x6984,3, 0x18C5,1,
    0x4125,3, 0xA9A6,2, 0xDC4D,4, 0xBB29,1, 0xDC4D,30, 0xBB29,2, 0xDC4D,5, 0xA9A6,1,
    0x4125,3, 0x18C5,4, 0x6984,2, 0xDC4D,4, 0xBB29,1, 0xDC4D,30, 0xBB29,2, 0xDC4D,5,
    0x6984,1, 0x18C5,7, 0x6984,2, 0xDC4D,4, 0xBB29,1, 0xDC4D,30, 0xBB29,2, 0xDC4D,5,
    0x6984,1, 0x18C5,4, 0x4125,3, 0xBB29,2, 0xDC4D,4, 0xBB29,1, 0xDC4D,30, 0xBB29,2,
    0xDC4D,5, 0xBB29,1, 0x4125,3, 0x18C5,1, 0x6984,2, 0xA9A6,1, 0xDC4D,2, 0xBB29,5,
    0xDC4D,1, 0xBB29,36, 0xDC4D,1, 0xA9A6,2, 0x6984,1, 0x18C5,1, 0x6984,2, 0xBB29,48,
    0x6984,1, 0x18C5,1, 0x4125,2, 0xA9A6,7, 0xBB29,33, 0xA9A6,8, 0x4125,1, 0x18C5,3,
    0x4124,5, 0x5144,1, 0x6984,1, 0xA9A6,1, 0xBB29,1, 0xA9A6,31, 0x6984,1, 0x5144,1,
    0x4124,6, 0x18C5,9, 0x4124,1, 0x6984,35, 0x4124,1, 0x18C5,15, 0x28E5,1, 0x4124,4,
    0xA9A6,2, 0x6984,1, 0x4124,3, 0xA9A6,2, 0x6984,1, 0x4124,9, 0xA9A6,2, 0x6984,1,
    0x4124,3, 0xA9A6,2, 0x6984,1, 0x4124,4, 0x28E5,1, 0x18C5,20, 0xA9A6,2, 0x6984,1,
    0x18C5,3, 0xA9A6,2, 0x6984,1, 0x18C5,9, 0xA9A6,2, 0x6984,1, 0x18C5,3, 0xA9A6,2,
    0x6984,1, 0x18C5,25, 0x6984,3, 0x18C5,3, 0x6984,3, 0x18C5,9, 0x6984,3, 0x18C5,3,
    0x6984,3, 0x18C5,21, 0x1084,4, 0x3904,3, 0x1084,3, 0x3904,3, 0x1084,9, 0x3904,3,
    0x1084,3, 0x3904,3, 0x1084,5, 0x18C5,16, 0x1084,36, 0x18C5,20, 0x10A4,27, 0x18C5,13,
    0x18C5,14, 0x78E3,27, 0x18C5,23, 0x78E3,2, 0xFA28,27, 0x78E3,1, 0x18C5,22, 0x78E3,2,
    0xFA28,27, 0x78E3,1, 0x18C5,22, 0x78E3,2, 0xFA28,1, 0x28E3,24, 0xFA28,3, 0x78E3,3,
    0x18C5,19, 0x78E3,2, 0xFA28,1, 0x28E3,2, 0xFA28,4, 0x28E3,18, 0xFA28,5, 0x78E3,1,
    0x18C5,19, 0x78E3,2, 0xFA28,1, 0x28E3,2, 0xFA28,4, 0x28E3,18, 0xFA28,5, 0x78E3,1,
    0x18C5,19, 0x78E3,2, 0xFA28,1, 0x28E3,2, 0xFA28,4, 0x28E3,18, 0xFA28,5, 0x78E3,1,
    0x18C5,19, 0x78E3,2, 0xFA28,1, 0x28E3,2, 0xFA28,4, 0x28E3,18, 0xFA28,5, 0x78E3,1,
    0x18C5,19, 0x78E3,2, 0xFA28,1, 0x28E3,2, 0xFA28,4, 0x28E3,18, 0xFA28,5, 0x78E3,1,
    0x18C5,19, 0x78E3,2, 0xFA28,1, 0x28E3,24, 0xFA28,3, 0x78E3,3, 0x18C5,19, 0x78E3,2,
    0xFA28,27, 0x78E3,1, 0x18C5,22, 0x78E3,2, 0xFA28,27, 0x78E3,1, 0x18C5,24, 0x78E3,27,
    0x18C5,382, 0x28E5,1, 0x4124,35, 0x28E5,1, 0x18C5,15, 0x4124,1, 0x6984,35, 0x4124,1,
    0x18C5,15, 0x4124,1, 0x6984,1, 0xA9A6,1, 0xBB29,32, 0xA9A6,1, 0x4124,1, 0x18C5,15,
    0x4124,1, 0x6984,1, 0xBB29,1, 0xF572,4, 0xDC4D,27, 0xBB29,2, 0x4124,1, 0x18C5,15,
    0x4124,1, 0x6984,1, 0xBB29,1, 0xF572,1, 0xFE98,2, 0xF572,1, 0xDC4D,26, 0xBB29,2,
    0xA9A6,1, 0x4124,1, 0x18C5,15, 0x4124,1, 0x6984,1, 0xBB29,1, 0xF572,4, 0xDC4D,26,
    0xBB29,2, 0xA9A6,1, 0x4124,1, 0x18C5,10, 0x4124,5, 0x5144,1, 0x6984,1, 0xBB29,1,
    0xDC4D,30, 0xBB29,2, 0x6984,1, 0x5144,1, 0x4124,6, 0x18C5,4, 0x6984,7, 0xBB29,1,
    0xDC4D,30, 0xBB29,2, 0x6984,8, 0x18C5,2, 0x4125,2, 0xA9A6,1, 0xBB29,7, 0xDC4D,5,
    0x1882,3, 0xDC4D,15, 0x1882,3, 0xDC4D,4, 0xBB29,8, 0xA9A6,2, 0x4125,1, 0x18C5,1,
    0x6984,2, 0xA9A6,1, 0xDC4D,6, 0xBB29,1, 0xDC4D,5, 0x1882,3, 0xDC4D,15, 0x1882,3,
    0xDC4D,4, 0xBB29,2, 0xDC4D,6, 0xA9A6,2, 0x6984,1, 0x18C5,1, 0x6984,3, 0xBB29,2,
    0xDC4D,4, 0xBB29,1, 0xDC4D,30, 0xBB29,2, 0xDC4D,5, 0xBB29,1, 0x6984,3, 0x18C5,1,
    0x4125,3, 0xA9A6,2, 0xDC4D,4, 0xBB29,1, 0xDC4D,30, 0xBB29,2, 0xDC4D,5, 0xA9A6,1,
    0x4125,3, 0x18C5,4, 0x6984,2, 0xDC4D,4, 0xBB29,1, 0xDC4D,30, 0xBB29,2, 0xDC4D,5,
    0x6984,1, 0x18C5,7, 0x6984,2, 0xDC4D,4, 0xBB29,1, 0xDC4D,30, 0xBB29,2, 0xDC4D,5,
    0x6984,1, 0x18C5,4, 0x4125,3, 0xBB29,2, 0xDC4D,4, 0xBB29,1, 0xDC4D,30, 0xBB29,2,
    0xDC4D,5, 0xBB29,1, 0x4125,3, 0x18C5,1, 0x6984,2, 0xA9A6,1, 0xDC4D,2, 0xBB29,5,
    0xDC4D,1, 0xBB29,36, 0xDC4D,1, 0xA9A6,2, 0x6984,1, 0x18C5,1, 0x6984,2, 0xBB29,48,
    0x6984,1, 0x18C5,1, 0x4125,2, 0xA9A6,7, 0xBB29,33, 0xA9A6,8, 0x4125,1, 0x18C5,3,
    0x4124,5, 0x5144,1, 0x6984,1, 0xA9A6,1, 0xBB29,1, 0xA9A6,31, 0x6984,1, 0x5144,1,
    0x4124,6, 0x18C5,9, 0x4124,1, 0x6984,35, 0x4124,1, 0x18C5,15, 0x28E5,1, 0x4124,4,
    0xA9A6,2, 0x6984,1, 0x4124,3, 0xA9A6,2, 0x6984,1, 0x4124,9, 0xA9A6,2, 0x6984,1,
    0x4124,3, 0xA9A6,2, 0x6984,1, 0x4124,4, 0x28E5,1, 0x18C5,20, 0xA9A6,2, 0x6984,1,
    0x18C5,3, 0xA9A6,2, 0x6984,1, 0x18C5,9, 0xA9A6,2, 0x6984,1, 0x18C5,3, 0xA9A6,2,
    0x6984,1, 0x18C5,25, 0x6984,3, 0x18C5,3, 0x6984,3, 0x18C5,9, 0x6984,3, 0x18C5,3,
    0x6984,3, 0x18C5,21, 0x1084,4, 0x3904,3, 0x1084,3, 0x3904,3, 0x1084,9, 0x3904,3,
    0x1084,3, 0x3904,3, 0x1084,5, 0x18C5,16, 0x1084,36, 0x18C5,20, 0x10A4,27, 0x18C5,13,
};

#endif // LOW_BATTERY_FRAMES_H
