#ifndef HAT_MISHAP_FRAMES_H
#define HAT_MISHAP_FRAMES_H

/**
 * Auto-generated by png2rgb565.py (RLE compressed, auto-cropped)
 * 42 frame(s), 98x75 pixels
 * Raw: 617,400 bytes, RLE: 110,928 bytes (6x compression)
 * Transparent key: 0x18C5
 */

#include <stdint.h>

#define HAT_MISHAP_WIDTH  98
#define HAT_MISHAP_HEIGHT 75
#define HAT_MISHAP_FRAME_COUNT 42
#define HAT_MISHAP_TRANSPARENT_KEY 0x18C5

static const uint32_t hat_mishap_frame_offsets[43] = {
    0, 1264, 2538, 3822, 5036, 6326, 7630, 8898,
    10156, 11454, 12668, 13944, 15216, 16518, 17788, 19072,
    20386, 21714, 23080, 24436, 25788, 27158, 28540, 29982,
    31468, 32894, 34156, 35728, 37248, 38664, 39980, 41292,
    42582, 43854, 45132, 46422, 47722, 49040, 50324, 51602,
    52864, 54148, 55464,
};

static const uint16_t hat_mishap_rle_data[] = {
    0x18C5,124, 0x2128,1, 0x298C,1, 0x298B,1, 0x296A,1, 0x2949,1, 0x2149,1, 0x2128,1,
    0x2107,1, 0x18E7,1, 0x18C5,89, 0x31CD,1, 0x5318,14, 0x39EF,1, 0x18C5,82, 0x31CE,1,
    0x5318,14, 0x3A30,1, 0x18C5,82, 0x39EF,1, 0x5318,14, 0x3A0F,1, 0x18C5,78, 0x296A,1,
    0x31EE,1, 0x31CD,1, 0x31AD,1, 0x4272,1, 0x5318,10, 0x639A,4, 0x39EF,1, 0x18C5,78,
    0x3A30,1, 0x5318,14, 0xF79E,4, 0xA51C,1, 0x5318,1, 0x4A94,1, 0x4293,1, 0x298B,1,
    0x18C5,74, 0x3A31,1, 0x5318,14, 0xF79E,4, 0x639A,1, 0x5318,3, 0x31CD,1, 0x18C5,74,
    0x4251,1, 0x5318,14, 0xF79E,4, 0x639A,1, 0x5318,3, 0x31AD,1, 0x18C5,74, 0x4272,1,
    0x5318,3, 0xA51C,4, 0x639A,1, 0x5318,6, 0xF79E,4, 0x639A,1, 0x5318,3, 0x29AC,1,
    0x18C5,74, 0x4273,1, 0x5318,3, 0xF79E,4, 0x6318,1, 0x4216,2, 0x5318,12, 0x4AB4,1,
    0x4252,1, 0x3A31,1, 0x3A30,1, 0x2129,1, 0x18C5,70, 0x4293,1, 0x5318,3, 0xF79E,4,
    0x5318,1, 0x4216,2, 0x5318,16, 0x296B,1, 0x18C5,70, 0x31CD,1, 0x3A10,1, 0x3A31,1,
    0x4251,1, 0xF79E,4, 0x5318,1, 0x4216,2, 0x5318,16, 0x296A,1, 0x18C5,74, 0x8411,1,
    0x8C52,1, 0x9493,1, 0x9CD4,1, 0x4216,3, 0x5318,8, 0x639A,1, 0x5318,7, 0x4252,1,
    0x39EF,1, 0x31EE,1, 0x1907,1, 0x18C5,75, 0x4216,3, 0x5318,7, 0x639A,1, 0xF79E,4,
    0x5318,7, 0x2149,1, 0x18C5,75, 0x4216,3, 0x5318,7, 0x639A,1, 0xF79E,4, 0x5318,7,
    0x2128,1, 0x18C5,71, 0x298B,2, 0x296A,1, 0x294A,1, 0x4216,3, 0x5318,7, 0x639A,1,
    0xF79E,4, 0x5318,7, 0x2107,1, 0x18C5,71, 0x5318,16, 0x639A,3, 0x5318,7, 0x31EF,1,
    0x31AD,1, 0x31AC,1, 0x298C,1, 0x18C5,68, 0x5318,30, 0x18C5,68, 0x5318,30, 0x18C5,68,
    0x5318,30, 0x18C5,67, 0x18E7,1, 0x5318,18, 0xA51C,1, 0xF79E,3, 0xA51C,1, 0x5318,7,
    0x296B,1, 0x296A,1, 0x2149,1, 0x2129,1, 0x18C5,63, 0x2107,1, 0x5318,18, 0xA51C,1,
    0xF79E,4, 0x5318,11, 0x18C5,63, 0x2128,1, 0x5318,18, 0xA51C,1, 0xF79E,4, 0x5318,11,
    0x18C5,59, 0x2107,1, 0x31EE,1, 0x31CE,1, 0x31CD,1, 0x39EF,1, 0x5318,3, 0x639A,1,
    0xA51C,3, 0x639A,1, 0x5318,10, 0xA51C,1, 0xF79E,3, 0xA51C,1, 0x5318,11, 0x18C5,59,
    0x2949,1, 0x5318,7, 0xA51C,1, 0xF79E,3, 0xA51C,1, 0x5318,10, 0x639A,5, 0x5318,11,
    0x2128,1, 0x2107,1, 0x18E7,1, 0x18C5,56, 0x296B,1, 0x5318,7, 0xA51C,1, 0xF79E,3,
    0xA51C,1, 0x5318,29, 0x4A94,1, 0x18C5,55, 0x298B,1, 0x5318,7, 0xA51C,1, 0xF79E,3,
    0xA51C,1, 0x5318,29, 0x4293,1, 0x18C5,55, 0x318C,1, 0x5318,7, 0xA51C,3, 0xF79E,1,
    0xA51C,1, 0x5318,29, 0x4273,1, 0x18C5,55, 0x31AC,1, 0x5318,30, 0xA51C,4, 0x5318,7,
    0x4272,1, 0x18C5,55, 0x31CD,1, 0x5318,30, 0xA51C,1, 0xF79E,2, 0xA51C,1, 0x5318,7,
    0x4251,1, 0x18C5,52, 0x18E6,1, 0x18C6,2, 0x2149,1, 0x39EF,1, 0x3A10,1, 0x3A31,1,
    0x4251,1, 0x4252,1, 0x4273,1, 0x4294,1, 0x4A94,1, 0x5318,22, 0xA51C,1, 0xF79E,2,
    0xA51C,1, 0x5318,7, 0x3A31,1, 0x18C5,51, 0x18E7,1, 0x210A,13, 0x2109,4, 0x2108,1,
    0x20E8,1, 0x2108,1, 0x2109,2, 0x2129,1, 0x2929,1, 0x292A,1, 0x294A,1, 0x294B,1,
    0x296B,1, 0x298C,1, 0x318C,1, 0x31AD,1, 0x31CE,1, 0x31EF,1, 0x3A0F,1, 0xF79E,3,
    0xA51C,1, 0x4273,1, 0x4A94,1, 0x4AB4,1, 0x5318,4, 0x3A10,1, 0x18C5,51, 0x18E7,1,
    0x210A,41, 0x2109,4, 0x2108,2, 0x20E8,2, 0x18C5,48, 0x18E7,1, 0x210A,49, 0x18C6,1,
    0x18C5,47, 0x20E7,1, 0x210A,49, 0x18C5,48, 0x20E7,1, 0x210A,49, 0x18C5,40, 0x4A72,1,
    0x52D5,1, 0x52B4,2, 0x4A93,2, 0x4A72,3, 0x4212,9, 0x318E,6, 0x210A,34, 0x18C5,40,
    0x639A,11, 0x6318,1, 0x639A,17, 0x6318,4, 0x5318,3, 0x4216,2, 0x4212,7, 0x318E,7,
    0x210A,6, 0x18C5,40, 0x639A,11, 0x6398,1, 0x639A,41, 0x6318,1, 0x639A,2, 0x6318,2,
    0x52F6,1, 0x52D5,1, 0x52B4,1, 0x4A93,1, 0x4A72,1, 0x4251,1, 0x31CD,1, 0x18C5,33,
    0x639A,11, 0x6398,1, 0x639A,41, 0x6318,1, 0x639A,10, 0x52B5,1, 0x18C5,36, 0x1907,1,
    0x2107,1, 0x2128,2, 0x2129,1, 0x2949,1, 0x296A,2, 0xD40C,6, 0xA51C,3, 0x6398,8,
    0x639A,25, 0x6398,1, 0x639A,10, 0x52B4,1, 0x18C5,44, 0xD40C,34, 0xA51C,2, 0x6398,8,
    0x639A,9, 0x4A93,1, 0x18C5,44, 0xD40C,44, 0x18C5,5, 0x1907,1, 0x2128,1, 0x2129,1,
    0x294A,1, 0x2128,1, 0x18C5,44, 0xD40C,44, 0x18C5,54, 0xD40C,44, 0x18C5,54, 0xD40C,16,
    0xA51C,1, 0x0000,3, 0xD40C,24, 0x18C5,53, 0x2906,1, 0xD40C,16, 0x0000,4, 0xD40C,20,
    0xA51C,1, 0x0000,3, 0x18C5,53, 0x3126,1, 0xD40C,16, 0x0000,4, 0xD40C,20, 0x0000,4,
    0x18C5,45, 0x3947,1, 0xD40C,24, 0x0000,4, 0xD40C,20, 0x0000,4, 0x18C5,45, 0x3967,1,
    0xD40C,24, 0x0000,4, 0xD40C,20, 0x0000,4, 0x4987,1, 0x4167,1, 0x3967,1, 0x3146,1,
    0x2926,1, 0x2906,1, 0x18C5,39, 0x4187,1, 0xD40C,24, 0x0000,3, 0x210A,1, 0xD40C,20,
    0x0000,3, 0x210A,1, 0xD40C,8, 0x18C5,37, 0x51C8,1, 0xD40C,24, 0x0000,3, 0x210A,1,
    0xD40C,20, 0x0000,3, 0x210A,1, 0xD40C,7, 0xB36B,1, 0x18C5,37, 0x51E8,1, 0xD40C,24,
    0x210A,1, 0x0000,2, 0x210A,1, 0xD40C,20, 0x0000,3, 0x210A,1, 0xD40C,7, 0xA34B,1,
    0x18C5,37, 0x59E8,1, 0xD40C,48, 0x210A,3, 0xD40C,8, 0xA32B,1, 0x18C5,37, 0x6208,1,
    0xD40C,51, 0xB38B,1, 0xD40C,7, 0x9B0A,1, 0x18C5,37, 0x6228,1, 0xD40C,51, 0xAB6B,1,
    0xD40C,7, 0x92EA,1, 0x18C5,40, 0x2106,1, 0x2926,1, 0x3146,1, 0x3967,1, 0x4187,1,
    0x8ACA,1, 0xD40C,43, 0xAB6B,1, 0xD40C,7, 0x8ACA,1, 0x18C5,45, 0x7269,1, 0xD40C,43,
    0x9B2B,1, 0xB36B,1, 0xD40C,6, 0x82AA,1, 0x18C5,45, 0x7A89,1, 0xD40C,43, 0x7A89,1,
    0x18C5,53, 0x82AA,1, 0xD40C,43, 0x7269,1, 0x18C5,53, 0x8ACA,1, 0xD40C,43, 0x7249,1,
    0x18C5,53, 0x92EA,1, 0xD40C,43, 0x6A29,1, 0x18C5,53, 0x9B0A,1, 0xD40C,43, 0x6208,1,
    0x18C5,53, 0x9B2B,1, 0xD40C,43, 0x59E8,1, 0x18C5,53, 0x4167,1, 0x51E8,1, 0x5A08,1,
    0x6208,1, 0x92EA,1, 0xA34B,1, 0xAB4B,1, 0xAB6B,1, 0x92EA,1, 0x8ACA,1, 0x92EA,1,
    0x9B0A,1, 0xA32B,1, 0xB38B,1, 0xD40C,30, 0x51E8,1, 0x18C5,57, 0xAB6B,1, 0xD40C,3,
    0x49A7,1, 0x18C5,3, 0x8ACA,1, 0xD40C,3, 0x7269,1, 0x18C5,7, 0x2906,1, 0x3126,1,
    0x3146,1, 0x3967,1, 0x9B0A,1, 0xD40C,3, 0x7269,1, 0x6228,1, 0x6A49,1, 0x7269,1,
    0x7A89,1, 0x92EA,1, 0xAB4B,1, 0xD40C,1, 0xA34B,1, 0x9B0A,1, 0xA32B,1, 0xAB4B,1,
    0x4187,1, 0x18C5,57, 0xB36B,1, 0xD40C,3, 0x4187,1, 0x18C5,3, 0x6A28,1, 0xD40C,3,
    0x9B0A,1, 0x18C5,11, 0xB36B,1, 0xD40C,3, 0x4187,1, 0x18C5,3, 0x8ACA,1, 0xD40C,3,
    0x7269,1, 0x18C5,61, 0xD40C,4, 0x3967,1, 0x18C5,3, 0x4187,1, 0xD40C,4, 0x18C5,11,
    0xD40C,4, 0x3967,1, 0x18C5,3, 0x6A28,1, 0xD40C,3, 0x9B0A,1, 0x18C5,61, 0xD40C,4,
    0x3946,1, 0x18C5,4, 0xD40C,4, 0x18C5,11, 0xD40C,4, 0x3946,1, 0x18C5,3, 0x4187,1,
    0xD40C,4, 0x18C5,61, 0xD40C,4, 0x20E4,1, 0x1083,4, 0xD40C,4, 0x3946,1, 0x1083,10,
    0xD40C,4, 0x2905,1, 0x1083,3, 0x18A4,1, 0xD40C,4, 0x18C5,61, 0xD40C,4, 0x18A4,1,
    0x0863,4, 0xD40C,4, 0x6207,1, 0x0863,10, 0xD40C,4, 0x20C4,1, 0x0863,4, 0xD40C,4,
    0x4187,1, 0x18C5,60, 0xD40C,4, 0x1083,1, 0x0863,4, 0x59C7,1, 0x82A9,1, 0x59E7,1,
    0x3125,1, 0x1083,1, 0x0863,10, 0xD40C,4, 0x18A4,1, 0x0863,4, 0xD40C,4, 0x6208,1,
    0x18C5,60, 0x51C8,1, 0x59E8,1, 0x6207,1, 0x7248,1, 0x1083,20, 0xD40C,4, 0x18A4,1,
    0x1083,4, 0x4166,1, 0x6208,1, 0x49A7,1, 0x3146,1, 0x18C5,85, 0x49A7,4, 0x18C5,47,
    0x18C5,125, 0x18E7,1, 0x298C,1, 0x298B,1, 0x296A,1, 0x294A,1, 0x2149,1, 0x2128,1,
    0x2108,1, 0x1907,1, 0x18C5,89, 0x296A,1, 0x5318,11, 0x6318,2, 0x5318,1, 0x4251,1,
    0x18C5,82, 0x296B,1, 0x5318,14, 0x4293,1, 0x18C5,82, 0x298B,1, 0x5318,14, 0x4273,1,
    0x18C5,78, 0x2129,1, 0x31CE,1, 0x31CD,1, 0x31AD,1, 0x3A30,1, 0x5318,10, 0x639A,4,
    0x4252,1, 0x18C5,78, 0x31CD,1, 0x5318,14, 0xE71E,1, 0xF79E,3, 0xE71E,1, 0x5318,1,
    0x4A94,1, 0x4293,1, 0x31CE,1, 0x18C5,74, 0x31CE,1, 0x5318,14, 0xE71E,1, 0xF79E,3,
    0x639A,1, 0x5318,3, 0x3A31,1, 0x18C5,74, 0x31EE,1, 0x5318,14, 0xE71E,1, 0xF79E,3,
    0x639A,1, 0x5318,3, 0x3A10,1, 0x18C5,74, 0x3A0F,1, 0x5318,3, 0x639A,1, 0xE71E,3,
    0x639A,1, 0x5318,6, 0xE71E,1, 0xF79E,3, 0x639A,1, 0x5318,3, 0x3A0F,1, 0x18C5,74,
    0x3A10,1, 0x5318,3, 0xE71E,1, 0xF79E,3, 0x639A,1, 0x4216,2, 0x5318,13, 0x4252,1,
    0x3A31,1, 0x3A30,1, 0x296A,1, 0x18C5,70, 0x3A30,1, 0x5318,3, 0xE71E,1, 0xF79E,3,
    0x639A,1, 0x4216,2, 0x5318,16, 0x31EE,1, 0x18C5,70, 0x298B,1, 0x3A10,1, 0x3A30,1,
    0x4251,1, 0xE71E,1, 0xF79E,3, 0x639A,1, 0x4216,2, 0x5318,16, 0x31CD,1, 0x18C5,74,
    0x738F,1, 0x8C52,1, 0x9493,1, 0x9CD4,1, 0x4271,1, 0x4216,2, 0x5318,8, 0x639A,1,
    0x5318,7, 0x4293,1, 0x3A0F,1, 0x31EE,1, 0x2129,1, 0x18C5,75, 0x31D0,1, 0x4216,2,
    0x5318,8, 0xF79E,4, 0x639A,1, 0x5318,6, 0x29AC,1, 0x18C5,75, 0x31F1,1, 0x4216,2,
    0x5318,8, 0xF79E,4, 0x639A,1, 0x5318,6, 0x298B,1, 0x18C5,71, 0x296A,1, 0x298B,1,
    0x296B,1, 0x294A,1, 0x3A33,1, 0x4216,2, 0x5318,8, 0xF79E,4, 0x639A,1, 0x5318,6,
    0x296B,1, 0x18C5,71, 0x4A94,1, 0x5318,15, 0x6318,1, 0x639A,2, 0x6318,1, 0x5318,6,
    0x3A30,1, 0x31CD,1, 0x31AC,1, 0x298C,1, 0x1907,1, 0x18C5,67, 0x6318,1, 0x5318,29,
    0x2149,1, 0x18C5,67, 0x6318,1, 0x5318,29, 0x2129,1, 0x18C5,67, 0x5318,30, 0x2128,1,
    0x18C5,67, 0x5318,18, 0x639A,1, 0xF79E,1, 0xE71E,3, 0x5318,7, 0x31AC,1, 0x296A,1,
    0x294A,1, 0x2149,1, 0x18C5,64, 0x5318,18, 0x639A,1, 0xF79E,4, 0x5318,11, 0x18E7,1,
    0x18C5,63, 0x5318,18, 0x639A,1, 0xF79E,3, 0xE71E,1, 0x5318,11, 0x18C5,60, 0x31EE,1,
    0x31CE,1, 0x31CD,1, 0x31AD,1, 0x5318,3, 0x639A,5, 0x5318,10, 0x639A,1, 0xF79E,3,
    0xE71E,1, 0x5318,11, 0x18C5,60, 0x5318,7, 0x639A,1, 0xF79E,3, 0xE71E,1, 0x5318,10,
    0x639A,5, 0x5318,11, 0x2128,1, 0x2108,1, 0x1907,1, 0x18C5,56, 0x2107,1, 0x5318,7,
    0x639A,1, 0xF79E,3, 0xE71E,1, 0x5318,30, 0x18C5,55, 0x2108,1, 0x5318,7, 0x639A,1,
    0xF79E,3, 0xE71E,1, 0x5318,30, 0x18C5,55, 0x2128,1, 0x5318,7, 0x639A,1, 0xE71E,4,
    0x5318,30, 0x18C5,55, 0x2949,1, 0x5318,30, 0x639A,1, 0xE71E,2, 0x639A,1, 0x5318,7,
    0x6318,1, 0x18C5,55, 0x296A,1, 0x5318,30, 0x639A,1, 0xF79E,2, 0xE71E,1, 0x5318,7,
    0x4AB4,1, 0x18C5,52, 0x18E6,1, 0x18C6,2, 0x2108,1, 0x39EF,1, 0x3A10,1, 0x3A31,1,
    0x4251,1, 0x4252,1, 0x4273,1, 0x4293,1, 0x4A94,1, 0x6318,2, 0x5318,20, 0xE71E,1,
    0xF79E,2, 0xE71E,1, 0x5318,7, 0x4A94,1, 0x18C5,51, 0x18C6,1, 0x210A,13, 0x2109,4,
    0x2108,1, 0x20E8,1, 0x2108,1, 0x2109,2, 0x2129,2, 0x212A,1, 0x294A,1, 0x294B,1,
    0x296B,1, 0x296C,1, 0x318C,1, 0x31AD,1, 0x31AE,1, 0x31EE,1, 0x39EF,1, 0x94D7,1,
    0xF79E,2, 0xE71E,1, 0x4273,1, 0x4A94,1, 0x4AB4,1, 0x5318,2, 0x631A,2, 0x4273,1,
    0x18C5,51, 0x18C6,1, 0x210A,41, 0x2909,1, 0x2109,3, 0x2108,3, 0x20E8,1, 0x18C6,1,
    0x18C5,47, 0x18C6,1, 0x210A,49, 0x18E7,1, 0x18C5,47, 0x18E6,1, 0x210A,49, 0x18E6,1,
    0x18C5,47, 0x18E7,1, 0x210A,49, 0x18E6,1, 0x18C5,39, 0x3A0F,1, 0x52B5,1, 0x52B4,2,
    0x4A93,2, 0x4A72,2, 0x4A52,1, 0x4212,12, 0x210A,37, 0x18C6,1, 0x18C5,39, 0x4A93,1,
    0x639A,10, 0x6318,1, 0x639A,17, 0x6318,4, 0x5318,3, 0x4216,2, 0x4212,11, 0x210A,9,
    0x18C6,1, 0x18C5,39, 0x52B5,1, 0x639A,10, 0x6398,1, 0x639A,41, 0x6318,1, 0x639A,2,
    0x6318,2, 0x639A,1, 0x52D5,1, 0x52B4,1, 0x4A93,1, 0x4A72,1, 0x4251,1, 0x4210,1,
    0x18C5,33, 0x52D5,1, 0x639A,10, 0x6398,1, 0x639A,41, 0x6318,1, 0x639A,11, 0x18C5,36,
    0x2107,2, 0x2108,1, 0x2128,1, 0x2129,1, 0x2949,1, 0x294A,1, 0x296A,1, 0x932E,1,
    0xD40C,6, 0x6398,10, 0x639A,25, 0x6398,1, 0x639A,11, 0x18C5,44, 0xAB4B,1, 0xD40C,34,
    0x6398,9, 0x639A,10, 0x18C5,44, 0xB38B,1, 0xD40C,43, 0x49A7,1, 0x18C5,5, 0x2108,1,
    0x2129,1, 0x2949,2, 0x18C5,44, 0xD40C,44, 0x4187,1, 0x18C5,53, 0xD40C,44, 0x3947,1,
    0x18C5,53, 0xD40C,16, 0xE71E,1, 0x0000,3, 0xD40C,24, 0x3126,1, 0x18C5,53, 0xD40C,16,
    0x0000,4, 0xD40C,21, 0x0000,3, 0x2905,1, 0x18C5,53, 0xD40C,16, 0x0000,4, 0xD40C,20,
    0x0000,4, 0x20E5,1, 0x18C5,45, 0xD40C,7, 0xB36B,1, 0xD40C,16, 0x0000,4, 0xD40C,20,
    0x0000,4, 0x18C5,46, 0xD40C,24, 0x0000,4, 0xD40C,20, 0x0000,4, 0x4187,2, 0x3967,1,
    0x3146,1, 0x3126,1, 0x2906,1, 0x18C5,40, 0xD40C,24, 0x0000,4, 0xD40C,20, 0x0000,4,
    0xD40C,8, 0x18C5,37, 0x2926,1, 0xD40C,24, 0x0000,4, 0xD40C,20, 0x0000,4, 0xD40C,8,
    0x18C5,37, 0x3126,1, 0xD40C,24, 0x210A,1, 0x0000,2, 0x210A,1, 0xD40C,20, 0x0000,4,
    0xD40C,8, 0x18C5,37, 0x3947,1, 0xD40C,48, 0x210A,4, 0xD40C,8, 0x18C5,37, 0x4187,1,
    0xD40C,60, 0x18C5,37, 0x49A7,1, 0xD40C,59, 0xB36B,1, 0x18C5,41, 0x2926,1, 0x3146,1,
    0x3947,1, 0x4167,1, 0x6A49,1, 0xD40C,51, 0xAB6B,1, 0x18C5,45, 0x51C8,1, 0xD40C,43,
    0xB36B,2, 0xD40C,6, 0xA32B,1, 0x18C5,45, 0x59E8,1, 0xD40C,43, 0xA32B,1, 0x18C5,53,
    0x6208,1, 0xD40C,43, 0x9B0A,1, 0x18C5,53, 0x6A28,1, 0xD40C,43, 0x8ACA,1, 0x18C5,53,
    0x7249,1, 0xD40C,43, 0x8ACA,1, 0x18C5,53, 0x7269,1, 0xD40C,43, 0x82A9,1, 0x18C5,53,
    0x7A89,1, 0xD40C,43, 0x7A89,1, 0x18C5,53, 0x3147,1, 0x51C8,1, 0x59E8,1, 0x6208,1,
    0x7A89,1, 0x9B0A,1, 0xAB4B,1, 0xD40C,1, 0xA32B,1, 0x8ACA,1, 0x92EA,1, 0x930A,1,
    0x9B2B,1, 0xA34B,1, 0xD40C,30, 0x7269,1, 0x18C5,57, 0x6A49,1, 0xD40C,3, 0x8ACA,1,
    0x18C5,3, 0x4187,1, 0xD40C,4, 0x18C5,7, 0x2906,1, 0x3126,1, 0x3146,1, 0x3967,1,
    0x6A49,1, 0xAB4B,1, 0xD40C,2, 0x9B0B,1, 0x6228,1, 0x6A49,1, 0x7249,1, 0x7A69,1,
    0x82AA,1, 0xAB4B,1, 0xD40C,2, 0x9B0A,1, 0x9B2B,1, 0xA34B,1, 0x59E8,1, 0x18C5,57,
    0x51E8,1, 0xD40C,3, 0xA32B,1, 0x18C5,3, 0x2906,1, 0xD40C,4, 0x3967,1, 0x18C5,10,
    0x6A49,1, 0xD40C,3, 0x8ACA,1, 0x18C5,3, 0x49A7,1, 0xD40C,4, 0x18C5,61, 0x3967,1,
    0xD40C,4, 0x18C5,4, 0xAB6B,1, 0xD40C,3, 0x82A9,1, 0x18C5,10, 0x51E8,1, 0xD40C,3,
    0xA32B,1, 0x18C5,4, 0xD40C,4, 0x4187,1, 0x18C5,60, 0x2926,1, 0xD40C,4, 0x18C5,4,
    0x6208,1, 0xD40C,4, 0x18C5,10, 0x3967,1, 0xD40C,4, 0x18C5,4, 0x9B0A,1, 0xD40C,3,
    0x8ACA,1, 0x18C5,61, 0xD40C,4, 0x18C4,1, 0x1083,3, 0x18A4,1, 0xD40C,4, 0x20E4,1,
    0x1083,9, 0x20E4,1, 0xD40C,4, 0x1083,4, 0x51A6,1, 0xD40C,4, 0x18C5,61, 0xD40C,4,
    0x3125,1, 0x0863,4, 0xD40C,2, 0x51C6,1, 0x18A3,1, 0x0863,10, 0x1083,1, 0xD40C,4,
    0x18A4,1, 0x0863,3, 0x1083,1, 0xD40C,3, 0xAB6B,1, 0x2906,1, 0x18C5,60, 0x82A9,1,
    0x8AA9,1, 0x6A48,1, 0x51C6,1, 0x18A4,1, 0x0863,19, 0xD40C,4, 0x3105,1, 0x0863,4,
    0x6A28,1, 0x6A48,1, 0x2906,1, 0x18C5,63, 0x1083,23, 0x8289,1, 0x8AC9,1, 0x7248,1,
    0x59C7,1, 0x18C4,1, 0x1083,4, 0x10A5,1, 0x18C5,137, 0x18C5,129, 0x2149,1, 0x298C,1,
    0x296B,1, 0x296A,1, 0x2149,2, 0x2128,1, 0x2107,1, 0x1907,1, 0x18C5,89, 0x3A31,1,
    0x5318,12, 0x6318,1, 0x5318,1, 0x29AC,1, 0x18C5,82, 0x4251,1, 0x5318,14, 0x31AD,1,
    0x18C5,82, 0x4252,1, 0x5318,14, 0x29AC,1, 0x18C5,78, 0x298C,1, 0x31CE,1, 0x31CD,1,
    0x31AC,1, 0x5318,11, 0x639A,4, 0x298B,1, 0x18C5,78, 0x4293,1, 0x5318,14, 0xF79E,4,
    0x639A,1, 0x4AB4,1, 0x4A94,1, 0x4273,1, 0x2149,1, 0x18C5,74, 0x4AB4,1, 0x5318,14,
    0xF79E,4, 0x639A,1, 0x5318,3, 0x296A,1, 0x18C5,74, 0x5318,15, 0xF79E,4, 0x6318,1,
    0x5318,3, 0x2149,1, 0x18C5,74, 0x6318,1, 0x5318,2, 0x639A,1, 0x951A,4, 0x5318,6,
    0x639A,1, 0xF79E,4, 0x5318,4, 0x2129,1, 0x18C5,74, 0x5318,3, 0x639A,1, 0xF79E,4,
    0x4216,3, 0x5318,12, 0x4293,1, 0x4252,1, 0x3A31,1, 0x3A30,1, 0x18E7,1, 0x18C5,70,
    0x5318,3, 0x639A,1, 0xF79E,4, 0x4216,3, 0x5318,16, 0x2107,1, 0x18C5,70, 0x39EF,1,
    0x3A10,1, 0x3A31,1, 0x5AF3,1, 0xF79E,4, 0x4216,3, 0x5318,16, 0x18E7,1, 0x18C5,73,
    0x2947,1, 0x8411,1, 0x8C72,1, 0x94B3,1, 0x8432,1, 0x4216,3, 0x5318,7, 0x6318,2,
    0x5318,7, 0x3A10,1, 0x39EF,1, 0x31EE,1, 0x18C5,76, 0x4216,3, 0x5318,7, 0x639A,1,
    0xF79E,4, 0x5318,7, 0x18C5,76, 0x4216,3, 0x5318,7, 0x951A,1, 0xF79E,4, 0x5318,7,
    0x18C5,72, 0x298C,1, 0x298B,1, 0x296A,1, 0x296B,1, 0x4216,3, 0x5318,7, 0x951A,1,
    0xF79E,4, 0x5318,7, 0x18C5,71, 0x2107,1, 0x5318,16, 0x639A,3, 0x5318,6, 0x6318,1,
    0x31CD,1, 0x31AD,1, 0x29AC,1, 0x298B,1, 0x18C5,67, 0x2128,1, 0x5318,30, 0x18C5,67,
    0x2129,1, 0x5318,30, 0x18C5,67, 0x2149,1, 0x5318,30, 0x18C5,67, 0x296A,1, 0x5318,18,
    0x951A,1, 0xF79E,3, 0x951A,1, 0x5318,7, 0x296B,1, 0x296A,1, 0x2149,1, 0x2128,1,
    0x18C5,63, 0x296B,1, 0x5318,18, 0x951A,1, 0xF79E,3, 0x951A,1, 0x5318,10, 0x4293,1,
    0x18C5,63, 0x298B,1, 0x5318,18, 0x951A,1, 0xF79E,3, 0x951A,1, 0x5318,10, 0x4273,1,
    0x18C5,59, 0x2129,1, 0x31EE,1, 0x31CE,1, 0x31AD,1, 0x3A31,1, 0x5318,3, 0x951A,4,
    0x639A,1, 0x5318,10, 0x951A,1, 0xF79E,3, 0x951A,1, 0x5318,10, 0x4252,1, 0x18C5,59,
    0x31CD,1, 0x5318,7, 0x951A,1, 0xF79E,3, 0x951A,1, 0x5318,10, 0x639A,5, 0x5318,10,
    0x4273,1, 0x2128,1, 0x2107,1, 0x18E7,1, 0x18C5,56, 0x31CE,1, 0x5318,7, 0xF79E,4,
    0x951A,1, 0x5318,29, 0x3A31,1, 0x18C5,55, 0x31EE,1, 0x5318,7, 0xF79E,4, 0x951A,1,
    0x5318,29, 0x3A30,1, 0x18C5,55, 0x3A0F,1, 0x5318,7, 0x951A,2, 0xF79E,2, 0x951A,1,
    0x5318,29, 0x3A10,1, 0x18C5,55, 0x3A10,1, 0x5318,30, 0x951A,3, 0x639A,1, 0x5318,7,
    0x31EE,1, 0x18C5,55, 0x3A30,1, 0x5318,30, 0xF79E,3, 0x951A,1, 0x5318,7, 0x31CE,1,
    0x18C5,51, 0x18C6,1, 0x18E6,1, 0x18C6,2, 0x296B,1, 0x39EF,1, 0x3A10,1, 0x3A31,1,
    0x4252,1, 0x4272,1, 0x4273,1, 0x4294,1, 0x4AB4,1, 0x6318,2, 0x5318,20, 0xF79E,3,
    0x951A,1, 0x5318,7, 0x31CD,1, 0x18C5,51, 0x20E8,1, 0x210A,13, 0x2109,4, 0x2108,1,
    0x20E8,1, 0x2108,1, 0x2109,2, 0x2129,1, 0x212A,1, 0x294A,2, 0x294B,1, 0x296B,1,
    0x298C,1, 0x31AC,1, 0x31AD,1, 0x31CE,1, 0x31EF,1, 0x3A0F,1, 0xF79E,3, 0x6375,1,
    0x4293,1, 0x4A94,1, 0x5318,5, 0x31AC,1, 0x18C5,51, 0x20E8,1, 0x210A,41, 0x2109,4,
    0x2108,1, 0x20E8,3, 0x18C5,48, 0x20E8,1, 0x210A,49, 0x18C5,48, 0x20E8,1, 0x210A,49,
    0x18C5,48, 0x2108,1, 0x210A,49, 0x18C5,40, 0x52D5,1, 0x52B5,1, 0x52B4,2, 0x4A93,2,
    0x4A72,2, 0x5318,1, 0x4212,8, 0x318E,7, 0x210A,34, 0x18C5,40, 0x639A,11, 0x6318,1,
    0x639A,17, 0x6318,4, 0x5318,3, 0x4216,2, 0x4212,7, 0x318E,7, 0x210A,5, 0x2109,1,
    0x18C5,40, 0x639A,11, 0x6398,1, 0x639A,41, 0x6318,1, 0x639A,2, 0x6318,2, 0x52D6,1,
    0x52B5,1, 0x52B4,1, 0x4A93,1, 0x4A72,1, 0x4251,1, 0x318B,1, 0x18C5,32, 0x2107,1,
    0x639A,11, 0x6398,1, 0x639A,41, 0x6318,1, 0x639A,10, 0x4251,1, 0x18C5,36, 0x2107,2,
    0x2128,2, 0x2149,1, 0x2949,1, 0x296A,1, 0x318B,1, 0xD40C,5, 0x951A,7, 0x6398,5,
    0x639A,36, 0x4231,1, 0x18C5,43, 0x2906,1, 0xD40C,33, 0x951A,7, 0x6398,4, 0x639A,9,
    0x3A0F,1, 0x18C5,43, 0x3126,1, 0xD40C,44, 0x18C5,5, 0x1907,1, 0x2128,1, 0x2149,1,
    0x296A,1, 0x2108,1, 0x18C5,43, 0x3946,1, 0xD40C,44, 0x18C5,53, 0x4167,1, 0xD40C,44,
    0x18C5,53, 0x4187,1, 0xD40C,16, 0x951A,1, 0x0000,2, 0x210A,1, 0xD40C,24, 0x18C5,53,
    0x49A7,1, 0xD40C,16, 0x0000,3, 0x210A,1, 0xD40C,20, 0x6398,1, 0x0000,3, 0x18C5,53,
    0x51C8,1, 0xD40C,16, 0x0000,3, 0x210A,1, 0xD40C,20, 0x0000,3, 0x210A,1, 0x18C5,45,
    0x59E8,1, 0xD40C,24, 0x0000,3, 0x210A,1, 0xD40C,20, 0x0000,3, 0x210A,1, 0x18C5,45,
    0x6208,1, 0xD40C,24, 0x0000,3, 0x210A,1, 0xD40C,20, 0x0000,3, 0x210A,1, 0x4187,1,
    0x4167,1, 0x3946,1, 0x3146,1, 0x2926,1, 0x2106,1, 0x18C5,39, 0x6A29,1, 0xD40C,24,
    0x0000,3, 0x210A,1, 0xD40C,20, 0x0000,3, 0x318E,1, 0xD40C,7, 0x92EA,1, 0x18C5,37,
    0x7249,1, 0xD40C,23, 0x318E,1, 0x0000,3, 0x210A,1, 0xD40C,20, 0x0000,3, 0xD40C,8,
    0x8ACA,1, 0x18C5,37, 0x7269,1, 0xD40C,24, 0x210A,1, 0x0000,2, 0x318E,1, 0xD40C,19,
    0x318E,1, 0x0000,3, 0xD40C,8, 0x8ACA,1, 0x18C5,37, 0x82A9,1, 0xD40C,48, 0x210A,3,
    0xD40C,8, 0x82A9,1, 0x18C5,37, 0x8ACA,1, 0xD40C,51, 0xAB6B,1, 0xD40C,7, 0x7A89,1,
    0x18C5,37, 0x8ACA,1, 0xD40C,51, 0xAB6B,1, 0xD40C,7, 0x7269,1, 0x18C5,40, 0x2906,1,
    0x2926,1, 0x3146,1, 0x3967,1, 0x4187,1, 0xA32B,1, 0xD40C,43, 0xAB6B,1, 0xD40C,7,
    0x6A28,1, 0x18C5,45, 0x9B0A,1, 0xD40C,43, 0x9B0A,1, 0xB36B,1, 0xD40C,6, 0x6208,1,
    0x18C5,45, 0x9B2B,1, 0xD40C,43, 0x59E8,1, 0x18C5,53, 0xA34B,1, 0xD40C,43, 0x51E8,1,
    0x18C5,53, 0xAB6B,1, 0xD40C,43, 0x51C8,1, 0x18C5,53, 0xB38C,1, 0xD40C,43, 0x4187,1,
    0x18C5,53, 0xD40C,44, 0x3967,1, 0x18C5,53, 0xD40C,44, 0x3947,1, 0x18C5,53, 0x49A7,1,
    0x51E8,1, 0x5A08,1, 0x6228,1, 0x7269,1, 0x930A,1, 0xD40C,2, 0x930A,1, 0x8ACA,1,
    0x92EA,1, 0x9B0A,1, 0x9B2B,1, 0xB36B,1, 0xD40C,30, 0x3126,1, 0x18C5,57, 0xA32B,1,
    0xD40C,3, 0x6A49,1, 0x18C5,3, 0x92EA,1, 0xD40C,3, 0x7A89,1, 0x18C5,7, 0x2926,1,
    0x3126,1, 0x3947,1, 0x4187,1, 0x7249,1, 0xA32B,1, 0xD40C,2, 0x7A89,1, 0x6228,1,
    0x6A49,1, 0x7269,1, 0x7A89,1, 0x92EA,1, 0xB38C,1, 0xD40C,1, 0xA32B,1, 0x9B0A,1,
    0xA32B,1, 0xAB4B,1, 0x2906,1, 0x18C5,57, 0x6A28,1, 0xD40C,3, 0xA34B,1, 0x18C5,3,
    0x6208,1, 0xD40C,4, 0x18C5,11, 0x92EA,1, 0xD40C,3, 0x7A89,1, 0x18C5,3, 0x92EA,1,
    0xD40C,3, 0x7A69,1, 0x18C5,61, 0x3126,1, 0xD40C,4, 0x18C5,4, 0xD40C,4, 0x3946,1,
    0x18C5,10, 0x6208,1, 0xD40C,3, 0xAB6B,1, 0x18C5,3, 0x6A28,1, 0xD40C,4, 0x18C5,62,
    0xD40C,4, 0x51C8,1, 0x18C5,3, 0xA34B,1, 0xD40C,3, 0x7A89,1, 0x18C5,10, 0x3126,1,
    0xD40C,4, 0x18C5,3, 0x2926,1, 0xD40C,4, 0x3946,1, 0x18C5,61, 0x8ACA,1, 0xD40C,3,
    0x82A9,1, 0x1083,3, 0x61E7,1, 0xD40C,4, 0x1083,11, 0xD40C,4, 0x4986,1, 0x1083,3,
    0xD40C,4, 0x7269,1, 0x18C5,61, 0x51C7,1, 0xD40C,1, 0x8289,1, 0x49A6,1, 0x18A4,1,
    0x0863,3, 0x18A3,1, 0xD40C,1, 0x8289,1, 0x3945,1, 0x1083,1, 0x0863,11, 0x8289,1,
    0xD40C,3, 0x8289,1, 0x0863,3, 0x61E7,1, 0xD40C,3, 0xA32B,1, 0x18C5,61, 0x10A4,1,
    0x0863,23, 0x49A6,1, 0xD40C,1, 0x8289,1, 0x49A6,1, 0x18A4,1, 0x0863,3, 0x20C4,1,
    0xD40C,1, 0x82AA,1, 0x4187,1, 0x18C5,62, 0x10A5,1, 0x1083,32, 0x18C5,134, 0x18C5,135,
    0x29AC,1, 0x298B,1, 0x296A,1, 0x294A,1, 0x2149,1, 0x2128,1, 0x2108,1, 0x1907,1,
    0x18C5,90, 0x5318,15, 0x18C5,82, 0x2107,1, 0x5318,15, 0x18C5,82, 0x2108,1, 0x5318,15,
    0x18C5,78, 0x18E7,1, 0x31EE,1, 0x31CE,1, 0x31AD,1, 0x31EE,1, 0x5318,10, 0x639A,4,
    0x5318,1, 0x18C5,78, 0x2949,1, 0x5318,14, 0x639A,1, 0xF79E,4, 0x5318,1, 0x4A94,1,
    0x4293,1, 0x3A30,1, 0x18C5,74, 0x296A,1, 0x5318,14, 0x639A,1, 0xF79E,4, 0x5318,3,
    0x4A94,1, 0x18C5,74, 0x296B,1, 0x5318,14, 0x639A,1, 0xF79E,4, 0x5318,3, 0x4294,1,
    0x18C5,74, 0x298B,1, 0x5318,3, 0x639A,1, 0xF79E,2, 0x639A,2, 0x5318,6, 0x639A,1,
    0xF79E,4, 0x5318,3, 0x4273,1, 0x18C5,74, 0x318C,1, 0x5318,3, 0xF79E,4, 0x639A,1,
    0x4296,3, 0x5318,12, 0x4272,1, 0x4251,1, 0x3A31,1, 0x31AC,1, 0x18C5,70, 0x31AC,1,
    0x5318,3, 0xF79E,4, 0x639A,1, 0x4296,3, 0x5318,15, 0x4252,1, 0x18C5,70, 0x2149,1,
    0x3A10,1, 0x3A30,1, 0x4251,1, 0xF79E,4, 0x639A,1, 0x4296,2, 0x5318,16, 0x3A31,1,
    0x18C5,74, 0x5AED,1, 0x8432,1, 0x8C73,1, 0x94B4,1, 0x52D0,1, 0x4296,2, 0x5318,8,
    0x639A,1, 0x5318,8, 0x3A0F,1, 0x31EF,1, 0x296A,1, 0x18C5,75, 0x298D,1, 0x4296,2,
    0x5318,8, 0xF79E,4, 0x639A,1, 0x5318,6, 0x3A10,1, 0x18C5,75, 0x298E,1, 0x4296,2,
    0x5318,8, 0xF79E,4, 0x639A,1, 0x5318,6, 0x3A0F,1, 0x18C5,71, 0x2149,1, 0x298B,1,
    0x296B,1, 0x296A,1, 0x31F0,1, 0x4296,2, 0x5318,8, 0xF79E,4, 0x639A,1, 0x5318,6,
    0x31EE,1, 0x18C5,71, 0x3A30,1, 0x5318,15, 0x6318,1, 0x639A,3, 0x5318,6, 0x4272,1,
    0x31CD,1, 0x31AC,1, 0x298C,1, 0x2108,1, 0x18C5,67, 0x4251,1, 0x5318,29, 0x31AD,1,
    0x18C5,67, 0x4252,1, 0x5318,29, 0x31AC,1, 0x18C5,67, 0x4273,1, 0x5318,29, 0x298C,1,
    0x18C5,67, 0x4293,1, 0x5318,18, 0xF79E,4, 0x639A,1, 0x5318,6, 0x39EF,1, 0x296A,1,
    0x294A,1, 0x2149,1, 0x18C5,64, 0x4A94,1, 0x5318,18, 0xF79E,4, 0x639A,1, 0x5318,10,
    0x296A,1, 0x18C5,63, 0x5318,19, 0xF79E,4, 0x639A,1, 0x5318,10, 0x294A,1, 0x18C5,59,
    0x31CD,1, 0x31EE,1, 0x31CD,1, 0x31AD,1, 0x5318,3, 0x6318,1, 0x639A,4, 0x5318,10,
    0x639A,1, 0xF79E,4, 0x5318,11, 0x2149,1, 0x18C5,59, 0x5318,7, 0x639A,1, 0xF79E,4,
    0x5318,10, 0x6318,1, 0x639A,4, 0x5318,11, 0x298B,1, 0x2108,1, 0x1907,1, 0x18C5,57,
    0x5318,7, 0x639A,1, 0xF79E,4, 0x5318,30, 0x2108,1, 0x18C5,55, 0x5318,7, 0x639A,1,
    0xF79E,4, 0x5318,30, 0x2107,1, 0x18C5,55, 0x5318,7, 0x639A,1, 0xF79E,4, 0x5318,30,
    0x18C5,56, 0x5318,30, 0x639A,1, 0xF79E,2, 0x639A,1, 0x5318,8, 0x18C5,56, 0x5318,30,
    0x639A,1, 0xF79E,3, 0x5318,8, 0x18C5,52, 0x18C6,3, 0x18E7,1, 0x31EE,1, 0x3A0F,1,
    0x3A30,1, 0x4251,1, 0x4252,1, 0x4273,1, 0x4293,1, 0x4A94,1, 0x5318,22, 0x639A,1,
    0xF79E,3, 0x5318,8, 0x18C5,52, 0x210A,13, 0x2109,5, 0x2108,1, 0x20E8,1, 0x2109,2,
    0x2129,2, 0x292A,1, 0x294A,1, 0x294B,1, 0x296B,1, 0x298C,2, 0x31AD,1, 0x31AE,1,
    0x31CE,1, 0x39EF,1, 0x73D4,1, 0xF79E,3, 0x4273,1, 0x4294,1, 0x4A94,1, 0x5318,5,
    0x18C5,52, 0x210A,42, 0x2109,4, 0x2108,2, 0x20E8,1, 0x18C6,1, 0x18C5,48, 0x210A,49,
    0x20E8,1, 0x18C5,48, 0x210A,49, 0x20E7,1, 0x18C5,48, 0x210A,49, 0x20E7,1, 0x18C5,39,
    0x31AD,1, 0x52D5,1, 0x52B4,2, 0x4A93,2, 0x4A73,1, 0x4A72,1, 0x4272,1, 0x4296,1,
    0x4212,8, 0x318E,7, 0x210A,33, 0x18E7,1, 0x18C5,39, 0x4230,1, 0x639A,28, 0x6318,5,
    0x5318,1, 0x4296,3, 0x4212,8, 0x318E,6, 0x210A,6, 0x18E7,1, 0x18C5,39, 0x4231,1,
    0x639A,52, 0x6318,1, 0x639A,3, 0x6318,1, 0x639A,1, 0x52D5,1, 0x52B4,1, 0x4A93,1,
    0x4A72,1, 0x4A51,1, 0x4231,1, 0x18C5,33, 0x4251,1, 0x639A,52, 0x6318,1, 0x639A,11,
    0x2107,1, 0x18C5,35, 0x1907,1, 0x2107,1, 0x2128,2, 0x2129,1, 0x2949,1, 0x294A,1,
    0x296A,1, 0x7ACD,1, 0xD40C,6, 0x6398,11, 0x639A,24, 0x6398,1, 0x639A,11, 0x18C5,44,
    0x8AAA,1, 0xD40C,34, 0x6398,9, 0x639A,10, 0x18C5,44, 0x8ACA,1, 0xD40C,43, 0x7249,1,
    0x18C5,5, 0x2107,1, 0x2128,1, 0x2949,1, 0x296A,1, 0x18C5,44, 0x92EA,1, 0xD40C,43,
    0x6A29,1, 0x18C5,53, 0x9B0B,1, 0xD40C,43, 0x59E8,1, 0x18C5,53, 0xA32B,1, 0xD40C,15,
    0xF79E,1, 0x210A,1, 0x0000,2, 0xD40C,24, 0x51C7,1, 0x18C5,53, 0xAB4B,1, 0xD40C,15,
    0x210A,1, 0x0000,3, 0xD40C,21, 0x210A,1, 0x0000,2, 0x3945,1, 0x18C5,53, 0xB36B,1,
    0xD40C,15, 0x210A,1, 0x0000,3, 0xD40C,20, 0x210A,1, 0x0000,3, 0x3925,1, 0x18C5,45,
    0xD40C,7, 0xB38B,1, 0xD40C,16, 0x0000,4, 0xD40C,20, 0x210A,1, 0x0000,3, 0x3125,1,
    0x18C5,45, 0xD40C,24, 0x0000,4, 0xD40C,20, 0x0000,4, 0x51C7,1, 0x4187,1, 0x3967,1,
    0x3146,1, 0x3126,1, 0x2906,1, 0x18C5,40, 0xD40C,24, 0x0000,4, 0xD40C,20, 0x0000,4,
    0xD40C,8, 0x3946,1, 0x18C5,37, 0xD40C,24, 0x0000,4, 0xD40C,20, 0x0000,4, 0xD40C,8,
    0x3126,1, 0x18C5,37, 0xD40C,24, 0x210A,1, 0x0000,3, 0xD40C,20, 0x0000,4, 0xD40C,8,
    0x2926,1, 0x18C5,37, 0xD40C,48, 0x210A,4, 0xD40C,8, 0x18C5,38, 0xD40C,60, 0x18C5,38,
    0xD40C,60, 0x18C5,41, 0x2906,1, 0x3126,1, 0x3946,1, 0x4167,1, 0x51C8,1, 0xD40C,52,
    0x18C5,45, 0x3126,1, 0xD40C,44, 0xAB6B,1, 0xD40C,7, 0x18C5,45, 0x3946,1, 0xD40C,44,
    0x18C5,53, 0x3967,1, 0xD40C,44, 0x18C5,53, 0x4187,1, 0xD40C,43, 0xB38C,1, 0x18C5,53,
    0x49A7,1, 0xD40C,43, 0xAB6B,1, 0x18C5,53, 0x51C8,1, 0xD40C,43, 0xA34B,1, 0x18C5,53,
    0x59E8,1, 0xD40C,43, 0xA32B,1, 0x18C5,53, 0x2926,1, 0x51C8,1, 0x59E8,1, 0x6208,1,
    0x6228,1, 0x7269,1, 0xA32B,1, 0xD40C,2, 0x8ACA,1, 0x8AEA,1, 0x930A,1, 0x9B0B,1,
    0xAB4B,1, 0xD40C,30, 0x9B0A,1, 0x18C5,58, 0xD40C,4, 0x4187,1, 0x18C5,2, 0x49A7,1,
    0xD40C,3, 0xB36B,1, 0x18C5,7, 0x2906,1, 0x2926,1, 0x3146,1, 0x3967,1, 0x4187,1,
    0x7269,1, 0xB38B,1, 0xD40C,2, 0x6228,1, 0x6A29,1, 0x7249,1, 0x7A69,1, 0x8ACA,1,
    0xA32B,1, 0xD40C,2, 0x9B0A,1, 0x9B2B,1, 0xA34B,1, 0x7269,1, 0x18C5,58, 0xA32B,1,
    0xD40C,3, 0x92EA,1, 0x18C5,2, 0x2926,1, 0xD40C,4, 0x18C5,11, 0x2906,1, 0xD40C,4,
    0x51C8,1, 0x18C5,2, 0x51C8,1, 0xD40C,4, 0x18C5,62, 0x51C8,1, 0xD40C,4, 0x2906,1,
    0x18C5,2, 0xD40C,4, 0x3946,1, 0x18C5,11, 0x8ACA,1, 0xD40C,3, 0xA34B,1, 0x18C5,2,
    0x2926,1, 0xD40C,4, 0x18C5,63, 0xD40C,4, 0x6A49,1, 0x18C5,2, 0xA34B,1, 0xD40C,3,
    0x59E8,1, 0x18C5,11, 0x3967,1, 0xD40C,4, 0x3126,1, 0x18C5,2, 0xD40C,4, 0x3946,1,
    0x18C5,62, 0x7248,1, 0xD40C,2, 0x7248,1, 0x20C4,1, 0x1083,2, 0x7A89,1, 0xD40C,3,
    0x7A89,1, 0x1083,12, 0xD40C,4, 0x6A27,1, 0x1083,2, 0xD40C,4, 0x59E8,1, 0x18C5,62,
    0x20C4,1, 0x4986,1, 0x1083,1, 0x0863,4, 0x51C6,1, 0xD40C,4, 0x0863,12, 0x59E7,1,
    0xD40C,1, 0x8AC9,1, 0x3125,1, 0x0863,3, 0x8289,1, 0xD40C,3, 0x82A9,1, 0x18C5,62,
    0x1083,1, 0x0863,6, 0x2905,1, 0x92C9,1, 0x6A27,1, 0x4165,1, 0x18A4,1, 0x0863,12,
    0x1083,1, 0x18A4,1, 0x0863,5, 0x6207,1, 0xD40C,3, 0xA32B,1, 0x18C5,62, 0x1084,1,
    0x1083,30, 0x3945,1, 0x92CA,1, 0x6A49,1, 0x4987,1, 0x18C5,126, 0x18C5,140, 0x216A,1,
    0x298C,1, 0x296B,1, 0x296A,1, 0x2149,1, 0x2129,1, 0x2128,1, 0x2107,1, 0x1907,1,
    0x18C5,89, 0x4272,1, 0x5318,14, 0x296B,1, 0x18C5,82, 0x4273,1, 0x5318,14, 0x298B,1,
    0x18C5,82, 0x4A94,1, 0x5318,14, 0x296A,1, 0x18C5,78, 0x31AC,1, 0x31CE,1, 0x31CD,1,
    0x31AC,1, 0x5318,11, 0x639A,4, 0x294A,1, 0x18C5,78, 0x5318,14, 0x6318,1, 0xF79E,4,
    0x5318,1, 0x4AB4,1, 0x4A94,1, 0x4273,1, 0x2108,1, 0x18C5,74, 0x6318,1, 0x5318,13,
    0x639A,1, 0xF79E,4, 0x5318,4, 0x2128,1, 0x18C5,74, 0x5318,14, 0x639A,1, 0xF79E,4,
    0x5318,4, 0x2108,1, 0x18C5,74, 0x5318,3, 0x639A,1, 0xE71E,3, 0x639A,1, 0x5318,6,
    0x639A,1, 0xE71E,1, 0xF79E,2, 0xE71E,1, 0x5318,4, 0x1907,1, 0x18C5,74, 0x5318,3,
    0x639A,1, 0xF79E,3, 0xE71E,1, 0x4216,3, 0x5318,12, 0x4273,1, 0x4252,1, 0x3A31,1,
    0x3A30,1, 0x18C5,71, 0x5318,3, 0x639A,1, 0xF79E,3, 0xE71E,1, 0x4216,3, 0x5318,16,
    0x18C5,71, 0x3A0F,1, 0x3A30,1, 0x3A31,1, 0x6B94,1, 0xF79E,3, 0xE71E,1, 0x4216,3,
    0x5318,16, 0x18C5,74, 0x3188,1, 0x8431,1, 0x8C72,1, 0x94B3,1, 0x7BF1,1, 0x4216,3,
    0x5318,7, 0x6318,2, 0x5318,7, 0x3A0F,1, 0x39EF,1, 0x31CE,1, 0x18C5,75, 0x18E7,1,
    0x4216,3, 0x5318,7, 0x639A,1, 0xF79E,3, 0xE71E,1, 0x5318,7, 0x18C5,75, 0x1907,1,
    0x4216,3, 0x5318,7, 0x639A,1, 0xF79E,3, 0xE71E,1, 0x5318,7, 0x18C5,72, 0x298C,1,
    0x298B,1, 0x296A,1, 0x298C,1, 0x4216,2, 0x5318,8, 0x639A,1, 0xF79E,3, 0xE71E,1,
    0x5318,7, 0x18C5,71, 0x2149,1, 0x5318,16, 0x639A,3, 0x5318,7, 0x31CD,1, 0x31AD,1,
    0x29AC,1, 0x296A,1, 0x18C5,67, 0x294A,1, 0x5318,29, 0x4AB4,1, 0x18C5,67, 0x296A,1,
    0x5318,29, 0x4A94,1, 0x18C5,67, 0x298B,1, 0x5318,29, 0x4273,1, 0x18C5,67, 0x298C,1,
    0x5318,18, 0xE71E,1, 0xF79E,1, 0xE71E,2, 0x639A,1, 0x5318,6, 0x4AB4,1, 0x296B,1,
    0x296A,1, 0x2149,1, 0x2108,1, 0x18C5,63, 0x31AC,1, 0x5318,18, 0xE71E,1, 0xF79E,3,
    0xE71E,1, 0x5318,10, 0x4252,1, 0x18C5,63, 0x31CD,1, 0x5318,18, 0xE71E,1, 0xF79E,3,
    0x639A,1, 0x5318,10, 0x3A31,1, 0x18C5,59, 0x2949,1, 0x31EE,1, 0x31CE,1, 0x31AD,1,
    0x4252,1, 0x5318,3, 0x639A,5, 0x5318,10, 0xE71E,1, 0xF79E,3, 0x639A,1, 0x5318,10,
    0x3A30,1, 0x18C5,59, 0x31EE,1, 0x5318,7, 0xE71E,1, 0xF79E,3, 0x639A,1, 0x5318,10,
    0x639A,5, 0x5318,10, 0x4251,1, 0x2128,1, 0x2107,1, 0x18E7,1, 0x18C5,56, 0x3A10,1,
    0x5318,7, 0xE71E,1, 0xF79E,3, 0x639A,1, 0x5318,29, 0x3A0F,1, 0x18C5,55, 0x3A30,1,
    0x5318,7, 0xE71E,1, 0xF79E,3, 0x639A,1, 0x5318,29, 0x31EE,1, 0x18C5,55, 0x3A31,1,
    0x5318,7, 0xE71E,4, 0x639A,1, 0x5318,29, 0x31CE,1, 0x18C5,55, 0x4251,1, 0x5318,30,
    0xE71E,3, 0x639A,1, 0x5318,7, 0x31CD,1, 0x18C5,55, 0x4272,1, 0x5318,30, 0xE71E,1,
    0xF79E,2, 0x639A,1, 0x5318,7, 0x318C,1, 0x18C5,51, 0x18C6,1, 0x18E6,1, 0x18C6,2,
    0x298C,1, 0x39EF,1, 0x3A10,1, 0x3A31,1, 0x4252,1, 0x4272,1, 0x4273,1, 0x4A94,1,
    0x4AB4,1, 0x5318,22, 0xF79E,3, 0x639A,1, 0x5318,7, 0x298B,1, 0x18C5,51, 0x20E8,1,
    0x210A,13, 0x2109,4, 0x2108,3, 0x2109,2, 0x2129,1, 0x212A,1, 0x294A,2, 0x294B,1,
    0x296B,1, 0x298C,1, 0x318C,1, 0x31AD,1, 0x31CE,1, 0x31EF,1, 0x3A10,1, 0xF79E,3,
    0x52F4,1, 0x4293,1, 0x4A94,1, 0x5318,5, 0x298B,1, 0x18C5,51, 0x20E8,1, 0x210A,41,
    0x2109,4, 0x2108,1, 0x20E8,3, 0x18C5,48, 0x2108,1, 0x210A,49, 0x18C5,48, 0x2108,1,
    0x210A,48, 0x2109,1, 0x18C5,48, 0x2109,1, 0x210A,48, 0x2109,1, 0x18C5,40, 0x52D5,1,
    0x52B5,1, 0x52B4,1, 0x4A93,2, 0x4A73,1, 0x4A72,2, 0x5318,1, 0x4212,8, 0x318E,7,
    0x210A,33, 0x2109,1, 0x18C5,39, 0x2107,1, 0x639A,11, 0x6318,1, 0x639A,17, 0x6318,4,
    0x5318,3, 0x4216,1, 0x4212,8, 0x318E,7, 0x210A,5, 0x2109,1, 0x18C5,39, 0x2129,1,
    0x639A,11, 0x6398,1, 0x639A,44, 0x6318,2, 0x52F6,1, 0x52D5,1, 0x52B4,1, 0x4A93,1,
    0x4A72,1, 0x4251,1, 0x296B,1, 0x18C5,32, 0x2949,1, 0x639A,11, 0x6398,1, 0x639A,52,
    0x3A0F,1, 0x18C5,36, 0x2107,1, 0x2108,1, 0x2128,2, 0x2149,1, 0x2949,1, 0x296A,1,
    0x41CB,1, 0xD40C,7, 0x6398,10, 0x639A,36, 0x39EE,1, 0x18C5,43, 0x3967,1, 0xD40C,35,
    0x6398,9, 0x639A,9, 0x31CD,1, 0x18C5,43, 0x4187,1, 0xD40C,44, 0x18C5,5, 0x2107,1,
    0x2128,1, 0x2149,1, 0x296A,1, 0x2107,1, 0x18C5,43, 0x49A7,1, 0xD40C,43, 0xB38C,1,
    0x18C5,53, 0x51C8,1, 0xD40C,43, 0xAB6B,1, 0x18C5,53, 0x51E8,1, 0xD40C,16, 0x6398,1,
    0x0000,2, 0x210A,1, 0xD40C,23, 0x8AA9,1, 0x18C5,53, 0x5A08,1, 0xD40C,16, 0x0000,3,
    0x210A,1, 0xD40C,20, 0x6398,1, 0x0000,2, 0x210A,1, 0x18C5,53, 0x6228,1, 0xD40C,16,
    0x0000,3, 0x210A,1, 0xD40C,20, 0x0000,3, 0x210A,1, 0x18C5,45, 0x7249,1, 0xD40C,24,
    0x0000,3, 0x210A,1, 0xD40C,20, 0x0000,3, 0x210A,1, 0x18C5,45, 0x7269,1, 0xD40C,23,
    0x318E,1, 0x0000,3, 0x210A,1, 0xD40C,19, 0x318E,1, 0x0000,3, 0x210A,1, 0x4187,1,
    0x4167,1, 0x3946,1, 0x3146,1, 0x2926,1, 0x2106,1, 0x18C5,39, 0x7A89,1, 0xD40C,23,
    0x318E,1, 0x0000,3, 0x318E,1, 0xD40C,19, 0x318E,1, 0x0000,3, 0xD40C,8, 0x82A9,1,
    0x18C5,37, 0x82A9,1, 0xD40C,23, 0x210A,1, 0x0000,3, 0x318E,1, 0xD40C,19, 0x318E,1,
    0x0000,3, 0xD40C,8, 0x7A89,1, 0x18C5,37, 0x8ACA,1, 0xD40C,23, 0x318E,1, 0x210A,1,
    0x0000,2, 0xD40C,20, 0x210A,1, 0x0000,3, 0xD40C,8, 0x7269,1, 0x18C5,37, 0x8ACA,1,
    0xD40C,48, 0x210A,3, 0xD40C,8, 0x6A49,1, 0x18C5,37, 0x9B0A,1, 0xD40C,51, 0xAB4B,1,
    0xD40C,7, 0x6A28,1, 0x18C5,37, 0x9B0B,1, 0xD40C,51, 0xB36B,1, 0xD40C,7, 0x6208,1,
    0x18C5,40, 0x2906,1, 0x2926,1, 0x3146,1, 0x3967,1, 0x4187,1, 0xB36B,1, 0xD40C,51,
    0x59E8,1, 0x18C5,45, 0xAB4B,1, 0xD40C,43, 0x9B0B,1, 0xD40C,7, 0x51C8,1, 0x18C5,45,
    0xB36B,1, 0xD40C,43, 0x49A7,1, 0x18C5,53, 0xD40C,44, 0x4187,1, 0x18C5,53, 0xD40C,44,
    0x3967,1, 0x18C5,53, 0xD40C,44, 0x3947,1, 0x18C5,53, 0xD40C,44, 0x2926,1, 0x18C5,53,
    0xD40C,44, 0x18C5,54, 0x51C8,1, 0x59E8,1, 0x5A08,1, 0x6228,1, 0x7A69,1, 0x9B0A,1,
    0xD40C,2, 0x8ACA,2, 0x92EA,1, 0x9B0A,1, 0xAB6B,1, 0xD40C,31, 0x18C5,58, 0xD40C,4,
    0x51E8,1, 0x18C5,3, 0xD40C,4, 0x18C5,8, 0x2926,1, 0x3126,1, 0x3947,1, 0x4187,1,
    0x7A89,1, 0xA34B,1, 0xD40C,2, 0x6A49,1, 0x6228,1, 0x6A49,1, 0x7269,1, 0xAB6B,2,
    0xB38C,1, 0xD40C,1, 0x92EA,1, 0x9B0B,1, 0xA32B,1, 0xAB4B,1, 0x18C5,58, 0x8ACA,1,
    0xD40C,3, 0x8ACA,1, 0x18C5,3, 0xD40C,4, 0x18C5,12, 0xAB6B,1, 0xD40C,3, 0x6208,1,
    0x18C5,3, 0xD40C,4, 0x18C5,62, 0x51E8,1, 0xD40C,4, 0x18C5,3, 0xD40C,4, 0x2926,1,
    0x18C5,11, 0x7A89,1, 0xD40C,3, 0x92EA,1, 0x18C5,3, 0xD40C,4, 0x18C5,62, 0x2106,1,
    0xD40C,4, 0x2106,1, 0x18C5,2, 0xD40C,4, 0x3126,1, 0x18C5,11, 0x49A7,1, 0xD40C,4,
    0x18C5,3, 0xD40C,4, 0x18C5,63, 0xD40C,4, 0x51A6,1, 0x1083,2, 0xD40C,4, 0x2905,1,
    0x1083,11, 0x10A4,1, 0xD40C,4, 0x2905,1, 0x1083,2, 0xD40C,4, 0x2926,1, 0x18C5,62,
    0x82A9,1, 0xD40C,2, 0x7A68,1, 0x2904,1, 0x0863,2, 0xD40C,4, 0x3105,1, 0x0863,12,
    0xD40C,4, 0x59E7,1, 0x0863,2, 0xD40C,4, 0x3126,1, 0x18C5,62, 0x20E5,1, 0x18A3,1,
    0x0863,5, 0xD40C,4, 0x3125,1, 0x0863,12, 0x7248,1, 0xD40C,1, 0x7A68,1, 0x4166,1,
    0x1083,1, 0x0863,2, 0xD40C,4, 0x3946,1, 0x18C5,62, 0x10A4,1, 0x1083,6, 0x61E7,1,
    0x6A08,1, 0x59E7,1, 0x49A6,1, 0x18A4,1, 0x1083,19, 0xD40C,4, 0x3967,1, 0x18C5,93,
    0x4187,1, 0x49A7,3, 0x18C5,23, 0x18C5,143, 0x2107,1, 0x298C,1, 0x298B,1, 0x296A,1,
    0x294A,1, 0x2149,1, 0x2128,1, 0x2108,1, 0x18E7,1, 0x18C5,89, 0x298B,1, 0x5318,11,
    0x6318,2, 0x5318,1, 0x3A30,1, 0x18C5,82, 0x298C,1, 0x5318,14, 0x4272,1, 0x18C5,82,
    0x31AD,1, 0x5318,14, 0x4251,1, 0x18C5,78, 0x2149,1, 0x31EE,1, 0x31CD,1, 0x31AD,1,
    0x4251,1, 0x5318,10, 0x639A,4, 0x3A31,1, 0x18C5,78, 0x31EE,1, 0x5318,14, 0xC61C,1,
    0xF79E,3, 0xC61C,1, 0x5318,1, 0x4A94,1, 0x4293,1, 0x31AD,1, 0x18C5,74, 0x3A0F,1,
    0x5318,14, 0xC61C,1, 0xF79E,3, 0x639A,1, 0x5318,3, 0x3A0F,1, 0x18C5,74, 0x3A10,1,
    0x5318,14, 0xC61C,1, 0xF79E,3, 0x639A,1, 0x5318,3, 0x39EF,1, 0x18C5,74, 0x3A30,1,
    0x5318,3, 0xC61C,4, 0x639A,1, 0x5318,6, 0xC61C,1, 0xF79E,3, 0x639A,1, 0x5318,3,
    0x31EE,1, 0x18C5,74, 0x3A31,1, 0x5318,3, 0xF79E,4, 0x639A,1, 0x4216,2, 0x5318,13,
    0x4252,1, 0x4251,1, 0x3A30,1, 0x214A,1, 0x18C5,70, 0x4251,1, 0x5318,3, 0xF79E,4,
    0x6398,1, 0x4216,2, 0x5318,16, 0x31AD,1, 0x18C5,70, 0x29AC,1, 0x3A10,1, 0x3A30,1,
    0x3A31,1, 0xF79E,4, 0x6398,1, 0x4216,2, 0x5318,16, 0x298C,1, 0x18C5,74, 0x7BD0,1,
    0x8C52,1, 0x9493,1, 0x9CD4,1, 0x4251,1, 0x4216,2, 0x5318,8, 0x639A,1, 0x5318,7,
    0x4273,1, 0x39EF,1, 0x31EE,1, 0x2128,1, 0x18C5,75, 0x31F1,1, 0x4216,2, 0x5318,8,
    0xF79E,4, 0x639A,1, 0x5318,6, 0x296B,1, 0x18C5,75, 0x3212,1, 0x4216,2, 0x5318,8,
    0xF79E,4, 0x639A,1, 0x5318,6, 0x296A,1, 0x18C5,71, 0x296B,1, 0x298B,1, 0x296B,1,
    0x294A,1, 0x5318,1, 0x4216,2, 0x5318,8, 0xF79E,4, 0x6318,1, 0x5318,6, 0x2149,1,
    0x18C5,71, 0x6318,1, 0x5318,15, 0x639A,3, 0x5318,7, 0x3A10,1, 0x31CD,1, 0x31AC,1,
    0x298C,1, 0x18C5,68, 0x5318,30, 0x2128,1, 0x18C5,67, 0x5318,30, 0x2107,1, 0x18C5,67,
    0x5318,30, 0x18E7,1, 0x18C5,67, 0x5318,18, 0x639A,1, 0xF79E,3, 0xC61C,1, 0x5318,7,
    0x298C,1, 0x296A,1, 0x294A,1, 0x2149,1, 0x18C5,64, 0x5318,18, 0x639A,1, 0xF79E,4,
    0x5318,11, 0x18C5,64, 0x5318,18, 0x639A,1, 0xF79E,4, 0x5318,11, 0x18C5,60, 0x31EF,1,
    0x31CE,1, 0x31CD,2, 0x5318,3, 0x639A,1, 0xC61C,2, 0x639A,2, 0x5318,10, 0x639A,1,
    0xF79E,3, 0xC61C,1, 0x5318,10, 0x6318,1, 0x18C5,59, 0x2108,1, 0x5318,7, 0x639A,1,
    0xF79E,3, 0xC61C,1, 0x5318,10, 0x639A,5, 0x5318,11, 0x2128,1, 0x2108,1, 0x18E7,1,
    0x18C5,56, 0x2128,1, 0x5318,7, 0xC61C,1, 0xF79E,3, 0xC61C,1, 0x5318,30, 0x18C5,55,
    0x2949,1, 0x5318,7, 0xC61C,1, 0xF79E,3, 0xC61C,1, 0x5318,29, 0x6318,1, 0x18C5,55,
    0x296A,1, 0x5318,7, 0x639A,1, 0xC61C,4, 0x5318,29, 0x4AB4,1, 0x18C5,55, 0x296B,1,
    0x5318,30, 0x639A,1, 0xC61C,2, 0x639A,1, 0x5318,7, 0x4A94,1, 0x18C5,55, 0x298B,1,
    0x5318,30, 0xC61C,1, 0xF79E,2, 0xC61C,1, 0x5318,7, 0x4293,1, 0x18C5,52, 0x18E6,1,
    0x18C6,2, 0x2129,1, 0x39EF,1, 0x3A10,1, 0x3A31,1, 0x4251,1, 0x4252,1, 0x4273,1,
    0x4A93,1, 0x4A94,1, 0x5318,22, 0xC61C,1, 0xF79E,2, 0xC61C,1, 0x5318,7, 0x4273,1,
    0x18C5,51, 0x18C6,1, 0x210A,13, 0x2109,4, 0x2108,1, 0x20E8,1, 0x2108,1, 0x2109,2,
    0x2129,1, 0x2929,1, 0x294A,2, 0x294B,1, 0x296B,1, 0x298C,1, 0x318C,1, 0x31AD,1,
    0x31AE,1, 0x31EE,1, 0x3A0F,1, 0xC61C,1, 0xF79E,2, 0xC61C,1, 0x4273,1, 0x4A94,1,
    0x4AB4,1, 0x5318,4, 0x4251,1, 0x18C5,51, 0x18C6,1, 0x210A,41, 0x2909,1, 0x2109,4,
    0x2108,1, 0x20E8,2, 0x18C6,1, 0x18C5,47, 0x18E7,1, 0x210A,49, 0x18E6,1, 0x18C5,47,
    0x18E7,1, 0x210A,49, 0x18C6,1, 0x18C5,47, 0x18E7,1, 0x210A,49, 0x18C6,1, 0x18C5,39,
    0x4230,1, 0x52B5,1, 0x52B4,2, 0x4A93,2, 0x4A72,3, 0x4212,9, 0x318E,6, 0x210A,34,
    0x18C6,1, 0x18C5,39, 0x52D5,1, 0x639A,10, 0x6318,1, 0x639A,17, 0x6318,4, 0x5318,3,
    0x4216,2, 0x4212,7, 0x318E,7, 0x210A,6, 0x18C5,40, 0x5AF6,1, 0x639A,10, 0x6398,1,
    0x639A,41, 0x6318,1, 0x639A,2, 0x6318,2, 0x5AF6,1, 0x52D5,1, 0x52B4,1, 0x4A93,1,
    0x4A72,1, 0x4251,1, 0x3A0F,1, 0x18C5,33, 0x639A,11, 0x6398,1, 0x639A,41, 0x6318,1,
    0x639A,11, 0x18C5,36, 0x2107,2, 0x2108,1, 0x2128,1, 0x2129,1, 0x2949,1, 0x294A,1,
    0x296A,1, 0xD40C,7, 0x6398,10, 0x639A,25, 0x6398,1, 0x639A,10, 0x5AF6,1, 0x18C5,44,
    0xD40C,35, 0x6398,9, 0x639A,9, 0x52D5,1, 0x18C5,44, 0xD40C,44, 0x3947,1, 0x18C5,4,
    0x18E7,1, 0x2108,1, 0x2129,1, 0x2949,2, 0x18C5,44, 0xD40C,44, 0x3126,1, 0x18C5,53,
    0xD40C,44, 0x2926,1, 0x18C5,53, 0xD40C,16, 0xC61C,1, 0x0000,3, 0xD40C,20, 0xC61C,1,
    0xD40C,3, 0x2106,1, 0x18C5,53, 0xD40C,16, 0x0000,4, 0xD40C,20, 0xC61C,1, 0x0000,3,
    0x18C5,54, 0xD40C,16, 0x0000,4, 0xD40C,20, 0x0000,4, 0x18C5,46, 0xD40C,7, 0xB36B,1,
    0xD40C,16, 0x0000,4, 0xD40C,20, 0x0000,4, 0x18C5,45, 0x2926,1, 0xD40C,24, 0x0000,4,
    0xD40C,20, 0x0000,4, 0x4187,2, 0x3967,1, 0x3146,1, 0x3126,1, 0x2906,1, 0x18C5,39,
    0x3126,1, 0xD40C,24, 0x0000,4, 0xD40C,20, 0x0000,4, 0xD40C,8, 0x18C5,37, 0x3947,1,
    0xD40C,24, 0x0000,4, 0xD40C,20, 0x0000,3, 0x210A,1, 0xD40C,8, 0x18C5,37, 0x4187,1,
    0xD40C,24, 0x210A,1, 0x0000,2, 0x210A,1, 0xD40C,20, 0x0000,3, 0x210A,1, 0xD40C,8,
    0x18C5,37, 0x49A7,1, 0xD40C,48, 0x210A,3, 0x318E,1, 0xD40C,7, 0xB36B,1, 0x18C5,37,
    0x51C8,1, 0xD40C,59, 0xAB6B,1, 0x18C5,37, 0x51C8,1, 0xD40C,59, 0xA34B,1, 0x18C5,41,
    0x2926,1, 0x3146,1, 0x3967,1, 0x4167,1, 0x7A89,1, 0xD40C,51, 0xA32B,1, 0x18C5,45,
    0x6208,1, 0xD40C,43, 0xAB6B,1, 0xB36B,1, 0xD40C,6, 0x9B0A,1, 0x18C5,45, 0x6A28,1,
    0xD40C,43, 0x8ACA,1, 0x18C5,53, 0x7249,1, 0xD40C,43, 0x8ACA,1, 0x18C5,53, 0x7269,1,
    0xD40C,43, 0x82A9,1, 0x18C5,53, 0x7A89,1, 0xD40C,43, 0x7A89,1, 0x18C5,53, 0x82AA,1,
    0xD40C,43, 0x7269,1, 0x18C5,53, 0x8ACA,1, 0xD40C,43, 0x7249,1, 0x18C5,53, 0x3967,1,
    0x51C8,1, 0x5A08,1, 0x6208,1, 0x7A89,1, 0x9B0B,1, 0xAB6B,1, 0xD40C,1, 0xA32B,1,
    0x8ACA,1, 0x92EA,1, 0x9B0A,1, 0xAB4B,1, 0xD40C,31, 0x6A29,1, 0x18C5,57, 0x82A9,1,
    0xD40C,3, 0x7A89,1, 0x18C5,3, 0x8ACA,1, 0xD40C,3, 0x6A28,1, 0x18C5,7, 0x2906,1,
    0x3126,1, 0x3146,1, 0x3967,1, 0x7269,1, 0xAB4B,1, 0xD40C,2, 0x92EA,1, 0x6228,1,
    0x6A49,1, 0x7269,1, 0x8ACA,1, 0x9B2B,1, 0xAB4B,1, 0xB36B,1, 0xA32B,1, 0x9B0A,1,
    0x9B2B,1, 0xA34B,1, 0x51C8,1, 0x18C5,57, 0x6A49,1, 0xD40C,3, 0x8ACA,1, 0x18C5,3,
    0x82A9,1, 0xD40C,3, 0x7269,1, 0x18C5,11, 0x82A9,1, 0xD40C,3, 0x7A89,1, 0x18C5,3,
    0x8ACA,1, 0xD40C,3, 0x6A28,1, 0x18C5,61, 0x59E8,1, 0xD40C,3, 0xA32B,1, 0x18C5,3,
    0x7269,1, 0xD40C,3, 0x82A9,1, 0x18C5,11, 0x6A49,1, 0xD40C,3, 0x8ACA,1, 0x18C5,3,
    0x82A9,1, 0xD40C,3, 0x7269,1, 0x18C5,61, 0x49A7,1, 0xD40C,3, 0xB36B,1, 0x18C5,3,
    0x6A28,1, 0xD40C,3, 0x8ACA,1, 0x18C5,11, 0x59E8,1, 0xD40C,3, 0xA32B,1, 0x18C5,3,
    0x7269,1, 0xD40C,3, 0x82A9,1, 0x18C5,61, 0x3946,1, 0xD40C,4, 0x1083,3, 0x59C7,1,
    0xD40C,3, 0x92C9,1, 0x1083,11, 0x4166,1, 0xD40C,4, 0x1083,3, 0x6A28,1, 0xD40C,3,
    0x8ACA,1, 0x18C5,62, 0xD40C,4, 0x0863,3, 0x51A6,1, 0xD40C,4, 0x0863,11, 0x3105,1,
    0xD40C,4, 0x0863,3, 0x6207,1, 0xD40C,3, 0x92EA,1, 0x18C5,62, 0xD40C,3, 0x82A9,1,
    0x1083,1, 0x0863,2, 0x4986,1, 0xD40C,4, 0x0863,11, 0x18A4,1, 0xD40C,4, 0x0863,3,
    0x51C6,1, 0xD40C,3, 0x9B0A,1, 0x18C5,63, 0x1083,6, 0x18C4,1, 0x4166,3, 0x3945,1,
    0x1083,12, 0x9B0A,1, 0x82A9,1, 0x6A28,1, 0x51C7,1, 0x1084,1, 0x1083,2, 0x4986,1,
    0xD40C,3, 0xA34B,1, 0x18C5,94, 0x4187,1, 0x3146,1, 0x2906,1, 0x18C5,20, 0x18C5,144,
    0x2128,1, 0x298C,1, 0x298B,1, 0x296A,1, 0x2949,1, 0x2149,1, 0x2128,1, 0x2107,1,
    0x18E7,1, 0x18C5,89, 0x31CD,1, 0x5318,14, 0x39EF,1, 0x18C5,82, 0x31CE,1, 0x5318,14,
    0x3A10,1, 0x18C5,82, 0x39EF,1, 0x5318,14, 0x3A0F,1, 0x18C5,78, 0x296A,1, 0x31EE,1,
    0x31CD,1, 0x31AD,1, 0x4273,1, 0x5318,10, 0x639A,4, 0x31EE,1, 0x18C5,78, 0x3A30,1,
    0x5318,14, 0xF79E,4, 0x639A,1, 0x5318,1, 0x4A94,1, 0x4293,1, 0x298B,1, 0x18C5,74,
    0x3A31,1, 0x5318,14, 0xF79E,4, 0x639A,1, 0x5318,3, 0x31CD,1, 0x18C5,74, 0x4272,1,
    0x5318,14, 0xF79E,4, 0x639A,1, 0x5318,3, 0x31AD,1, 0x18C5,74, 0x4273,1, 0x5318,3,
    0x639A,1, 0xF79E,1, 0x639A,3, 0x5318,6, 0xF79E,4, 0x639A,1, 0x5318,3, 0x298C,1,
    0x18C5,74, 0x4293,1, 0x5318,3, 0xF79E,4, 0x6318,1, 0x4216,2, 0x5318,12, 0x4AB4,1,
    0x4252,1, 0x3A31,1, 0x3A30,1, 0x2129,1, 0x18C5,70, 0x4A94,1, 0x5318,3, 0xF79E,4,
    0x5318,1, 0x4216,2, 0x5318,16, 0x296B,1, 0x18C5,70, 0x31CD,1, 0x3A10,1, 0x3A31,1,
    0x4251,1, 0xF79E,4, 0x5318,1, 0x4216,2, 0x5318,16, 0x294A,1, 0x18C5,74, 0x8411,1,
    0x8C52,1, 0x9493,1, 0x9CD4,1, 0x4216,3, 0x5318,8, 0x639A,1, 0x5318,7, 0x4251,1,
    0x39EF,1, 0x31EE,1, 0x1907,1, 0x18C5,75, 0x4216,3, 0x5318,7, 0x639A,1, 0xF79E,4,
    0x5318,7, 0x2129,1, 0x18C5,75, 0x4216,3, 0x5318,7, 0x639A,1, 0xF79E,4, 0x5318,7,
    0x2128,1, 0x18C5,71, 0x298B,2, 0x296A,1, 0x294A,1, 0x4216,3, 0x5318,7, 0x639A,1,
    0xF79E,4, 0x5318,7, 0x2107,1, 0x18C5,71, 0x5318,16, 0x639A,3, 0x5318,7, 0x31EE,1,
    0x31AD,1, 0x31AC,1, 0x298C,1, 0x18C5,68, 0x5318,30, 0x18C5,68, 0x5318,30, 0x18C5,68,
    0x5318,30, 0x18C5,67, 0x1907,1, 0x5318,18, 0x639A,1, 0xF79E,4, 0x5318,7, 0x296B,1,
    0x296A,1, 0x2149,1, 0x2129,1, 0x18C5,63, 0x2108,1, 0x5318,18, 0x639A,1, 0xF79E,4,
    0x5318,11, 0x18C5,63, 0x2128,1, 0x5318,18, 0x639A,1, 0xF79E,4, 0x5318,10, 0x631A,1,
    0x18C5,59, 0x2107,1, 0x31EE,1, 0x31CE,1, 0x31CD,1, 0x39EF,1, 0x5318,3, 0x639A,5,
    0x5318,10, 0x639A,1, 0xF79E,4, 0x5318,10, 0x631A,1, 0x18C5,59, 0x296A,1, 0x5318,7,
    0x639A,1, 0xF79E,4, 0x5318,10, 0x639A,5, 0x5318,11, 0x2128,1, 0x2107,1, 0x18E7,1,
    0x18C5,56, 0x296B,1, 0x5318,7, 0x639A,1, 0xF79E,4, 0x5318,29, 0x4A94,1, 0x18C5,55,
    0x298B,1, 0x5318,7, 0xF79E,5, 0x5318,29, 0x4293,1, 0x18C5,55, 0x318C,1, 0x5318,7,
    0x639A,1, 0xF79E,3, 0x639A,1, 0x5318,29, 0x4273,1, 0x18C5,55, 0x31AC,1, 0x5318,30,
    0x639A,1, 0xF79E,2, 0x639A,1, 0x5318,7, 0x4272,1, 0x18C5,55, 0x31CD,1, 0x5318,30,
    0xF79E,3, 0x639A,1, 0x5318,7, 0x4251,1, 0x18C5,52, 0x18E6,1, 0x18C6,2, 0x294A,1,
    0x39EF,1, 0x3A10,1, 0x3A31,1, 0x4251,1, 0x4272,1, 0x4273,1, 0x4294,1, 0x4A94,1,
    0x631A,1, 0x5318,21, 0xF79E,3, 0x639A,1, 0x5318,7, 0x3A31,1, 0x18C5,51, 0x18E7,1,
    0x210A,13, 0x2109,4, 0x2108,1, 0x20E8,1, 0x2108,1, 0x2109,2, 0x2129,1, 0x2929,1,
    0x292A,1, 0x294A,1, 0x294B,1, 0x296B,1, 0x298C,1, 0x318C,1, 0x31AD,1, 0x31CE,1,
    0x31EF,1, 0x3A0F,1, 0xF79E,3, 0x639A,1, 0x4273,1, 0x4A94,1, 0x4AB4,1, 0x5318,4,
    0x3A0F,1, 0x18C5,51, 0x18E7,1, 0x210A,41, 0x2109,4, 0x2108,2, 0x20E8,2, 0x18C5,48,
    0x18E7,1, 0x210A,49, 0x18C6,1, 0x18C5,47, 0x20E7,1, 0x210A,49, 0x18C5,48, 0x20E7,1,
    0x210A,49, 0x18C5,40, 0x4A72,1, 0x52D5,1, 0x52B4,2, 0x4A93,2, 0x4A72,3, 0x4212,9,
    0x318E,6, 0x210A,34, 0x18C5,40, 0x639A,11, 0x6318,1, 0x639A,17, 0x6318,4, 0x5318,3,
    0x4216,2, 0x4212,7, 0x318E,7, 0x210A,6, 0x18C5,40, 0x639A,11, 0x6398,1, 0x639A,41,
    0x6318,1, 0x639A,2, 0x6318,2, 0x52F6,1, 0x52D5,1, 0x52B4,1, 0x4A93,1, 0x4A72,1,
    0x4251,1, 0x31CD,1, 0x18C5,33, 0x639A,11, 0x6398,1, 0x639A,41, 0x6318,1, 0x639A,10,
    0x52B5,1, 0x18C5,36, 0x1907,1, 0x2107,1, 0x2128,2, 0x2129,1, 0x2949,1, 0x296A,2,
    0xD40C,7, 0x6398,10, 0x639A,25, 0x6398,1, 0x639A,10, 0x52B4,1, 0x18C5,44, 0xD40C,35,
    0x6398,9, 0x639A,9, 0x4A93,1, 0x18C5,44, 0xD40C,44, 0x18C5,5, 0x1907,1, 0x2128,1,
    0x2129,1, 0x294A,1, 0x2128,1, 0x18C5,44, 0xD40C,44, 0x18C5,54, 0xD40C,44, 0x18C5,54,
    0xD40C,16, 0xF79E,1, 0x0000,3, 0xD40C,24, 0x18C5,53, 0x2926,1, 0xD40C,16, 0x0000,4,
    0xD40C,20, 0x6398,1, 0x0000,3, 0x18C5,53, 0x3146,1, 0xD40C,16, 0x0000,4, 0xD40C,20,
    0x0000,4, 0x18C5,45, 0x3967,1, 0xD40C,24, 0x0000,4, 0xD40C,20, 0x0000,4, 0x18C5,45,
    0x4187,1, 0xD40C,24, 0x0000,4, 0xD40C,20, 0x0000,4, 0x4987,1, 0x4167,1, 0x3967,1,
    0x3146,1, 0x2926,1, 0x2906,1, 0x18C5,39, 0x49A7,1, 0xD40C,24, 0x0000,3, 0x210A,1,
    0xD40C,20, 0x0000,3, 0x210A,1, 0xD40C,7, 0xB36B,1, 0x18C5,37, 0x51C8,1, 0xD40C,24,
    0x0000,3, 0x210A,1, 0xD40C,20, 0x0000,3, 0x210A,1, 0xD40C,7, 0xAB6B,1, 0x18C5,37,
    0x51E8,1, 0xD40C,24, 0x210A,1, 0x0000,2, 0x210A,1, 0xD40C,20, 0x0000,3, 0x210A,1,
    0xD40C,7, 0xA34B,1, 0x18C5,37, 0x59E8,1, 0xD40C,48, 0x210A,3, 0xD40C,8, 0xA32B,1,
    0x18C5,37, 0x6208,1, 0xD40C,51, 0xB38B,1, 0xD40C,7, 0x9B0A,1, 0x18C5,37, 0x6228,1,
    0xD40C,51, 0xAB6B,1, 0xD40C,7, 0x92EA,1, 0x18C5,40, 0x2106,1, 0x2926,1, 0x3146,1,
    0x3967,1, 0x4187,1, 0x8ACA,1, 0xD40C,43, 0xAB6B,1, 0xD40C,7, 0x8ACA,1, 0x18C5,45,
    0x7A69,1, 0xD40C,43, 0x9B2B,1, 0xB36B,1, 0xD40C,6, 0x82AA,1, 0x18C5,45, 0x7A89,1,
    0xD40C,43, 0x7A89,1, 0x18C5,53, 0x82AA,1, 0xD40C,43, 0x7269,1, 0x18C5,53, 0x8ACA,1,
    0xD40C,43, 0x7249,1, 0x18C5,53, 0x92EA,1, 0xD40C,43, 0x6A29,1, 0x18C5,53, 0x9B0A,1,
    0xD40C,43, 0x59E8,1, 0x18C5,53, 0xA32B,1, 0xD40C,43, 0x51E8,1, 0x18C5,53, 0x4187,1,
    0x51E8,1, 0x5A08,1, 0x6208,1, 0x92EA,1, 0xA34B,1, 0xAB4B,1, 0xAB6B,1, 0x92EA,1,
    0x8ACA,1, 0x92EA,1, 0x9B0A,1, 0x9B2B,1, 0xAB4B,1, 0xD40C,30, 0x51C8,1, 0x18C5,57,
    0xAB6B,1, 0xD40C,3, 0x49A7,1, 0x18C5,3, 0x8289,1, 0xD40C,3, 0x7269,1, 0x18C5,7,
    0x2906,1, 0x3126,1, 0x3146,1, 0x3967,1, 0x9B0A,1, 0xD40C,3, 0x7269,1, 0x6228,1,
    0x6A49,1, 0x7269,1, 0x7A89,1, 0x92EA,1, 0xAB4B,1, 0xD40C,1, 0xA34B,1, 0x9B0A,1,
    0xA32B,1, 0xAB4B,1, 0x3967,1, 0x18C5,57, 0xAB6B,1, 0xD40C,3, 0x49A7,1, 0x18C5,3,
    0x6A49,1, 0xD40C,3, 0x9B0A,1, 0x18C5,11, 0xAB6B,1, 0xD40C,3, 0x49A7,1, 0x18C5,3,
    0x8ACA,1, 0xD40C,3, 0x7269,1, 0x18C5,61, 0xB36B,1, 0xD40C,3, 0x4187,1, 0x18C5,3,
    0x4187,1, 0xD40C,4, 0x18C5,11, 0xB36B,1, 0xD40C,3, 0x4187,1, 0x18C5,3, 0x6A28,1,
    0xD40C,3, 0x9B0A,1, 0x18C5,61, 0xD40C,4, 0x3967,1, 0x18C5,4, 0xD40C,4, 0x2906,1,
    0x18C5,10, 0xD40C,4, 0x3967,1, 0x18C5,3, 0x3967,1, 0xD40C,4, 0x18C5,61, 0xD40C,4,
    0x3945,1, 0x1083,4, 0xD40C,4, 0x4986,1, 0x1083,10, 0xD40C,4, 0x3945,1, 0x1083,3,
    0x1084,1, 0xD40C,4, 0x2926,1, 0x18C5,60, 0xD40C,4, 0x3125,1, 0x0863,4, 0x8AA9,1,
    0xD40C,3, 0x6A48,1, 0x0863,10, 0xD40C,4, 0x3125,1, 0x0863,4, 0xD40C,4, 0x51C8,1,
    0x18C5,60, 0xD40C,4, 0x3105,1, 0x0863,4, 0x51A6,1, 0x8AA9,1, 0x61E7,1, 0x3925,1,
    0x1083,1, 0x0863,10, 0xD40C,4, 0x3105,1, 0x0863,4, 0x8289,1, 0xD40C,3, 0x6208,1,
    0x18C5,60, 0x49A7,1, 0x59E8,1, 0x6207,1, 0x7248,1, 0x18C4,1, 0x1083,19, 0xD40C,4,
    0x2905,1, 0x1083,4, 0x3945,1, 0x59E8,1, 0x3146,1, 0x18C5,86, 0x4187,1, 0x49A7,3,
    0x18C5,27, 0x18C5,143, 0x2107,1, 0x298C,1, 0x298B,1, 0x296A,1, 0x294A,1, 0x2149,1,
    0x2128,1, 0x2108,1, 0x1907,1, 0x18C5,89, 0x298B,1, 0x5318,11, 0x6318,2, 0x5318,1,
    0x3A31,1, 0x18C5,82, 0x298C,1, 0x5318,14, 0x4272,1, 0x18C5,82, 0x31AC,1, 0x5318,14,
    0x4252,1, 0x18C5,78, 0x2149,1, 0x31EE,1, 0x31CD,1, 0x31AD,1, 0x4251,1, 0x5318,10,
    0x639A,4, 0x3A31,1, 0x18C5,78, 0x31CE,1, 0x5318,14, 0xC61C,1, 0xF79E,3, 0xC61C,1,
    0x5318,1, 0x4A94,1, 0x4293,1, 0x31AD,1, 0x18C5,74, 0x31EE,1, 0x5318,14, 0xC61C,1,
    0xF79E,3, 0xC61C,1, 0x5318,3, 0x3A10,1, 0x18C5,74, 0x3A10,1, 0x5318,14, 0xC61C,1,
    0xF79E,3, 0x639A,1, 0x5318,3, 0x3A0F,1, 0x18C5,74, 0x3A30,1, 0x5318,3, 0xC61C,4,
    0x639A,1, 0x5318,6, 0xC61C,1, 0xF79E,3, 0x639A,1, 0x5318,3, 0x31EE,1, 0x18C5,74,
    0x3A31,1, 0x5318,3, 0xF79E,4, 0x639A,1, 0x4216,2, 0x5318,13, 0x4252,1, 0x4251,1,
    0x3A30,1, 0x294A,1, 0x18C5,70, 0x4251,1, 0x5318,3, 0xF79E,4, 0x6398,1, 0x4216,2,
    0x5318,16, 0x31AD,1, 0x18C5,70, 0x29AC,1, 0x3A10,1, 0x3A30,1, 0x4251,1, 0xF79E,4,
    0x6398,1, 0x4216,2, 0x5318,16, 0x31AC,1, 0x18C5,74, 0x73B0,1, 0x8C52,1, 0x9493,1,
    0x9CD4,1, 0x4251,1, 0x4216,2, 0x5318,8, 0x639A,1, 0x5318,7, 0x4273,1, 0x39EF,1,
    0x31EE,1, 0x2128,1, 0x18C5,75, 0x31F1,1, 0x4216,2, 0x5318,8, 0xF79E,4, 0x639A,1,
    0x5318,6, 0x298B,1, 0x18C5,75, 0x31F1,1, 0x4216,2, 0x5318,8, 0xF79E,4, 0x639A,1,
    0x5318,6, 0x296A,1, 0x18C5,71, 0x296A,1, 0x298B,1, 0x296B,1, 0x294A,1, 0x5318,1,
    0x4216,2, 0x5318,8, 0xF79E,4, 0x639A,1, 0x5318,6, 0x294A,1, 0x18C5,71, 0x5318,16,
    0x639A,3, 0x5318,7, 0x3A10,1, 0x31CD,1, 0x31AC,1, 0x298C,1, 0x18C5,68, 0x5318,30,
    0x2128,1, 0x18C5,67, 0x5318,30, 0x2108,1, 0x18C5,67, 0x5318,30, 0x1907,1, 0x18C5,67,
    0x5318,18, 0x639A,1, 0xF79E,3, 0xC61C,1, 0x5318,7, 0x298C,1, 0x296A,1, 0x294A,1,
    0x2149,1, 0x18C5,64, 0x5318,18, 0x639A,1, 0xF79E,4, 0x5318,11, 0x18C5,64, 0x5318,18,
    0x639A,1, 0xF79E,4, 0x5318,11, 0x18C5,60, 0x31EF,1, 0x31CE,1, 0x31CD,2, 0x5318,3,
    0x639A,1, 0xC61C,2, 0x639A,2, 0x5318,10, 0x639A,1, 0xF79E,4, 0x5318,11, 0x18C5,59,
    0x2108,1, 0x5318,7, 0x639A,1, 0xF79E,3, 0xC61C,1, 0x5318,10, 0x639A,5, 0x5318,11,
    0x2128,1, 0x2108,1, 0x18E7,1, 0x18C5,56, 0x2128,1, 0x5318,7, 0xC61C,1, 0xF79E,3,
    0xC61C,1, 0x5318,30, 0x18C5,55, 0x2149,1, 0x5318,7, 0xC61C,1, 0xF79E,3, 0xC61C,1,
    0x5318,29, 0x6318,1, 0x18C5,55, 0x2949,1, 0x5318,7, 0x639A,1, 0xC61C,4, 0x5318,30,
    0x18C5,55, 0x296A,1, 0x5318,30, 0x639A,1, 0xC61C,2, 0x639A,1, 0x5318,7, 0x4AB4,1,
    0x18C5,55, 0x296B,1, 0x5318,30, 0xC61C,1, 0xF79E,2, 0xC61C,1, 0x5318,7, 0x4293,1,
    0x18C5,52, 0x18E6,1, 0x18C6,2, 0x2129,1, 0x39EF,1, 0x3A10,1, 0x3A31,1, 0x4251,1,
    0x4252,1, 0x4273,1, 0x4A93,1, 0x4A94,1, 0x5318,22, 0xC61C,1, 0xF79E,2, 0xC61C,1,
    0x5318,7, 0x4273,1, 0x18C5,51, 0x18C6,1, 0x210A,13, 0x2109,4, 0x2108,1, 0x20E8,1,
    0x2108,1, 0x2109,2, 0x2129,1, 0x2929,1, 0x294A,2, 0x294B,1, 0x296B,1, 0x298C,1,
    0x318C,1, 0x31AD,1, 0x31AE,1, 0x31EE,1, 0x3A0F,1, 0xC61C,1, 0xF79E,2, 0xC61C,1,
    0x4273,1, 0x4A94,1, 0x4AB4,1, 0x5318,4, 0x4252,1, 0x18C5,51, 0x18E6,1, 0x210A,41,
    0x2909,1, 0x2109,4, 0x2108,1, 0x20E8,2, 0x18C6,1, 0x18C5,47, 0x18E6,1, 0x210A,49,
    0x18E6,1, 0x18C5,47, 0x18E7,1, 0x210A,49, 0x18C6,1, 0x18C5,47, 0x18E7,1, 0x210A,49,
    0x18C6,1, 0x18C5,39, 0x4230,1, 0x52B5,1, 0x52B4,2, 0x4A93,2, 0x4A72,3, 0x4212,9,
    0x318E,6, 0x210A,34, 0x18C6,1, 0x18C5,39, 0x52B5,1, 0x639A,10, 0x6318,1, 0x639A,17,
    0x6318,4, 0x5318,3, 0x4216,2, 0x4212,7, 0x318E,7, 0x210A,6, 0x18C5,40, 0x5AF6,1,
    0x639A,10, 0x6398,1, 0x639A,41, 0x6318,1, 0x639A,2, 0x6318,2, 0x639A,1, 0x52D5,1,
    0x52B4,1, 0x4A93,1, 0x4A72,1, 0x4251,1, 0x3A0F,1, 0x18C5,33, 0x639A,11, 0x6398,1,
    0x639A,41, 0x6318,1, 0x639A,11, 0x18C5,36, 0x2107,2, 0x2108,1, 0x2128,1, 0x2129,1,
    0x2949,1, 0x294A,1, 0x296A,1, 0xD40C,7, 0x6398,10, 0x639A,25, 0x6398,1, 0x639A,11,
    0x18C5,44, 0xD40C,35, 0x6398,9, 0x639A,9, 0x52D6,1, 0x18C5,44, 0xD40C,44, 0x3967,1,
    0x18C5,4, 0x18E7,1, 0x2108,1, 0x2129,1, 0x2949,2, 0x18C5,44, 0xD40C,44, 0x3947,1,
    0x18C5,53, 0xD40C,44, 0x3126,1, 0x18C5,53, 0xD40C,16, 0xC61C,1, 0x0000,3, 0xD40C,20,
    0xC61C,1, 0xD40C,3, 0x2926,1, 0x18C5,53, 0xD40C,16, 0x0000,4, 0xD40C,20, 0xC61C,1,
    0x0000,3, 0x18C5,54, 0xD40C,16, 0x0000,4, 0xD40C,20, 0x0000,4, 0x18C5,46, 0xD40C,7,
    0xB36B,1, 0xD40C,16, 0x0000,4, 0xD40C,20, 0x0000,4, 0x18C5,45, 0x2926,1, 0xD40C,24,
    0x0000,4, 0xD40C,20, 0x0000,4, 0x4187,2, 0x3967,1, 0x3146,1, 0x3126,1, 0x2906,1,
    0x18C5,39, 0x3126,1, 0xD40C,24, 0x0000,4, 0xD40C,20, 0x0000,4, 0xD40C,8, 0x18C5,37,
    0x3947,1, 0xD40C,24, 0x0000,4, 0xD40C,20, 0x0000,3, 0x210A,1, 0xD40C,8, 0x18C5,37,
    0x3967,1, 0xD40C,24, 0x210A,1, 0x0000,2, 0x210A,1, 0xD40C,20, 0x0000,3, 0x210A,1,
    0xD40C,8, 0x18C5,37, 0x4187,1, 0xD40C,48, 0x210A,3, 0x318E,1, 0xD40C,8, 0x18C5,37,
    0x49A7,1, 0xD40C,59, 0xB36B,1, 0x18C5,37, 0x49C7,1, 0xD40C,59, 0xAB6B,1, 0x18C5,41,
    0x2926,1, 0x3146,1, 0x3967,1, 0x4167,1, 0x7A69,1, 0xD40C,51, 0xA34B,1, 0x18C5,45,
    0x6208,1, 0xD40C,43, 0xAB4B,1, 0xB36B,1, 0xD40C,6, 0x9B0A,1, 0x18C5,45, 0x6228,1,
    0xD40C,43, 0x92EA,1, 0x18C5,53, 0x6A49,1, 0xD40C,43, 0x8ACA,1, 0x18C5,53, 0x7269,1,
    0xD40C,43, 0x8ACA,1, 0x18C5,53, 0x7A89,1, 0xD40C,43, 0x82A9,1, 0x18C5,53, 0x82A9,1,
    0xD40C,43, 0x7269,1, 0x18C5,53, 0x8AAA,1, 0xD40C,43, 0x7249,1, 0x18C5,53, 0x3967,1,
    0x51C8,1, 0x59E8,1, 0x6208,1, 0x7A89,1, 0x9B0A,1, 0xAB6B,1, 0xD40C,1, 0x9B2B,1,
    0x8ACA,1, 0x92EA,1, 0x9B0A,1, 0x9B2B,1, 0xA34B,1, 0xD40C,30, 0x6A29,1, 0x18C5,57,
    0x7A89,1, 0xD40C,3, 0x8ACA,1, 0x18C5,3, 0x49A7,1, 0xD40C,4, 0x18C5,7, 0x2906,1,
    0x3126,1, 0x3146,1, 0x3967,1, 0x7269,1, 0xAB4B,1, 0xD40C,2, 0x92EA,1, 0x6228,1,
    0x6A49,1, 0x7269,1, 0x7A69,1, 0x82CA,1, 0xAB4B,1, 0xD40C,1, 0xB36C,1, 0x9B0A,1,
    0x9B2B,1, 0xA34B,1, 0x51C8,1, 0x18C5,57, 0x6208,1, 0xD40C,3, 0xA32B,1, 0x18C5,3,
    0x3146,1, 0xD40C,4, 0x3967,1, 0x18C5,10, 0x7269,1, 0xD40C,3, 0x8ACA,1, 0x18C5,3,
    0x59E8,1, 0xD40C,4, 0x18C5,61, 0x4187,1, 0xD40C,4, 0x18C5,4, 0xAB6B,1, 0xD40C,3,
    0x8ACA,1, 0x18C5,10, 0x51E8,1, 0xD40C,3, 0xA32B,1, 0x18C5,3, 0x2906,1, 0xD40C,4,
    0x3967,1, 0x18C5,61, 0xD40C,4, 0x18C5,4, 0x6208,1, 0xD40C,4, 0x18C5,10, 0x3967,1,
    0xD40C,4, 0x18C5,4, 0xA32B,1, 0xD40C,3, 0x8ACA,1, 0x18C5,61, 0xD40C,4, 0x18C4,1,
    0x1083,3, 0x18A4,1, 0xD40C,4, 0x2905,1, 0x1083,9, 0x18C4,1, 0xD40C,4, 0x1083,4,
    0x51A6,1, 0xD40C,4, 0x18C5,61, 0xD40C,4, 0x3125,1, 0x0863,4, 0x8AC9,2, 0x3945,1,
    0x0863,12, 0xD40C,4, 0x20C4,1, 0x0863,3, 0x1083,1, 0xD40C,3, 0xAB6B,1, 0x2926,1,
    0x18C5,60, 0x8289,1, 0x8AC9,1, 0x7248,1, 0x59C7,1, 0x18C4,1, 0x0863,19, 0xD40C,4,
    0x4165,1, 0x0863,4, 0x6A28,1, 0x6A48,1, 0x2906,1, 0x18C5,63, 0x1083,23, 0x51C7,1,
    0x59C7,1, 0x4166,1, 0x20E4,1, 0x1083,5, 0x10A5,1, 0x18C5,119, 0x18C5,141, 0x294A,1,
    0x298C,1, 0x296B,1, 0x296A,1, 0x2149,1, 0x2129,1, 0x2128,1, 0x2107,1, 0x1907,1,
    0x18C5,89, 0x4252,1, 0x5318,11, 0x6318,2, 0x5318,1, 0x296B,1, 0x18C5,82, 0x4273,1,
    0x5318,14, 0x298B,1, 0x18C5,82, 0x4A93,1, 0x5318,14, 0x296B,1, 0x18C5,78, 0x31AC,1,
    0x31CE,1, 0x31CD,1, 0x31AC,1, 0x6318,1, 0x5318,10, 0x639A,4, 0x294A,1, 0x18C5,78,
    0x5318,15, 0xF79E,4, 0x6318,1, 0x4AB4,1, 0x4A94,1, 0x4273,1, 0x2128,1, 0x18C5,74,
    0x6318,1, 0x5318,13, 0x639A,1, 0xF79E,4, 0x5318,4, 0x2129,1, 0x18C5,74, 0x5318,14,
    0x639A,1, 0xF79E,4, 0x5318,4, 0x2128,1, 0x18C5,74, 0x5318,3, 0x639A,1, 0xE71E,3,
    0x639A,1, 0x5318,6, 0x639A,1, 0xE71E,1, 0xF79E,3, 0x5318,4, 0x2107,1, 0x18C5,74,
    0x5318,3, 0x639A,1, 0xF79E,4, 0x4216,3, 0x5318,12, 0x4273,1, 0x4252,1, 0x3A31,1,
    0x3A30,1, 0x18C5,71, 0x5318,3, 0x639A,1, 0xF79E,3, 0xE71E,1, 0x4216,3, 0x5318,16,
    0x18C5,71, 0x3A0F,1, 0x3A30,1, 0x3A31,1, 0x6B94,1, 0xF79E,3, 0xE71E,1, 0x4216,3,
    0x5318,16, 0x18C5,74, 0x3188,1, 0x8431,1, 0x8C72,1, 0x94B3,1, 0x7BF1,1, 0x4216,3,
    0x5318,7, 0x6318,2, 0x5318,7, 0x3A0F,1, 0x39EF,1, 0x31CE,1, 0x18C5,75, 0x18E7,1,
    0x4216,3, 0x5318,7, 0x639A,1, 0xF79E,3, 0xE71E,1, 0x5318,7, 0x18C5,75, 0x18E7,1,
    0x4216,3, 0x5318,7, 0x639A,1, 0xF79E,3, 0xE71E,1, 0x5318,7, 0x18C5,72, 0x298C,1,
    0x298B,1, 0x296A,1, 0x298C,1, 0x4216,2, 0x5318,8, 0x639A,1, 0xF79E,3, 0xE71E,1,
    0x5318,7, 0x18C5,71, 0x2149,1, 0x5318,16, 0x639A,3, 0x5318,7, 0x31CD,1, 0x31AD,1,
    0x29AC,1, 0x296A,1, 0x18C5,67, 0x294A,1, 0x5318,30, 0x18C5,67, 0x296A,1, 0x5318,29,
    0x4A94,1, 0x18C5,67, 0x298B,1, 0x5318,29, 0x4293,1, 0x18C5,67, 0x298C,1, 0x5318,18,
    0xE71E,1, 0xF79E,1, 0xE71E,2, 0x639A,1, 0x5318,7, 0x296B,1, 0x296A,1, 0x2149,1,
    0x2108,1, 0x18C5,63, 0x31AC,1, 0x5318,18, 0xE71E,1, 0xF79E,3, 0xE71E,1, 0x5318,10,
    0x4252,1, 0x18C5,63, 0x31AD,1, 0x5318,18, 0xE71E,1, 0xF79E,3, 0x639A,1, 0x5318,10,
    0x4251,1, 0x18C5,59, 0x2949,1, 0x31EE,1, 0x31CE,1, 0x31AD,1, 0x4252,1, 0x5318,3,
    0x639A,5, 0x5318,10, 0xE71E,1, 0xF79E,3, 0x639A,1, 0x5318,10, 0x3A31,1, 0x18C5,59,
    0x31EE,1, 0x5318,7, 0xE71E,1, 0xF79E,3, 0x639A,1, 0x5318,10, 0x639A,5, 0x5318,10,
    0x4251,1, 0x2128,1, 0x2107,1, 0x18E7,1, 0x18C5,56, 0x3A10,1, 0x5318,7, 0xE71E,1,
    0xF79E,3, 0x639A,1, 0x5318,29, 0x3A0F,1, 0x18C5,55, 0x3A30,1, 0x5318,7, 0xE71E,1,
    0xF79E,3, 0x639A,1, 0x5318,29, 0x31EE,1, 0x18C5,55, 0x3A31,1, 0x5318,7, 0xE71E,4,
    0x639A,1, 0x5318,29, 0x31CE,1, 0x18C5,55, 0x4251,1, 0x5318,30, 0xE71E,3, 0x639A,1,
    0x5318,7, 0x31CD,1, 0x18C5,55, 0x4272,1, 0x5318,30, 0xE71E,1, 0xF79E,2, 0x639A,1,
    0x5318,7, 0x31AC,1, 0x18C5,51, 0x18C6,1, 0x18E6,1, 0x18C6,2, 0x298C,1, 0x39EF,1,
    0x3A10,1, 0x3A31,1, 0x4252,1, 0x4272,1, 0x4273,1, 0x4A94,1, 0x4AB4,1, 0x5318,22,
    0xF79E,3, 0x639A,1, 0x5318,7, 0x318C,1, 0x18C5,51, 0x20E8,1, 0x210A,13, 0x2109,4,
    0x2108,3, 0x2109,2, 0x2129,1, 0x212A,1, 0x294A,2, 0x294B,1, 0x296B,1, 0x298C,1,
    0x318C,1, 0x31AD,1, 0x31CE,1, 0x31EF,1, 0x3A10,1, 0xF79E,3, 0x5B14,1, 0x4293,1,
    0x4A94,1, 0x5318,5, 0x298B,1, 0x18C5,51, 0x20E8,1, 0x210A,41, 0x2109,4, 0x2108,1,
    0x20E8,3, 0x18C5,48, 0x2108,1, 0x210A,49, 0x18C5,48, 0x2108,1, 0x210A,49, 0x18C5,48,
    0x2109,1, 0x210A,48, 0x2109,1, 0x18C5,40, 0x52D5,1, 0x52B5,1, 0x52B4,1, 0x4A93,2,
    0x4A73,1, 0x4A72,2, 0x5318,1, 0x4212,8, 0x318E,7, 0x210A,33, 0x2109,1, 0x18C5,39,
    0x2107,1, 0x639A,11, 0x6318,1, 0x639A,17, 0x6318,4, 0x5318,3, 0x4216,1, 0x4212,8,
    0x318E,7, 0x210A,5, 0x2109,1, 0x18C5,39, 0x2128,1, 0x639A,11, 0x6398,1, 0x639A,44,
    0x6318,2, 0x52F6,1, 0x52D5,1, 0x52B4,1, 0x4A93,1, 0x4A72,1, 0x4251,1, 0x296B,1,
    0x18C5,32, 0x2129,1, 0x639A,11, 0x6398,1, 0x639A,52, 0x3A0F,1, 0x18C5,36, 0x2107,1,
    0x2108,1, 0x2128,2, 0x2149,1, 0x2949,1, 0x296A,1, 0x41CB,1, 0xD40C,7, 0x6398,10,
    0x639A,36, 0x39EF,1, 0x18C5,43, 0x3947,1, 0xD40C,35, 0x6398,9, 0x639A,9, 0x39CE,1,
    0x18C5,43, 0x4167,1, 0xD40C,44, 0x18C5,5, 0x2107,1, 0x2128,1, 0x2149,1, 0x296A,1,
    0x2107,1, 0x18C5,43, 0x4187,1, 0xD40C,43, 0xB38C,1, 0x18C5,53, 0x49C7,1, 0xD40C,43,
    0xAB6B,1, 0x18C5,53, 0x51C8,1, 0xD40C,16, 0x6398,1, 0x0000,2, 0x210A,1, 0xD40C,23,
    0x8AA9,1, 0x18C5,53, 0x59E8,1, 0xD40C,16, 0x0000,3, 0x210A,1, 0xD40C,20, 0x6398,1,
    0x0000,2, 0x210A,1, 0x18C5,53, 0x6208,1, 0xD40C,16, 0x0000,3, 0x210A,1, 0xD40C,20,
    0x0000,3, 0x210A,1, 0x18C5,45, 0x6A29,1, 0xD40C,24, 0x0000,3, 0x210A,1, 0xD40C,20,
    0x0000,3, 0x210A,1, 0x18C5,45, 0x7269,1, 0xD40C,23, 0x318E,1, 0x0000,3, 0x210A,1,
    0xD40C,20, 0x0000,3, 0x210A,1, 0x4187,1, 0x4167,1, 0x3946,1, 0x3146,1, 0x2926,1,
    0x2106,1, 0x18C5,39, 0x7A89,1, 0xD40C,23, 0x318E,1, 0x0000,3, 0x210A,1, 0xD40C,19,
    0x318E,1, 0x0000,3, 0xD40C,8, 0x8ACA,1, 0x18C5,37, 0x82A9,1, 0xD40C,23, 0x318E,1,
    0x0000,3, 0x318E,1, 0xD40C,19, 0x318E,1, 0x0000,3, 0xD40C,8, 0x82A9,1, 0x18C5,37,
    0x8ACA,1, 0xD40C,24, 0x210A,1, 0x0000,2, 0xD40C,20, 0x318E,1, 0x0000,3, 0xD40C,8,
    0x7269,1, 0x18C5,37, 0x8ACA,1, 0xD40C,48, 0x210A,3, 0xD40C,8, 0x6A49,1, 0x18C5,37,
    0x92EA,1, 0xD40C,51, 0xAB6B,1, 0xD40C,7, 0x6A28,1, 0x18C5,37, 0x930A,1, 0xD40C,51,
    0xAB6B,1, 0xD40C,7, 0x6208,1, 0x18C5,40, 0x2906,1, 0x2926,1, 0x3146,1, 0x3967,1,
    0x4187,1, 0xAB6B,1, 0xD40C,43, 0xB36B,1, 0xD40C,7, 0x59E8,1, 0x18C5,45, 0xAB4B,1,
    0xD40C,43, 0x9B0A,1, 0xD40C,7, 0x51E8,1, 0x18C5,45, 0xAB6B,1, 0xD40C,43, 0x49A7,1,
    0x18C5,53, 0xD40C,44, 0x4187,1, 0x18C5,53, 0xD40C,44, 0x3967,1, 0x18C5,53, 0xD40C,44,
    0x3947,1, 0x18C5,53, 0xD40C,44, 0x3126,1, 0x18C5,53, 0xD40C,44, 0x2926,1, 0x18C5,53,
    0x49C7,1, 0x59E8,1, 0x5A08,1, 0x6228,1, 0x7269,1, 0x9B0A,1, 0xD40C,2, 0x92CA,1,
    0x8ACA,1, 0x92EA,1, 0x9B0A,1, 0xA32B,1, 0xAB6B,1, 0xD40C,30, 0x18C5,58, 0xAB6B,1,
    0xD40C,3, 0x6208,1, 0x18C5,3, 0x9B0A,1, 0xD40C,3, 0x59E8,1, 0x18C5,7, 0x2926,1,
    0x3126,1, 0x3947,1, 0x4187,1, 0x7269,1, 0xA34B,1, 0xD40C,2, 0x7269,1, 0x6228,1,
    0x6A49,1, 0x7269,1, 0x7A89,1, 0x92EA,1, 0xD40C,2, 0x9B0B,2, 0xA32B,1, 0xAB4B,1,
    0x18C5,58, 0x7269,1, 0xD40C,3, 0x9B0A,1, 0x18C5,3, 0x7269,1, 0xD40C,3, 0x9B0A,1,
    0x18C5,11, 0xA32B,1, 0xD40C,3, 0x6A49,1, 0x18C5,3, 0x9B2B,1, 0xD40C,3, 0x6228,1,
    0x18C5,61, 0x3946,1, 0xD40C,4, 0x18C5,3, 0x3967,1, 0xD40C,4, 0x18C5,11, 0x6A28,1,
    0xD40C,3, 0xA34B,1, 0x18C5,3, 0x7269,1, 0xD40C,3, 0xA34B,1, 0x18C5,62, 0xD40C,4,
    0x49A7,1, 0x18C5,3, 0xD40C,4, 0x51C8,1, 0x18C5,10, 0x3126,1, 0xD40C,4, 0x18C5,3,
    0x3946,1, 0xD40C,4, 0x18C5,62, 0x8ACA,1, 0xD40C,3, 0x7A89,1, 0x1083,3, 0x8AC9,1,
    0xD40C,3, 0x8AC9,1, 0x1083,11, 0xD40C,4, 0x51A6,1, 0x1083,3, 0xD40C,4, 0x59E8,1,
    0x18C5,61, 0x51C7,1, 0xD40C,1, 0x82A9,1, 0x51A6,1, 0x18A4,1, 0x0863,3, 0x4986,1,
    0xD40C,2, 0x6207,1, 0x20C4,1, 0x0863,11, 0x8289,1, 0xD40C,3, 0x7248,1, 0x0863,3,
    0x7A68,1, 0xD40C,3, 0x82AA,1, 0x18C5,61, 0x10A4,1, 0x0863,7, 0x1083,1, 0x20C4,1,
    0x0863,14, 0x3945,1, 0x82A9,1, 0x51A6,1, 0x18A4,1, 0x0863,4, 0x3945,1, 0xD40C,1,
    0x7A69,1, 0x3946,1, 0x18C5,62, 0x10A4,1, 0x1083,31, 0x1084,1, 0x18C5,122, 0x18C5,138,
    0x29AC,1, 0x298B,1, 0x296A,1, 0x294A,1, 0x2149,1, 0x2128,1, 0x2108,1, 0x1907,1,
    0x18C5,90, 0x5318,11, 0x6318,2, 0x5318,1, 0x6318,1, 0x18C5,82, 0x18E7,1, 0x5318,15,
    0x18C5,82, 0x2107,1, 0x5318,15, 0x18C5,78, 0x18E7,1, 0x31EE,1, 0x31CE,1, 0x31AD,1,
    0x31EE,1, 0x5318,10, 0x639A,4, 0x5318,1, 0x18C5,78, 0x2149,1, 0x5318,14, 0x639A,1,
    0xF79E,4, 0x6318,1, 0x4A94,1, 0x4293,1, 0x3A30,1, 0x18C5,74, 0x2949,1, 0x5318,14,
    0x639A,1, 0xF79E,4, 0x5318,4, 0x18C5,74, 0x296A,1, 0x5318,14, 0x639A,1, 0xF79E,4,
    0x5318,3, 0x4A94,1, 0x18C5,74, 0x296B,1, 0x5318,3, 0x639A,1, 0xF79E,2, 0x639A,2,
    0x5318,6, 0x639A,1, 0xF79E,4, 0x5318,3, 0x4293,1, 0x18C5,74, 0x318C,1, 0x5318,3,
    0xF79E,4, 0x639A,1, 0x4296,3, 0x5318,12, 0x4272,1, 0x4251,1, 0x3A31,1, 0x31AD,1,
    0x18C5,70, 0x31AC,1, 0x5318,3, 0xF79E,4, 0x639A,1, 0x4296,3, 0x5318,15, 0x4252,1,
    0x18C5,70, 0x2149,1, 0x3A10,1, 0x3A30,1, 0x4231,1, 0xF79E,4, 0x639A,1, 0x4296,2,
    0x5318,16, 0x4251,1, 0x18C5,74, 0x5ACD,1, 0x8432,1, 0x8C73,1, 0x94B4,1, 0x5AF0,1,
    0x4296,2, 0x5318,8, 0x639A,1, 0x5318,8, 0x3A0F,1, 0x39EF,1, 0x296A,1, 0x18C5,75,
    0x298D,1, 0x4296,2, 0x5318,8, 0xF79E,4, 0x639A,1, 0x5318,6, 0x3A10,1, 0x18C5,75,
    0x298D,1, 0x4296,2, 0x5318,8, 0xF79E,4, 0x639A,1, 0x5318,6, 0x3A0F,1, 0x18C5,71,
    0x2149,1, 0x298B,1, 0x296B,1, 0x296A,1, 0x31F0,1, 0x4296,2, 0x5318,8, 0xF79E,4,
    0x639A,1, 0x5318,6, 0x31EE,1, 0x18C5,71, 0x3A30,1, 0x5318,15, 0x6318,1, 0x639A,3,
    0x5318,6, 0x4273,1, 0x31CD,1, 0x31AC,1, 0x298C,1, 0x2128,1, 0x18C5,67, 0x3A31,1,
    0x5318,29, 0x31CD,1, 0x18C5,67, 0x4252,1, 0x5318,29, 0x31AD,1, 0x18C5,67, 0x4272,1,
    0x5318,29, 0x298C,1, 0x18C5,67, 0x4273,1, 0x5318,18, 0xF79E,4, 0x639A,1, 0x5318,6,
    0x3A0F,1, 0x296A,1, 0x294A,1, 0x2149,1, 0x18C5,64, 0x4294,1, 0x5318,18, 0xF79E,4,
    0x639A,1, 0x5318,10, 0x296B,1, 0x18C5,63, 0x4AB4,1, 0x5318,18, 0xF79E,4, 0x639A,1,
    0x5318,10, 0x294A,1, 0x18C5,59, 0x31CD,1, 0x31EE,1, 0x31CD,1, 0x31AD,1, 0x5318,3,
    0x6318,1, 0x639A,4, 0x5318,10, 0x6318,1, 0xF79E,4, 0x5318,11, 0x2149,1, 0x18C5,59,
    0x5318,7, 0x639A,1, 0xF79E,4, 0x5318,10, 0x6318,1, 0x639A,4, 0x5318,11, 0x298B,1,
    0x2108,1, 0x1907,1, 0x18C5,57, 0x5318,7, 0x639A,1, 0xF79E,4, 0x5318,30, 0x2108,1,
    0x18C5,55, 0x5318,7, 0x639A,1, 0xF79E,4, 0x5318,30, 0x2107,1, 0x18C5,55, 0x5318,7,
    0x639A,1, 0xF79E,4, 0x5318,30, 0x18C5,56, 0x5318,30, 0x639A,1, 0xF79E,2, 0x639A,1,
    0x5318,8, 0x18C5,56, 0x5318,30, 0x639A,1, 0xF79E,3, 0x5318,8, 0x18C5,52, 0x18C6,3,
    0x18E6,1, 0x31EF,1, 0x3A0F,1, 0x3A30,1, 0x4251,1, 0x4252,1, 0x4273,1, 0x4293,1,
    0x4A94,1, 0x5318,22, 0x639A,1, 0xF79E,3, 0x5318,8, 0x18C5,52, 0x210A,13, 0x2109,5,
    0x2108,1, 0x20E8,1, 0x2109,2, 0x2129,2, 0x292A,1, 0x294A,1, 0x294B,1, 0x296B,1,
    0x298C,2, 0x31AD,1, 0x31AE,1, 0x31CE,1, 0x39EF,1, 0x73B4,1, 0xF79E,3, 0x4273,1,
    0x4294,1, 0x4A94,1, 0x5318,5, 0x18C5,52, 0x210A,42, 0x2109,4, 0x2108,2, 0x20E8,1,
    0x18E7,1, 0x18C5,48, 0x210A,49, 0x20E8,1, 0x18C5,48, 0x210A,49, 0x20E8,1, 0x18C5,48,
    0x210A,49, 0x20E7,1, 0x18C5,39, 0x31AC,1, 0x52D5,1, 0x52B4,2, 0x4A93,2, 0x4A73,1,
    0x4A72,1, 0x4272,1, 0x4296,1, 0x4212,8, 0x318E,7, 0x210A,33, 0x18E7,1, 0x18C5,39,
    0x3A0F,1, 0x639A,28, 0x6318,5, 0x5318,1, 0x4296,3, 0x4212,8, 0x318E,6, 0x210A,6,
    0x18E7,1, 0x18C5,39, 0x4231,1, 0x639A,52, 0x6318,1, 0x639A,3, 0x6318,1, 0x639A,1,
    0x52D5,1, 0x52B4,1, 0x4A93,1, 0x4A72,1, 0x4A51,1, 0x4231,1, 0x18C5,33, 0x4251,1,
    0x639A,52, 0x6318,1, 0x639A,11, 0x2107,1, 0x18C5,35, 0x1907,1, 0x2107,1, 0x2128,2,
    0x2129,1, 0x2949,1, 0x294A,1, 0x296A,1, 0x72AD,1, 0xD40C,6, 0x6398,11, 0x639A,24,
    0x6398,1, 0x639A,11, 0x18C5,44, 0x82A9,1, 0xD40C,34, 0x6398,9, 0x639A,10, 0x18C5,44,
    0x8ACA,1, 0xD40C,43, 0x7249,1, 0x18C5,5, 0x2107,1, 0x2128,1, 0x2949,1, 0x296A,1,
    0x18C5,44, 0x92EA,1, 0xD40C,43, 0x6A29,1, 0x18C5,53, 0x9B0A,1, 0xD40C,43, 0x6208,1,
    0x18C5,53, 0x9B2B,1, 0xD40C,15, 0xF79E,1, 0x318E,1, 0x0000,2, 0xD40C,24, 0x51C7,1,
    0x18C5,53, 0xA34B,1, 0xD40C,15, 0x210A,1, 0x0000,3, 0xD40C,21, 0x210A,1, 0x0000,2,
    0x3945,1, 0x18C5,53, 0xAB6B,1, 0xD40C,15, 0x210A,1, 0x0000,3, 0xD40C,20, 0x210A,1,
    0x0000,3, 0x3945,1, 0x18C5,45, 0xB38C,1, 0xD40C,6, 0xB38B,1, 0xD40C,16, 0x210A,1,
    0x0000,3, 0xD40C,20, 0x210A,1, 0x0000,3, 0x3125,1, 0x18C5,45, 0xD40C,24, 0x0000,4,
    0xD40C,20, 0x0000,4, 0x51C7,1, 0x4187,1, 0x3967,1, 0x3146,1, 0x3126,1, 0x2906,1,
    0x18C5,40, 0xD40C,24, 0x0000,4, 0xD40C,20, 0x0000,4, 0xD40C,8, 0x3946,1, 0x18C5,37,
    0xD40C,24, 0x0000,4, 0xD40C,20, 0x0000,4, 0xD40C,8, 0x3126,1, 0x18C5,37, 0xD40C,24,
    0x210A,1, 0x0000,3, 0xD40C,20, 0x0000,4, 0xD40C,8, 0x2926,1, 0x18C5,37, 0xD40C,48,
    0x210A,4, 0xD40C,8, 0x18C5,38, 0xD40C,60, 0x18C5,38, 0xD40C,60, 0x18C5,41, 0x2906,1,
    0x3126,1, 0x3946,1, 0x4167,1, 0x51C8,1, 0xD40C,52, 0x18C5,45, 0x2926,1, 0xD40C,44,
    0xAB6B,1, 0xD40C,7, 0x18C5,45, 0x3146,1, 0xD40C,44, 0x18C5,53, 0x3967,1, 0xD40C,44,
    0x18C5,53, 0x4187,1, 0xD40C,44, 0x18C5,53, 0x49A7,1, 0xD40C,43, 0xB38C,1, 0x18C5,53,
    0x51C7,1, 0xD40C,43, 0xAB6B,1, 0x18C5,53, 0x51E8,1, 0xD40C,43, 0xA34B,1, 0x18C5,53,
    0x2926,1, 0x51C8,1, 0x59E8,1, 0x6208,1, 0x6228,1, 0x7269,1, 0xA34B,1, 0xD40C,2,
    0x8ACA,1, 0x8AEA,1, 0x930A,1, 0x9B0B,1, 0xAB4B,1, 0xD40C,30, 0x9B0A,1, 0x18C5,58,
    0xD40C,4, 0x4187,1, 0x18C5,2, 0x49A7,1, 0xD40C,3, 0xB36B,1, 0x18C5,7, 0x2906,1,
    0x2926,1, 0x3146,1, 0x3967,1, 0x4187,1, 0x7269,1, 0xB38B,1, 0xD40C,2, 0x6228,1,
    0x6A29,1, 0x7249,1, 0x7269,1, 0x8ACA,1, 0xA32B,1, 0xD40C,2, 0x9B0A,1, 0x9B2B,1,
    0xA34B,1, 0x7269,1, 0x18C5,58, 0xA34B,1, 0xD40C,3, 0x92EA,1, 0x18C5,2, 0x2926,1,
    0xD40C,4, 0x18C5,12, 0xD40C,4, 0x49A7,1, 0x18C5,2, 0x49A7,1, 0xD40C,4, 0x18C5,62,
    0x51E8,1, 0xD40C,4, 0x18C5,3, 0xD40C,4, 0x2926,1, 0x18C5,11, 0x92EA,1, 0xD40C,3,
    0x92EA,1, 0x18C5,2, 0x2926,1, 0xD40C,4, 0x18C5,63, 0xD40C,4, 0x6A28,1, 0x18C5,2,
    0xB36B,1, 0xD40C,3, 0x49A7,1, 0x18C5,11, 0x4187,1, 0xD40C,4, 0x18C5,3, 0xD40C,4,
    0x3126,1, 0x18C5,62, 0x7A68,1, 0xD40C,2, 0x6A28,1, 0x20C4,1, 0x1083,2, 0x92C9,1,
    0xD40C,3, 0x6207,1, 0x1083,12, 0xD40C,4, 0x59E7,1, 0x1083,2, 0xD40C,4, 0x51C8,1,
    0x18C5,62, 0x28E4,1, 0x4165,1, 0x0863,5, 0x6A48,1, 0xD40C,3, 0x8AA9,1, 0x0863,12,
    0x6A27,1, 0xD40C,2, 0x59E7,1, 0x18A4,1, 0x0863,2, 0x92C9,1, 0xD40C,3, 0x6A49,1,
    0x18C5,62, 0x1083,1, 0x0863,6, 0x51A6,1, 0xD40C,2, 0x7248,1, 0x3945,1, 0x0863,12,
    0x18A3,1, 0x18A4,1, 0x0863,5, 0x6A48,1, 0xD40C,3, 0x8ACA,1, 0x18C5,62, 0x1084,1,
    0x1083,30, 0x4166,1, 0x8ACA,1, 0x6A48,1, 0x4187,1, 0x18C5,123, 0x18C5,135, 0x298C,1,
    0x298B,1, 0x296A,2, 0x2149,1, 0x2128,1, 0x2108,1, 0x1907,1, 0x18C5,89, 0x2129,1,
    0x5318,14, 0x4273,1, 0x18C5,82, 0x2149,1, 0x5318,15, 0x18C5,82, 0x296A,1, 0x5318,14,
    0x4A94,1, 0x18C5,78, 0x2128,1, 0x31EE,1, 0x31CD,1, 0x31AD,1, 0x3A10,1, 0x5318,10,
    0x639A,4, 0x4293,1, 0x18C5,78, 0x298B,1, 0x5318,14, 0xE71E,1, 0xF79E,3, 0xE71E,1,
    0x5318,1, 0x4A94,1, 0x4293,1, 0x31EE,1, 0x18C5,74, 0x318C,1, 0x5318,14, 0xE71E,1,
    0xF79E,3, 0xE71E,1, 0x5318,3, 0x4252,1, 0x18C5,74, 0x31CD,1, 0x5318,14, 0xE71E,1,
    0xF79E,3, 0x639A,1, 0x5318,3, 0x4251,1, 0x18C5,74, 0x31CE,1, 0x5318,3, 0x639A,1,
    0xE71E,3, 0x639A,1, 0x5318,6, 0xE71E,1, 0xF79E,3, 0x639A,1, 0x5318,3, 0x3A31,1,
    0x18C5,74, 0x31EE,1, 0x5318,3, 0xE71E,1, 0xF79E,3, 0x639A,1, 0x4296,2, 0x5318,13,
    0x4252,1, 0x4251,1, 0x3A30,1, 0x298B,1, 0x18C5,70, 0x3A0F,1, 0x5318,3, 0xE71E,1,
    0xF79E,3, 0x639A,1, 0x4296,2, 0x5318,16, 0x3A0F,1, 0x18C5,70, 0x296B,1, 0x3A10,1,
    0x3A30,1, 0x3A31,1, 0xE71E,1, 0xF79E,3, 0x639A,1, 0x4296,2, 0x5318,16, 0x39EF,1,
    0x18C5,74, 0x632E,1, 0x8C52,1, 0x9493,1, 0x9CD4,1, 0x4A91,1, 0x4296,2, 0x5318,8,
    0x639A,1, 0x5318,7, 0x4A94,1, 0x3A0F,1, 0x31EF,1, 0x2149,1, 0x18C5,75, 0x31AF,1,
    0x4296,2, 0x5318,8, 0xE71E,1, 0xF79E,3, 0x639A,1, 0x5318,6, 0x31CD,1, 0x18C5,75,
    0x31CF,1, 0x4296,2, 0x5318,8, 0xE71E,1, 0xF79E,3, 0x639A,1, 0x5318,6, 0x31AD,1,
    0x18C5,71, 0x214A,1, 0x298B,1, 0x296B,1, 0x296A,1, 0x3A12,1, 0x4296,2, 0x5318,8,
    0xE71E,1, 0xF79E,3, 0x639A,1, 0x5318,6, 0x29AC,1, 0x18C5,71, 0x4273,1, 0x5318,15,
    0x6318,1, 0x639A,2, 0x6318,1, 0x5318,6, 0x3A31,1, 0x31CD,1, 0x31AC,1, 0x298C,1,
    0x1907,1, 0x18C5,67, 0x4A93,1, 0x5318,29, 0x296B,1, 0x18C5,67, 0x4A94,1, 0x5318,29,
    0x296A,1, 0x18C5,67, 0x5318,30, 0x2149,1, 0x18C5,67, 0x5318,18, 0x639A,1, 0xF79E,1,
    0xE71E,3, 0x5318,7, 0x31CD,1, 0x296A,1, 0x214A,1, 0x2149,1, 0x18C5,64, 0x5318,18,
    0x639A,1, 0xF79E,4, 0x5318,11, 0x2128,1, 0x18C5,63, 0x5318,18, 0x639A,1, 0xF79E,4,
    0x5318,11, 0x2107,1, 0x18C5,59, 0x31EE,1, 0x31CE,1, 0x31CD,1, 0x31AD,1, 0x5318,3,
    0x639A,5, 0x5318,10, 0x639A,1, 0xF79E,4, 0x5318,11, 0x18E7,1, 0x18C5,59, 0x5318,7,
    0x639A,1, 0xF79E,3, 0xE71E,1, 0x5318,10, 0x639A,5, 0x5318,11, 0x2149,1, 0x2108,1,
    0x1907,1, 0x18C5,57, 0x5318,7, 0x639A,1, 0xF79E,3, 0xE71E,1, 0x5318,30, 0x18C5,56,
    0x5318,7, 0x639A,1, 0xF79E,3, 0xE71E,1, 0x5318,30, 0x18C5,55, 0x2107,1, 0x5318,7,
    0x639A,1, 0xE71E,4, 0x5318,30, 0x18C5,55, 0x2108,1, 0x5318,30, 0x639A,1, 0xE71E,2,
    0x639A,1, 0x5318,8, 0x18C5,55, 0x2128,1, 0x5318,30, 0x639A,1, 0xF79E,2, 0xE71E,1,
    0x5318,7, 0x6318,1, 0x18C5,52, 0x18C6,3, 0x2108,1, 0x39EF,1, 0x3A10,1, 0x3A31,1,
    0x4251,1, 0x4272,1, 0x4273,1, 0x4293,1, 0x4A94,1, 0x5318,4, 0x6318,1, 0x5318,17,
    0x639A,1, 0xF79E,2, 0xE71E,1, 0x5318,8, 0x18C5,52, 0x210A,13, 0x2109,4, 0x2108,2,
    0x20E8,1, 0x2109,2, 0x2129,2, 0x212A,1, 0x294A,1, 0x294B,1, 0x296B,1, 0x296C,1,
    0x318C,1, 0x31AD,1, 0x31CE,2, 0x39EF,1, 0x8C76,1, 0xF79E,2, 0xE71E,1, 0x4273,1,
    0x4294,1, 0x4A94,1, 0x5318,1, 0x6318,1, 0x5318,2, 0x4A94,1, 0x18C5,52, 0x210A,41,
    0x2109,4, 0x2108,3, 0x20E8,1, 0x18E6,1, 0x18C5,47, 0x18C6,1, 0x210A,49, 0x18E7,1,
    0x18C5,47, 0x18C6,1, 0x210A,49, 0x18E7,1, 0x18C5,47, 0x18C6,1, 0x210A,49, 0x18E7,1,
    0x18C5,39, 0x39EE,1, 0x52D5,1, 0x52B4,2, 0x4A93,2, 0x4A72,2, 0x4A52,1, 0x4296,1,
    0x4212,11, 0x210A,37, 0x18E6,1, 0x18C5,39, 0x4A72,1, 0x639A,10, 0x6318,1, 0x639A,17,
    0x6318,4, 0x5318,2, 0x4296,3, 0x4212,11, 0x210A,9, 0x18E6,1, 0x18C5,39, 0x4A93,1,
    0x639A,10, 0x6398,1, 0x639A,41, 0x6318,1, 0x639A,2, 0x6318,2, 0x639A,1, 0x52D5,1,
    0x52B4,1, 0x4A93,1, 0x4A72,1, 0x4251,1, 0x4230,1, 0x18C5,33, 0x52B4,1, 0x639A,52,
    0x6318,1, 0x639A,11, 0x18C5,36, 0x2107,2, 0x2108,1, 0x2128,1, 0x2129,1, 0x2949,1,
    0x294A,1, 0x296A,1, 0x8B0E,1, 0xD40C,6, 0x6398,10, 0x639A,25, 0x6398,1, 0x639A,11,
    0x18C5,44, 0x9B2B,1, 0xD40C,34, 0x6398,9, 0x639A,10, 0x18C5,44, 0xA34B,1, 0xD40C,43,
    0x51E8,1, 0x18C5,5, 0x2108,1, 0x2128,1, 0x2949,1, 0x294A,1, 0x18C5,44, 0xAB4B,1,
    0xD40C,43, 0x51C8,1, 0x18C5,53, 0xB36B,1, 0xD40C,43, 0x49A7,1, 0x18C5,53, 0xD40C,16,
    0xE71E,1, 0x210A,1, 0x0000,2, 0xD40C,24, 0x4187,1, 0x18C5,53, 0xD40C,16, 0x0000,4,
    0xD40C,21, 0x210A,1, 0x0000,2, 0x3125,1, 0x18C5,53, 0xD40C,16, 0x0000,4, 0xD40C,20,
    0x0000,4, 0x2905,1, 0x18C5,45, 0xD40C,7, 0xB36B,1, 0xD40C,16, 0x0000,4, 0xD40C,20,
    0x0000,4, 0x2905,1, 0x18C5,45, 0xD40C,24, 0x0000,4, 0xD40C,20, 0x0000,4, 0x49A7,1,
    0x4187,1, 0x3967,1, 0x3146,1, 0x3126,1, 0x2906,1, 0x18C5,40, 0xD40C,24, 0x0000,4,
    0xD40C,20, 0x0000,4, 0xD40C,8, 0x18C5,38, 0xD40C,24, 0x0000,4, 0xD40C,20, 0x0000,4,
    0xD40C,8, 0x18C5,38, 0xD40C,24, 0x210A,1, 0x0000,3, 0xD40C,20, 0x0000,4, 0xD40C,8,
    0x18C5,37, 0x2926,1, 0xD40C,48, 0x210A,4, 0xD40C,8, 0x18C5,37, 0x3126,1, 0xD40C,60,
    0x18C5,37, 0x3147,1, 0xD40C,60, 0x18C5,41, 0x2906,1, 0x3126,1, 0x3947,1, 0x4167,1,
    0x6208,1, 0xD40C,52, 0x18C5,45, 0x4187,1, 0xD40C,44, 0xB36B,1, 0xD40C,7, 0x18C5,45,
    0x49C7,1, 0xD40C,43, 0xAB6B,1, 0x18C5,53, 0x51C8,1, 0xD40C,43, 0xA34B,1, 0x18C5,53,
    0x59E8,1, 0xD40C,43, 0xA32B,1, 0x18C5,53, 0x6208,1, 0xD40C,43, 0x9B0A,1, 0x18C5,53,
    0x6A29,1, 0xD40C,43, 0x8ACA,1, 0x18C5,53, 0x7249,1, 0xD40C,43, 0x8ACA,1, 0x18C5,53,
    0x3146,1, 0x51C8,1, 0x59E8,1, 0x6208,1, 0x6A48,1, 0x8ACA,1, 0xAB4B,1, 0xD40C,2,
    0x8ACA,1, 0x92EA,1, 0x930A,1, 0xA34B,1, 0xB36B,1, 0xD40C,30, 0x82A9,1, 0x18C5,57,
    0x51E8,1, 0xD40C,4, 0x18C5,3, 0x7A89,1, 0xD40C,3, 0x7A89,1, 0x18C5,7, 0x2906,1,
    0x3126,1, 0x3146,1, 0x3967,1, 0x51E8,1, 0x92EA,1, 0xD40C,2, 0xAB6B,1, 0x6228,1,
    0x6A28,1, 0x7249,1, 0x92EA,1, 0xAB6B,1, 0xB38B,1, 0xD40C,1, 0xA34B,1, 0x9B0A,1,
    0x9B2B,1, 0xA34B,1, 0x6208,1, 0x18C5,57, 0x2906,1, 0xD40C,4, 0x18C5,3, 0x7269,1,
    0xD40C,3, 0x82A9,1, 0x18C5,11, 0x49A7,1, 0xD40C,4, 0x18C5,3, 0x7A89,1, 0xD40C,3,
    0x7A89,1, 0x18C5,62, 0xD40C,4, 0x49A7,1, 0x18C5,2, 0x6A49,1, 0xD40C,3, 0x8ACA,1,
    0x18C5,12, 0xD40C,4, 0x2926,1, 0x18C5,2, 0x7A89,1, 0xD40C,3, 0x7A89,1, 0x18C5,62,
    0x8ACA,1, 0xD40C,3, 0x7A89,1, 0x18C5,2, 0x6A49,1, 0xD40C,3, 0x8ACA,1, 0x18C5,12,
    0xD40C,4, 0x51E8,1, 0x18C5,2, 0x7269,1, 0xD40C,3, 0x82A9,1, 0x18C5,62, 0x6208,1,
    0xD40C,4, 0x1083,2, 0x6A28,1, 0xD40C,3, 0x82A9,1, 0x1083,12, 0x8AC9,1, 0xD40C,3,
    0x7A89,1, 0x1083,2, 0x6A28,1, 0xD40C,3, 0x8ACA,1, 0x18C5,62, 0x3126,1, 0xD40C,3,
    0x7A68,1, 0x0863,2, 0x6A27,1, 0xD40C,3, 0x8289,1, 0x0863,12, 0x59E7,1, 0xD40C,4,
    0x0863,2, 0x6A27,1, 0xD40C,3, 0x8ACA,1, 0x18C5,63, 0x3105,1, 0x1083,1, 0x0863,4,
    0x6A27,1, 0xD40C,3, 0x8289,1, 0x0863,12, 0x28E4,1, 0xD40C,2, 0x8AC9,1, 0x51C6,1,
    0x0863,2, 0x6A27,1, 0xD40C,3, 0x8ACA,1, 0x18C5,63, 0x1083,6, 0x3946,1, 0x7268,3,
    0x4986,1, 0x1083,13, 0x2905,1, 0x1083,5, 0x6A28,1, 0xD40C,3, 0x8ACA,1, 0x18C5,93,
    0x3126,1, 0x49A7,3, 0x3146,1, 0x18C5,28, 0x18C5,133, 0x298C,1, 0x298B,1, 0x296A,1,
    0x294A,1, 0x2149,1, 0x2128,1, 0x2108,1, 0x1907,1, 0x18C5,90, 0x5318,11, 0x6318,2,
    0x5318,1, 0x6318,1, 0x18C5,83, 0x5318,15, 0x18C5,82, 0x18E7,1, 0x5318,15, 0x18C5,79,
    0x31EE,1, 0x31CE,1, 0x31AD,1, 0x31CE,1, 0x5318,10, 0x639A,4, 0x5318,1, 0x18C5,78,
    0x2128,1, 0x5318,14, 0xC61C,1, 0xF79E,3, 0xC61C,1, 0x5318,1, 0x4A94,1, 0x4293,1,
    0x3A31,1, 0x18C5,74, 0x2149,1, 0x5318,14, 0xC61C,1, 0xF79E,3, 0xC61C,1, 0x5318,4,
    0x18C5,74, 0x2949,1, 0x5318,14, 0xC61C,1, 0xF79E,3, 0xC61C,1, 0x5318,4, 0x18C5,74,
    0x296B,1, 0x5318,3, 0x639A,1, 0xC61C,3, 0x639A,1, 0x5318,6, 0xC61C,1, 0xF79E,3,
    0xC61C,1, 0x5318,3, 0x4A94,1, 0x18C5,74, 0x298B,1, 0x5318,3, 0xC61C,1, 0xF79E,3,
    0xC61C,1, 0x4296,3, 0x5318,12, 0x4272,1, 0x4251,1, 0x3A31,1, 0x31AD,1, 0x18C5,70,
    0x318C,1, 0x5318,3, 0xC61C,1, 0xF79E,3, 0xC61C,1, 0x4296,3, 0x5318,15, 0x4272,1,
    0x18C5,70, 0x2149,1, 0x3A10,1, 0x3A30,1, 0x3A31,1, 0xC61C,1, 0xF79E,3, 0xC61C,1,
    0x4296,3, 0x5318,15, 0x4252,1, 0x18C5,74, 0x52AC,1, 0x8432,1, 0x8C73,1, 0x94B4,1,
    0x5AF0,1, 0x4296,2, 0x5318,8, 0x639A,1, 0x5318,8, 0x3A0F,1, 0x39EF,1, 0x296B,1,
    0x18C5,75, 0x296C,1, 0x4296,2, 0x5318,8, 0xC61C,1, 0xF79E,3, 0xC61C,1, 0x5318,6,
    0x3A30,1, 0x18C5,75, 0x298D,1, 0x4296,2, 0x5318,8, 0xC61C,1, 0xF79E,3, 0xC61C,1,
    0x5318,6, 0x3A10,1, 0x18C5,71, 0x2129,1, 0x298B,1, 0x296B,1, 0x296A,1, 0x31F0,1,
    0x4296,2, 0x5318,8, 0xC61C,1, 0xF79E,3, 0x639A,1, 0x5318,6, 0x3A0F,1, 0x18C5,71,
    0x3A10,1, 0x5318,15, 0x6318,1, 0x639A,3, 0x5318,6, 0x4273,1, 0x31CD,1, 0x31AC,1,
    0x29AC,1, 0x2128,1, 0x18C5,67, 0x3A30,1, 0x5318,29, 0x31CE,1, 0x18C5,67, 0x3A31,1,
    0x5318,29, 0x31CD,1, 0x18C5,67, 0x4252,1, 0x5318,29, 0x31AC,1, 0x18C5,67, 0x4272,1,
    0x5318,18, 0xF79E,4, 0x639A,1, 0x5318,6, 0x3A10,1, 0x296A,1, 0x294A,1, 0x2149,1,
    0x18C5,64, 0x4273,1, 0x5318,18, 0xF79E,4, 0x639A,1, 0x5318,10, 0x298B,1, 0x18C5,63,
    0x4A94,1, 0x5318,18, 0xF79E,4, 0x639A,1, 0x5318,10, 0x296B,1, 0x18C5,59, 0x31AD,1,
    0x31EE,1, 0x31CD,1, 0x31AD,1, 0x5318,4, 0xC61C,3, 0x639A,1, 0x6318,1, 0x5318,10,
    0xF79E,4, 0x639A,1, 0x5318,10, 0x294A,1, 0x18C5,59, 0x6318,1, 0x5318,6, 0x639A,1,
    0xF79E,4, 0x5318,11, 0x639A,4, 0x5318,11, 0x298C,1, 0x2108,1, 0x1907,1, 0x18C5,57,
    0x5318,7, 0x639A,1, 0xF79E,4, 0x5318,30, 0x2128,1, 0x18C5,55, 0x5318,7, 0x639A,1,
    0xF79E,4, 0x5318,30, 0x2108,1, 0x18C5,55, 0x5318,7, 0x639A,1, 0xC61C,4, 0x5318,30,
    0x2107,1, 0x18C5,55, 0x5318,30, 0x639A,1, 0xC61C,3, 0x5318,8, 0x18C5,56, 0x5318,30,
    0x639A,1, 0xF79E,3, 0x5318,8, 0x18C5,52, 0x18C6,3, 0x18E6,1, 0x31EF,1, 0x3A0F,1,
    0x3A30,1, 0x3A51,1, 0x4252,1, 0x4273,1, 0x4293,1, 0x4A94,1, 0x5318,22, 0x639A,1,
    0xF79E,3, 0x5318,8, 0x18C5,52, 0x210A,13, 0x2109,5, 0x2108,1, 0x20E8,1, 0x2109,2,
    0x2129,2, 0x292A,1, 0x294A,1, 0x294B,1, 0x296B,1, 0x298C,2, 0x31AD,2, 0x31CE,1,
    0x39EF,1, 0x6B73,1, 0xF79E,3, 0x4273,1, 0x4293,1, 0x4A94,1, 0x5318,4, 0x6318,1,
    0x18C5,52, 0x210A,42, 0x2109,4, 0x2108,1, 0x20E8,2, 0x18E7,1, 0x18C5,48, 0x210A,49,
    0x20E8,1, 0x18C5,48, 0x210A,49, 0x20E8,1, 0x18C5,48, 0x210A,49, 0x20E7,1, 0x18C5,39,
    0x318C,1, 0x52D5,1, 0x52B4,2, 0x4A94,1, 0x4A93,1, 0x4A73,1, 0x4A72,1, 0x4252,1,
    0x4296,1, 0x4212,11, 0x210A,37, 0x20E7,1, 0x18C5,39, 0x39EF,1, 0x639A,28, 0x6318,5,
    0x5318,1, 0x4296,3, 0x4212,11, 0x210A,9, 0x18E7,1, 0x18C5,39, 0x3A0F,1, 0x639A,52,
    0x6318,1, 0x639A,3, 0x6318,1, 0x639A,1, 0x52D5,1, 0x52B4,1, 0x4A93,1, 0x4A72,1,
    0x4A51,1, 0x4231,1, 0x1907,1, 0x18C5,32, 0x4231,1, 0x639A,52, 0x6318,1, 0x639A,11,
    0x2128,1, 0x18C5,35, 0x18E7,1, 0x2107,1, 0x2128,2, 0x2129,1, 0x2949,2, 0x296A,1,
    0x72AD,1, 0xD40C,6, 0x6398,10, 0x639A,25, 0x6398,1, 0x639A,11, 0x2107,1, 0x18C5,43,
    0x7A89,1, 0xD40C,34, 0x6398,9, 0x639A,10, 0x18C5,44, 0x82AA,1, 0xD40C,43, 0x7269,1,
    0x18C5,5, 0x2107,1, 0x2128,1, 0x2949,1, 0x296A,1, 0x18C5,44, 0x8ACA,1, 0xD40C,43,
    0x7249,1, 0x18C5,53, 0x92EA,1, 0xD40C,43, 0x6A29,1, 0x18C5,53, 0x9B0A,1, 0xD40C,15,
    0xC61C,1, 0x210A,1, 0x0000,2, 0xD40C,24, 0x59E7,1, 0x18C5,53, 0xA32B,1, 0xD40C,15,
    0x210A,1, 0x0000,3, 0xD40C,21, 0x210A,1, 0x0000,2, 0x3945,1, 0x18C5,53, 0xAB4B,1,
    0xD40C,15, 0x210A,1, 0x0000,3, 0xD40C,20, 0x210A,1, 0x0000,3, 0x3125,1, 0x18C5,45,
    0xB38C,1, 0xD40C,6, 0xB36B,1, 0xD40C,16, 0x210A,1, 0x0000,3, 0xD40C,20, 0x210A,1,
    0x0000,3, 0x3125,1, 0x18C5,45, 0xD40C,24, 0x210A,1, 0x0000,3, 0xD40C,20, 0x210A,1,
    0x0000,3, 0x51C7,1, 0x4187,1, 0x3967,1, 0x3146,1, 0x3126,1, 0x2906,1, 0x18C5,40,
    0xD40C,24, 0x0000,4, 0xD40C,20, 0x0000,4, 0xD40C,8, 0x4187,1, 0x18C5,37, 0xD40C,24,
    0x0000,4, 0xD40C,20, 0x0000,4, 0xD40C,8, 0x3946,1, 0x18C5,37, 0xD40C,24, 0x210A,1,
    0x0000,3, 0xD40C,20, 0x0000,4, 0xD40C,8, 0x3126,1, 0x18C5,37, 0xD40C,48, 0x210A,4,
    0xD40C,8, 0x2926,1, 0x18C5,37, 0xD40C,60, 0x18C5,38, 0xD40C,60, 0x18C5,41, 0x2906,1,
    0x3126,1, 0x3946,1, 0x3967,1, 0x49A7,1, 0xD40C,52, 0x18C5,45, 0x2906,1, 0xD40C,44,
    0xAB6B,1, 0xD40C,7, 0x18C5,45, 0x2926,1, 0xD40C,44, 0x18C5,53, 0x3146,1, 0xD40C,44,
    0x18C5,53, 0x3967,1, 0xD40C,44, 0x18C5,53, 0x4187,1, 0xD40C,44, 0x18C5,53, 0x49A7,1,
    0xD40C,43, 0xB38C,1, 0x18C5,53, 0x51C8,1, 0xD40C,43, 0xA34B,1, 0x18C5,53, 0x2906,1,
    0x51C8,1, 0x59E8,1, 0x6208,1, 0x7A69,1, 0xAB6B,1, 0xD40C,2, 0xB38B,1, 0x8ACA,1,
    0x8AEA,1, 0x930A,1, 0xA32B,1, 0xB38B,1, 0xD40C,30, 0xA32B,1, 0x18C5,57, 0x4187,1,
    0xD40C,3, 0xB36B,1, 0x18C5,3, 0x59E8,1, 0xD40C,3, 0x9B0A,1, 0x18C5,7, 0x2906,1,
    0x2926,1, 0x3146,1, 0x3967,1, 0x59E8,1, 0x9B0A,1, 0xA34B,1, 0xB38B,1, 0xA32B,1,
    0x6208,1, 0x6A29,1, 0x7249,1, 0x82CA,1, 0xAB4B,1, 0xA34B,2, 0x9B2B,1, 0x9B0A,1,
    0x9B2B,1, 0xA34B,1, 0x7A89,1, 0x18C5,57, 0x3946,1, 0xD40C,4, 0x18C5,3, 0x6208,1,
    0xD40C,3, 0x92EA,1, 0x18C5,11, 0x49A7,1, 0xD40C,3, 0xB36B,1, 0x18C5,3, 0x6208,1,
    0xD40C,3, 0x9B0A,1, 0x18C5,61, 0x2926,1, 0xD40C,4, 0x18C5,3, 0x6A28,1, 0xD40C,3,
    0x8ACA,1, 0x18C5,11, 0x3946,1, 0xD40C,4, 0x18C5,3, 0x6A28,1, 0xD40C,3, 0x8ACA,1,
    0x18C5,62, 0xD40C,4, 0x18C5,3, 0x6A49,1, 0xD40C,3, 0x82A9,1, 0x18C5,11, 0x2926,1,
    0xD40C,4, 0x18C5,3, 0x6A49,1, 0xD40C,3, 0x8ACA,1, 0x18C5,62, 0xD40C,4, 0x20E4,1,
    0x1083,2, 0x7248,1, 0xD40C,3, 0x7268,1, 0x1083,11, 0x18A4,1, 0xD40C,4, 0x10A4,1,
    0x1083,2, 0x7248,1, 0xD40C,3, 0x82A9,1, 0x18C5,62, 0xD40C,4, 0x3105,1, 0x0863,2,
    0x7A68,1, 0xD40C,3, 0x6A48,1, 0x0863,12, 0xD40C,4, 0x20C4,1, 0x0863,2, 0x7248,1,
    0xD40C,3, 0x7A89,1, 0x18C5,62, 0xAB6B,1, 0xD40C,3, 0x3105,1, 0x0863,2, 0x8289,1,
    0xD40C,3, 0x6A27,1, 0x0863,12, 0xD40C,4, 0x3105,1, 0x0863,2, 0x7A68,1, 0xD40C,3,
    0x7269,1, 0x18C5,63, 0x1084,1, 0x1083,5, 0x6A28,1, 0xD40C,3, 0x49A6,1, 0x1083,12,
    0x82A9,1, 0x9B0A,1, 0x8AC9,1, 0x8289,1, 0x28E4,1, 0x1083,2, 0x8AC9,1, 0xD40C,3,
    0x6A49,1, 0x18C5,93, 0x59E8,1, 0x8ACA,1, 0x92EA,1, 0xA32B,1, 0x51C8,1, 0x18C5,30,
    0x18C5,132, 0x2108,1, 0x298C,1, 0x298B,1, 0x296A,1, 0x2949,1, 0x2149,1, 0x2128,1,
    0x2107,1, 0x18E7,1, 0x18C5,89, 0x31AD,1, 0x5318,14, 0x3A0F,1, 0x18C5,82, 0x31CD,1,
    0x5318,14, 0x3A31,1, 0x18C5,82, 0x31CE,1, 0x5318,14, 0x3A30,1, 0x18C5,78, 0x294A,1,
    0x31CE,1, 0x31CD,1, 0x31AC,1, 0x4252,1, 0x5318,10, 0x639A,4, 0x3A0F,1, 0x18C5,78,
    0x3A10,1, 0x5318,14, 0xF79E,4, 0x741A,1, 0x4A94,1, 0x4293,1, 0x4273,1, 0x298B,1,
    0x18C5,74, 0x3A30,1, 0x5318,14, 0xF79E,4, 0x741A,1, 0x5318,3, 0x31EE,1, 0x18C5,74,
    0x3A31,1, 0x5318,14, 0xF79E,4, 0x741A,1, 0x5318,3, 0x31CD,1, 0x18C5,74, 0x4251,1,
    0x5318,3, 0x741A,4, 0x639A,1, 0x5318,6, 0xF79E,4, 0x741A,1, 0x5318,3, 0x31AD,1,
    0x18C5,74, 0x4272,1, 0x5318,3, 0xF79E,4, 0x6318,1, 0x4216,2, 0x5318,12, 0x4A94,1,
    0x4251,1, 0x3A30,1, 0x3A10,1, 0x2129,1, 0x18C5,70, 0x4293,1, 0x5318,3, 0xF79E,4,
    0x6318,1, 0x4216,2, 0x5318,16, 0x298B,1, 0x18C5,70, 0x31CD,1, 0x3A30,1, 0x3A31,1,
    0x4252,1, 0xF79E,4, 0x5318,1, 0x4216,2, 0x5318,16, 0x296B,1, 0x18C5,74, 0x8431,1,
    0x8C73,1, 0x94B4,1, 0x9CF5,1, 0x3A12,1, 0x4216,2, 0x5318,16, 0x4251,1, 0x31EE,1,
    0x31CE,1, 0x2107,1, 0x18C5,75, 0x4216,3, 0x5318,8, 0xF79E,4, 0x6318,1, 0x5318,6,
    0x2149,1, 0x18C5,75, 0x4216,3, 0x5318,7, 0x639A,1, 0xF79E,4, 0x5318,7, 0x2129,1,
    0x18C5,71, 0x296B,2, 0x296A,1, 0x2149,1, 0x5296,3, 0x5318,7, 0x639A,1, 0xF79E,4,
    0x5318,7, 0x2128,1, 0x18C5,71, 0x5318,15, 0x6318,1, 0x639A,2, 0x741A,1, 0x5318,7,
    0x31CE,1, 0x31AC,1, 0x298C,1, 0x296B,1, 0x18C5,68, 0x5318,30, 0x18E7,1, 0x18C5,67,
    0x5318,30, 0x18C5,68, 0x5318,30, 0x18C5,68, 0x5318,18, 0x741A,1, 0xF79E,4, 0x5318,7,
    0x296A,1, 0x2149,1, 0x2129,1, 0x2128,1, 0x18C5,63, 0x1907,1, 0x5318,18, 0x741A,1,
    0xF79E,4, 0x5318,11, 0x18C5,63, 0x2108,1, 0x5318,18, 0x741A,1, 0xF79E,4, 0x5318,11,
    0x18C5,59, 0x18E7,1, 0x31EE,1, 0x31CD,1, 0x31AD,1, 0x31CE,1, 0x5318,3, 0x741A,5,
    0x5318,10, 0x741A,1, 0xF79E,4, 0x5318,11, 0x18C5,59, 0x2949,1, 0x5318,7, 0x741A,1,
    0xF79E,4, 0x5318,10, 0x639A,1, 0x741A,4, 0x5318,10, 0x6318,1, 0x2107,1, 0x18E7,1,
    0x18C5,57, 0x296A,1, 0x5318,7, 0x741A,1, 0xF79E,4, 0x5318,29, 0x4AB4,1, 0x18C5,55,
    0x296B,1, 0x5318,7, 0x741A,1, 0xF79E,4, 0x5318,29, 0x4A94,1, 0x18C5,55, 0x298B,1,
    0x5318,7, 0x741A,1, 0xF79E,3, 0x741A,1, 0x5318,29, 0x4293,1, 0x18C5,55, 0x318C,1,
    0x5318,30, 0x741A,1, 0xF79E,1, 0x741A,2, 0x5318,7, 0x4273,1, 0x18C5,55, 0x31AC,1,
    0x5318,30, 0xF79E,3, 0x741A,1, 0x5318,7, 0x4272,1, 0x18C5,52, 0x18E6,1, 0x18C6,2,
    0x2149,1, 0x39EF,1, 0x3A10,1, 0x4251,1, 0x4252,1, 0x4272,1, 0x4293,1, 0x4A94,1,
    0x5318,23, 0xF79E,3, 0x741A,1, 0x5318,7, 0x3A31,1, 0x18C5,51, 0x18E7,1, 0x210A,13,
    0x2109,4, 0x2108,2, 0x2109,3, 0x2129,1, 0x292A,1, 0x294A,1, 0x294B,1, 0x296B,1,
    0x296C,1, 0x318C,1, 0x31AD,1, 0x31CE,2, 0x39EF,1, 0x3A10,1, 0xF79E,3, 0x741A,1,
    0x4A94,1, 0x5318,6, 0x3A30,1, 0x18C5,51, 0x18E7,1, 0x210A,41, 0x2109,5, 0x2108,1,
    0x20E8,2, 0x18C6,1, 0x18C5,47, 0x18E7,1, 0x210A,49, 0x18C6,1, 0x18C5,47, 0x20E7,1,
    0x210A,49, 0x18C6,1, 0x18C5,47, 0x20E7,1, 0x210A,49, 0x18C5,40, 0x4A72,1, 0x52D5,1,
    0x52B4,2, 0x4A93,2, 0x4A72,3, 0x5296,2, 0x4216,7, 0x210A,40, 0x18C5,40, 0x639A,11,
    0x6318,1, 0x639A,17, 0x6318,4, 0x5296,7, 0x4216,6, 0x210A,12, 0x18C5,40, 0x639A,11,
    0x6318,1, 0x639A,41, 0x6318,1, 0x639A,2, 0x6318,2, 0x5AF6,1, 0x52D5,1, 0x52B4,1,
    0x4A93,1, 0x4A72,1, 0x4251,1, 0x39EE,1, 0x18C5,33, 0x639A,11, 0x7398,1, 0x639A,41,
    0x6318,1, 0x639A,10, 0x5AF6,1, 0x18C5,34, 0x18E7,1, 0x2108,1, 0x2129,1, 0x2949,1,
    0x296A,1, 0x318B,1, 0x31AC,1, 0x31CD,1, 0x39EE,1, 0x3A0F,1, 0x7398,12, 0x741A,1,
    0x639A,29, 0x7398,1, 0x639A,10, 0x52B5,1, 0x18C5,44, 0xD40C,27, 0x7398,13, 0x741A,1,
    0x639A,1, 0x7398,1, 0x639A,10, 0x52B4,1, 0x18C5,44, 0xD40C,44, 0x2927,1, 0x2107,2,
    0x2108,1, 0x2128,1, 0x2129,1, 0x2949,1, 0x294A,1, 0x296A,1, 0x2149,1, 0x18C5,44,
    0xD40C,44, 0x18C5,54, 0xD40C,44, 0x18C5,54, 0xD40C,16, 0x7398,1, 0x0000,2, 0x7206,1,
    0xD40C,21, 0x7206,1, 0xD40C,2, 0x18C5,53, 0x2906,1, 0xD40C,15, 0x7206,1, 0x0000,3,
    0x7206,1, 0xD40C,20, 0x7206,1, 0x0000,2, 0x7206,1, 0x18C5,53, 0x3126,1, 0xD40C,15,
    0x7206,1, 0x0000,3, 0x7206,1, 0xD40C,19, 0x7206,1, 0x0000,3, 0x7206,1, 0x18C5,45,
    0x3947,1, 0xD40C,23, 0x7206,1, 0x0000,3, 0x7206,1, 0xD40C,19, 0x7206,1, 0x0000,3,
    0x7206,1, 0x18C5,45, 0x3967,1, 0xD40C,23, 0x7206,1, 0x0000,3, 0x7206,1, 0xD40C,19,
    0x7206,1, 0x0000,3, 0x7206,1, 0x4987,1, 0x4167,1, 0x3967,1, 0x3146,1, 0x2926,1,
    0x2906,1, 0x18C5,39, 0x4187,1, 0xD40C,23, 0x7206,1, 0x0000,3, 0x7206,1, 0xD40C,19,
    0x7206,1, 0x0000,3, 0x7206,1, 0xD40C,8, 0x18C5,37, 0x51C8,1, 0xD40C,23, 0x7206,1,
    0x0000,3, 0x7206,1, 0xD40C,19, 0x7206,1, 0x0000,3, 0x7206,1, 0xD40C,7, 0xB36B,1,
    0x18C5,37, 0x51E8,1, 0xD40C,23, 0x7206,1, 0x0000,3, 0x7206,1, 0xD40C,19, 0x7206,1,
    0x0000,3, 0x7206,1, 0xD40C,7, 0xA34B,1, 0x18C5,37, 0x59E8,1, 0xD40C,47, 0x7206,3,
    0x210A,1, 0xD40C,8, 0xA32B,1, 0x18C5,37, 0x6208,1, 0xD40C,51, 0xB38B,1, 0xD40C,7,
    0x9B0A,1, 0x18C5,37, 0x6228,1, 0xD40C,51, 0xAB6B,1, 0xD40C,7, 0x92EA,1, 0x18C5,40,
    0x2106,1, 0x2926,1, 0x3146,1, 0x3967,1, 0x4187,1, 0x8ACA,1, 0xD40C,43, 0xAB6B,1,
    0xD40C,7, 0x8ACA,1, 0x18C5,45, 0x7269,1, 0xD40C,43, 0x9B2B,1, 0xB36B,1, 0xD40C,6,
    0x82AA,1, 0x18C5,45, 0x7A89,1, 0xD40C,43, 0x7A89,1, 0x18C5,53, 0x82AA,1, 0xD40C,43,
    0x7269,1, 0x18C5,53, 0x8ACA,1, 0xD40C,43, 0x7249,1, 0x18C5,53, 0x92EA,1, 0xD40C,43,
    0x6A29,1, 0x18C5,53, 0x9B0A,1, 0xD40C,43, 0x6208,1, 0x18C5,53, 0x9B2B,1, 0xD40C,43,
    0x59E8,1, 0x18C5,53, 0x4167,1, 0x51E8,1, 0x5A08,1, 0x6208,1, 0x92EA,1, 0xA34B,1,
    0xAB4B,1, 0xAB6B,1, 0x92EA,1, 0x8ACA,1, 0x92EA,1, 0x9B0A,1, 0xAB4B,1, 0xB38C,1,
    0xD40C,30, 0x51E8,1, 0x18C5,57, 0xAB6B,1, 0xD40C,3, 0x49A7,1, 0x18C5,3, 0xAB6B,1,
    0xD40C,3, 0x49A7,1, 0x18C5,7, 0x2906,1, 0x3126,1, 0x3146,1, 0x3967,1, 0x9B0A,1,
    0xD40C,3, 0x7269,1, 0x6228,1, 0x6A49,1, 0x7269,1, 0x9B2B,1, 0xAB4B,1, 0xA34B,2,
    0x9B0A,2, 0xA32B,1, 0xAB4B,1, 0x4187,1, 0x18C5,57, 0xB36B,1, 0xD40C,3, 0x4187,1,
    0x18C5,3, 0xB36B,1, 0xD40C,3, 0x4187,1, 0x18C5,11, 0xB36B,1, 0xD40C,3, 0x4187,1,
    0x18C5,3, 0xB36B,1, 0xD40C,3, 0x49A7,1, 0x18C5,61, 0xD40C,4, 0x3967,1, 0x18C5,3,
    0xD40C,4, 0x3967,1, 0x18C5,11, 0xD40C,4, 0x3967,1, 0x18C5,3, 0xD40C,4, 0x4187,1,
    0x18C5,61, 0xD40C,4, 0x3946,1, 0x18C5,3, 0xD40C,4, 0x3946,1, 0x18C5,11, 0xD40C,4,
    0x3946,1, 0x18C5,3, 0xD40C,4, 0x3946,1, 0x18C5,61, 0xD40C,4, 0x20E4,1, 0x1083,3,
    0xD40C,4, 0x2905,1, 0x1083,11, 0xD40C,4, 0x2905,1, 0x1083,3, 0xD40C,4, 0x3126,1,
    0x18C5,61, 0xD40C,4, 0x18A4,1, 0x0863,3, 0xD40C,4, 0x20C4,1, 0x0863,11, 0xD40C,4,
    0x20C4,1, 0x0863,3, 0xD40C,4, 0x2926,1, 0x18C5,61, 0xD40C,4, 0x1083,1, 0x0863,3,
    0xD40C,4, 0x1083,1, 0x0863,11, 0xD40C,4, 0x18A4,1, 0x0863,3, 0xD40C,4, 0x18C5,62,
    0x51C8,1, 0x59E8,1, 0x6207,1, 0x7248,1, 0x1083,4, 0xD40C,4, 0x1083,12, 0xD40C,4,
    0x18A4,1, 0x1083,3, 0xD40C,4, 0x18C5,86, 0x49A7,4, 0x18C5,4, 0x82A9,1, 0x8ACA,1,
    0x9B0A,1, 0xA34B,1, 0x18C5,31, 0x18C5,231, 0x298B,1, 0x4A94,1, 0x4273,1, 0x4252,1,
    0x3A31,1, 0x3A10,1, 0x39EF,1, 0x31CE,1, 0x31AC,1, 0x298C,1, 0x296A,1, 0x2949,1,
    0x2128,1, 0x2107,1, 0x18C5,84, 0x31EE,1, 0x5318,14, 0x3A30,1, 0x18C5,82, 0x39EF,1,
    0x5318,14, 0x3A0F,1, 0x18C5,82, 0x3A30,1, 0x5318,14, 0x31CE,1, 0x18C5,78, 0x4251,1,
    0x5318,15, 0x639A,3, 0x39EE,1, 0x18C5,78, 0x4272,1, 0x5318,15, 0xD69E,1, 0xF79E,2,
    0x639A,1, 0x5318,3, 0x296B,1, 0x18C5,74, 0x4293,1, 0x5318,15, 0xF79E,3, 0x639A,1,
    0x5318,3, 0x298B,1, 0x18C5,74, 0x4AB4,1, 0x5318,15, 0xF79E,3, 0x639A,1, 0x5318,3,
    0x296A,1, 0x18C5,74, 0x631A,1, 0x5318,3, 0xF79E,3, 0xD69E,1, 0x5318,8, 0xD69E,2,
    0xF79E,1, 0x639A,1, 0x5318,3, 0x2149,1, 0x18C5,74, 0x5318,3, 0x639A,1, 0xF79E,4,
    0x5296,1, 0x4216,3, 0x5318,11, 0x631A,1, 0x4293,1, 0x4272,1, 0x4251,1, 0x18E7,1,
    0x18C5,70, 0x5318,3, 0x639A,1, 0xF79E,4, 0x4216,4, 0x5318,15, 0x1907,1, 0x18C5,70,
    0x5318,3, 0x639A,1, 0xF79E,4, 0x4216,4, 0x5318,15, 0x18C5,73, 0x18E7,1, 0x2108,1,
    0x318A,1, 0x3A0C,1, 0x4A8E,1, 0x52D0,1, 0x4216,4, 0x5318,6, 0x639A,4, 0x5318,4,
    0x631A,1, 0x18C5,78, 0x18E7,1, 0x4216,3, 0x5296,1, 0x5318,6, 0x639A,1, 0xF79E,3,
    0xD69E,1, 0x5318,4, 0x3A10,1, 0x39EF,1, 0x31CE,1, 0x31AC,1, 0x18C5,74, 0x2108,1,
    0x4216,3, 0x5296,1, 0x5318,6, 0x639A,1, 0xF79E,3, 0xD69E,1, 0x5318,8, 0x18C5,70,
    0x2149,1, 0x5318,1, 0x4A94,1, 0x4273,2, 0x5318,10, 0x639A,1, 0xF79E,3, 0xD69E,1,
    0x5318,8, 0x18C5,70, 0x296B,1, 0x5318,14, 0x639A,1, 0xF79E,3, 0xD69E,1, 0x5318,8,
    0x298C,1, 0x296B,1, 0x2149,1, 0x2108,1, 0x18C5,66, 0x298C,1, 0x5318,18, 0x639A,1,
    0x5318,11, 0x4273,1, 0x18C5,66, 0x31AD,1, 0x5318,30, 0x4252,1, 0x18C5,66, 0x31CE,1,
    0x5318,30, 0x3A31,1, 0x18C5,66, 0x3A0F,1, 0x5318,18, 0xD69E,1, 0xF79E,2, 0xD69E,1,
    0x639A,1, 0x5318,7, 0x4251,1, 0x2107,1, 0x18C5,65, 0x3A10,1, 0x5318,18, 0xD69E,1,
    0xF79E,3, 0x639A,1, 0x5318,11, 0x31EE,1, 0x18C5,62, 0x3A31,1, 0x5318,18, 0xD69E,1,
    0xF79E,3, 0x639A,1, 0x5318,11, 0x31CE,1, 0x18C5,58, 0x4272,1, 0x5318,2, 0x631A,1,
    0x5318,4, 0xD69E,4, 0x639A,1, 0x5318,10, 0xD69E,1, 0xF79E,3, 0x639A,1, 0x5318,11,
    0x31AD,1, 0x18C5,58, 0x4293,1, 0x5318,7, 0xF79E,4, 0x639A,1, 0x5318,10, 0x639A,5,
    0x5318,11, 0x298C,1, 0x18C5,58, 0x4AB4,1, 0x5318,7, 0xF79E,4, 0x639A,1, 0x5318,26,
    0x631A,1, 0x5318,2, 0x4A94,1, 0x2149,1, 0x18C5,54, 0x631A,1, 0x5318,7, 0xF79E,4,
    0x639A,1, 0x5318,30, 0x2949,1, 0x18C5,54, 0x5318,7, 0x631A,1, 0x639A,3, 0xD69E,1,
    0x5318,31, 0x2128,1, 0x18C5,54, 0x5318,30, 0x639A,1, 0xD69E,3, 0x639A,1, 0x5318,8,
    0x2107,1, 0x18C5,54, 0x5318,30, 0x639A,1, 0xF79E,4, 0x5318,8, 0x18C5,51, 0x18C6,3,
    0x18E7,1, 0x5318,30, 0x639A,1, 0xF79E,4, 0x5318,8, 0x18C5,51, 0x210A,11, 0x294B,1,
    0x316C,1, 0x318C,1, 0x31AD,1, 0x31CE,1, 0x39EF,1, 0x5296,3, 0x5318,14, 0x639A,1,
    0xF79E,3, 0xD69E,1, 0x5318,8, 0x18C5,51, 0x210A,28, 0x294A,1, 0x294B,2, 0x316C,1,
    0x318D,1, 0x31AD,1, 0x422F,1, 0x639A,2, 0xD69E,2, 0x5318,8, 0x18C5,50, 0x18C6,1,
    0x210A,46, 0x292A,1, 0x2109,1, 0x2108,1, 0x20E8,1, 0x18C6,1, 0x18C5,46, 0x18C6,1,
    0x210A,50, 0x18E6,1, 0x18C5,46, 0x18E6,1, 0x210A,50, 0x18C6,1, 0x18C5,38, 0x639A,5,
    0x5AF6,1, 0x52D5,1, 0x52B4,1, 0x4A94,1, 0x5296,2, 0x4216,1, 0x210A,47, 0x18C6,1,
    0x18C5,38, 0x639A,11, 0x6318,1, 0x639A,2, 0x6318,3, 0x5296,5, 0x4216,4, 0x210A,33,
    0x18C5,39, 0x639A,11, 0x6318,1, 0x639A,21, 0x6318,3, 0x5296,5, 0x4216,3, 0x210A,15,
    0x18C5,39, 0x52D5,1, 0x639A,50, 0x631A,1, 0x6318,3, 0x639A,2, 0x6318,2, 0x52F6,1,
    0x52D5,1, 0x52B4,1, 0x4A93,1, 0x4A72,1, 0x4251,1, 0x3A0F,1, 0x18C5,37, 0x2108,1,
    0x2149,1, 0x296A,1, 0x31AC,1, 0x31CD,1, 0x39EE,1, 0x6318,1, 0x639A,42, 0x6318,1,
    0x639A,11, 0x18C5,43, 0xD40C,10, 0xC38C,5, 0x6318,4, 0x639A,35, 0x5AF6,1, 0x18C5,43,
    0xD40C,29, 0xC38C,5, 0x6318,4, 0x639A,5, 0x6318,1, 0x639A,10, 0x52D5,1, 0x18C5,43,
    0xD40C,9, 0xD69E,1, 0xC38C,3, 0xD40C,31, 0x18C5,4, 0x2107,1, 0x2129,1, 0x296A,1,
    0x318C,1, 0x31CD,1, 0x39EE,1, 0x31CD,1, 0x18C5,43, 0xD40C,9, 0xC38C,1, 0x0000,3,
    0xD40C,20, 0xD69E,1, 0x210A,3, 0xD40C,7, 0x18C5,53, 0x2906,1, 0xD40C,9, 0x0000,4,
    0xD40C,20, 0xC38C,1, 0x0000,3, 0xD40C,7, 0x18C5,53, 0x3126,1, 0xD40C,9, 0x0000,4,
    0xD40C,20, 0x0000,4, 0xD40C,7, 0x18C5,45, 0x3947,1, 0xD40C,17, 0x0000,4, 0xD40C,20,
    0x0000,4, 0xD40C,7, 0x18C5,45, 0x3967,1, 0xD40C,17, 0x0000,4, 0xD40C,20, 0x0000,4,
    0xD40C,7, 0x4987,1, 0x4167,1, 0x3967,1, 0x3146,1, 0x2926,1, 0x2906,1, 0x18C5,39,
    0x4187,1, 0xD40C,17, 0x0000,4, 0xD40C,20, 0x0000,4, 0xD40C,15, 0x18C5,37, 0x51C8,1,
    0xD40C,16, 0xC38C,1, 0x0000,4, 0xD40C,20, 0x0000,4, 0xD40C,14, 0xB36B,1, 0x18C5,37,
    0x51E8,1, 0xD40C,17, 0x210A,4, 0xD40C,19, 0xC38C,1, 0x0000,4, 0xD40C,14, 0xA34B,1,
    0x18C5,37, 0x59E8,1, 0xD40C,41, 0xC38C,4, 0xD40C,14, 0xA32B,1, 0x18C5,37, 0x6208,1,
    0xD40C,51, 0xB38B,1, 0xD40C,7, 0x9B0A,1, 0x18C5,37, 0x6228,1, 0xD40C,51, 0xAB6B,1,
    0xD40C,7, 0x92EA,1, 0x18C5,40, 0x2106,1, 0x2926,1, 0x3146,1, 0x3967,1, 0x4187,1,
    0x8ACA,1, 0xD40C,43, 0xAB6B,1, 0xD40C,7, 0x8ACA,1, 0x18C5,45, 0x7269,1, 0xD40C,43,
    0x9B2B,1, 0xB36B,1, 0xD40C,6, 0x82AA,1, 0x18C5,45, 0x7A89,1, 0xD40C,43, 0x7A89,1,
    0x18C5,53, 0x82AA,1, 0xD40C,43, 0x7269,1, 0x18C5,53, 0x8ACA,1, 0xD40C,43, 0x7249,1,
    0x18C5,53, 0x92EA,1, 0xD40C,43, 0x6A29,1, 0x18C5,53, 0x9B0A,1, 0xD40C,43, 0x6208,1,
    0x18C5,53, 0x9B2B,1, 0xD40C,43, 0x59E8,1, 0x18C5,53, 0x4167,1, 0x51E8,1, 0x5A08,1,
    0x6208,1, 0x92EA,1, 0xA34B,1, 0xAB4B,1, 0xAB6B,1, 0x92EA,1, 0x8ACA,1, 0x92EA,1,
    0x9B0A,1, 0xAB4B,1, 0xB38C,1, 0xD40C,30, 0x51E8,1, 0x18C5,57, 0xAB6B,1, 0xD40C,3,
    0x49A7,1, 0x18C5,3, 0xAB6B,1, 0xD40C,3, 0x49A7,1, 0x18C5,7, 0x2906,1, 0x3126,1,
    0x3146,1, 0x3967,1, 0x9B0A,1, 0xD40C,3, 0x7269,1, 0x6228,1, 0x6A49,1, 0x7269,1,
    0x9B2B,1, 0xAB4B,1, 0xA34B,2, 0x9B0A,2, 0xA32B,1, 0xAB4B,1, 0x4187,1, 0x18C5,57,
    0xB36B,1, 0xD40C,3, 0x4187,1, 0x18C5,3, 0xB36B,1, 0xD40C,3, 0x4187,1, 0x18C5,11,
    0xB36B,1, 0xD40C,3, 0x4187,1, 0x18C5,3, 0xB36B,1, 0xD40C,3, 0x49A7,1, 0x18C5,61,
    0xD40C,4, 0x3967,1, 0x18C5,3, 0xD40C,4, 0x3967,1, 0x18C5,11, 0xD40C,4, 0x3967,1,
    0x18C5,3, 0xD40C,4, 0x4187,1, 0x18C5,61, 0xD40C,4, 0x3946,1, 0x18C5,3, 0xD40C,4,
    0x3946,1, 0x18C5,11, 0xD40C,4, 0x3946,1, 0x18C5,3, 0xD40C,4, 0x3946,1, 0x18C5,61,
    0xD40C,4, 0x20E4,1, 0x1083,3, 0xD40C,4, 0x2905,1, 0x1083,11, 0xD40C,4, 0x2905,1,
    0x1083,3, 0xD40C,4, 0x3126,1, 0x18C5,61, 0xD40C,4, 0x18A4,1, 0x0863,3, 0xD40C,4,
    0x20C4,1, 0x0863,11, 0xD40C,4, 0x20C4,1, 0x0863,3, 0xD40C,4, 0x2926,1, 0x18C5,61,
    0xD40C,4, 0x1083,1, 0x0863,3, 0xD40C,4, 0x1083,1, 0x0863,11, 0xD40C,4, 0x18A4,1,
    0x0863,3, 0xD40C,4, 0x18C5,62, 0x51C8,1, 0x59E8,1, 0x6207,1, 0x7248,1, 0x1083,4,
    0xD40C,4, 0x1083,12, 0xD40C,4, 0x18A4,1, 0x1083,3, 0xD40C,4, 0x18C5,86, 0x49A7,4,
    0x18C5,4, 0x82A9,1, 0x8ACA,1, 0x9B0A,1, 0xA34B,1, 0x18C5,31, 0x18C5,233, 0x2107,1,
    0x18C5,97, 0x5318,4, 0x4AB4,1, 0x4273,1, 0x3A31,1, 0x3A0F,1, 0x31CE,1, 0x29AC,1,
    0x296A,1, 0x2149,1, 0x2107,1, 0x18C5,85, 0x5318,14, 0x631A,1, 0x5318,1, 0x18C5,81,
    0x2108,1, 0x5318,15, 0x631A,1, 0x18C5,77, 0x2107,1, 0x31AD,1, 0x298B,1, 0x294A,1,
    0x298B,1, 0x5318,16, 0x18C5,77, 0x298B,1, 0x5318,15, 0x639A,3, 0x5318,1, 0x4A94,1,
    0x18C5,77, 0x31CD,1, 0x5318,15, 0x639A,1, 0xF79E,4, 0x4293,1, 0x4252,1, 0x3A10,1,
    0x298C,1, 0x18C5,73, 0x31EE,1, 0x5318,15, 0x639A,1, 0xF79E,4, 0x5318,3, 0x3A31,1,
    0x18C5,73, 0x3A30,1, 0x5318,3, 0x639A,2, 0x5318,10, 0xF79E,4, 0x639A,1, 0x5318,3,
    0x3A0F,1, 0x18C5,73, 0x4272,1, 0x5318,3, 0xF79E,4, 0x639A,1, 0x5318,7, 0xF79E,4,
    0x639A,1, 0x5318,3, 0x31CE,1, 0x18C5,73, 0x4293,1, 0x5318,3, 0xF79E,4, 0x639A,1,
    0x4216,3, 0x5318,6, 0x631A,1, 0x639A,2, 0x5318,3, 0x4252,1, 0x31AC,1, 0x296B,1,
    0x2149,1, 0x18C5,70, 0x5318,4, 0xF79E,4, 0x639A,1, 0x4216,3, 0x5318,16, 0x296B,1,
    0x18C5,69, 0x39EF,1, 0x4251,1, 0x4273,1, 0x5318,1, 0xF79E,4, 0x5318,1, 0x4216,3,
    0x5318,16, 0x2149,1, 0x18C5,75, 0x2107,1, 0x39CA,1, 0x4216,4, 0x5318,16, 0x2108,1,
    0x18C5,77, 0x4216,4, 0x5318,7, 0x639A,1, 0xF79E,4, 0x5318,4, 0x2128,1, 0x18C5,76,
    0x18E7,1, 0x4216,4, 0x5318,7, 0x639A,1, 0xF79E,4, 0x5318,8, 0x18C5,70, 0x2107,1,
    0x18C5,2, 0x2109,1, 0x4216,4, 0x5318,7, 0x639A,1, 0xF79E,4, 0x5318,8, 0x18C5,69,
    0x298B,1, 0x5318,15, 0x639A,1, 0xF79E,4, 0x5318,7, 0x631A,1, 0x18C5,69, 0x31AD,1,
    0x5318,15, 0x639A,5, 0x5318,7, 0x4273,1, 0x18C5,69, 0x31EE,1, 0x5318,28, 0x4A94,1,
    0x4272,1, 0x3A31,1, 0x298C,1, 0x18C5,65, 0x3A10,1, 0x5318,31, 0x3A30,1, 0x18C5,65,
    0x4251,1, 0x5318,31, 0x31EF,1, 0x18C5,65, 0x4273,1, 0x5318,19, 0x639A,5, 0x5318,7,
    0x31AD,1, 0x18C5,65, 0x5318,20, 0xF79E,4, 0x639A,1, 0x5318,7, 0x4252,1, 0x31CD,1,
    0x298C,1, 0x296A,1, 0x18C5,58, 0x31EE,1, 0x31CD,1, 0x298C,1, 0x296A,1, 0x5318,20,
    0xF79E,4, 0x639A,1, 0x5318,11, 0x294A,1, 0x18C5,57, 0x5318,8, 0xF79E,4, 0x639A,1,
    0x5318,11, 0xF79E,4, 0x639A,1, 0x5318,11, 0x2128,1, 0x18C5,57, 0x5318,7, 0x639A,1,
    0xF79E,4, 0x5318,11, 0x631A,1, 0xF79E,4, 0x5318,12, 0x1907,1, 0x18C5,56, 0x2128,1,
    0x5318,7, 0x639A,1, 0xF79E,4, 0x5318,28, 0x2128,1, 0x18E6,1, 0x18C5,55, 0x2949,1,
    0x5318,7, 0x639A,1, 0xF79E,4, 0x5318,30, 0x631A,2, 0x18C5,53, 0x298B,1, 0x5318,7,
    0x639A,5, 0x5318,31, 0x631A,1, 0x18C5,53, 0x31CD,1, 0x5318,43, 0x4A94,1, 0x18C5,49,
    0x18C6,3, 0x18C5,1, 0x31EE,1, 0x5318,31, 0x639A,1, 0xF79E,3, 0x639A,1, 0x5318,7,
    0x4272,1, 0x18C5,49, 0x20E8,1, 0x310C,5, 0x318E,2, 0x4212,3, 0x4216,1, 0x5318,24,
    0xF79E,5, 0x5318,7, 0x3A30,1, 0x18C5,49, 0x2109,1, 0x310C,16, 0x318E,3, 0x4212,2,
    0x4216,1, 0x5318,13, 0xF79E,4, 0x639A,1, 0x5318,7, 0x31EE,1, 0x18C5,49, 0x2109,1,
    0x310C,28, 0x318E,2, 0x4212,3, 0x4216,1, 0x5318,1, 0xF79E,4, 0x639A,1, 0x5318,7,
    0x31CD,1, 0x18C5,49, 0x310C,39, 0x318E,4, 0x4212,3, 0x4216,1, 0x5318,1, 0x298B,1,
    0x18C5,49, 0x310C,51, 0x2109,1, 0x18C5,37, 0x52B4,1, 0x639A,2, 0x52D5,1, 0x4A93,1,
    0x4251,1, 0x3A0F,1, 0x39CE,1, 0x31AC,1, 0x318E,2, 0x310C,49, 0x2109,1, 0x18C5,37,
    0x639A,12, 0x4212,1, 0x318E,1, 0x310C,46, 0x2109,1, 0x18C5,37, 0x639A,16, 0x6318,2,
    0x5318,1, 0x4216,1, 0x4212,3, 0x318E,2, 0x310C,35, 0x20E8,1, 0x18C5,37, 0x639A,28,
    0x6318,2, 0x5318,1, 0x4216,1, 0x4212,3, 0x318E,2, 0x310C,23, 0x20E8,1, 0x18C5,38,
    0x2128,1, 0x296A,1, 0x318C,1, 0x31CD,1, 0x3A0F,1, 0x4251,1, 0x4A93,1, 0x52B5,1,
    0x639A,30, 0x631A,1, 0x6318,1, 0x5318,1, 0x4216,1, 0x4212,3, 0x318E,3, 0x310C,7,
    0x318E,1, 0x310C,3, 0x20E8,1, 0x18C5,48, 0xD40C,1, 0x639A,39, 0x6318,2, 0x5318,1,
    0x4216,2, 0x639A,5, 0x52D5,1, 0x4A93,1, 0x4A72,1, 0x4230,1, 0x39EE,1, 0x31AC,1,
    0x2128,1, 0x18C5,41, 0xD40C,8, 0xF79E,1, 0x4212,1, 0x6318,3, 0x639A,31, 0x6318,1,
    0x639A,11, 0x39EF,1, 0x18C5,41, 0xD40C,8, 0x6318,1, 0x0000,3, 0xD40C,11, 0x6318,2,
    0x639A,19, 0x52D5,1, 0x639A,11, 0x31AD,1, 0x18C5,40, 0x2906,1, 0xD40C,8, 0x0000,4,
    0xD40C,20, 0x4212,1, 0x210A,1, 0x318E,2, 0x6318,2, 0x639A,6, 0x4A93,1, 0x639A,11,
    0x298B,1, 0x18C5,40, 0x3126,1, 0xD40C,8, 0x0000,4, 0xD40C,20, 0x0000,4, 0xD40C,8,
    0x18C5,4, 0x2107,1, 0x2949,1, 0x298B,1, 0x31AD,1, 0x39EF,1, 0x4230,1, 0x4A72,1,
    0x52B4,1, 0x2129,1, 0x18C5,32, 0x3947,1, 0xD40C,16, 0x0000,4, 0xD40C,20, 0x0000,4,
    0xD40C,8, 0x18C5,45, 0x3967,1, 0xD40C,16, 0x0000,4, 0xD40C,20, 0x0000,4, 0xD40C,8,
    0x4987,1, 0x4167,1, 0x3967,1, 0x3146,1, 0x2926,1, 0x2906,1, 0x18C5,39, 0x4187,1,
    0xD40C,16, 0x0000,3, 0x210A,1, 0xD40C,20, 0x0000,3, 0x210A,1, 0xD40C,16, 0x18C5,37,
    0x51C8,1, 0xD40C,16, 0x0000,3, 0x210A,1, 0xD40C,20, 0x0000,3, 0x210A,1, 0xD40C,15,
    0xB36B,1, 0x18C5,37, 0x51E8,1, 0xD40C,16, 0x310C,4, 0xD40C,20, 0x0000,3, 0x210A,1,
    0xD40C,15, 0xA34B,1, 0x18C5,37, 0x59E8,1, 0xD40C,41, 0x310C,2, 0xD40C,16, 0xA32B,1,
    0x18C5,37, 0x6208,1, 0xD40C,51, 0xB38B,1, 0xD40C,7, 0x9B0A,1, 0x18C5,37, 0x6228,1,
    0xD40C,51, 0xAB6B,1, 0xD40C,7, 0x92EA,1, 0x18C5,40, 0x2106,1, 0x2926,1, 0x3146,1,
    0x3967,1, 0x4187,1, 0x8ACA,1, 0xD40C,43, 0xAB6B,1, 0xD40C,7, 0x8ACA,1, 0x18C5,45,
    0x7269,1, 0xD40C,43, 0x9B2B,1, 0xB36B,1, 0xD40C,6, 0x82AA,1, 0x18C5,45, 0x7A89,1,
    0xD40C,43, 0x7A89,1, 0x18C5,53, 0x82AA,1, 0xD40C,43, 0x7269,1, 0x18C5,53, 0x8ACA,1,
    0xD40C,43, 0x7249,1, 0x18C5,53, 0x92EA,1, 0xD40C,43, 0x6A29,1, 0x18C5,53, 0x9B0A,1,
    0xD40C,43, 0x6208,1, 0x18C5,53, 0x9B2B,1, 0xD40C,43, 0x59E8,1, 0x18C5,53, 0x4167,1,
    0x51E8,1, 0x5A08,1, 0x6208,1, 0x92EA,1, 0xA34B,1, 0xAB4B,1, 0xAB6B,1, 0x92EA,1,
    0x8ACA,1, 0x92EA,1, 0x9B0A,1, 0xAB4B,1, 0xB38C,1, 0xD40C,30, 0x51E8,1, 0x18C5,57,
    0xAB6B,1, 0xD40C,3, 0x49A7,1, 0x18C5,3, 0xAB6B,1, 0xD40C,3, 0x49A7,1, 0x18C5,7,
    0x2906,1, 0x3126,1, 0x3146,1, 0x3967,1, 0x9B0A,1, 0xD40C,3, 0x7269,1, 0x6228,1,
    0x6A49,1, 0x7269,1, 0x9B2B,1, 0xAB4B,1, 0xA34B,2, 0x9B0A,2, 0xA32B,1, 0xAB4B,1,
    0x4187,1, 0x18C5,57, 0xB36B,1, 0xD40C,3, 0x4187,1, 0x18C5,3, 0xB36B,1, 0xD40C,3,
    0x4187,1, 0x18C5,11, 0xB36B,1, 0xD40C,3, 0x4187,1, 0x18C5,3, 0xB36B,1, 0xD40C,3,
    0x49A7,1, 0x18C5,61, 0xD40C,4, 0x3967,1, 0x18C5,3, 0xD40C,4, 0x3967,1, 0x18C5,11,
    0xD40C,4, 0x3967,1, 0x18C5,3, 0xD40C,4, 0x4187,1, 0x18C5,61, 0xD40C,4, 0x3946,1,
    0x18C5,3, 0xD40C,4, 0x3946,1, 0x18C5,11, 0xD40C,4, 0x3946,1, 0x18C5,3, 0xD40C,4,
    0x3946,1, 0x18C5,61, 0xD40C,4, 0x20E4,1, 0x1083,3, 0xD40C,4, 0x2905,1, 0x1083,11,
    0xD40C,4, 0x2905,1, 0x1083,3, 0xD40C,4, 0x3126,1, 0x18C5,61, 0xD40C,4, 0x18A4,1,
    0x0863,3, 0xD40C,4, 0x20C4,1, 0x0863,11, 0xD40C,4, 0x20C4,1, 0x0863,3, 0xD40C,4,
    0x2926,1, 0x18C5,61, 0xD40C,4, 0x1083,1, 0x0863,3, 0xD40C,4, 0x1083,1, 0x0863,11,
    0xD40C,4, 0x18A4,1, 0x0863,3, 0xD40C,4, 0x18C5,62, 0x51C8,1, 0x59E8,1, 0x6207,1,
    0x7248,1, 0x1083,4, 0xD40C,4, 0x1083,12, 0xD40C,4, 0x18A4,1, 0x1083,3, 0xD40C,4,
    0x18C5,86, 0x49A7,4, 0x18C5,4, 0x82A9,1, 0x8ACA,1, 0x9B0A,1, 0xA34B,1, 0x18C5,31,
    0x18C5,331, 0x39EF,1, 0x5318,1, 0x4273,1, 0x3A31,1, 0x3A0F,1, 0x31CE,1, 0x298C,1,
    0x296A,1, 0x2128,1, 0x18C5,89, 0x4251,1, 0x5318,11, 0x631A,1, 0x4273,1, 0x4251,1,
    0x3A0F,1, 0x2149,1, 0x18C5,81, 0x4293,1, 0x5318,15, 0x298C,1, 0x18C5,77, 0x294A,1,
    0x2149,1, 0x2107,1, 0x18C5,1, 0x5318,16, 0x296A,1, 0x18C5,77, 0x5318,20, 0x2128,1,
    0x18C5,77, 0x5318,16, 0xF79E,2, 0xA51C,2, 0x3A0F,1, 0x29AC,1, 0x296A,1, 0x2129,1,
    0x18C5,73, 0x2107,1, 0x5318,15, 0x639A,1, 0xF79E,4, 0x5318,4, 0x18C5,73, 0x2149,1,
    0x5318,15, 0x639A,1, 0xF79E,4, 0x5318,4, 0x18C5,73, 0x296B,1, 0x5318,3, 0xA51C,1,
    0xF79E,3, 0xA51C,1, 0x5318,7, 0x639A,1, 0xF79E,4, 0x5318,4, 0x18C5,73, 0x31AC,1,
    0x5318,3, 0xA51C,1, 0xF79E,3, 0xA51C,1, 0x4296,4, 0x5318,3, 0x639A,2, 0xA51C,3,
    0x5318,3, 0x4A94,1, 0x18C5,73, 0x31EE,1, 0x5318,3, 0xA51C,1, 0xF79E,3, 0xA51C,1,
    0x4296,3, 0x5318,16, 0x3A0F,1, 0x18C5,69, 0x31AC,1, 0x4A94,1, 0x5318,2, 0xA51C,1,
    0xF79E,3, 0xA51C,1, 0x4296,3, 0x5318,16, 0x3A10,1, 0x18C5,74, 0x39EA,1, 0x52AE,1,
    0x6B71,1, 0x639A,1, 0x4296,3, 0x5318,16, 0x31CE,1, 0x18C5,77, 0x31F1,1, 0x4296,3,
    0x5318,8, 0xA51C,3, 0x639A,2, 0x5318,3, 0x31AC,1, 0x18C5,77, 0x4296,4, 0x5318,8,
    0xF79E,4, 0xA51C,1, 0x5318,3, 0x631A,1, 0x4272,1, 0x3A31,1, 0x39EF,1, 0x2108,1,
    0x18C5,73, 0x4296,4, 0x5318,8, 0xF79E,4, 0x639A,1, 0x5318,7, 0x2149,1, 0x18C5,69,
    0x5318,2, 0x4A94,1, 0x4272,1, 0x5318,3, 0x4296,1, 0x5318,8, 0xF79E,4, 0x639A,1,
    0x5318,7, 0x2107,1, 0x18C5,68, 0x2107,1, 0x5318,15, 0x639A,1, 0xA51C,2, 0xF79E,2,
    0x5318,8, 0x18C5,69, 0x2149,1, 0x5318,28, 0x31AD,1, 0x298B,1, 0x2149,1, 0x2107,1,
    0x18C5,65, 0x296B,1, 0x5318,31, 0x631A,1, 0x18C5,65, 0x31AD,1, 0x5318,31, 0x4A94,1,
    0x18C5,65, 0x31EE,1, 0x5318,19, 0x639A,3, 0x5318,9, 0x4252,1, 0x18C5,65, 0x3A30,1,
    0x5318,19, 0xA51C,1, 0xF79E,3, 0xA51C,1, 0x5318,7, 0x4251,1, 0x18C5,61, 0x296A,1,
    0x296B,1, 0x2149,1, 0x2107,1, 0x4252,1, 0x5318,19, 0xA51C,1, 0xF79E,3, 0xA51C,1,
    0x5318,11, 0x31AC,1, 0x18C5,57, 0x4AB4,1, 0x5318,7, 0xA51C,4, 0x639A,1, 0x5318,11,
    0xF79E,4, 0xA51C,1, 0x5318,11, 0x31CD,1, 0x18C5,57, 0x631A,1, 0x5318,7, 0xF79E,4,
    0x639A,1, 0x5318,11, 0xA51C,1, 0xF79E,3, 0xA51C,1, 0x5318,11, 0x298B,1, 0x18C5,57,
    0x5318,8, 0xF79E,4, 0x639A,1, 0x5318,14, 0x639A,2, 0x5318,11, 0x294A,1, 0x18C5,57,
    0x5318,7, 0x631A,1, 0xF79E,4, 0x631A,1, 0x5318,27, 0x4A94,1, 0x3A51,1, 0x3A0F,1,
    0x31CE,1, 0x18C5,53, 0x2108,1, 0x5318,7, 0x639A,1, 0xA51C,4, 0x5318,32, 0x18C5,53,
    0x2949,1, 0x5318,44, 0x18C5,53, 0x298B,1, 0x5318,31, 0x639A,1, 0xA51C,3, 0x639A,1,
    0x5318,8, 0x18C5,49, 0x18E7,1, 0x2109,1, 0x20E8,2, 0x292A,1, 0x39CF,1, 0x3A11,1,
    0x5318,29, 0xA51C,1, 0xF79E,4, 0x5318,7, 0x4A94,1, 0x18C5,49, 0x20E8,1, 0x210A,10,
    0x290A,1, 0x292A,1, 0x294B,1, 0x296C,1, 0x31AD,1, 0x39CF,1, 0x3A31,1, 0x5318,18,
    0xA51C,1, 0xF79E,3, 0xA51C,1, 0x5318,7, 0x4273,1, 0x18C5,49, 0x2108,1, 0x210A,21,
    0x292A,2, 0x294B,1, 0x296C,1, 0x31AD,1, 0x39EF,1, 0x3A31,1, 0x5318,7, 0xA51C,1,
    0xF79E,3, 0xA51C,1, 0x5318,7, 0x3A31,1, 0x18C5,49, 0x2109,1, 0x210A,32, 0x290A,1,
    0x292A,1, 0x294B,1, 0x4A2E,1, 0x639A,1, 0xA51C,3, 0x5318,7, 0x3A0F,1, 0x18C5,49,
    0x2109,1, 0x210A,45, 0x316B,1, 0x318C,1, 0x294A,1, 0x18E7,1, 0x18C6,2, 0x18C5,37,
    0x4230,1, 0x4A73,1, 0x4230,1, 0x39EE,1, 0x31AC,1, 0x294A,1, 0x2107,1, 0x18C5,2,
    0x210A,52, 0x18E7,1, 0x18C5,36, 0x639A,9, 0x6318,1, 0x5296,2, 0x210A,49, 0x18C6,1,
    0x18C5,36, 0x639A,12, 0x5296,3, 0x4216,2, 0x210A,44, 0x18C5,37, 0x639A,21, 0x631A,1,
    0x6318,1, 0x5296,3, 0x4216,2, 0x210A,33, 0x18C5,37, 0x31AC,1, 0x39EE,1, 0x4230,1,
    0x4A72,1, 0x52D5,1, 0x639A,28, 0x6318,1, 0x5296,3, 0x4216,2, 0x210A,22, 0x18C5,45,
    0x2128,1, 0x296B,1, 0x31CD,1, 0xA51C,1, 0x639A,31, 0x631A,1, 0x6318,1, 0x5296,3,
    0x4216,2, 0x210A,6, 0x4216,3, 0x210A,2, 0x18C5,48, 0xD40C,3, 0xA51C,2, 0x6318,1,
    0x639A,37, 0x631A,1, 0x5296,1, 0x639A,9, 0x52B4,1, 0x4A73,1, 0x4210,1, 0x18C5,41,
    0xD40C,8, 0x6318,1, 0x0000,2, 0x210A,1, 0xD40C,2, 0xA51C,2, 0x6318,1, 0x639A,40,
    0x18C5,40, 0x2906,1, 0xD40C,8, 0x0000,4, 0xD40C,13, 0xA51C,1, 0x6318,2, 0x639A,16,
    0x5AF6,1, 0x639A,11, 0x52B5,1, 0x18C5,40, 0x3126,1, 0xD40C,8, 0x0000,4, 0xD40C,20,
    0x0000,1, 0x210A,3, 0xA51C,1, 0x6318,2, 0x639A,5, 0x4A93,1, 0x4252,1, 0x4A93,1,
    0x52D5,1, 0x639A,8, 0x4A73,1, 0x18C5,32, 0x3947,1, 0xD40C,16, 0x0000,4, 0xD40C,20,
    0x0000,4, 0xD40C,8, 0x2128,1, 0x18C5,6, 0x1907,1, 0x2129,1, 0x296B,1, 0x31AC,1,
    0x39EE,1, 0x298B,1, 0x18C5,32, 0x3967,1, 0xD40C,16, 0x0000,4, 0xD40C,20, 0x0000,4,
    0xD40C,8, 0x4987,1, 0x4167,1, 0x3967,1, 0x3146,1, 0x2926,1, 0x2906,1, 0x18C5,39,
    0x4187,1, 0xD40C,16, 0x0000,3, 0x210A,1, 0xD40C,20, 0x0000,3, 0x210A,1, 0xD40C,16,
    0x18C5,37, 0x51C8,1, 0xD40C,16, 0x0000,3, 0x210A,1, 0xD40C,20, 0x0000,3, 0x210A,1,
    0xD40C,15, 0xB36B,1, 0x18C5,37, 0x51E8,1, 0xD40C,16, 0x210A,4, 0xD40C,20, 0x0000,3,
    0x210A,1, 0xD40C,15, 0xA34B,1, 0x18C5,37, 0x59E8,1, 0xD40C,42, 0x210A,1, 0xD40C,16,
    0xA32B,1, 0x18C5,37, 0x6208,1, 0xD40C,51, 0xB38B,1, 0xD40C,7, 0x9B0A,1, 0x18C5,37,
    0x6228,1, 0xD40C,51, 0xAB6B,1, 0xD40C,7, 0x92EA,1, 0x18C5,40, 0x2106,1, 0x2926,1,
    0x3146,1, 0x3967,1, 0x4187,1, 0x8ACA,1, 0xD40C,43, 0xAB6B,1, 0xD40C,7, 0x8ACA,1,
    0x18C5,45, 0x7269,1, 0xD40C,43, 0x9B2B,1, 0xB36B,1, 0xD40C,6, 0x82AA,1, 0x18C5,45,
    0x7A89,1, 0xD40C,43, 0x7A89,1, 0x18C5,53, 0x82AA,1, 0xD40C,43, 0x7269,1, 0x18C5,53,
    0x8ACA,1, 0xD40C,43, 0x7249,1, 0x18C5,53, 0x92EA,1, 0xD40C,43, 0x6A29,1, 0x18C5,53,
    0x9B0A,1, 0xD40C,43, 0x6208,1, 0x18C5,53, 0x9B2B,1, 0xD40C,43, 0x59E8,1, 0x18C5,53,
    0x4167,1, 0x51E8,1, 0x5A08,1, 0x6208,1, 0x92EA,1, 0xA34B,1, 0xAB4B,1, 0xAB6B,1,
    0x92EA,1, 0x8ACA,1, 0x92EA,1, 0x9B0A,1, 0xAB4B,1, 0xB38C,1, 0xD40C,30, 0x51E8,1,
    0x18C5,57, 0xAB6B,1, 0xD40C,3, 0x49A7,1, 0x18C5,3, 0xAB6B,1, 0xD40C,3, 0x49A7,1,
    0x18C5,7, 0x2906,1, 0x3126,1, 0x3146,1, 0x3967,1, 0x9B0A,1, 0xD40C,3, 0x7269,1,
    0x6228,1, 0x6A49,1, 0x7269,1, 0x9B2B,1, 0xAB4B,1, 0xA34B,2, 0x9B0A,2, 0xA32B,1,
    0xAB4B,1, 0x4187,1, 0x18C5,57, 0xB36B,1, 0xD40C,3, 0x4187,1, 0x18C5,3, 0xB36B,1,
    0xD40C,3, 0x4187,1, 0x18C5,11, 0xB36B,1, 0xD40C,3, 0x4187,1, 0x18C5,3, 0xB36B,1,
    0xD40C,3, 0x49A7,1, 0x18C5,61, 0xD40C,4, 0x3967,1, 0x18C5,3, 0xD40C,4, 0x3967,1,
    0x18C5,11, 0xD40C,4, 0x3967,1, 0x18C5,3, 0xD40C,4, 0x4187,1, 0x18C5,61, 0xD40C,4,
    0x3946,1, 0x18C5,3, 0xD40C,4, 0x3946,1, 0x18C5,11, 0xD40C,4, 0x3946,1, 0x18C5,3,
    0xD40C,4, 0x3946,1, 0x18C5,61, 0xD40C,4, 0x20E4,1, 0x1083,3, 0xD40C,4, 0x2905,1,
    0x1083,11, 0xD40C,4, 0x2905,1, 0x1083,3, 0xD40C,4, 0x3126,1, 0x18C5,61, 0xD40C,4,
    0x18A4,1, 0x0863,3, 0xD40C,4, 0x20C4,1, 0x0863,11, 0xD40C,4, 0x20C4,1, 0x0863,3,
    0xD40C,4, 0x2926,1, 0x18C5,61, 0xD40C,4, 0x1083,1, 0x0863,3, 0xD40C,4, 0x1083,1,
    0x0863,11, 0xD40C,4, 0x18A4,1, 0x0863,3, 0xD40C,4, 0x18C5,62, 0x51C8,1, 0x59E8,1,
    0x6207,1, 0x7248,1, 0x1083,4, 0xD40C,4, 0x1083,12, 0xD40C,4, 0x18A4,1, 0x1083,3,
    0xD40C,4, 0x18C5,86, 0x49A7,4, 0x18C5,4, 0x82A9,1, 0x8ACA,1, 0x9B0A,1, 0xA34B,1,
    0x18C5,31, 0x18C5,332, 0x296A,1, 0x4252,1, 0x3A10,1, 0x31CD,1, 0x298B,1, 0x2129,1,
    0x18C5,92, 0x31CE,1, 0x5318,6, 0x6318,2, 0x4272,1, 0x3A10,1, 0x31CE,1, 0x298B,1,
    0x2149,1, 0x18C5,84, 0x3A30,1, 0x5318,15, 0x31EE,1, 0x18C5,77, 0x2107,1, 0x18C5,3,
    0x4272,1, 0x5318,15, 0x31CE,1, 0x18C5,77, 0x5318,3, 0x4AB4,1, 0x5318,16, 0x298B,1,
    0x18C5,77, 0x5318,16, 0x639A,1, 0x6318,1, 0x5318,2, 0x2149,1, 0x18C5,76, 0x2107,1,
    0x5318,16, 0xF79E,4, 0x5B15,1, 0x3A31,1, 0x31EE,1, 0x31AC,1, 0x18C5,73, 0x2149,1,
    0x5318,15, 0x6318,1, 0xF79E,4, 0x639A,1, 0x5318,3, 0x18C5,73, 0x298B,1, 0x5318,3,
    0x639A,1, 0xF79E,1, 0x7398,3, 0x5318,7, 0x639A,1, 0xF79E,4, 0x5318,4, 0x18C5,73,
    0x31CE,1, 0x5318,3, 0x7398,1, 0xF79E,4, 0x4216,3, 0x5318,4, 0x7398,1, 0xF79E,4,
    0x5318,3, 0x4293,1, 0x18C5,73, 0x3A30,1, 0x5318,3, 0x7398,1, 0xF79E,4, 0x4216,3,
    0x5318,6, 0x639A,1, 0x7398,2, 0x5318,3, 0x4294,1, 0x2149,1, 0x1907,1, 0x18C5,71,
    0x3A10,1, 0x5318,3, 0xF79E,4, 0x7398,1, 0x4216,3, 0x5318,17, 0x31AD,1, 0x18C5,71,
    0x2128,1, 0x6310,1, 0x94D6,1, 0xF79E,2, 0x7398,1, 0x4216,3, 0x5318,17, 0x31CD,1,
    0x18C5,76, 0x4216,4, 0x5318,17, 0x296B,1, 0x18C5,76, 0x4216,4, 0x5318,8, 0xF79E,2,
    0x7398,2, 0x639A,1, 0x5318,4, 0x2129,1, 0x18C5,75, 0x18E7,1, 0x4216,4, 0x5318,8,
    0xF79E,4, 0x639A,1, 0x5318,4, 0x4273,1, 0x3A30,1, 0x31EE,1, 0x298C,1, 0x18C5,68,
    0x2149,1, 0x4273,1, 0x3A30,1, 0x31CE,2, 0x4216,4, 0x5318,7, 0x639A,1, 0xF79E,4,
    0x5318,8, 0x6318,1, 0x18C5,68, 0x31AD,1, 0x5318,15, 0x7398,1, 0xF79E,4, 0x5318,9,
    0x18C5,68, 0x3A0F,1, 0x5318,15, 0x639A,1, 0x7398,2, 0xF79E,2, 0x5318,8, 0x4273,1,
    0x18C5,68, 0x4251,1, 0x5318,28, 0x4273,1, 0x2149,1, 0x18E6,1, 0x18C5,66, 0x4294,1,
    0x5318,32, 0x31CD,1, 0x18C5,64, 0x5318,33, 0x31AD,1, 0x18C5,64, 0x5318,20, 0x7398,2,
    0x639A,1, 0x5318,10, 0x296A,1, 0x18C5,60, 0x294A,1, 0x2108,1, 0x18C5,1, 0x2107,1,
    0x5318,20, 0xF79E,4, 0x639A,1, 0x5318,8, 0x2128,1, 0x18C5,59, 0x296A,1, 0x5318,7,
    0x639A,1, 0x7398,1, 0x639A,1, 0x5318,13, 0x6318,1, 0xF79E,4, 0x639A,1, 0x5318,9,
    0x4272,1, 0x3A10,1, 0x31CE,1, 0x18C5,56, 0x31AC,1, 0x5318,7, 0x7398,1, 0xF79E,4,
    0x5318,11, 0x639A,1, 0xF79E,4, 0x5318,13, 0x18C5,56, 0x3A0F,1, 0x5318,7, 0x7398,1,
    0xF79E,4, 0x5318,11, 0x7398,1, 0xF79E,4, 0x5318,13, 0x18C5,56, 0x4251,1, 0x5318,7,
    0x7398,1, 0xF79E,4, 0x5318,15, 0x639A,1, 0x5318,12, 0x4272,1, 0x18C5,56, 0x4A94,1,
    0x5318,7, 0x7398,1, 0xF79E,3, 0x7398,1, 0x5318,28, 0x4293,1, 0x296B,1, 0x2128,1,
    0x18C5,54, 0x5318,11, 0x639A,2, 0x5318,32, 0x31CD,1, 0x18C5,52, 0x5318,45, 0x298B,1,
    0x18C5,48, 0x18C6,1, 0x18C5,2, 0x2108,1, 0x5318,33, 0x7398,1, 0x639A,2, 0x5318,9,
    0x2949,1, 0x18C5,47, 0x18E7,1, 0x210A,4, 0x318E,1, 0x4212,2, 0x4216,1, 0x5318,29,
    0xF79E,4, 0x639A,1, 0x5318,7, 0x2108,1, 0x18C5,47, 0x20E8,1, 0x210A,11, 0x318E,2,
    0x4212,2, 0x4216,1, 0x5318,20, 0x639A,1, 0xF79E,4, 0x639A,1, 0x5318,7, 0x18C5,48,
    0x20E8,1, 0x210A,19, 0x318E,2, 0x4212,2, 0x4216,1, 0x5318,12, 0x639A,1, 0xF79E,4,
    0x5318,8, 0x18C5,48, 0x2109,1, 0x210A,27, 0x318E,2, 0x4212,3, 0x5318,4, 0x7398,1,
    0xF79E,4, 0x5318,7, 0x4A94,1, 0x18C5,48, 0x210A,36, 0x318E,1, 0x4212,1, 0x7398,2,
    0xF79E,1, 0x7398,1, 0x5318,7, 0x4251,1, 0x18C5,39, 0x639A,2, 0x52B4,1, 0x4A51,1,
    0x3A0F,1, 0x31AC,1, 0x294A,1, 0x2107,1, 0x18C5,1, 0x210A,44, 0x318E,3, 0x4212,2,
    0x31CE,1, 0x18C6,1, 0x18C5,37, 0x2128,1, 0x639A,9, 0x6318,1, 0x5318,1, 0x4216,1,
    0x318E,1, 0x210A,49, 0x18E7,1, 0x18C5,34, 0x296A,1, 0x639A,12, 0x4212,2, 0x318E,2,
    0x210A,46, 0x18E7,1, 0x18C5,34, 0x31AC,1, 0x639A,17, 0x6318,2, 0x5318,1, 0x4212,2,
    0x318E,2, 0x210A,38, 0x18C6,1, 0x18C5,35, 0x2108,1, 0x296A,1, 0x31CD,1, 0x4210,1,
    0x4A72,1, 0x52B5,1, 0x639A,5, 0x7398,1, 0x639A,14, 0x6318,1, 0x5318,1, 0x4216,1,
    0x4212,2, 0x318E,2, 0x210A,29, 0x18C5,44, 0x2107,1, 0x296A,1, 0x31CD,1, 0x7398,1,
    0x639A,22, 0x6318,2, 0x5318,1, 0x4212,2, 0x318E,2, 0x210A,21, 0x18C5,47, 0xD40C,1,
    0x7398,3, 0x639A,28, 0x6318,1, 0x5318,1, 0x4216,1, 0x4212,2, 0x318E,2, 0x210A,6,
    0x318E,1, 0x4212,2, 0x318E,1, 0x210A,1, 0x2109,1, 0x18C5,46, 0x2906,1, 0xD40C,8,
    0x318E,2, 0x4212,1, 0x5318,1, 0x7398,1, 0x639A,27, 0x6318,2, 0x5318,1, 0x4212,3,
    0x639A,6, 0x52B4,1, 0x4251,1, 0x39EE,1, 0x31AC,1, 0x2949,1, 0x18C5,40, 0x3126,1,
    0xD40C,8, 0x0000,4, 0xD40C,5, 0x7398,4, 0x639A,24, 0x6318,1, 0x639A,12, 0x18C5,31,
    0x3947,1, 0xD40C,16, 0x0000,4, 0xD40C,14, 0x7398,4, 0x639A,15, 0x52D5,1, 0x639A,12,
    0x18C5,31, 0x3967,1, 0xD40C,16, 0x0000,4, 0xD40C,20, 0x210A,2, 0x318E,1, 0x4212,1,
    0x7398,2, 0x639A,6, 0x7398,1, 0x6AF2,1, 0x7398,4, 0x639A,7, 0x4A94,1, 0x18C5,31,
    0x4187,1, 0xD40C,16, 0x0000,3, 0x210A,1, 0xD40C,20, 0x0000,3, 0x210A,1, 0xD40C,7,
    0x7398,1, 0xD40C,8, 0x4210,1, 0x4A72,1, 0x52B4,1, 0x639A,2, 0x4251,1, 0x18C5,31,
    0x51C8,1, 0xD40C,16, 0x0000,3, 0x210A,1, 0xD40C,20, 0x0000,3, 0x210A,1, 0xD40C,15,
    0xAB6B,1, 0x18C5,37, 0x51E8,1, 0xD40C,16, 0x210A,3, 0x318E,1, 0xD40C,20, 0x0000,3,
    0x210A,1, 0xD40C,15, 0xA34B,1, 0x18C5,37, 0x59E8,1, 0xD40C,41, 0x318E,2, 0xD40C,16,
    0xA32B,1, 0x18C5,37, 0x6208,1, 0xD40C,51, 0xB38B,1, 0xD40C,7, 0x9B0A,1, 0x18C5,37,
    0x6228,1, 0xD40C,51, 0xAB6B,1, 0xD40C,7, 0x92EA,1, 0x18C5,40, 0x2106,1, 0x2926,1,
    0x3146,1, 0x3967,1, 0x4187,1, 0x8ACA,1, 0xD40C,43, 0xAB6B,1, 0xD40C,7, 0x8ACA,1,
    0x18C5,45, 0x7269,1, 0xD40C,43, 0x9B2B,1, 0xB36B,1, 0xD40C,6, 0x82AA,1, 0x18C5,45,
    0x7A89,1, 0xD40C,43, 0x7A89,1, 0x18C5,53, 0x82AA,1, 0xD40C,43, 0x7269,1, 0x18C5,53,
    0x8ACA,1, 0xD40C,43, 0x7249,1, 0x18C5,53, 0x92EA,1, 0xD40C,43, 0x6A29,1, 0x18C5,53,
    0x9B0A,1, 0xD40C,43, 0x6208,1, 0x18C5,53, 0x9B2B,1, 0xD40C,43, 0x59E8,1, 0x18C5,53,
    0x4167,1, 0x51E8,1, 0x5A08,1, 0x6208,1, 0x92EA,1, 0xA34B,1, 0xAB4B,1, 0xAB6B,1,
    0x92EA,1, 0x8ACA,1, 0x92EA,1, 0x9B0A,1, 0xAB4B,1, 0xB38C,1, 0xD40C,30, 0x51E8,1,
    0x18C5,57, 0xAB6B,1, 0xD40C,3, 0x49A7,1, 0x18C5,3, 0xAB6B,1, 0xD40C,3, 0x49A7,1,
    0x18C5,7, 0x2906,1, 0x3126,1, 0x3146,1, 0x3967,1, 0x9B0A,1, 0xD40C,3, 0x7269,1,
    0x6228,1, 0x6A49,1, 0x7269,1, 0x9B2B,1, 0xAB4B,1, 0xA34B,2, 0x9B0A,2, 0xA32B,1,
    0xAB4B,1, 0x4187,1, 0x18C5,57, 0xB36B,1, 0xD40C,3, 0x4187,1, 0x18C5,3, 0xB36B,1,
    0xD40C,3, 0x4187,1, 0x18C5,11, 0xB36B,1, 0xD40C,3, 0x4187,1, 0x18C5,3, 0xB36B,1,
    0xD40C,3, 0x49A7,1, 0x18C5,61, 0xD40C,4, 0x3967,1, 0x18C5,3, 0xD40C,4, 0x3967,1,
    0x18C5,11, 0xD40C,4, 0x3967,1, 0x18C5,3, 0xD40C,4, 0x4187,1, 0x18C5,61, 0xD40C,4,
    0x3946,1, 0x18C5,3, 0xD40C,4, 0x3946,1, 0x18C5,11, 0xD40C,4, 0x3946,1, 0x18C5,3,
    0xD40C,4, 0x3946,1, 0x18C5,61, 0xD40C,4, 0x20E4,1, 0x1083,3, 0xD40C,4, 0x2905,1,
    0x1083,11, 0xD40C,4, 0x2905,1, 0x1083,3, 0xD40C,4, 0x3126,1, 0x18C5,61, 0xD40C,4,
    0x18A4,1, 0x0863,3, 0xD40C,4, 0x20C4,1, 0x0863,11, 0xD40C,4, 0x20C4,1, 0x0863,3,
    0xD40C,4, 0x2926,1, 0x18C5,61, 0xD40C,4, 0x1083,1, 0x0863,3, 0xD40C,4, 0x1083,1,
    0x0863,11, 0xD40C,4, 0x18A4,1, 0x0863,3, 0xD40C,4, 0x18C5,62, 0x51C8,1, 0x59E8,1,
    0x6207,1, 0x7248,1, 0x1083,4, 0xD40C,4, 0x1083,12, 0xD40C,4, 0x18A4,1, 0x1083,3,
    0xD40C,4, 0x18C5,86, 0x49A7,4, 0x18C5,4, 0x82A9,1, 0x8ACA,1, 0x9B0A,1, 0xA34B,1,
    0x18C5,31, 0x18C5,334, 0x2149,2, 0x18C5,96, 0x4A94,1, 0x5318,3, 0x4273,1, 0x3A10,1,
    0x31AC,1, 0x2149,1, 0x18C5,90, 0x6318,1, 0x5318,8, 0x6318,1, 0x4293,1, 0x3A30,1,
    0x31CD,1, 0x296A,1, 0x18E7,1, 0x18C5,82, 0x18E7,1, 0x5318,16, 0x4A94,1, 0x1907,1,
    0x18C5,75, 0x296B,1, 0x5318,1, 0x4273,1, 0x3A10,1, 0x3A0F,1, 0x5318,17, 0x18C5,76,
    0x31CE,1, 0x5318,21, 0x18C5,76, 0x3A31,1, 0x5318,16, 0x6318,1, 0x5318,3, 0x4252,1,
    0x18C5,76, 0x4A94,1, 0x5318,16, 0x849A,1, 0xF79E,2, 0x849A,2, 0x39EF,1, 0x298C,1,
    0x2149,1, 0x18C5,73, 0x5318,4, 0x639A,1, 0x5318,12, 0x849A,1, 0xF79E,3, 0x849A,1,
    0x5318,3, 0x31AD,1, 0x18C5,71, 0x2107,1, 0x5318,4, 0xF79E,4, 0x6318,1, 0x5318,8,
    0xF79E,4, 0x849A,1, 0x5318,3, 0x296A,1, 0x18C5,71, 0x296A,1, 0x5318,4, 0xF79E,4,
    0x5318,1, 0x4296,4, 0x5318,4, 0xF79E,4, 0x849A,1, 0x5318,3, 0x1907,1, 0x18C5,71,
    0x31CD,1, 0x5318,3, 0x639A,1, 0xF79E,4, 0x4296,5, 0x5318,5, 0x639A,1, 0x849A,2,
    0x639A,1, 0x5318,2, 0x6318,1, 0x18C5,72, 0x3A0F,1, 0x5318,3, 0x849A,1, 0xF79E,4,
    0x4296,4, 0x5318,15, 0x4252,1, 0x31AD,1, 0x18C5,69, 0x2107,1, 0x296A,1, 0x31CD,1,
    0x3A30,1, 0x4293,1, 0x639A,1, 0x849A,1, 0x639A,1, 0x4296,4, 0x5318,16, 0x4252,1,
    0x18C5,76, 0x4296,5, 0x5318,16, 0x39EF,1, 0x18C5,76, 0x4296,5, 0x5318,8, 0x849A,3,
    0x639A,1, 0x5318,4, 0x298C,1, 0x18C5,75, 0x18E7,1, 0x4296,5, 0x5318,8, 0xF79E,4,
    0x849A,1, 0x5318,3, 0x2129,1, 0x18C5,71, 0x2128,1, 0x31AC,1, 0x2149,1, 0x18C5,1,
    0x2129,1, 0x4296,5, 0x5318,8, 0xF79E,4, 0x849A,1, 0x5318,3, 0x31CE,1, 0x296B,1,
    0x2107,1, 0x18C5,69, 0x31EE,1, 0x5318,7, 0x4296,1, 0x5318,8, 0x639A,1, 0xF79E,4,
    0x6318,1, 0x5318,7, 0x4293,1, 0x18C5,67, 0x4251,1, 0x5318,16, 0x849A,1, 0xF79E,4,
    0x5318,8, 0x4A94,1, 0x18C5,67, 0x4AB4,1, 0x5318,16, 0x639A,1, 0x849A,1, 0xF79E,3,
    0x5318,8, 0x3A31,1, 0x18C5,67, 0x6318,1, 0x5318,20, 0x6318,1, 0x5318,8, 0x31CE,1,
    0x18C5,66, 0x2107,1, 0x5318,31, 0x3A30,1, 0x31CD,1, 0x296A,1, 0x18C5,63, 0x296A,1,
    0x5318,34, 0x2129,1, 0x18C5,58, 0x2107,1, 0x18E7,1, 0x18C5,2, 0x31CD,1, 0x5318,34,
    0x18C5,59, 0x4251,1, 0x5318,2, 0x4A94,1, 0x5318,21, 0x639A,1, 0xF79E,3, 0x849A,1,
    0x5318,9, 0x18C5,59, 0x4AB4,1, 0x5318,7, 0x849A,1, 0xF79E,1, 0x849A,2, 0x639A,1,
    0x5318,12, 0x849A,1, 0xF79E,4, 0x5318,8, 0x4A94,1, 0x18C5,59, 0x5318,8, 0xF79E,4,
    0x849A,1, 0x5318,12, 0x849A,1, 0xF79E,4, 0x5318,11, 0x4293,1, 0x298C,1, 0x18C5,54,
    0x2108,1, 0x5318,8, 0xF79E,4, 0x849A,1, 0x5318,12, 0x849A,1, 0xF79E,3, 0x849A,1,
    0x5318,12, 0x31CD,1, 0x18C5,54, 0x296B,1, 0x5318,8, 0xF79E,4, 0x639A,1, 0x5318,13,
    0x639A,1, 0x849A,3, 0x5318,12, 0x296A,1, 0x18C5,54, 0x31CE,1, 0x5318,7, 0x639A,1,
    0x849A,2, 0xF79E,2, 0x5318,30, 0x2107,1, 0x18C5,54, 0x3A31,1, 0x5318,42, 0x3A0F,1,
    0x31AC,1, 0x2149,1, 0x18C5,48, 0x20E7,1, 0x18E7,1, 0x18C6,1, 0x18C5,1, 0x4A94,1,
    0x5318,46, 0x18C5,46, 0x18C6,1, 0x210A,4, 0x4210,3, 0x4296,1, 0x5318,42, 0x4272,1,
    0x18C5,46, 0x18E7,1, 0x210A,10, 0x4210,3, 0x4296,1, 0x5318,23, 0x849A,1, 0xF79E,1,
    0x849A,3, 0x639A,1, 0x5318,7, 0x3A0F,1, 0x18C5,46, 0x20E8,1, 0x210A,16, 0x4210,3,
    0x4296,1, 0x5318,17, 0xF79E,5, 0x849A,1, 0x5318,7, 0x29AC,1, 0x18C5,46, 0x2109,1,
    0x210A,22, 0x4210,3, 0x4296,1, 0x5318,11, 0xF79E,5, 0x849A,1, 0x5318,7, 0x2149,1,
    0x18C5,37, 0x2129,1, 0x18C5,8, 0x210A,30, 0x4210,2, 0x4296,2, 0x5318,4, 0xF79E,5,
    0x639A,1, 0x5318,7, 0x18C5,37, 0x31AC,1, 0x639A,3, 0x52B5,1, 0x4A72,1, 0x3A0F,1,
    0x31AC,1, 0x2129,1, 0x18C5,1, 0x210A,36, 0x4210,2, 0x4296,1, 0x6398,1, 0x849A,1,
    0xF79E,2, 0x5318,8, 0x18C5,37, 0x4210,1, 0x639A,10, 0x6318,1, 0x4296,1, 0x210A,39,
    0x4210,3, 0x4296,1, 0x5318,4, 0x4273,1, 0x18C5,37, 0x4A73,1, 0x639A,12, 0x210A,46,
    0x4210,1, 0x318C,1, 0x18E7,1, 0x18C6,1, 0x18C5,35, 0x4A72,1, 0x639A,12, 0x6398,1,
    0x6318,1, 0x4210,2, 0x210A,47, 0x2109,1, 0x18C5,35, 0x2128,1, 0x318B,1, 0x3A0F,1,
    0x4A72,1, 0x52F6,1, 0x639A,12, 0x6398,2, 0x4210,3, 0x210A,33, 0x4210,1, 0xD40C,2,
    0x210A,4, 0x2109,1, 0x18C5,41, 0x2107,1, 0x296B,1, 0x39EE,1, 0x4A71,1, 0x849A,1,
    0x639A,13, 0x6398,1, 0x6318,1, 0x4296,1, 0x4210,2, 0x210A,24, 0x4210,1, 0xD40C,4,
    0x4210,1, 0x210A,3, 0x20E8,1, 0x18C5,44, 0x2906,1, 0x849A,1, 0x639A,20, 0x6318,2,
    0x4210,3, 0x210A,14, 0x4210,1, 0xD40C,8, 0x210A,3, 0x18E7,1, 0x18C5,44, 0x3126,1,
    0xD40C,2, 0x849A,2, 0x639A,23, 0x6398,1, 0x6318,1, 0x4296,1, 0x4210,2, 0x210A,8,
    0x4210,1, 0xD40C,8, 0x210A,3, 0x18C6,1, 0x18C5,36, 0x3947,1, 0xD40C,16, 0x4210,2,
    0x5318,1, 0x639A,23, 0x6318,1, 0x4296,1, 0x4210,3, 0x210A,2, 0xD40C,8, 0x4210,1,
    0x210A,2, 0x18C5,37, 0x3967,1, 0xD40C,16, 0x0000,4, 0xD40C,3, 0x849A,2, 0x639A,24,
    0xD40C,9, 0x639A,1, 0x6318,1, 0x4A72,1, 0x39EF,1, 0x298B,1, 0x2128,1, 0x18C5,33,
    0x4187,1, 0xD40C,16, 0x0000,3, 0x210A,1, 0xD40C,9, 0x849A,3, 0x639A,17, 0x849A,1,
    0xD40C,8, 0x849A,1, 0x639A,7, 0x4A73,1, 0x2128,1, 0x18C5,29, 0x51C8,1, 0xD40C,16,
    0x0000,3, 0x210A,1, 0xD40C,16, 0x849A,2, 0x639A,12, 0xD40C,8, 0x849A,1, 0x639A,8,
    0x2129,1, 0x18C5,29, 0x51E8,1, 0xD40C,16, 0x210A,3, 0x4210,1, 0xD40C,20, 0x0000,1,
    0x210A,1, 0x4210,2, 0x849A,1, 0x639A,5, 0x849A,1, 0xD40C,4, 0x849A,1, 0x639A,11,
    0x18C5,30, 0x59E8,1, 0xD40C,41, 0x4210,2, 0xD40C,6, 0x849A,2, 0xD40C,2, 0x849A,1,
    0x2128,1, 0x18C5,2, 0x294A,1, 0x31CD,1, 0x4230,1, 0x4A73,1, 0x52D6,1, 0x639A,5,
    0x18C5,30, 0x6208,1, 0xD40C,51, 0xA32B,1, 0x18C5,1, 0x2949,1, 0x18C5,10, 0x2949,1,
    0x31AC,2, 0x18C5,30, 0x6228,1, 0xD40C,51, 0x92EA,1, 0x18C5,48, 0x2106,1, 0x2926,1,
    0x3146,1, 0x3967,1, 0x4187,1, 0x8ACA,1, 0xD40C,43, 0x8ACA,1, 0x18C5,53, 0x7269,1,
    0xD40C,43, 0x82A9,1, 0x18C5,53, 0x7A89,1, 0xD40C,43, 0x7A89,1, 0x18C5,53, 0x82AA,1,
    0xD40C,43, 0x7269,1, 0x18C5,53, 0x8ACA,1, 0xD40C,43, 0x7249,1, 0x18C5,53, 0x92EA,1,
    0xD40C,43, 0x6A29,1, 0x18C5,53, 0x9B0A,1, 0xD40C,43, 0x6208,1, 0x18C5,53, 0x9B2B,1,
    0xD40C,43, 0x59E8,1, 0x18C5,53, 0x4167,1, 0x51E8,1, 0x5A08,1, 0x6208,1, 0x92EA,1,
    0xA34B,1, 0xAB4B,1, 0xAB6B,1, 0x92EA,1, 0x8ACA,1, 0x92EA,1, 0x9B0A,1, 0xAB4B,1,
    0xB38C,1, 0xD40C,30, 0x51E8,1, 0x18C5,57, 0xAB6B,1, 0xD40C,3, 0x49A7,1, 0x18C5,3,
    0xAB6B,1, 0xD40C,3, 0x49A7,1, 0x18C5,7, 0x2906,1, 0x3126,1, 0x3146,1, 0x3967,1,
    0x9B0A,1, 0xD40C,3, 0x7269,1, 0x6228,1, 0x6A49,1, 0x7269,1, 0x9B2B,1, 0xAB4B,1,
    0xA34B,2, 0x9B0A,2, 0xA32B,1, 0xAB4B,1, 0x4187,1, 0x18C5,57, 0xB36B,1, 0xD40C,3,
    0x4187,1, 0x18C5,3, 0xB36B,1, 0xD40C,3, 0x4187,1, 0x18C5,11, 0xB36B,1, 0xD40C,3,
    0x4187,1, 0x18C5,3, 0xB36B,1, 0xD40C,3, 0x49A7,1, 0x18C5,61, 0xD40C,4, 0x3967,1,
    0x18C5,3, 0xD40C,4, 0x3967,1, 0x18C5,11, 0xD40C,4, 0x3967,1, 0x18C5,3, 0xD40C,4,
    0x4187,1, 0x18C5,61, 0xD40C,4, 0x3946,1, 0x18C5,3, 0xD40C,4, 0x3946,1, 0x18C5,11,
    0xD40C,4, 0x3946,1, 0x18C5,3, 0xD40C,4, 0x3946,1, 0x18C5,61, 0xD40C,4, 0x20E4,1,
    0x1083,3, 0xD40C,4, 0x2905,1, 0x1083,11, 0xD40C,4, 0x2905,1, 0x1083,3, 0xD40C,4,
    0x3126,1, 0x18C5,61, 0xD40C,4, 0x18A4,1, 0x0863,3, 0xD40C,4, 0x20C4,1, 0x0863,11,
    0xD40C,4, 0x20C4,1, 0x0863,3, 0xD40C,4, 0x2926,1, 0x18C5,61, 0xD40C,4, 0x1083,1,
    0x0863,3, 0xD40C,4, 0x1083,1, 0x0863,11, 0xD40C,4, 0x18A4,1, 0x0863,3, 0xD40C,4,
    0x18C5,62, 0x51C8,1, 0x59E8,1, 0x6207,1, 0x7248,1, 0x1083,4, 0xD40C,4, 0x1083,12,
    0xD40C,4, 0x18A4,1, 0x1083,3, 0xD40C,4, 0x18C5,86, 0x49A7,4, 0x18C5,4, 0x82A9,1,
    0x8ACA,1, 0x9B0A,1, 0xA34B,1, 0x18C5,31, 0x18C5,334, 0x1907,1, 0x2149,1, 0x18C5,96,
    0x31CD,1, 0x5318,3, 0x4272,1, 0x39EF,1, 0x298B,1, 0x2128,1, 0x18C5,90, 0x3A30,1,
    0x5318,9, 0x4251,1, 0x31EE,1, 0x296B,1, 0x2107,1, 0x18C5,84, 0x4A93,1, 0x5318,13,
    0x631A,1, 0x4A94,1, 0x3A31,1, 0x2149,1, 0x18C5,76, 0x631A,1, 0x4273,1, 0x3A0F,1,
    0x31AC,1, 0x5318,17, 0x298C,1, 0x18C5,75, 0x2128,1, 0x5318,21, 0x2129,1, 0x18C5,75,
    0x298B,1, 0x5318,21, 0x18C5,76, 0x31EE,1, 0x5318,16, 0x631A,1, 0xF79E,3, 0x639A,1,
    0x31AC,1, 0x2149,1, 0x18C5,74, 0x4272,1, 0x5318,3, 0x639A,1, 0x5318,12, 0x639A,1,
    0xF79E,4, 0x5318,3, 0x3A31,1, 0x18C5,72, 0x5318,4, 0xF79E,4, 0x639A,1, 0x5318,8,
    0x639A,1, 0xF79E,4, 0x5318,3, 0x3A10,1, 0x18C5,72, 0x5318,4, 0xF79E,4, 0x639A,1,
    0x4296,4, 0x5318,4, 0xF79E,5, 0x5318,3, 0x31AD,1, 0x18C5,71, 0x2128,1, 0x5318,4,
    0xF79E,4, 0x6398,1, 0x4296,4, 0x5318,4, 0x639A,3, 0xF79E,1, 0x639A,1, 0x5318,3,
    0x2149,1, 0x18C5,71, 0x298B,1, 0x5318,3, 0x639A,1, 0xF79E,4, 0x4296,5, 0x5318,13,
    0x4251,1, 0x31CE,1, 0x298B,1, 0x2108,1, 0x18C5,68, 0x2107,1, 0x296A,1, 0x31CE,1,
    0x3A31,1, 0x4A94,1, 0x639A,3, 0x4296,5, 0x5318,17, 0x18C5,74, 0x2107,1, 0x31F0,1,
    0x4296,4, 0x5318,17, 0x4AB4,1, 0x18C5,75, 0x31F0,1, 0x4296,4, 0x5318,8, 0x639A,3,
    0x5318,6, 0x4251,1, 0x18C5,75, 0x4296,5, 0x5318,8, 0x639A,1, 0xF79E,3, 0x639A,1,
    0x5318,4, 0x31CE,1, 0x18C5,71, 0x29AC,1, 0x2149,1, 0x18C5,2, 0x4296,5, 0x5318,8,
    0xF79E,4, 0x639A,1, 0x5318,4, 0x298C,1, 0x18C5,70, 0x296A,1, 0x5318,6, 0x4296,3,
    0x5318,8, 0xF79E,4, 0x639A,1, 0x5318,6, 0x4273,1, 0x3A10,1, 0x18E6,1, 0x18C5,66,
    0x31CD,1, 0x5318,17, 0xF79E,4, 0x639A,1, 0x5318,8, 0x18C5,67, 0x3A30,1, 0x5318,16,
    0x639A,1, 0xF79E,4, 0x5318,9, 0x18C5,67, 0x4A94,1, 0x5318,19, 0x639A,2, 0x5318,8,
    0x4252,1, 0x18C5,67, 0x5318,30, 0x4A94,1, 0x298C,1, 0x2128,1, 0x18C5,64, 0x1907,1,
    0x5318,34, 0x298B,1, 0x18C5,58, 0x18E7,2, 0x18C5,2, 0x296A,1, 0x5318,34, 0x294A,1,
    0x18C5,58, 0x31EE,1, 0x5318,2, 0x4293,1, 0x4A94,1, 0x5318,21, 0xF79E,2, 0x639A,2,
    0x631A,1, 0x5318,8, 0x18C5,59, 0x4272,1, 0x5318,7, 0x639A,1, 0xF79E,1, 0x639A,3,
    0x5318,12, 0x639A,1, 0xF79E,4, 0x5318,9, 0x18C5,59, 0x5318,8, 0x639A,1, 0xF79E,4,
    0x5318,12, 0x639A,1, 0xF79E,4, 0x5318,9, 0x4A94,1, 0x3A31,1, 0x31CE,1, 0x2149,1,
    0x18C5,55, 0x5318,8, 0xF79E,4, 0x639A,1, 0x5318,12, 0x639A,1, 0xF79E,4, 0x5318,12,
    0x3A31,1, 0x18C5,54, 0x2128,1, 0x5318,8, 0xF79E,4, 0x639A,1, 0x5318,12, 0x639A,2,
    0xF79E,2, 0x639A,1, 0x5318,12, 0x31CE,1, 0x18C5,54, 0x298B,1, 0x5318,8, 0x639A,1,
    0xF79E,3, 0x639A,1, 0x5318,29, 0x296B,1, 0x18C5,54, 0x31EE,1, 0x5318,42, 0x298B,1,
    0x18C5,50, 0x18C6,1, 0x18C5,3, 0x4272,1, 0x5318,45, 0x4273,1, 0x18C5,46, 0x18C6,1,
    0x210A,3, 0x2109,1, 0x4212,1, 0x4296,1, 0x5318,31, 0xD40C,2, 0x6398,1, 0x5318,11,
    0x18C5,46, 0x18E7,1, 0x210A,8, 0x318C,2, 0x4212,1, 0x4296,1, 0x5318,24, 0x6398,1,
    0xD40C,5, 0x6398,1, 0x5318,7, 0x4252,1, 0x18C5,46, 0x20E7,1, 0x210A,13, 0x318C,2,
    0x4212,2, 0x4296,1, 0x5318,18, 0x6398,1, 0xD40C,7, 0x6398,1, 0x5318,5, 0x39EF,1,
    0x18C5,46, 0x2108,1, 0x210A,19, 0x318C,2, 0x4212,2, 0x4296,1, 0x5318,12, 0xD40C,9,
    0x5318,5, 0x298C,1, 0x18C5,37, 0x2128,1, 0x18C5,8, 0x2109,1, 0x210A,25, 0x318C,2,
    0x4212,2, 0x4296,1, 0x5318,5, 0x6398,1, 0xD40C,8, 0x6398,1, 0x5318,5, 0x2128,1,
    0x18C5,36, 0x31AD,1, 0x639A,3, 0x4A93,1, 0x4230,1, 0x31AC,1, 0x2149,1, 0x18C5,2,
    0x210A,32, 0x318C,2, 0x4212,2, 0x6398,1, 0xD40C,8, 0x6398,1, 0x5318,5, 0x18C5,37,
    0x4230,1, 0x639A,9, 0x5318,1, 0x4212,2, 0x318C,1, 0x210A,32, 0xD40C,9, 0x5318,6,
    0x18C5,37, 0x4A93,1, 0x639A,12, 0x318C,1, 0x210A,31, 0x318C,1, 0xD40C,8, 0x318C,3,
    0x4212,1, 0x4296,1, 0x5318,1, 0x4251,1, 0x18C5,37, 0x639A,13, 0x4212,2, 0x318C,1,
    0x210A,31, 0x318C,1, 0x4212,1, 0xD40C,5, 0x318C,1, 0x210A,7, 0x2109,1, 0x20E8,1,
    0x18E7,1, 0x18C5,34, 0x296A,1, 0x39CD,1, 0x4251,1, 0x52B4,1, 0x639A,7, 0x6398,1,
    0x639A,4, 0x6398,3, 0x4212,1, 0x318C,2, 0x210A,27, 0x318C,1, 0xD40C,3, 0x210A,11,
    0x18C5,40, 0x2949,1, 0x31CD,1, 0x4230,1, 0x4A94,1, 0x639A,1, 0x6398,1, 0x639A,10,
    0x5318,1, 0x6398,2, 0x4212,1, 0x318C,2, 0x210A,23, 0x318C,2, 0x210A,11, 0x18C5,44,
    0x2906,1, 0xD40C,1, 0x639A,17, 0x6398,2, 0x4212,2, 0x318C,1, 0x210A,29, 0x2109,1,
    0x18C5,44, 0x3126,1, 0x6398,1, 0x639A,23, 0x6398,2, 0x4212,2, 0x318C,1, 0x210A,23,
    0x20E8,1, 0x18C5,36, 0x3947,1, 0xD40C,13, 0x6398,2, 0x639A,23, 0x6398,2, 0x4212,2,
    0x318C,2, 0x210A,16, 0x18E7,1, 0x18C5,36, 0x3967,1, 0xD40C,16, 0x0000,1, 0x210A,2,
    0x4212,1, 0x6398,2, 0x639A,23, 0x6398,1, 0x4296,1, 0x4212,1, 0x318C,2, 0x210A,4,
    0x318C,1, 0x639A,1, 0x5318,1, 0x4296,1, 0x4212,2, 0x2129,1, 0x18C5,36, 0x4187,1,
    0xD40C,16, 0x0000,3, 0x210A,1, 0xD40C,6, 0x6398,2, 0x639A,23, 0x6398,1, 0x4296,1,
    0x4212,2, 0x639A,8, 0x4A93,1, 0x4230,1, 0x31AC,1, 0x2149,1, 0x18C5,30, 0x51C8,1,
    0xD40C,16, 0x0000,3, 0x210A,1, 0xD40C,12, 0x6398,2, 0x639A,33, 0x4230,1, 0x18C5,29,
    0x51E8,1, 0xD40C,16, 0x318C,4, 0xD40C,18, 0x6398,2, 0x5318,1, 0x639A,13, 0x52D5,1,
    0x639A,12, 0x31AD,1, 0x18C5,29, 0x59E8,1, 0xD40C,41, 0x318C,2, 0x4212,1, 0xD40C,1,
    0x6398,2, 0x639A,7, 0x3A0F,1, 0x39EE,1, 0x4252,1, 0x52D5,1, 0x639A,9, 0x2949,1,
    0x18C5,29, 0x6208,1, 0xD40C,51, 0x6398,1, 0x52D5,1, 0x639A,1, 0x296A,1, 0x18C5,5,
    0x296A,1, 0x39CD,1, 0x4251,1, 0x52B4,1, 0x639A,3, 0x18C5,30, 0x6228,1, 0xD40C,51,
    0x92EA,1, 0x18C5,14, 0x2149,1, 0x18C5,33, 0x2106,1, 0x2926,1, 0x3146,1, 0x3967,1,
    0x4187,1, 0x8ACA,1, 0xD40C,43, 0x8ACA,1, 0x18C5,53, 0x7269,1, 0xD40C,43, 0x82A9,1,
    0x18C5,53, 0x7A89,1, 0xD40C,43, 0x7A89,1, 0x18C5,53, 0x82AA,1, 0xD40C,43, 0x7269,1,
    0x18C5,53, 0x8ACA,1, 0xD40C,43, 0x7249,1, 0x18C5,53, 0x92EA,1, 0xD40C,43, 0x6A29,1,
    0x18C5,53, 0x9B0A,1, 0xD40C,43, 0x6208,1, 0x18C5,53, 0x9B2B,1, 0xD40C,43, 0x59E8,1,
    0x18C5,53, 0x4167,1, 0x51E8,1, 0x5A08,1, 0x6208,1, 0x92EA,1, 0xA34B,1, 0xAB4B,1,
    0xAB6B,1, 0x92EA,1, 0x8ACA,1, 0x92EA,1, 0x9B0A,1, 0xAB4B,1, 0xB38C,1, 0xD40C,30,
    0x51E8,1, 0x18C5,57, 0xAB6B,1, 0xD40C,3, 0x49A7,1, 0x18C5,3, 0xAB6B,1, 0xD40C,3,
    0x49A7,1, 0x18C5,7, 0x2906,1, 0x3126,1, 0x3146,1, 0x3967,1, 0x9B0A,1, 0xD40C,3,
    0x7269,1, 0x6228,1, 0x6A49,1, 0x7269,1, 0x9B2B,1, 0xAB4B,1, 0xA34B,2, 0x9B0A,2,
    0xA32B,1, 0xAB4B,1, 0x4187,1, 0x18C5,57, 0xB36B,1, 0xD40C,3, 0x4187,1, 0x18C5,3,
    0xB36B,1, 0xD40C,3, 0x4187,1, 0x18C5,11, 0xB36B,1, 0xD40C,3, 0x4187,1, 0x18C5,3,
    0xB36B,1, 0xD40C,3, 0x49A7,1, 0x18C5,61, 0xD40C,4, 0x3967,1, 0x18C5,3, 0xD40C,4,
    0x3967,1, 0x18C5,11, 0xD40C,4, 0x3967,1, 0x18C5,3, 0xD40C,4, 0x4187,1, 0x18C5,61,
    0xD40C,4, 0x3946,1, 0x18C5,3, 0xD40C,4, 0x3946,1, 0x18C5,11, 0xD40C,4, 0x3946,1,
    0x18C5,3, 0xD40C,4, 0x3946,1, 0x18C5,61, 0xD40C,4, 0x20E4,1, 0x1083,3, 0xD40C,4,
    0x2905,1, 0x1083,11, 0xD40C,4, 0x2905,1, 0x1083,3, 0xD40C,4, 0x3126,1, 0x18C5,61,
    0xD40C,4, 0x18A4,1, 0x0863,3, 0xD40C,4, 0x20C4,1, 0x0863,11, 0xD40C,4, 0x20C4,1,
    0x0863,3, 0xD40C,4, 0x2926,1, 0x18C5,61, 0xD40C,4, 0x1083,1, 0x0863,3, 0xD40C,4,
    0x1083,1, 0x0863,11, 0xD40C,4, 0x18A4,1, 0x0863,3, 0xD40C,4, 0x18C5,62, 0x51C8,1,
    0x59E8,1, 0x6207,1, 0x7248,1, 0x1083,4, 0xD40C,4, 0x1083,12, 0xD40C,4, 0x18A4,1,
    0x1083,3, 0xD40C,4, 0x18C5,86, 0x49A7,4, 0x18C5,4, 0x82A9,1, 0x8ACA,1, 0x9B0A,1,
    0xA34B,1, 0x18C5,31, 0x18C5,334, 0x1907,1, 0x2149,1, 0x18C5,96, 0x31CD,1, 0x5318,3,
    0x4272,1, 0x39EF,1, 0x298B,1, 0x2128,1, 0x18C5,90, 0x3A30,1, 0x5318,9, 0x4251,1,
    0x31EE,1, 0x296B,1, 0x2107,1, 0x18C5,84, 0x4A93,1, 0x5318,13, 0x631A,1, 0x4A94,1,
    0x3A31,1, 0x2149,1, 0x18C5,76, 0x631A,1, 0x4273,1, 0x3A0F,1, 0x31AC,1, 0x5318,17,
    0x298C,1, 0x18C5,75, 0x2128,1, 0x5318,21, 0x2129,1, 0x18C5,75, 0x298B,1, 0x5318,21,
    0x18C5,76, 0x31EE,1, 0x5318,16, 0x631A,1, 0xF79E,3, 0x639A,1, 0x31AC,1, 0x2149,1,
    0x18C5,74, 0x4272,1, 0x5318,3, 0x639A,1, 0x5318,12, 0x639A,1, 0xF79E,4, 0x5318,3,
    0x3A31,1, 0x18C5,72, 0x5318,4, 0xF79E,4, 0x639A,1, 0x5318,8, 0x639A,1, 0xF79E,4,
    0x5318,3, 0x3A10,1, 0x18C5,72, 0x5318,4, 0xF79E,4, 0x639A,1, 0x4296,4, 0x5318,4,
    0xF79E,5, 0x5318,3, 0x31AD,1, 0x18C5,71, 0x2128,1, 0x5318,4, 0xF79E,4, 0x6398,1,
    0x4296,4, 0x5318,4, 0x639A,3, 0xF79E,1, 0x639A,1, 0x5318,3, 0x2149,1, 0x18C5,71,
    0x298B,1, 0x5318,3, 0x639A,1, 0xF79E,4, 0x4296,5, 0x5318,13, 0x4251,1, 0x31CE,1,
    0x298B,1, 0x2108,1, 0x18C5,68, 0x2107,1, 0x296A,1, 0x31CE,1, 0x3A31,1, 0x4A94,1,
    0x639A,3, 0x4296,5, 0x5318,17, 0x18C5,74, 0x2107,1, 0x31F0,1, 0x4296,4, 0x5318,17,
    0x4AB4,1, 0x18C5,75, 0x31F0,1, 0x4296,4, 0x5318,8, 0x639A,3, 0x5318,6, 0x4251,1,
    0x18C5,75, 0x4296,5, 0x5318,8, 0x639A,1, 0xF79E,3, 0x639A,1, 0x5318,4, 0x31CE,1,
    0x18C5,71, 0x29AC,1, 0x2149,1, 0x18C5,2, 0x4296,5, 0x5318,8, 0xF79E,4, 0x639A,1,
    0x5318,4, 0x298C,1, 0x18C5,70, 0x296A,1, 0x5318,6, 0x4296,3, 0x5318,8, 0xF79E,4,
    0x639A,1, 0x5318,6, 0x4273,1, 0x3A10,1, 0x18E6,1, 0x18C5,66, 0x31CD,1, 0x5318,17,
    0xF79E,4, 0x639A,1, 0x5318,8, 0x18C5,67, 0x3A30,1, 0x5318,16, 0x639A,1, 0xF79E,4,
    0x5318,9, 0x18C5,67, 0x4A94,1, 0x5318,19, 0x639A,2, 0x5318,8, 0x4252,1, 0x18C5,67,
    0x5318,30, 0x4A94,1, 0x298C,1, 0x2128,1, 0x18C5,64, 0x1907,1, 0x5318,34, 0x298B,1,
    0x18C5,58, 0x18E7,2, 0x18C5,2, 0x296A,1, 0x5318,34, 0x294A,1, 0x18C5,58, 0x31EE,1,
    0x5318,2, 0x4293,1, 0x4A94,1, 0x5318,21, 0xF79E,2, 0x639A,2, 0x631A,1, 0x5318,8,
    0x18C5,59, 0x4272,1, 0x5318,7, 0x639A,1, 0xF79E,1, 0x639A,3, 0x5318,12, 0x639A,1,
    0xF79E,4, 0x5318,9, 0x18C5,59, 0x5318,8, 0x639A,1, 0xF79E,4, 0x5318,12, 0x639A,1,
    0xF79E,4, 0x5318,9, 0x4A94,1, 0x3A31,1, 0x31CE,1, 0x2149,1, 0x18C5,55, 0x5318,8,
    0xF79E,4, 0x639A,1, 0x5318,12, 0x639A,1, 0xF79E,4, 0x5318,12, 0x3A31,1, 0x18C5,54,
    0x2128,1, 0x5318,8, 0xF79E,4, 0x639A,1, 0x5318,12, 0x639A,2, 0xF79E,2, 0x639A,1,
    0x5318,12, 0x31CE,1, 0x18C5,54, 0x298B,1, 0x5318,8, 0x639A,1, 0xF79E,3, 0x639A,1,
    0x5318,29, 0x296B,1, 0x18C5,54, 0x31EE,1, 0x5318,28, 0x6398,1, 0xD40C,3, 0x6398,5,
    0x5318,5, 0x298B,1, 0x18C5,50, 0x18C6,1, 0x18C5,3, 0x4272,1, 0x5318,28, 0xD40C,8,
    0x6398,1, 0x5318,8, 0x4273,1, 0x18C5,46, 0x18C6,1, 0x210A,3, 0x2109,1, 0x4212,1,
    0x4296,1, 0x5318,27, 0xD40C,8, 0x6398,1, 0x5318,9, 0x18C5,46, 0x18E7,1, 0x210A,8,
    0x318C,2, 0x4212,1, 0x4296,1, 0x5318,21, 0xD40C,8, 0x6398,1, 0x5318,8, 0x4252,1,
    0x18C5,46, 0x20E7,1, 0x210A,13, 0x318C,2, 0x4212,2, 0x4296,1, 0x5318,15, 0xD40C,8,
    0xF79E,1, 0x639A,1, 0x5318,7, 0x39EF,1, 0x18C5,46, 0x2108,1, 0x210A,19, 0x318C,2,
    0x4212,2, 0x4296,1, 0x5318,9, 0xD40C,8, 0xF79E,1, 0x639A,1, 0x5318,7, 0x298C,1,
    0x18C5,37, 0x2128,1, 0x18C5,8, 0x2109,1, 0x210A,25, 0x318C,2, 0x4212,2, 0x4296,1,
    0x5318,3, 0xD40C,8, 0xF79E,1, 0x639A,1, 0x5318,7, 0x2128,1, 0x18C5,36, 0x31AD,1,
    0x639A,3, 0x4A93,1, 0x4230,1, 0x31AC,1, 0x2149,1, 0x18C5,2, 0x210A,32, 0x318C,2,
    0xD40C,8, 0xF79E,1, 0x639A,1, 0x5318,7, 0x18C5,37, 0x4230,1, 0x639A,9, 0x5318,1,
    0x4212,2, 0x318C,1, 0x210A,30, 0x318C,2, 0x4212,2, 0xD40C,4, 0x6398,1, 0x5318,8,
    0x18C5,37, 0x4A93,1, 0x639A,12, 0x318C,1, 0x210A,40, 0x318C,3, 0x4212,1, 0x4296,1,
    0x5318,1, 0x4251,1, 0x18C5,37, 0x639A,13, 0x4212,2, 0x318C,1, 0x210A,46, 0x2109,1,
    0x20E8,1, 0x18E7,1, 0x18C5,34, 0x296A,1, 0x39CD,1, 0x4251,1, 0x52B4,1, 0x639A,7,
    0x6398,1, 0x639A,4, 0x6398,3, 0x4212,1, 0x318C,2, 0x210A,42, 0x18C5,40, 0x2949,1,
    0x31CD,1, 0x4230,1, 0x4A94,1, 0x639A,1, 0x6398,1, 0x639A,10, 0x5318,1, 0x6398,2,
    0x4212,1, 0x318C,2, 0x210A,36, 0x18C5,44, 0x2906,1, 0xD40C,1, 0x639A,17, 0x6398,2,
    0x4212,2, 0x318C,1, 0x210A,29, 0x2109,1, 0x18C5,44, 0x3126,1, 0x6398,1, 0x639A,23,
    0x6398,2, 0x4212,2, 0x318C,1, 0x210A,23, 0x20E8,1, 0x18C5,36, 0x3947,1, 0xD40C,13,
    0x6398,2, 0x639A,23, 0x6398,2, 0x4212,2, 0x318C,2, 0x210A,16, 0x18E7,1, 0x18C5,36,
    0x3967,1, 0xD40C,16, 0x0000,1, 0x210A,2, 0x4212,1, 0x6398,2, 0x639A,23, 0x6398,1,
    0x4296,1, 0x4212,1, 0x318C,2, 0x210A,4, 0x318C,1, 0x639A,1, 0x5318,1, 0x4296,1,
    0x4212,2, 0x2129,1, 0x18C5,36, 0x4187,1, 0xD40C,16, 0x0000,3, 0x210A,1, 0xD40C,6,
    0x6398,2, 0x639A,23, 0x6398,1, 0x4296,1, 0x4212,2, 0x639A,8, 0x4A93,1, 0x4230,1,
    0x31AC,1, 0x2149,1, 0x18C5,30, 0x51C8,1, 0xD40C,16, 0x0000,3, 0x210A,1, 0xD40C,12,
    0x6398,2, 0x639A,33, 0x4230,1, 0x18C5,29, 0x51E8,1, 0xD40C,16, 0x318C,4, 0xD40C,18,
    0x6398,2, 0x5318,1, 0x639A,13, 0x52D5,1, 0x639A,12, 0x31AD,1, 0x18C5,29, 0x59E8,1,
    0xD40C,41, 0x318C,2, 0x4212,1, 0xD40C,1, 0x6398,2, 0x639A,7, 0x3A0F,1, 0x39EE,1,
    0x4252,1, 0x52D5,1, 0x639A,9, 0x2949,1, 0x18C5,29, 0x6208,1, 0xD40C,51, 0x6398,1,
    0x52D5,1, 0x639A,1, 0x296A,1, 0x18C5,5, 0x296A,1, 0x39CD,1, 0x4251,1, 0x52B4,1,
    0x639A,3, 0x18C5,30, 0x6228,1, 0xD40C,51, 0x92EA,1, 0x18C5,14, 0x2149,1, 0x18C5,33,
    0x2106,1, 0x2926,1, 0x3146,1, 0x3967,1, 0x4187,1, 0x8ACA,1, 0xD40C,43, 0x8ACA,1,
    0x18C5,53, 0x7269,1, 0xD40C,43, 0x82A9,1, 0x18C5,53, 0x7A89,1, 0xD40C,43, 0x7A89,1,
    0x18C5,53, 0x82AA,1, 0xD40C,43, 0x7269,1, 0x18C5,53, 0x8ACA,1, 0xD40C,43, 0x7249,1,
    0x18C5,53, 0x92EA,1, 0xD40C,43, 0x6A29,1, 0x18C5,53, 0x9B0A,1, 0xD40C,43, 0x6208,1,
    0x18C5,53, 0x9B2B,1, 0xD40C,43, 0x59E8,1, 0x18C5,53, 0x4167,1, 0x51E8,1, 0x5A08,1,
    0x6208,1, 0x92EA,1, 0xA34B,1, 0xAB4B,1, 0xAB6B,1, 0x92EA,1, 0x8ACA,1, 0x92EA,1,
    0x9B0A,1, 0xAB4B,1, 0xB38C,1, 0xD40C,30, 0x51E8,1, 0x18C5,57, 0xAB6B,1, 0xD40C,3,
    0x49A7,1, 0x18C5,3, 0xAB6B,1, 0xD40C,3, 0x49A7,1, 0x18C5,7, 0x2906,1, 0x3126,1,
    0x3146,1, 0x3967,1, 0x9B0A,1, 0xD40C,3, 0x7269,1, 0x6228,1, 0x6A49,1, 0x7269,1,
    0x9B2B,1, 0xAB4B,1, 0xA34B,2, 0x9B0A,2, 0xA32B,1, 0xAB4B,1, 0x4187,1, 0x18C5,57,
    0xB36B,1, 0xD40C,3, 0x4187,1, 0x18C5,3, 0xB36B,1, 0xD40C,3, 0x4187,1, 0x18C5,11,
    0xB36B,1, 0xD40C,3, 0x4187,1, 0x18C5,3, 0xB36B,1, 0xD40C,3, 0x49A7,1, 0x18C5,61,
    0xD40C,4, 0x3967,1, 0x18C5,3, 0xD40C,4, 0x3967,1, 0x18C5,11, 0xD40C,4, 0x3967,1,
    0x18C5,3, 0xD40C,4, 0x4187,1, 0x18C5,61, 0xD40C,4, 0x3946,1, 0x18C5,3, 0xD40C,4,
    0x3946,1, 0x18C5,11, 0xD40C,4, 0x3946,1, 0x18C5,3, 0xD40C,4, 0x3946,1, 0x18C5,61,
    0xD40C,4, 0x20E4,1, 0x1083,3, 0xD40C,4, 0x2905,1, 0x1083,11, 0xD40C,4, 0x2905,1,
    0x1083,3, 0xD40C,4, 0x3126,1, 0x18C5,61, 0xD40C,4, 0x18A4,1, 0x0863,3, 0xD40C,4,
    0x20C4,1, 0x0863,11, 0xD40C,4, 0x20C4,1, 0x0863,3, 0xD40C,4, 0x2926,1, 0x18C5,61,
    0xD40C,4, 0x1083,1, 0x0863,3, 0xD40C,4, 0x1083,1, 0x0863,11, 0xD40C,4, 0x18A4,1,
    0x0863,3, 0xD40C,4, 0x18C5,62, 0x51C8,1, 0x59E8,1, 0x6207,1, 0x7248,1, 0x1083,4,
    0xD40C,4, 0x1083,12, 0xD40C,4, 0x18A4,1, 0x1083,3, 0xD40C,4, 0x18C5,86, 0x49A7,4,
    0x18C5,4, 0x82A9,1, 0x8ACA,1, 0x9B0A,1, 0xA34B,1, 0x18C5,31, 0x18C5,334, 0x1907,1,
    0x2149,1, 0x18C5,96, 0x31CD,1, 0x5318,3, 0x4272,1, 0x39EF,1, 0x298B,1, 0x2128,1,
    0x18C5,90, 0x3A30,1, 0x5318,9, 0x4251,1, 0x31EE,1, 0x296B,1, 0x2107,1, 0x18C5,84,
    0x4A93,1, 0x5318,13, 0x631A,1, 0x4A94,1, 0x3A31,1, 0x2149,1, 0x18C5,76, 0x631A,1,
    0x4273,1, 0x3A0F,1, 0x31AC,1, 0x5318,17, 0x298C,1, 0x18C5,75, 0x2128,1, 0x5318,21,
    0x2129,1, 0x18C5,75, 0x298B,1, 0x5318,21, 0x18C5,76, 0x31EE,1, 0x5318,16, 0x631A,1,
    0xF79E,3, 0x639A,1, 0x31AC,1, 0x2149,1, 0x18C5,74, 0x4272,1, 0x5318,3, 0x639A,1,
    0x5318,12, 0x639A,1, 0xF79E,4, 0x5318,3, 0x3A31,1, 0x18C5,72, 0x5318,4, 0xF79E,4,
    0x639A,1, 0x5318,8, 0x639A,1, 0xF79E,4, 0x5318,3, 0x3A10,1, 0x18C5,72, 0x5318,4,
    0xF79E,4, 0x639A,1, 0x4296,4, 0x5318,4, 0xF79E,5, 0x5318,3, 0x31AD,1, 0x18C5,71,
    0x2128,1, 0x5318,4, 0xF79E,4, 0x6398,1, 0x4296,4, 0x5318,4, 0x639A,3, 0xF79E,1,
    0x639A,1, 0x5318,3, 0x2149,1, 0x18C5,71, 0x298B,1, 0x5318,3, 0x639A,1, 0xF79E,4,
    0x4296,5, 0x5318,13, 0x4251,1, 0x31CE,1, 0x298B,1, 0x2108,1, 0x18C5,68, 0x2107,1,
    0x296A,1, 0x31CE,1, 0x3A31,1, 0x4A94,1, 0x639A,3, 0x4296,5, 0x5318,17, 0x18C5,74,
    0x2107,1, 0x31F0,1, 0x4296,4, 0x5318,17, 0x4AB4,1, 0x18C5,75, 0x31F0,1, 0x4296,4,
    0x5318,8, 0x639A,3, 0x5318,6, 0x4251,1, 0x18C5,75, 0x4296,5, 0x5318,8, 0x639A,1,
    0xF79E,3, 0x639A,1, 0x5318,4, 0x31CE,1, 0x18C5,71, 0x29AC,1, 0x2149,1, 0x18C5,2,
    0x4296,5, 0x5318,8, 0xF79E,4, 0x639A,1, 0x5318,4, 0x298C,1, 0x18C5,70, 0x296A,1,
    0x5318,6, 0x4296,3, 0x5318,8, 0xF79E,4, 0x639A,1, 0x5318,6, 0x4273,1, 0x3A10,1,
    0x18E6,1, 0x18C5,66, 0x31CD,1, 0x5318,17, 0xF79E,4, 0x639A,1, 0x5318,8, 0x18C5,67,
    0x3A30,1, 0x5318,16, 0x639A,1, 0xF79E,4, 0x5318,9, 0x18C5,67, 0x4A94,1, 0x5318,19,
    0x639A,2, 0x5318,8, 0x4252,1, 0x18C5,67, 0x5318,30, 0x4A94,1, 0x298C,1, 0x2128,1,
    0x18C5,64, 0x1907,1, 0x5318,34, 0x298B,1, 0x18C5,1, 0x2967,3, 0x18C5,54, 0x18E7,2,
    0x18C5,2, 0x296A,1, 0x5318,34, 0x294A,1, 0x18C5,1, 0x2967,3, 0x18C5,54, 0x31EE,1,
    0x5318,2, 0x4293,1, 0x4A94,1, 0x5318,21, 0xF79E,2, 0x639A,2, 0x631A,1, 0x5318,8,
    0x18C5,2, 0x2967,3, 0x18C5,54, 0x4272,1, 0x5318,7, 0x639A,1, 0xF79E,1, 0x639A,3,
    0x5318,12, 0x639A,1, 0xF79E,4, 0x5318,9, 0x18C5,2, 0x2967,3, 0x18C5,54, 0x5318,8,
    0x639A,1, 0xF79E,4, 0x5318,12, 0x639A,1, 0xF79E,4, 0x5318,9, 0x4A94,1, 0x4271,1,
    0x422E,1, 0x31CA,1, 0x2946,1, 0x18C5,54, 0x5318,8, 0xF79E,4, 0x639A,1, 0x5318,12,
    0x639A,1, 0xF79E,4, 0x5318,12, 0x3A31,1, 0x18C5,54, 0x2128,1, 0x5318,8, 0xF79E,4,
    0x639A,1, 0x5318,12, 0x639A,2, 0xF79E,2, 0x639A,1, 0x5318,12, 0x31CE,1, 0x18C5,54,
    0x298B,1, 0x5318,8, 0x639A,1, 0xF79E,3, 0x639A,1, 0x5318,29, 0x296B,1, 0x18C5,54,
    0x31EE,1, 0x5318,28, 0x6398,1, 0xD40C,3, 0x6398,5, 0x5318,5, 0x298B,1, 0x18C5,50,
    0x18C6,1, 0x18C5,3, 0x4272,1, 0x5318,28, 0xD40C,8, 0x6398,1, 0x5318,8, 0x4273,1,
    0x18C5,46, 0x18C6,1, 0x210A,3, 0x2109,1, 0x4212,1, 0x4296,1, 0x5318,27, 0xD40C,8,
    0x6398,1, 0x5318,9, 0x18C5,46, 0x18E7,1, 0x210A,8, 0x318C,2, 0x4212,1, 0x4296,1,
    0x5318,21, 0xD40C,8, 0x6398,1, 0x5318,8, 0x4252,1, 0x18C5,46, 0x20E7,1, 0x210A,13,
    0x318C,2, 0x4212,2, 0x4296,1, 0x5318,15, 0xD40C,8, 0xF79E,1, 0x639A,1, 0x5318,7,
    0x39EF,1, 0x18C5,46, 0x2108,1, 0x210A,19, 0x318C,2, 0x4212,2, 0x4296,1, 0x5318,9,
    0xD40C,8, 0xF79E,1, 0x639A,1, 0x5318,7, 0x298C,1, 0x18C5,37, 0x2128,1, 0x18C5,8,
    0x2109,1, 0x210A,25, 0x318C,2, 0x4212,2, 0x4296,1, 0x5318,3, 0xD40C,8, 0xF79E,1,
    0x639A,1, 0x5318,7, 0x2128,1, 0x18C5,36, 0x31AD,1, 0x639A,3, 0x4A93,1, 0x4230,1,
    0x31AC,1, 0x2149,1, 0x18C5,2, 0x210A,32, 0x318C,2, 0xD40C,8, 0xF79E,1, 0x639A,1,
    0x5318,7, 0x18C5,37, 0x4230,1, 0x639A,9, 0x5318,1, 0x4212,2, 0x318C,1, 0x210A,30,
    0x318C,2, 0x4212,2, 0xD40C,4, 0x6398,1, 0x5318,8, 0x18C5,37, 0x4A93,1, 0x639A,12,
    0x318C,1, 0x210A,40, 0x318C,3, 0x4212,1, 0x4296,1, 0x5318,1, 0x4251,1, 0x18C5,37,
    0x639A,13, 0x4212,2, 0x318C,1, 0x210A,46, 0x2109,1, 0x20E8,1, 0x18E7,1, 0x18C5,34,
    0x296A,1, 0x39CD,1, 0x4251,1, 0x52B4,1, 0x639A,7, 0x6398,1, 0x639A,4, 0x6398,3,
    0x4212,1, 0x318C,2, 0x210A,42, 0x18C5,40, 0x2949,1, 0x31CD,1, 0x4230,1, 0x4A94,1,
    0x639A,1, 0x6398,1, 0x639A,10, 0x5318,1, 0x6398,2, 0x4212,1, 0x318C,2, 0x210A,36,
    0x18C5,44, 0x2906,1, 0xD40C,1, 0x639A,17, 0x6398,2, 0x4212,2, 0x318C,1, 0x210A,29,
    0x2109,1, 0x18C5,44, 0x3126,1, 0x6398,1, 0x639A,23, 0x6398,2, 0x4212,2, 0x318C,1,
    0x210A,23, 0x20E8,1, 0x18C5,36, 0x3947,1, 0xD40C,13, 0x6398,2, 0x639A,23, 0x6398,2,
    0x4212,2, 0x318C,2, 0x210A,16, 0x18E7,1, 0x18C5,36, 0x3967,1, 0xD40C,16, 0x0000,1,
    0x210A,2, 0x4212,1, 0x6398,2, 0x639A,23, 0x6398,1, 0x4296,1, 0x4212,1, 0x318C,2,
    0x210A,4, 0x318C,1, 0x639A,1, 0x5318,1, 0x4296,1, 0x4212,2, 0x2129,1, 0x18C5,36,
    0x4187,1, 0xD40C,16, 0x0000,3, 0x210A,1, 0xD40C,6, 0x6398,2, 0x639A,23, 0x6398,1,
    0x4296,1, 0x4212,2, 0x639A,8, 0x4A93,1, 0x4230,1, 0x31AC,1, 0x2149,1, 0x18C5,30,
    0x51C8,1, 0xD40C,16, 0x0000,3, 0x210A,1, 0xD40C,12, 0x6398,2, 0x639A,33, 0x4230,1,
    0x18C5,29, 0x51E8,1, 0xD40C,16, 0x318C,4, 0xD40C,18, 0x6398,2, 0x5318,1, 0x639A,13,
    0x52D5,1, 0x639A,12, 0x31AD,1, 0x18C5,29, 0x59E8,1, 0xD40C,41, 0x318C,2, 0x4212,1,
    0xD40C,1, 0x6398,2, 0x639A,7, 0x3A0F,1, 0x39EE,1, 0x4252,1, 0x52D5,1, 0x639A,9,
    0x2949,1, 0x18C5,29, 0x6208,1, 0xD40C,51, 0x6398,1, 0x52D5,1, 0x639A,1, 0x296A,1,
    0x18C5,5, 0x296A,1, 0x39CD,1, 0x4251,1, 0x52B4,1, 0x639A,3, 0x18C5,30, 0x6228,1,
    0xD40C,51, 0x92EA,1, 0x18C5,14, 0x2149,1, 0x18C5,33, 0x2106,1, 0x2926,1, 0x3146,1,
    0x3967,1, 0x4187,1, 0x8ACA,1, 0xD40C,43, 0x8ACA,1, 0x18C5,53, 0x7269,1, 0xD40C,43,
    0x82A9,1, 0x18C5,53, 0x7A89,1, 0xD40C,43, 0x7A89,1, 0x18C5,53, 0x82AA,1, 0xD40C,43,
    0x7269,1, 0x18C5,53, 0x8ACA,1, 0xD40C,43, 0x7249,1, 0x18C5,53, 0x92EA,1, 0xD40C,43,
    0x6A29,1, 0x18C5,53, 0x9B0A,1, 0xD40C,43, 0x6208,1, 0x18C5,53, 0x9B2B,1, 0xD40C,43,
    0x59E8,1, 0x18C5,53, 0x4167,1, 0x51E8,1, 0x5A08,1, 0x6208,1, 0x92EA,1, 0xA34B,1,
    0xAB4B,1, 0xAB6B,1, 0x92EA,1, 0x8ACA,1, 0x92EA,1, 0x9B0A,1, 0xAB4B,1, 0xB38C,1,
    0xD40C,30, 0x51E8,1, 0x18C5,57, 0xAB6B,1, 0xD40C,3, 0x49A7,1, 0x18C5,3, 0xAB6B,1,
    0xD40C,3, 0x49A7,1, 0x18C5,7, 0x2906,1, 0x3126,1, 0x3146,1, 0x3967,1, 0x9B0A,1,
    0xD40C,3, 0x7269,1, 0x6228,1, 0x6A49,1, 0x7269,1, 0x9B2B,1, 0xAB4B,1, 0xA34B,2,
    0x9B0A,2, 0xA32B,1, 0xAB4B,1, 0x4187,1, 0x18C5,57, 0xB36B,1, 0xD40C,3, 0x4187,1,
    0x18C5,3, 0xB36B,1, 0xD40C,3, 0x4187,1, 0x18C5,11, 0xB36B,1, 0xD40C,3, 0x4187,1,
    0x18C5,3, 0xB36B,1, 0xD40C,3, 0x49A7,1, 0x18C5,61, 0xD40C,4, 0x3967,1, 0x18C5,3,
    0xD40C,4, 0x3967,1, 0x18C5,11, 0xD40C,4, 0x3967,1, 0x18C5,3, 0xD40C,4, 0x4187,1,
    0x18C5,61, 0xD40C,4, 0x3946,1, 0x18C5,3, 0xD40C,4, 0x3946,1, 0x18C5,11, 0xD40C,4,
    0x3946,1, 0x18C5,3, 0xD40C,4, 0x3946,1, 0x18C5,61, 0xD40C,4, 0x20E4,1, 0x1083,3,
    0xD40C,4, 0x2905,1, 0x1083,11, 0xD40C,4, 0x2905,1, 0x1083,3, 0xD40C,4, 0x3126,1,
    0x18C5,61, 0xD40C,4, 0x18A4,1, 0x0863,3, 0xD40C,4, 0x20C4,1, 0x0863,11, 0xD40C,4,
    0x20C4,1, 0x0863,3, 0xD40C,4, 0x2926,1, 0x18C5,61, 0xD40C,4, 0x1083,1, 0x0863,3,
    0xD40C,4, 0x1083,1, 0x0863,11, 0xD40C,4, 0x18A4,1, 0x0863,3, 0xD40C,4, 0x18C5,62,
    0x51C8,1, 0x59E8,1, 0x6207,1, 0x7248,1, 0x1083,4, 0xD40C,4, 0x1083,12, 0xD40C,4,
    0x18A4,1, 0x1083,3, 0xD40C,4, 0x18C5,86, 0x49A7,4, 0x18C5,4, 0x82A9,1, 0x8ACA,1,
    0x9B0A,1, 0xA34B,1, 0x18C5,31, 0x18C5,334, 0x1907,1, 0x2149,1, 0x18C5,96, 0x31CD,1,
    0x5318,3, 0x4272,1, 0x39EF,1, 0x298B,1, 0x2128,1, 0x18C5,90, 0x3A30,1, 0x5318,9,
    0x4251,1, 0x31EE,1, 0x296B,1, 0x2107,1, 0x18C5,84, 0x4A93,1, 0x5318,13, 0x631A,1,
    0x4A94,1, 0x3A31,1, 0x2149,1, 0x18C5,76, 0x631A,1, 0x4273,1, 0x3A0F,1, 0x31AC,1,
    0x5318,17, 0x298C,1, 0x18C5,75, 0x2128,1, 0x5318,21, 0x2129,1, 0x18C5,75, 0x298B,1,
    0x5318,21, 0x18C5,76, 0x31EE,1, 0x5318,16, 0x631A,1, 0xF79E,3, 0x639A,1, 0x31AC,1,
    0x2149,1, 0x18C5,74, 0x4272,1, 0x5318,3, 0x639A,1, 0x5318,12, 0x639A,1, 0xF79E,4,
    0x5318,3, 0x3A31,1, 0x18C5,72, 0x5318,4, 0xF79E,4, 0x639A,1, 0x5318,8, 0x639A,1,
    0xF79E,4, 0x5318,3, 0x3A10,1, 0x18C5,72, 0x5318,4, 0xF79E,4, 0x639A,1, 0x4296,4,
    0x5318,4, 0xF79E,5, 0x5318,3, 0x31AD,1, 0x18C5,71, 0x2128,1, 0x5318,4, 0xF79E,4,
    0x6398,1, 0x4296,4, 0x5318,4, 0x639A,3, 0xF79E,1, 0x639A,1, 0x5318,3, 0x2149,1,
    0x18C5,71, 0x298B,1, 0x5318,3, 0x639A,1, 0xF79E,4, 0x4296,5, 0x5318,13, 0x4251,1,
    0x31CE,1, 0x298B,1, 0x2108,1, 0x18C5,68, 0x2107,1, 0x296A,1, 0x31CE,1, 0x3A31,1,
    0x4A94,1, 0x639A,3, 0x4296,5, 0x5318,17, 0x18C5,74, 0x2107,1, 0x31F0,1, 0x4296,4,
    0x5318,17, 0x4AB4,1, 0x18C5,75, 0x31F0,1, 0x4296,4, 0x5318,8, 0x639A,3, 0x5318,6,
    0x4251,1, 0x18C5,75, 0x4296,5, 0x5318,8, 0x639A,1, 0xF79E,3, 0x639A,1, 0x5318,4,
    0x31CE,1, 0x18C5,71, 0x29AC,1, 0x2149,1, 0x18C5,2, 0x4296,5, 0x5318,8, 0xF79E,4,
    0x639A,1, 0x5318,4, 0x298C,1, 0x18C5,70, 0x296A,1, 0x5318,6, 0x4296,3, 0x5318,8,
    0xF79E,4, 0x639A,1, 0x5318,6, 0x4273,1, 0x3A10,1, 0x18E6,1, 0x18C5,66, 0x31CD,1,
    0x5318,17, 0xF79E,4, 0x639A,1, 0x5318,8, 0x18C5,67, 0x3A30,1, 0x5318,16, 0x639A,1,
    0xF79E,4, 0x5318,9, 0x18C5,67, 0x4A94,1, 0x5318,19, 0x639A,2, 0x5318,8, 0x4252,1,
    0x18C5,67, 0x5318,30, 0x4A94,1, 0x298C,1, 0x2128,1, 0x18C5,3, 0x41E8,1, 0x39C7,1,
    0x3187,1, 0x18C5,58, 0x1907,1, 0x5318,34, 0x298B,1, 0x6B2B,1, 0xF794,3, 0xB570,1,
    0x18C5,53, 0x18E7,2, 0x18C5,2, 0x296A,1, 0x5318,34, 0x294A,1, 0x736B,1, 0xF794,3,
    0xAD2F,1, 0x18C5,53, 0x31EE,1, 0x5318,2, 0x4293,1, 0x4A94,1, 0x5318,21, 0xF79E,2,
    0x639A,2, 0x631A,1, 0x5318,8, 0x18C5,1, 0x738C,1, 0xF794,3, 0xA4EF,1, 0x18C5,53,
    0x4272,1, 0x5318,7, 0x639A,1, 0xF79E,1, 0x639A,3, 0x5318,12, 0x639A,1, 0xF79E,4,
    0x5318,9, 0x18C5,1, 0x7BCC,1, 0xF794,3, 0x9CAE,1, 0x18C5,53, 0x5318,8, 0x639A,1,
    0xF79E,4, 0x5318,12, 0x639A,1, 0xF79E,4, 0x5318,9, 0x4A94,1, 0x8412,1, 0xF794,3,
    0x83EC,1, 0x18C5,53, 0x5318,8, 0xF79E,4, 0x639A,1, 0x5318,12, 0x639A,1, 0xF79E,4,
    0x5318,12, 0x3A31,1, 0x18C5,54, 0x2128,1, 0x5318,8, 0xF79E,4, 0x639A,1, 0x5318,12,
    0x639A,2, 0xF79E,2, 0x639A,1, 0x5318,12, 0x31CE,1, 0x18C5,54, 0x298B,1, 0x5318,8,
    0x639A,1, 0xF79E,3, 0x639A,1, 0x5318,29, 0x296B,1, 0x18C5,54, 0x31EE,1, 0x5318,28,
    0x6398,1, 0xD40C,3, 0x6398,5, 0x5318,5, 0x298B,1, 0x18C5,50, 0x18C6,1, 0x18C5,3,
    0x4272,1, 0x5318,28, 0xD40C,8, 0x6398,1, 0x5318,8, 0x4273,1, 0x18C5,46, 0x18C6,1,
    0x210A,3, 0x2109,1, 0x4212,1, 0x4296,1, 0x5318,27, 0xD40C,8, 0x6398,1, 0x5318,9,
    0x18C5,46, 0x18E7,1, 0x210A,8, 0x318C,2, 0x4212,1, 0x4296,1, 0x5318,21, 0xD40C,8,
    0x6398,1, 0x5318,8, 0x4252,1, 0x18C5,46, 0x20E7,1, 0x210A,13, 0x318C,2, 0x4212,2,
    0x4296,1, 0x5318,15, 0xD40C,8, 0xF79E,1, 0x639A,1, 0x5318,7, 0x39EF,1, 0x18C5,46,
    0x2108,1, 0x210A,19, 0x318C,2, 0x4212,2, 0x4296,1, 0x5318,9, 0xD40C,8, 0xF79E,1,
    0x639A,1, 0x5318,7, 0x298C,1, 0x18C5,37, 0x2128,1, 0x18C5,8, 0x2109,1, 0x210A,25,
    0x318C,2, 0x4212,2, 0x4296,1, 0x5318,3, 0xD40C,8, 0xF79E,1, 0x639A,1, 0x5318,7,
    0x2128,1, 0x18C5,36, 0x31AD,1, 0x639A,3, 0x4A93,1, 0x4230,1, 0x31AC,1, 0x2149,1,
    0x18C5,2, 0x210A,32, 0x318C,2, 0xD40C,8, 0xF79E,1, 0x639A,1, 0x5318,7, 0x18C5,37,
    0x4230,1, 0x639A,9, 0x5318,1, 0x4212,2, 0x318C,1, 0x210A,30, 0x318C,2, 0x4212,2,
    0xD40C,4, 0xF794,1, 0x5318,8, 0x18C5,37, 0x4A93,1, 0x639A,12, 0x318C,1, 0x210A,40,
    0x318C,3, 0x4212,1, 0x4296,1, 0x5318,1, 0x4251,1, 0x18C5,37, 0x639A,13, 0x4212,2,
    0x318C,1, 0x210A,46, 0x2109,1, 0x20E8,1, 0x18E7,1, 0x18C5,34, 0x296A,1, 0x39CD,1,
    0x4251,1, 0x52B4,1, 0x639A,7, 0x6398,1, 0x639A,4, 0x6398,3, 0x4212,1, 0x318C,2,
    0x210A,42, 0x18C5,40, 0x2949,1, 0x31CD,1, 0x4230,1, 0x4A94,1, 0x639A,1, 0x6398,1,
    0x639A,10, 0x5318,1, 0x6398,2, 0x4212,1, 0x318C,2, 0x210A,36, 0x18C5,44, 0x2906,1,
    0xD40C,1, 0x639A,17, 0x6398,2, 0x4212,2, 0x318C,1, 0x210A,29, 0x2109,1, 0x18C5,44,
    0x3126,1, 0x6398,1, 0x639A,23, 0x6398,2, 0x4212,2, 0x318C,1, 0x210A,23, 0x20E8,1,
    0x18C5,36, 0x3947,1, 0xD40C,13, 0x6398,2, 0x639A,23, 0x6398,2, 0x4212,2, 0x318C,2,
    0x210A,16, 0x18E7,1, 0x18C5,36, 0x3967,1, 0xD40C,16, 0x210A,3, 0x4212,1, 0x6398,2,
    0x639A,23, 0x6398,1, 0x4296,1, 0x4212,1, 0x318C,2, 0x210A,4, 0x318C,1, 0x639A,1,
    0x5318,1, 0x4296,1, 0x4212,2, 0x2129,1, 0x18C5,36, 0x4187,1, 0xD40C,16, 0x210A,4,
    0xD40C,6, 0x6398,2, 0x639A,23, 0x6398,1, 0x4296,1, 0x4212,2, 0x639A,8, 0x4A93,1,
    0x4230,1, 0x31AC,1, 0x2149,1, 0x18C5,30, 0x51C8,1, 0xD40C,16, 0x210A,4, 0xD40C,12,
    0x6398,2, 0x639A,33, 0x4230,1, 0x18C5,29, 0x51E8,1, 0xD40C,16, 0x318C,4, 0xD40C,18,
    0x6398,2, 0x5318,1, 0x639A,13, 0x52D5,1, 0x639A,12, 0x31AD,1, 0x18C5,29, 0x59E8,1,
    0xD40C,41, 0x318C,2, 0x4212,1, 0xD40C,1, 0x6398,2, 0x639A,7, 0x3A0F,1, 0x39EE,1,
    0x4252,1, 0x52D5,1, 0x639A,9, 0x2949,1, 0x18C5,29, 0x6208,1, 0xD40C,51, 0x6398,1,
    0x52D5,1, 0x639A,1, 0x296A,1, 0x18C5,5, 0x296A,1, 0x39CD,1, 0x4251,1, 0x52B4,1,
    0x639A,3, 0x18C5,30, 0x6228,1, 0xD40C,51, 0x92EA,1, 0x18C5,14, 0x2149,1, 0x18C5,33,
    0x2106,1, 0x2926,1, 0x3146,1, 0x3967,1, 0x4187,1, 0x8ACA,1, 0xD40C,43, 0x8ACA,1,
    0x18C5,53, 0x7269,1, 0xD40C,43, 0x82A9,1, 0x18C5,53, 0x7A89,1, 0xD40C,43, 0x7A89,1,
    0x18C5,53, 0x82AA,1, 0xD40C,43, 0x7269,1, 0x18C5,53, 0x8ACA,1, 0xD40C,43, 0x7249,1,
    0x18C5,53, 0x92EA,1, 0xD40C,43, 0x6A29,1, 0x18C5,53, 0x9B0A,1, 0xD40C,43, 0x6208,1,
    0x18C5,53, 0x9B2B,1, 0xD40C,43, 0x59E8,1, 0x18C5,53, 0x4167,1, 0x51E8,1, 0x5A08,1,
    0x6208,1, 0x92EA,1, 0xA34B,1, 0xAB4B,1, 0xAB6B,1, 0x92EA,1, 0x8ACA,1, 0x92EA,1,
    0x9B0A,1, 0xAB4B,1, 0xB38C,1, 0xD40C,30, 0x51E8,1, 0x18C5,57, 0xAB6B,1, 0xD40C,3,
    0x49A7,1, 0x18C5,3, 0xAB6B,1, 0xD40C,3, 0x49A7,1, 0x18C5,7, 0x2906,1, 0x3126,1,
    0x3146,1, 0x3967,1, 0x9B0A,1, 0xD40C,3, 0x7269,1, 0x6228,1, 0x6A49,1, 0x7269,1,
    0x9B2B,1, 0xAB4B,1, 0xA34B,2, 0x9B0A,2, 0xA32B,1, 0xAB4B,1, 0x4187,1, 0x18C5,57,
    0xB36B,1, 0xD40C,3, 0x4187,1, 0x18C5,3, 0xB36B,1, 0xD40C,3, 0x4187,1, 0x18C5,11,
    0xB36B,1, 0xD40C,3, 0x4187,1, 0x18C5,3, 0xB36B,1, 0xD40C,3, 0x49A7,1, 0x18C5,61,
    0xD40C,4, 0x3967,1, 0x18C5,3, 0xD40C,4, 0x3967,1, 0x18C5,11, 0xD40C,4, 0x3967,1,
    0x18C5,3, 0xD40C,4, 0x4187,1, 0x18C5,61, 0xD40C,4, 0x3946,1, 0x18C5,3, 0xD40C,4,
    0x3946,1, 0x18C5,11, 0xD40C,4, 0x3946,1, 0x18C5,3, 0xD40C,4, 0x3946,1, 0x18C5,61,
    0xD40C,4, 0x20E4,1, 0x1083,3, 0xD40C,4, 0x2905,1, 0x1083,11, 0xD40C,4, 0x2905,1,
    0x1083,3, 0xD40C,4, 0x3126,1, 0x18C5,61, 0xD40C,4, 0x18A4,1, 0x0863,3, 0xD40C,4,
    0x20C4,1, 0x0863,11, 0xD40C,4, 0x20C4,1, 0x0863,3, 0xD40C,4, 0x2926,1, 0x18C5,61,
    0xD40C,4, 0x1083,1, 0x0863,3, 0xD40C,4, 0x1083,1, 0x0863,11, 0xD40C,4, 0x18A4,1,
    0x0863,3, 0xD40C,4, 0x18C5,62, 0x51C8,1, 0x59E8,1, 0x6207,1, 0x7248,1, 0x1083,4,
    0xD40C,4, 0x1083,12, 0xD40C,4, 0x18A4,1, 0x1083,3, 0xD40C,4, 0x18C5,86, 0x49A7,4,
    0x18C5,4, 0x82A9,1, 0x8ACA,1, 0x9B0A,1, 0xA34B,1, 0x18C5,31, 0x18C5,334, 0x1907,1,
    0x2149,1, 0x18C5,96, 0x31CD,1, 0x5318,3, 0x4272,1, 0x39EF,1, 0x298B,1, 0x2128,1,
    0x18C5,90, 0x3A30,1, 0x5318,9, 0x4251,1, 0x31EE,1, 0x296B,1, 0x2107,1, 0x18C5,84,
    0x4A93,1, 0x5318,13, 0x631A,1, 0x4A94,1, 0x3A31,1, 0x2149,1, 0x18C5,76, 0x631A,1,
    0x4273,1, 0x3A0F,1, 0x31AC,1, 0x5318,17, 0x298C,1, 0x18C5,75, 0x2128,1, 0x5318,21,
    0x2129,1, 0x18C5,75, 0x298B,1, 0x5318,21, 0x18C5,76, 0x31EE,1, 0x5318,16, 0x631A,1,
    0xF79E,3, 0x639A,1, 0x31AC,1, 0x2149,1, 0x18C5,74, 0x4272,1, 0x5318,3, 0x639A,1,
    0x5318,12, 0x639A,1, 0xF79E,4, 0x5318,3, 0x3A31,1, 0x18C5,72, 0x5318,4, 0xF79E,4,
    0x639A,1, 0x5318,8, 0x639A,1, 0xF79E,4, 0x5318,3, 0x3A10,1, 0x18C5,72, 0x5318,4,
    0xF79E,4, 0x639A,1, 0x4296,4, 0x5318,4, 0xF79E,5, 0x5318,3, 0x31AD,1, 0x18C5,71,
    0x2128,1, 0x5318,4, 0xF79E,4, 0x639A,1, 0x4296,4, 0x5318,4, 0x639A,3, 0xF79E,1,
    0x639A,1, 0x5318,3, 0x2149,1, 0x18C5,71, 0x298B,1, 0x5318,3, 0x639A,1, 0xF79E,4,
    0x4296,5, 0x5318,13, 0x4251,1, 0x31CE,1, 0x298B,1, 0x2108,1, 0x18C5,68, 0x2107,1,
    0x296A,1, 0x31CE,1, 0x3A31,1, 0x4A94,1, 0x639A,3, 0x4296,5, 0x5318,17, 0x18C5,74,
    0x2107,1, 0x31F0,1, 0x4296,4, 0x5318,17, 0x4AB4,1, 0x18C5,75, 0x31F0,1, 0x4296,4,
    0x5318,8, 0x639A,3, 0x5318,6, 0x4251,1, 0x18C5,75, 0x4296,5, 0x5318,8, 0x639A,1,
    0xF79E,3, 0x639A,1, 0x5318,4, 0x31CE,1, 0x18C5,71, 0x29AC,1, 0x2149,1, 0x18C5,2,
    0x4296,5, 0x5318,8, 0xF79E,4, 0x639A,1, 0x5318,4, 0x298C,1, 0x18C5,70, 0x296A,1,
    0x5318,6, 0x4296,3, 0x5318,8, 0xF79E,4, 0x639A,1, 0x5318,6, 0x4273,1, 0x3A10,1,
    0x18E6,1, 0x18C5,66, 0x31CD,1, 0x5318,17, 0xF79E,4, 0x639A,1, 0x5318,8, 0x18C5,67,
    0x3A30,1, 0x5318,16, 0x639A,1, 0xF79E,4, 0x5318,9, 0x18C5,67, 0x4A94,1, 0x5318,19,
    0x639A,2, 0x5318,8, 0x4252,1, 0x18C5,3, 0x736B,1, 0xF794,2, 0xCDF1,1, 0x7B8C,1,
    0x18C5,59, 0x5318,30, 0x4A94,1, 0x298C,1, 0x2128,1, 0x18C5,1, 0x83EC,1, 0xF794,3,
    0x946D,1, 0x18C5,58, 0x1907,1, 0x5318,34, 0x9490,1, 0xF794,3, 0x8C2D,1, 0x18C5,54,
    0x18E7,2, 0x18C5,2, 0x296A,1, 0x5318,34, 0x9CAF,1, 0xF794,3, 0x83EC,1, 0x18C5,54,
    0x31EE,1, 0x5318,2, 0x4293,1, 0x4A94,1, 0x5318,20, 0x631A,1, 0xF79E,2, 0x639A,2,
    0x631A,1, 0x5318,8, 0xA4EF,1, 0xF794,3, 0x7BAC,1, 0x18C5,54, 0x4272,1, 0x5318,7,
    0x639A,1, 0xF79E,1, 0x639A,3, 0x5318,12, 0x639A,1, 0xF79E,4, 0x5318,9, 0x39E8,1,
    0x5ACA,1, 0x62EA,1, 0x6B2B,1, 0x39C8,1, 0x18C5,54, 0x5318,8, 0x639A,1, 0xF79E,4,
    0x5318,12, 0x639A,1, 0xF79E,4, 0x5318,9, 0x4A94,1, 0x3A31,1, 0x31CE,1, 0x2149,1,
    0x18C5,6, 0x52AC,1, 0x9CD4,1, 0x5AED,1, 0x18C5,46, 0x5318,8, 0xF79E,4, 0x639A,1,
    0x5318,12, 0x639A,1, 0xF79E,4, 0x5318,12, 0x3A31,1, 0x18C5,5, 0x630D,1, 0xAD56,1,
    0xB596,1, 0xA515,1, 0x52AC,1, 0x18C5,44, 0x2128,1, 0x5318,8, 0xF79E,4, 0x639A,1,
    0x5318,12, 0x639A,2, 0xF79E,2, 0x639A,1, 0x5318,12, 0x31CE,1, 0x18C5,4, 0x632E,1,
    0xAD56,1, 0xB596,3, 0x9CF5,1, 0x4A6B,1, 0x18C5,43, 0x298B,1, 0x5318,8, 0x639A,1,
    0xF79E,3, 0x639A,1, 0x5318,29, 0x296B,1, 0x18C5,4, 0x738F,1, 0xB596,5, 0x5ACD,1,
    0x18C5,43, 0x31EE,1, 0x5318,27, 0x631A,1, 0xA392,8, 0x5318,6, 0x298B,1, 0x18C5,5,
    0x7BD0,1, 0xB596,3, 0x6B4E,1, 0x2947,1, 0x18C5,39, 0x18C6,1, 0x18C5,3, 0x4272,1,
    0x5318,27, 0x639A,1, 0xD40C,8, 0x5318,9, 0x4273,1, 0x18C5,3, 0x8411,1, 0xB596,1,
    0x630E,1, 0x18C5,40, 0x18C6,1, 0x210A,3, 0x2109,1, 0x4212,1, 0x4296,1, 0x5318,26,
    0x639A,1, 0xD40C,8, 0x5318,10, 0x18C5,4, 0x3188,1, 0x18C5,41, 0x18E7,1, 0x210A,8,
    0x318C,2, 0x4212,1, 0x4296,1, 0x5318,20, 0x639A,1, 0xD40C,8, 0x5318,9, 0x4252,1,
    0x18C5,46, 0x20E7,1, 0x210A,13, 0x318C,2, 0x4212,2, 0x4296,1, 0x5318,14, 0x639A,1,
    0xD40C,8, 0xF79E,1, 0x639A,1, 0x5318,7, 0x39EF,1, 0x18C5,46, 0x2108,1, 0x210A,19,
    0x318C,2, 0x4212,2, 0x4296,1, 0x5318,9, 0xD40C,8, 0xF79E,1, 0x639A,1, 0x5318,7,
    0x298C,1, 0x18C5,37, 0x2128,1, 0x18C5,8, 0x2109,1, 0x210A,25, 0x318C,2, 0x4212,2,
    0x4296,1, 0x5318,3, 0xD40C,8, 0xF79E,1, 0x639A,1, 0x5318,7, 0x2128,1, 0x18C5,36,
    0x31AD,1, 0x639A,3, 0x4A93,1, 0x4230,1, 0x31AC,1, 0x2149,1, 0x18C5,2, 0x210A,32,
    0x318C,2, 0xD40C,8, 0xF79E,1, 0x639A,1, 0x5318,7, 0x18C5,37, 0x4230,1, 0x639A,9,
    0x5318,1, 0x4212,2, 0x318C,1, 0x210A,30, 0xA392,9, 0x5318,8, 0x18C5,37, 0x4A93,1,
    0x639A,12, 0x318C,1, 0x210A,40, 0x318C,3, 0x4212,1, 0x4296,1, 0x5318,1, 0x4251,1,
    0x18C5,37, 0x639A,13, 0x4212,2, 0x318C,1, 0x210A,46, 0x2109,1, 0x20E8,1, 0x18E7,1,
    0x18C5,34, 0x296A,1, 0x39CD,1, 0x4251,1, 0x52B4,1, 0x639A,13, 0x631A,1, 0x5318,1,
    0x4212,1, 0x318C,2, 0x210A,42, 0x18C5,40, 0x2949,1, 0x31CD,1, 0x4230,1, 0x4A94,1,
    0x639A,12, 0x5318,1, 0x639A,1, 0x5318,1, 0x4212,1, 0x318C,2, 0x210A,36, 0x18C5,44,
    0x2906,1, 0xA392,1, 0x639A,18, 0x5318,1, 0x4212,2, 0x318C,1, 0x210A,29, 0x2109,1,
    0x18C5,44, 0x3126,1, 0xA392,1, 0x639A,24, 0x5318,1, 0x4212,2, 0x318C,1, 0x210A,23,
    0x20E8,1, 0x18C5,36, 0x3947,1, 0xD40C,11, 0xA392,3, 0x639A,25, 0x5318,1, 0x4212,2,
    0x318C,2, 0x210A,16, 0x18E7,1, 0x18C5,36, 0x3967,1, 0xD40C,16, 0x210A,3, 0x4212,1,
    0xA392,1, 0x639A,24, 0x631A,1, 0x4296,1, 0x4212,1, 0x318C,2, 0x210A,4, 0x318C,1,
    0x639A,1, 0x5318,1, 0x4296,1, 0x4212,2, 0x2129,1, 0x18C5,36, 0x4187,1, 0xD40C,16,
    0x210A,4, 0xD40C,4, 0xA392,3, 0x639A,24, 0x631A,1, 0x4296,1, 0x4212,2, 0x639A,8,
    0x4A93,1, 0x4230,1, 0x31AC,1, 0x2149,1, 0x18C5,30, 0x51C8,1, 0xD40C,16, 0x210A,4,
    0xD40C,10, 0xA392,3, 0x639A,34, 0x4230,1, 0x18C5,29, 0x51E8,1, 0xD40C,16, 0x318C,4,
    0xD40C,17, 0xA392,2, 0x639A,1, 0x5318,1, 0x639A,13, 0x52D5,1, 0x639A,12, 0x31AD,1,
    0x18C5,29, 0x59E8,1, 0xD40C,40, 0xA392,1, 0x318C,2, 0xA392,3, 0x639A,8, 0x3A0F,1,
    0x39EE,1, 0x4252,1, 0x52D5,1, 0x639A,9, 0x2949,1, 0x18C5,29, 0x6208,1, 0xD40C,49,
    0xA392,3, 0x52D5,1, 0x639A,1, 0x296A,1, 0x18C5,5, 0x296A,1, 0x39CD,1, 0x4251,1,
    0x52B4,1, 0x639A,3, 0x18C5,30, 0x6228,1, 0xD40C,51, 0x92EA,1, 0x18C5,14, 0x2149,1,
    0x18C5,33, 0x2106,1, 0x2926,1, 0x3146,1, 0x3967,1, 0x4187,1, 0x8ACA,1, 0xD40C,43,
    0x8ACA,1, 0x18C5,53, 0x7269,1, 0xD40C,43, 0x82A9,1, 0x18C5,53, 0x7A89,1, 0xD40C,43,
    0x7A89,1, 0x18C5,53, 0x82AA,1, 0xD40C,43, 0x7269,1, 0x18C5,53, 0x8ACA,1, 0xD40C,43,
    0x7249,1, 0x18C5,53, 0x92EA,1, 0xD40C,43, 0x6A29,1, 0x18C5,53, 0x9B0A,1, 0xD40C,43,
    0x6208,1, 0x18C5,53, 0x9B2B,1, 0xD40C,43, 0x59E8,1, 0x18C5,53, 0x4167,1, 0x51E8,1,
    0x5A08,1, 0x6208,1, 0x92EA,1, 0xA34B,1, 0xAB4B,1, 0xAB6B,1, 0x92EA,1, 0x8ACA,1,
    0x92EA,1, 0x9B0A,1, 0xAB4B,1, 0xB38C,1, 0xD40C,30, 0x51E8,1, 0x18C5,57, 0xAB6B,1,
    0xD40C,3, 0x49A7,1, 0x18C5,3, 0xAB6B,1, 0xD40C,3, 0x49A7,1, 0x18C5,7, 0x2906,1,
    0x3126,1, 0x3146,1, 0x3967,1, 0x9B0A,1, 0xD40C,3, 0x7269,1, 0x6228,1, 0x6A49,1,
    0x7269,1, 0x9B2B,1, 0xAB4B,1, 0xA34B,2, 0x9B0A,2, 0xA32B,1, 0xAB4B,1, 0x4187,1,
    0x18C5,57, 0xB36B,1, 0xD40C,3, 0x4187,1, 0x18C5,3, 0xB36B,1, 0xD40C,3, 0x4187,1,
    0x18C5,11, 0xB36B,1, 0xD40C,3, 0x4187,1, 0x18C5,3, 0xB36B,1, 0xD40C,3, 0x49A7,1,
    0x18C5,61, 0xD40C,4, 0x3967,1, 0x18C5,3, 0xD40C,4, 0x3967,1, 0x18C5,11, 0xD40C,4,
    0x3967,1, 0x18C5,3, 0xD40C,4, 0x4187,1, 0x18C5,61, 0xD40C,4, 0x3946,1, 0x18C5,3,
    0xD40C,4, 0x3946,1, 0x18C5,11, 0xD40C,4, 0x3946,1, 0x18C5,3, 0xD40C,4, 0x3946,1,
    0x18C5,61, 0xD40C,4, 0x20E4,1, 0x1083,3, 0xD40C,4, 0x2905,1, 0x1083,11, 0xD40C,4,
    0x2905,1, 0x1083,3, 0xD40C,4, 0x3126,1, 0x18C5,61, 0xD40C,4, 0x18A4,1, 0x0863,3,
    0xD40C,4, 0x20C4,1, 0x0863,11, 0xD40C,4, 0x20C4,1, 0x0863,3, 0xD40C,4, 0x2926,1,
    0x18C5,61, 0xD40C,4, 0x1083,1, 0x0863,3, 0xD40C,4, 0x1083,1, 0x0863,11, 0xD40C,4,
    0x18A4,1, 0x0863,3, 0xD40C,4, 0x18C5,62, 0x51C8,1, 0x59E8,1, 0x6207,1, 0x7248,1,
    0x1083,4, 0xD40C,4, 0x1083,12, 0xD40C,4, 0x18A4,1, 0x1083,3, 0xD40C,4, 0x18C5,86,
    0x49A7,4, 0x18C5,4, 0x82A9,1, 0x8ACA,1, 0x9B0A,1, 0xA34B,1, 0x18C5,31, 0x18C5,334,
    0x1907,1, 0x2149,1, 0x18C5,96, 0x31CD,1, 0x5318,3, 0x4272,1, 0x39EF,1, 0x298B,1,
    0x2128,1, 0x18C5,90, 0x3A30,1, 0x5318,9, 0x4251,1, 0x31EE,1, 0x296B,1, 0x2107,1,
    0x18C5,84, 0x4A93,1, 0x5318,13, 0x631A,1, 0x4A94,1, 0x3A31,1, 0x2149,1, 0x18C5,76,
    0x631A,1, 0x4273,1, 0x3A0F,1, 0x31AC,1, 0x5318,17, 0x298C,1, 0x18C5,75, 0x2128,1,
    0x5318,21, 0x2129,1, 0x18C5,75, 0x298B,1, 0x5318,21, 0x18C5,76, 0x31EE,1, 0x5318,16,
    0x631A,1, 0x949A,2, 0x741A,2, 0x31AC,1, 0x2149,1, 0x18C5,74, 0x4272,1, 0x5318,3,
    0x631A,1, 0x5318,12, 0x639A,1, 0x949A,4, 0x5318,3, 0x3A31,1, 0x18C5,72, 0x5318,4,
    0x741A,1, 0x949A,2, 0x741A,1, 0x6398,1, 0x5318,8, 0x741A,1, 0x949A,4, 0x5318,3,
    0x3A10,1, 0x18C5,72, 0x5318,4, 0x949A,4, 0x6398,1, 0x4296,4, 0x5318,4, 0x741A,1,
    0x949A,3, 0x741A,1, 0x5318,3, 0x31AD,1, 0x18C5,71, 0x2128,1, 0x5318,4, 0x949A,4,
    0x5318,1, 0x4296,4, 0x5318,4, 0x639A,2, 0x741A,2, 0x639A,1, 0x5318,3, 0x2149,1,
    0x18C5,71, 0x298B,1, 0x5318,3, 0x631A,1, 0x949A,4, 0x4296,5, 0x5318,13, 0x4251,1,
    0x31CE,1, 0x298B,1, 0x2108,1, 0x18C5,68, 0x2107,1, 0x296A,1, 0x31CE,1, 0x3A31,1,
    0x4A94,1, 0x639A,1, 0x741A,1, 0x639A,1, 0x4296,5, 0x5318,17, 0x18C5,74, 0x2107,1,
    0x31F0,1, 0x4296,4, 0x5318,17, 0x4AB4,1, 0x18C5,75, 0x31F0,1, 0x4296,4, 0x5318,8,
    0x639A,2, 0x631A,1, 0x5318,6, 0x4251,1, 0x18C5,75, 0x4296,5, 0x5318,8, 0x741A,1,
    0x949A,3, 0x741A,1, 0x5318,4, 0x31CE,1, 0x18C5,4, 0x31A7,1, 0x2967,1, 0x18C5,65,
    0x29AC,1, 0x2149,1, 0x18C5,2, 0x4296,5, 0x5318,8, 0x741A,1, 0x949A,3, 0x741A,1,
    0x5318,4, 0x298C,1, 0x18C5,3, 0x6B2B,1, 0xF794,3, 0xAD4F,1, 0x18C5,62, 0x296A,1,
    0x5318,6, 0x4296,3, 0x5318,8, 0x949A,4, 0x639A,1, 0x5318,6, 0x4273,1, 0x3A10,1,
    0x7BAC,1, 0xF794,3, 0xA50F,1, 0x18C5,62, 0x31CD,1, 0x5318,17, 0x949A,4, 0x639A,1,
    0x5318,8, 0x7BCC,1, 0xF794,3, 0x9CCE,1, 0x18C5,62, 0x3A30,1, 0x5318,16, 0x639A,1,
    0x949A,4, 0x5318,9, 0x83EC,1, 0xF794,3, 0x948E,1, 0x18C5,62, 0x4A94,1, 0x5318,19,
    0x639A,2, 0x5318,8, 0x4252,1, 0x736B,1, 0xCE11,1, 0xF794,2, 0x83CC,1, 0x18C5,62,
    0x5318,30, 0x4A94,1, 0x298C,1, 0x2128,1, 0x18C5,64, 0x1907,1, 0x5318,34, 0x298B,1,
    0x18C5,58, 0x18E7,2, 0x18C5,2, 0x296A,1, 0x5318,34, 0x294A,1, 0x18C5,58, 0x31EE,1,
    0x5318,2, 0x4293,1, 0x4A94,1, 0x5318,20, 0x741A,1, 0x949A,4, 0x631A,1, 0x5318,8,
    0x18C5,59, 0x4272,1, 0x5318,7, 0x639A,1, 0x741A,2, 0x639A,1, 0x631A,1, 0x5318,12,
    0x949A,1, 0xF79E,3, 0x949A,1, 0x5318,9, 0x18C5,59, 0x5318,8, 0x741A,1, 0x949A,3,
    0x741A,1, 0x5318,12, 0x949A,1, 0xF79E,3, 0x949A,1, 0x5318,9, 0x4A94,1, 0x3A31,1,
    0x31CE,1, 0x2149,1, 0x18C5,6, 0x6B4E,1, 0xF79E,1, 0xAD56,1, 0x18C5,46, 0x5318,8,
    0x741A,1, 0x949A,3, 0x741A,1, 0x5318,12, 0x949A,1, 0xF79E,3, 0x949A,1, 0x5318,12,
    0x3A31,1, 0x18C5,5, 0x7BD0,1, 0xF79E,3, 0x9CF4,1, 0x18C5,44, 0x2128,1, 0x5318,8,
    0x949A,4, 0x639A,1, 0x5318,12, 0x741A,1, 0x949A,3, 0x741A,1, 0x5318,12, 0x31CE,1,
    0x18C5,4, 0x7BD0,1, 0xF79E,5, 0x9493,1, 0x18C5,43, 0x298B,1, 0x5318,8, 0x741A,2,
    0x949A,2, 0x639A,1, 0x5318,29, 0x296B,1, 0x18C5,4, 0x73B0,1, 0xF79E,5, 0x9CD4,1,
    0x18C5,43, 0x31EE,1, 0x5318,29, 0x6398,2, 0x949A,1, 0xD40C,3, 0x6398,1, 0x5318,6,
    0x298B,1, 0x18C5,5, 0x8411,1, 0xF79E,3, 0x9CD4,1, 0x18C5,40, 0x18C6,1, 0x18C5,3,
    0x4272,1, 0x5318,27, 0xD40C,8, 0x6398,1, 0x5318,9, 0x4273,1, 0x18C5,3, 0x8C72,1,
    0xF79E,1, 0x8C73,1, 0x18C5,40, 0x18C6,1, 0x210A,3, 0x2109,1, 0x4216,1, 0x4296,1,
    0x5318,26, 0xD40C,8, 0x6398,1, 0x5318,10, 0x18C5,46, 0x18E7,1, 0x210A,10, 0x4216,1,
    0x4296,1, 0x5318,20, 0xD40C,8, 0x949A,1, 0x5318,9, 0x4252,1, 0x18C5,46, 0x20E7,1,
    0x210A,16, 0x4216,1, 0x4296,1, 0x5318,14, 0x949A,1, 0xD40C,8, 0x949A,1, 0x741A,1,
    0x5318,7, 0x39EF,1, 0x18C5,46, 0x2108,1, 0x210A,22, 0x4216,1, 0x4296,1, 0x5318,8,
    0x6398,1, 0xD40C,8, 0x949A,1, 0x741A,1, 0x5318,7, 0x298C,1, 0x18C5,37, 0x2128,1,
    0x18C5,8, 0x2109,1, 0x210A,28, 0x4216,1, 0x4296,1, 0x5318,2, 0x6398,1, 0xD40C,8,
    0x949A,1, 0x639A,1, 0x5318,7, 0x2128,1, 0x18C5,4, 0x4208,1, 0x4A49,1, 0x4A28,1,
    0x4228,1, 0x18C5,28, 0x31AD,1, 0x639A,3, 0x4A93,1, 0x4230,1, 0x31AC,1, 0x2149,1,
    0x18C5,2, 0x210A,34, 0xD40C,8, 0x949A,1, 0x639A,1, 0x5318,7, 0x18C5,5, 0x4A49,1,
    0x5289,3, 0x18C5,28, 0x4230,1, 0x639A,9, 0x5318,1, 0x4296,1, 0x4216,1, 0x210A,31,
    0xD40C,5, 0x4296,2, 0x6398,2, 0x5318,8, 0x18C5,5, 0x4A69,1, 0x5289,3, 0x18C5,28,
    0x4A93,1, 0x639A,12, 0x210A,44, 0x4216,1, 0x4296,1, 0x5318,1, 0x4251,1, 0x18C5,5,
    0x5269,1, 0x5289,3, 0x18C5,28, 0x639A,13, 0x4296,1, 0x4216,1, 0x210A,47, 0x2109,1,
    0x20E8,1, 0x18E7,1, 0x18C5,4, 0x2946,1, 0x18C5,29, 0x296A,1, 0x39CD,1, 0x4251,1,
    0x52B4,1, 0x639A,7, 0x741A,1, 0x639A,4, 0x6398,3, 0x4296,1, 0x210A,44, 0x18C5,40,
    0x2949,1, 0x31CD,1, 0x4230,1, 0x4A94,1, 0x639A,1, 0x741A,1, 0x639A,10, 0x5318,1,
    0x6398,2, 0x4296,1, 0x210A,38, 0x18C5,44, 0x2906,1, 0x949A,1, 0x639A,17, 0x6398,2,
    0x4296,1, 0x4216,1, 0x210A,30, 0x2109,1, 0x18C5,44, 0x3126,1, 0x949A,1, 0x741A,1,
    0x639A,22, 0x6398,2, 0x4296,1, 0x4216,1, 0x210A,24, 0x20E8,1, 0x18C5,36, 0x3947,1,
    0xD40C,13, 0x949A,2, 0x741A,1, 0x639A,22, 0x6398,2, 0x4216,2, 0x210A,18, 0x18E7,1,
    0x18C5,36, 0x3967,1, 0xD40C,16, 0x210A,3, 0x4216,1, 0x949A,1, 0x741A,1, 0x639A,23,
    0x6398,1, 0x4296,1, 0x4216,1, 0x210A,7, 0x639A,1, 0x5318,1, 0x4296,1, 0x4216,2,
    0x2129,1, 0x18C5,36, 0x4187,1, 0xD40C,16, 0x210A,4, 0xD40C,5, 0x949A,2, 0x741A,2,
    0x639A,22, 0x6398,1, 0x4296,1, 0x4216,2, 0x639A,8, 0x4A93,1, 0x4230,1, 0x31AC,1,
    0x2149,1, 0x18C5,30, 0x51C8,1, 0xD40C,16, 0x210A,4, 0xD40C,11, 0x949A,2, 0x741A,2,
    0x639A,32, 0x4230,1, 0x18C5,29, 0x51E8,1, 0xD40C,16, 0x210A,4, 0xD40C,18, 0x949A,1,
    0x6398,1, 0x5318,1, 0x639A,13, 0x52D5,1, 0x639A,12, 0x31AD,1, 0x18C5,29, 0x59E8,1,
    0xD40C,42, 0x210A,1, 0x6398,1, 0x949A,2, 0x741A,2, 0x639A,6, 0x3A0F,1, 0x39EE,1,
    0x4252,1, 0x52D5,1, 0x639A,9, 0x2949,1, 0x18C5,29, 0x6208,1, 0xD40C,50, 0x949A,2,
    0x52D5,1, 0x639A,1, 0x296A,1, 0x18C5,5, 0x296A,1, 0x39CD,1, 0x4251,1, 0x52B4,1,
    0x639A,3, 0x18C5,30, 0x6228,1, 0xD40C,51, 0x92EA,1, 0x18C5,14, 0x2149,1, 0x18C5,33,
    0x2106,1, 0x2926,1, 0x3146,1, 0x3967,1, 0x4187,1, 0x8ACA,1, 0xD40C,43, 0x8ACA,1,
    0x18C5,53, 0x7269,1, 0xD40C,43, 0x82A9,1, 0x18C5,53, 0x7A89,1, 0xD40C,43, 0x7A89,1,
    0x18C5,53, 0x82AA,1, 0xD40C,43, 0x7269,1, 0x18C5,53, 0x8ACA,1, 0xD40C,43, 0x7249,1,
    0x18C5,53, 0x92EA,1, 0xD40C,43, 0x6A29,1, 0x18C5,53, 0x9B0A,1, 0xD40C,43, 0x6208,1,
    0x18C5,53, 0x9B2B,1, 0xD40C,43, 0x59E8,1, 0x18C5,53, 0x4167,1, 0x51E8,1, 0x5A08,1,
    0x6208,1, 0x92EA,1, 0xA34B,1, 0xAB4B,1, 0xAB6B,1, 0x92EA,1, 0x8ACA,1, 0x92EA,1,
    0x9B0A,1, 0xAB4B,1, 0xB38C,1, 0xD40C,30, 0x51E8,1, 0x18C5,57, 0xAB6B,1, 0xD40C,3,
    0x49A7,1, 0x18C5,3, 0xAB6B,1, 0xD40C,3, 0x49A7,1, 0x18C5,7, 0x2906,1, 0x3126,1,
    0x3146,1, 0x3967,1, 0x9B0A,1, 0xD40C,3, 0x7269,1, 0x6228,1, 0x6A49,1, 0x7269,1,
    0x9B2B,1, 0xAB4B,1, 0xA34B,2, 0x9B0A,2, 0xA32B,1, 0xAB4B,1, 0x4187,1, 0x18C5,57,
    0xB36B,1, 0xD40C,3, 0x4187,1, 0x18C5,3, 0xB36B,1, 0xD40C,3, 0x4187,1, 0x18C5,11,
    0xB36B,1, 0xD40C,3, 0x4187,1, 0x18C5,3, 0xB36B,1, 0xD40C,3, 0x49A7,1, 0x18C5,61,
    0xD40C,4, 0x3967,1, 0x18C5,3, 0xD40C,4, 0x3967,1, 0x18C5,11, 0xD40C,4, 0x3967,1,
    0x18C5,3, 0xD40C,4, 0x4187,1, 0x18C5,61, 0xD40C,4, 0x3946,1, 0x18C5,3, 0xD40C,4,
    0x3946,1, 0x18C5,11, 0xD40C,4, 0x3946,1, 0x18C5,3, 0xD40C,4, 0x3946,1, 0x18C5,61,
    0xD40C,4, 0x20E4,1, 0x1083,3, 0xD40C,4, 0x2905,1, 0x1083,11, 0xD40C,4, 0x2905,1,
    0x1083,3, 0xD40C,4, 0x3126,1, 0x18C5,61, 0xD40C,4, 0x18A4,1, 0x0863,3, 0xD40C,4,
    0x20C4,1, 0x0863,11, 0xD40C,4, 0x20C4,1, 0x0863,3, 0xD40C,4, 0x2926,1, 0x18C5,61,
    0xD40C,4, 0x1083,1, 0x0863,3, 0xD40C,4, 0x1083,1, 0x0863,11, 0xD40C,4, 0x18A4,1,
    0x0863,3, 0xD40C,4, 0x18C5,62, 0x51C8,1, 0x59E8,1, 0x6207,1, 0x7248,1, 0x1083,4,
    0xD40C,4, 0x1083,12, 0xD40C,4, 0x18A4,1, 0x1083,3, 0xD40C,4, 0x18C5,86, 0x49A7,4,
    0x18C5,4, 0x82A9,1, 0x8ACA,1, 0x9B0A,1, 0xA34B,1, 0x18C5,31, 0x18C5,622, 0x296B,1,
    0x298B,1, 0x298C,1, 0x29AC,2, 0x31AC,2, 0x31AD,1, 0x31CD,3, 0x31CE,2, 0x31EE,2,
    0x18C5,83, 0x5318,15, 0x1907,1, 0x18C5,82, 0x5318,15, 0x2107,1, 0x18C5,82, 0x5318,15,
    0x2107,1, 0x18C5,78, 0x2149,1, 0x294A,1, 0x296A,2, 0x5318,12, 0xD61E,3, 0x3A30,1,
    0x3A0F,1, 0x3A10,2, 0x1907,1, 0x18C5,74, 0x5318,16, 0xF79E,3, 0x639A,1, 0x5318,3,
    0x2128,1, 0x18C5,74, 0x6318,1, 0x5318,15, 0xE71E,1, 0xF79E,2, 0x639A,1, 0x5318,3,
    0x2128,1, 0x18C5,74, 0x5318,16, 0xE71E,1, 0xF79E,2, 0x639A,1, 0x5318,3, 0x2129,1,
    0x18C5,74, 0x5318,4, 0x639A,1, 0xD61E,3, 0x5318,8, 0x639A,4, 0x5318,3, 0x4252,1,
    0x3A30,1, 0x3A31,2, 0x2108,1, 0x18C5,70, 0x5318,4, 0xE71E,1, 0xF79E,3, 0x5318,1,
    0x4216,3, 0x5318,15, 0x2149,1, 0x18C5,70, 0x4AB4,1, 0x5318,3, 0xE71E,1, 0xF79E,3,
    0x5318,1, 0x4216,3, 0x5318,15, 0x294A,1, 0x18C5,70, 0x4A94,1, 0x5318,3, 0xE71E,1,
    0xF79E,3, 0x5318,1, 0x4216,3, 0x5318,15, 0x294A,1, 0x18C5,8, 0x5AAA,1, 0xF794,3,
    0xAD2F,1, 0x18C5,57, 0x3A31,1, 0x4A94,2, 0x4294,1, 0xD61E,4, 0x5318,1, 0x4216,3,
    0x5318,7, 0xD61E,4, 0x639A,1, 0x5318,3, 0x4293,1, 0x4252,2, 0x4272,1, 0x2129,1,
    0x18C5,4, 0x62EA,1, 0xF794,3, 0xBD90,1, 0x18C5,65, 0x31F1,1, 0x4216,3, 0x5318,7,
    0xE71E,1, 0xF79E,3, 0x639A,1, 0x5318,7, 0x296A,1, 0x18C5,4, 0x6B2B,1, 0xF794,3,
    0xB54F,1, 0x18C5,65, 0x31F1,1, 0x4216,3, 0x5318,7, 0xE71E,1, 0xF79E,3, 0x639A,1,
    0x5318,7, 0x296B,1, 0x18C5,4, 0x736B,1, 0xF794,3, 0xAD0F,1, 0x18C5,61, 0x2149,1,
    0x296B,1, 0x298B,2, 0x5318,11, 0xE71E,1, 0xF79E,3, 0x639A,1, 0x5318,7, 0x4AB4,1,
    0x4273,2, 0x4293,1, 0x294A,1, 0x738C,1, 0xF794,3, 0xA4CE,1, 0x18C5,61, 0x4272,1,
    0x5318,14, 0x639A,5, 0x5318,11, 0x298B,1, 0x18C5,3, 0x2967,1, 0x2946,1, 0x18C5,61,
    0x4272,1, 0x5318,30, 0x298C,1, 0x18C5,66, 0x4252,1, 0x5318,30, 0x298C,1, 0x18C5,66,
    0x4252,1, 0x5318,18, 0xD61E,4, 0x639A,1, 0x5318,8, 0x4A94,1, 0x4AB4,1, 0x5318,1,
    0x298B,1, 0x18C5,62, 0x4251,1, 0x5318,18, 0xD61E,1, 0xF79E,3, 0x639A,1, 0x5318,11,
    0x31AD,1, 0x18C5,62, 0x4251,1, 0x5318,18, 0xD61E,1, 0xF79E,3, 0x639A,5, 0x5318,7,
    0x31AD,1, 0x18C5,14, 0x3188,1, 0x18C5,47, 0x3A31,1, 0x5318,18, 0xD61E,1, 0xF79E,3,
    0xD61E,4, 0x639A,1, 0x5318,7, 0x31CD,1, 0x18C5,13, 0x630D,1, 0xF79E,2, 0x18C5,42,
    0x2108,1, 0x294A,2, 0x296A,1, 0x4273,1, 0x5318,3, 0x639A,1, 0xD61E,3, 0x639A,1,
    0x5318,10, 0x639A,4, 0xD61E,4, 0x639A,1, 0x5318,11, 0x31AD,1, 0x18C5,8, 0x6B6F,1,
    0xF79E,3, 0xCE59,1, 0x18C5,41, 0x3A30,1, 0x5318,7, 0xD61E,1, 0xF79E,3, 0x639A,1,
    0x5318,14, 0xD61E,4, 0x639A,1, 0x5318,11, 0x31CE,1, 0x18C5,7, 0x5ACD,1, 0xF79E,5,
    0xBDF8,1, 0x18C5,40, 0x3A30,1, 0x5318,7, 0xD61E,1, 0xF79E,3, 0x639A,1, 0x5318,14,
    0xD61E,4, 0x639A,1, 0x5318,11, 0x31CE,1, 0x18C5,7, 0x52AC,1, 0xF79E,5, 0xB5B7,1,
    0x18C5,40, 0x3A30,1, 0x5318,7, 0xD61E,1, 0xF79E,3, 0x639A,1, 0x5318,30, 0x31EE,1,
    0x18C5,8, 0x5AED,1, 0xF79E,3, 0xAD56,1, 0x18C5,41, 0x3A10,1, 0x5318,7, 0x639A,1,
    0xD61E,3, 0x639A,1, 0x5318,18, 0xD61E,1, 0xE71E,3, 0x639A,1, 0x5318,7, 0x3A0F,1,
    0x18C5,9, 0x632E,1, 0xF79E,1, 0x9CF4,1, 0x18C5,42, 0x3A0F,1, 0x5318,30, 0xD40C,2,
    0xF794,2, 0xD61E,1, 0x6318,2, 0x5318,5, 0x3A0F,1, 0x18C5,54, 0x3A0F,1, 0x5318,30,
    0xD40C,8, 0x6318,1, 0x5318,3, 0x3A0F,1, 0x18C5,54, 0x3A0F,1, 0x5318,29, 0x6318,1,
    0xD40C,8, 0x6318,1, 0x5318,3, 0x3A0F,1, 0x18C5,50, 0x18E7,1, 0x20E8,1, 0x59EA,1,
    0x520E,9, 0x4216,5, 0x4230,1, 0x4210,1, 0x422F,1, 0x420F,1, 0x3A0F,1, 0x39EF,2,
    0x31EE,3, 0x31CE,6, 0x31CD,1, 0x522D,1, 0xD40C,8, 0x298B,2, 0x296B,1, 0x296A,1,
    0x2128,1, 0x18C5,50, 0x20E8,1, 0x210A,33, 0x520E,1, 0xD40C,8, 0x210A,5, 0x2109,2,
    0x20E8,1, 0x18C5,47, 0x20E8,1, 0x210A,33, 0x520E,1, 0xD40C,8, 0x210A,7, 0x2109,1,
    0x18C5,47, 0x20E8,1, 0x210A,29, 0x520E,4, 0xD40C,8, 0x520E,1, 0x210A,7, 0x2109,1,
    0x18C5,5, 0xAD2F,1, 0xCDF1,1, 0xC5D0,1, 0xBD90,1, 0x31A7,1, 0x18C5,37, 0x2108,1,
    0x210A,29, 0x520E,4, 0xD40C,8, 0x520E,1, 0x210A,7, 0x2109,1, 0x18C5,5, 0xF794,4,
    0x39C8,1, 0x18C5,29, 0x3A0F,1, 0x39EF,1, 0x39CE,1, 0x31CD,1, 0x31AC,1, 0x298B,1,
    0x296A,1, 0x2949,1, 0x294B,1, 0x210A,29, 0x520E,4, 0x210A,1, 0x520E,4, 0xD40C,3,
    0x520E,1, 0x210A,7, 0x2109,1, 0x18C5,5, 0xF794,4, 0x31A7,1, 0x18C5,28, 0x2128,1,
    0x639A,11, 0x4216,1, 0x210A,26, 0x520E,4, 0x210A,16, 0x2109,1, 0x18C5,5, 0xF794,4,
    0x2947,1, 0x18C5,28, 0x2129,1, 0x639A,11, 0x6318,1, 0x639A,3, 0x6318,4, 0x5318,3,
    0x4216,5, 0x520E,9, 0x210A,2, 0x520E,1, 0x210A,1, 0x520E,2, 0x210A,12, 0x4216,3,
    0x520E,1, 0x4216,1, 0x39CE,1, 0x31CD,1, 0x31AD,1, 0x31AC,1, 0x318C,1, 0x4A6C,1,
    0x4A6B,1, 0x4A28,1, 0x5269,1, 0x18C5,29, 0x2949,1, 0x639A,11, 0x6318,1, 0x639A,32,
    0x6318,7, 0x5318,1, 0x4216,2, 0x639A,11, 0x4A93,1, 0x18C5,31, 0x2108,1, 0x4230,1,
    0x4251,2, 0x4A52,1, 0x4A72,1, 0x4A73,1, 0x4A93,1, 0x4A94,1, 0x52B4,1, 0x52D4,1,
    0x639A,1, 0x6318,1, 0x639A,53, 0x4A73,1, 0x18C5,41, 0x2906,1, 0xD40C,2, 0x639A,53,
    0x4A72,1, 0x18C5,41, 0x3126,1, 0xD40C,8, 0x0000,3, 0x210A,1, 0xD40C,11, 0x6318,6,
    0x639A,3, 0x6318,3, 0x639A,9, 0x298B,1, 0x31AC,1, 0x31CD,1, 0x39EE,1, 0x3A0F,1,
    0x4230,1, 0x4251,1, 0x4252,1, 0x4A73,1, 0x4A93,1, 0x52B4,1, 0x39EE,1, 0x18C5,33,
    0x3947,1, 0xD40C,16, 0x0000,4, 0xD40C,20, 0x0000,4, 0xD40C,8, 0x18C5,45, 0x3967,1,
    0xD40C,16, 0x0000,4, 0xD40C,20, 0x0000,4, 0xD40C,8, 0x18C5,45, 0x4187,1, 0xD40C,16,
    0x0000,3, 0x210A,1, 0xD40C,20, 0x0000,3, 0x210A,1, 0xD40C,7, 0xB38C,1, 0x18C5,45,
    0x51C8,1, 0xD40C,16, 0x0000,3, 0x210A,1, 0xD40C,20, 0x0000,3, 0x210A,1, 0xD40C,7,
    0xAB6B,1, 0x18C5,45, 0x51E8,1, 0xD40C,16, 0x520E,4, 0xD40C,20, 0x0000,3, 0x210A,1,
    0xD40C,7, 0xA34B,1, 0x18C5,45, 0x59E8,1, 0xD40C,40, 0x520E,3, 0xD40C,8, 0xA32B,1,
    0x18C5,45, 0x6208,1, 0xD40C,51, 0x9B0A,1, 0x18C5,45, 0x6228,1, 0xD40C,51, 0x92EA,1,
    0x18C5,48, 0x2106,1, 0x2926,1, 0x3146,1, 0x3967,1, 0x4187,1, 0x8ACA,1, 0xD40C,43,
    0x8ACA,1, 0x18C5,53, 0x7269,1, 0xD40C,43, 0x82A9,1, 0x18C5,53, 0x7A89,1, 0xD40C,43,
    0x7A89,1, 0x18C5,53, 0x82AA,1, 0xD40C,43, 0x7269,1, 0x18C5,53, 0x8ACA,1, 0xD40C,43,
    0x7249,1, 0x18C5,53, 0x92EA,1, 0xD40C,43, 0x6A29,1, 0x18C5,53, 0x9B0A,1, 0xD40C,43,
    0x6208,1, 0x18C5,53, 0x9B2B,1, 0xD40C,43, 0x59E8,1, 0x18C5,53, 0x4167,1, 0x51E8,1,
    0x5A08,1, 0x6208,1, 0x92EA,1, 0xA34B,1, 0xAB4B,1, 0xAB6B,1, 0x92EA,1, 0x8ACA,1,
    0x92EA,1, 0x9B0A,1, 0xAB4B,1, 0xB38C,1, 0xD40C,30, 0x51E8,1, 0x18C5,57, 0xAB6B,1,
    0xD40C,3, 0x49A7,1, 0x18C5,3, 0xAB6B,1, 0xD40C,3, 0x49A7,1, 0x18C5,7, 0x2906,1,
    0x3126,1, 0x3146,1, 0x3967,1, 0x9B0A,1, 0xD40C,3, 0x7269,1, 0x6228,1, 0x6A49,1,
    0x7269,1, 0x9B2B,1, 0xAB4B,1, 0xA34B,2, 0x9B0A,2, 0xA32B,1, 0xAB4B,1, 0x4187,1,
    0x18C5,57, 0xB36B,1, 0xD40C,3, 0x4187,1, 0x18C5,3, 0xB36B,1, 0xD40C,3, 0x4187,1,
    0x18C5,11, 0xB36B,1, 0xD40C,3, 0x4187,1, 0x18C5,3, 0xB36B,1, 0xD40C,3, 0x49A7,1,
    0x18C5,61, 0xD40C,4, 0x3967,1, 0x18C5,3, 0xD40C,4, 0x3967,1, 0x18C5,11, 0xD40C,4,
    0x3967,1, 0x18C5,3, 0xD40C,4, 0x4187,1, 0x18C5,61, 0xD40C,4, 0x3946,1, 0x18C5,3,
    0xD40C,4, 0x3946,1, 0x18C5,11, 0xD40C,4, 0x3946,1, 0x18C5,3, 0xD40C,4, 0x3946,1,
    0x18C5,61, 0xD40C,4, 0x20E4,1, 0x1083,3, 0xD40C,4, 0x2905,1, 0x1083,11, 0xD40C,4,
    0x2905,1, 0x1083,3, 0xD40C,4, 0x3126,1, 0x18C5,61, 0xD40C,4, 0x18A4,1, 0x0863,3,
    0xD40C,4, 0x20C4,1, 0x0863,11, 0xD40C,4, 0x20C4,1, 0x0863,3, 0xD40C,4, 0x2926,1,
    0x18C5,61, 0xD40C,4, 0x1083,1, 0x0863,3, 0xD40C,4, 0x1083,1, 0x0863,11, 0xD40C,4,
    0x18A4,1, 0x0863,3, 0xD40C,4, 0x18C5,62, 0x51C8,1, 0x59E8,1, 0x6207,1, 0x7248,1,
    0x1083,4, 0xD40C,4, 0x1083,12, 0xD40C,4, 0x18A4,1, 0x1083,3, 0xD40C,4, 0x18C5,86,
    0x49A7,4, 0x18C5,4, 0x82A9,1, 0x8ACA,1, 0x9B0A,1, 0xA34B,1, 0x18C5,31, 0x18C5,524,
    0x296B,2, 0x298B,5, 0x298C,3, 0x29AC,1, 0x318C,1, 0x29AC,1, 0x31AC,2, 0x18C5,83,
    0x5318,15, 0x18C5,83, 0x5318,15, 0x18C5,83, 0x5318,15, 0x18C5,79, 0x2149,1, 0x294A,2,
    0x296A,1, 0x5318,10, 0x639A,1, 0xC61C,4, 0x31CD,1, 0x31AD,1, 0x31CD,2, 0x18C5,75,
    0x5318,14, 0x639A,1, 0xD69E,3, 0xC61C,1, 0x5318,4, 0x18C5,75, 0x5318,14, 0x639A,1,
    0xD69E,3, 0xC61C,1, 0x5318,4, 0x18E7,1, 0x18C5,74, 0x5318,14, 0x639A,1, 0xD69E,3,
    0xC61C,1, 0x5318,4, 0x18E7,1, 0x18C5,74, 0x5318,3, 0x639A,3, 0xC61C,1, 0x639A,1,
    0x5318,6, 0x639A,5, 0x5318,4, 0x31EE,1, 0x31CE,3, 0x18C5,71, 0x5318,3, 0x639A,1,
    0xD69E,3, 0xC61C,1, 0x4216,3, 0x5318,16, 0x2107,1, 0x18C5,70, 0x5318,3, 0x639A,1,
    0xD69E,4, 0x4216,3, 0x5318,16, 0x2107,1, 0x18C5,70, 0x4272,1, 0x4A94,2, 0x52D4,1,
    0xD69E,4, 0x4216,3, 0x5318,16, 0x3A0F,1, 0x31EE,2, 0x18C5,6, 0x738C,1, 0x9C8E,1,
    0x946D,1, 0x8C2D,1, 0x39C8,1, 0x18C5,61, 0x738F,3, 0x6B4E,1, 0x4216,3, 0x5318,7,
    0x639A,1, 0xC61C,4, 0x5318,7, 0x2108,1, 0x18C5,5, 0xB54F,1, 0xF794,3, 0x5289,1,
    0x18C5,65, 0x4216,3, 0x5318,7, 0x639A,1, 0xD69E,4, 0x5318,7, 0x2128,1, 0x18C5,5,
    0xBD90,1, 0xF794,3, 0x4A69,1, 0x18C5,65, 0x4216,3, 0x5318,7, 0x639A,1, 0xD69E,4,
    0x5318,7, 0x2128,1, 0x18C5,5, 0xC5B0,1, 0xF794,3, 0x4A28,1, 0x18C5,61, 0x2149,1,
    0x296A,1, 0x296B,2, 0x5318,10, 0x639A,5, 0x5318,7, 0x3A30,1, 0x39EF,1, 0x3A0F,2,
    0x18E7,1, 0x18C5,1, 0xC5F1,1, 0xF794,3, 0x41E8,1, 0x18C5,61, 0x5318,30, 0x2128,1,
    0x18C5,1, 0x4A49,1, 0x62EA,1, 0x6B4B,1, 0x7BAC,1, 0x2946,1, 0x18C5,61, 0x5318,30,
    0x2129,1, 0x18C5,67, 0x5318,22, 0x639A,5, 0x5318,3, 0x2129,1, 0x18C5,67, 0x6318,1,
    0x5318,17, 0x6318,1, 0xC61C,4, 0xD59E,3, 0x639A,1, 0x5318,3, 0x4251,1, 0x3A0F,1,
    0x3A10,2, 0x2107,1, 0x18C5,18, 0x6B6F,1, 0x7BD0,1, 0x2947,1, 0x18C5,42, 0x5318,18,
    0x6318,1, 0xD69E,4, 0xD59E,3, 0x639A,1, 0x5318,7, 0x2149,1, 0x18C5,17, 0x73B0,1,
    0xF79E,2, 0x8432,1, 0x18C5,42, 0x5318,19, 0xD69E,4, 0xD59E,3, 0x639A,1, 0x5318,7,
    0x2149,1, 0x18C5,16, 0x8411,1, 0xF79E,4, 0x7BD0,1, 0x18C5,41, 0x5318,19, 0xD69E,4,
    0xD59E,3, 0x639A,1, 0x5318,7, 0x2149,1, 0x18C5,16, 0xF79E,6, 0x2968,1, 0x18C5,36,
    0x2129,1, 0x294A,2, 0x296A,1, 0x5318,4, 0xC61C,4, 0x6318,1, 0x5318,10, 0x639A,4,
    0x6318,1, 0x5318,10, 0x4252,1, 0x3A30,3, 0x2108,1, 0x18C5,12, 0x8411,1, 0xF79E,4,
    0xB5B7,1, 0x18C5,37, 0x4AB4,1, 0x5318,7, 0xD69E,4, 0x639A,1, 0x5318,29, 0x296A,1,
    0x18C5,13, 0x8C73,1, 0xF79E,2, 0xAD56,1, 0x18C5,38, 0x4A94,1, 0x5318,7, 0xD69E,4,
    0x639A,1, 0x5318,29, 0x296A,1, 0x18C5,14, 0x9CD4,1, 0x9CF4,1, 0x18C5,39, 0x4A94,1,
    0x5318,7, 0xD69E,4, 0x639A,1, 0x5318,29, 0x296A,1, 0x18C5,55, 0x4A94,1, 0x5318,7,
    0xC61C,4, 0x639A,1, 0x5318,18, 0xC61C,3, 0x639A,1, 0x5318,7, 0x296A,1, 0x18C5,55,
    0x4A94,1, 0x5318,30, 0xD69E,3, 0x639A,1, 0x5318,7, 0x296A,1, 0x18C5,55, 0x4A94,1,
    0x5318,30, 0xD40C,4, 0x6318,3, 0x5318,4, 0x296A,1, 0x18C5,55, 0x3A31,1, 0x4A94,4,
    0x4293,3, 0x4273,3, 0x4272,2, 0x4252,4, 0x4251,2, 0x3A31,4, 0x3A30,3, 0x3A10,3,
    0x3A0F,2, 0xD40C,8, 0x524D,1, 0x31CE,1, 0x31CD,1, 0x2107,1, 0x18C5,51, 0x18C6,1,
    0x18E7,33, 0x20E7,1, 0xD40C,8, 0x3147,1, 0x18E7,5, 0x18C6,1, 0x18C5,48, 0x2108,1,
    0x210A,34, 0xD40C,8, 0x210A,7, 0x18C5,48, 0x2108,1, 0x210A,34, 0xD40C,8, 0x210A,7,
    0x18C5,48, 0x2108,1, 0x210A,33, 0xD40C,9, 0x210A,7, 0x18C5,7, 0x3187,1, 0x2946,1,
    0x18C5,39, 0x2108,1, 0x210A,29, 0xC61C,4, 0xD40C,9, 0x210A,7, 0x18C5,6, 0x39C8,1,
    0xF794,4, 0x18C5,29, 0x296A,2, 0x2949,2, 0x2129,1, 0x2128,2, 0x2107,1, 0x2929,1,
    0x210A,29, 0xD69E,1, 0xF79E,3, 0xD40C,8, 0x210A,8, 0x18C5,6, 0x4208,1, 0xF794,4,
    0x18C5,29, 0x639A,11, 0x4216,1, 0x210A,26, 0xF79E,4, 0x210A,3, 0xD40C,5, 0x210A,8,
    0x2128,1, 0x2108,1, 0x2107,2, 0x18C5,2, 0x4A49,1, 0xF794,3, 0xC5F1,1, 0x18C5,29,
    0x639A,11, 0x6318,1, 0x639A,6, 0x6318,8, 0x5318,7, 0x4216,5, 0xF79E,4, 0x4216,10,
    0x210A,1, 0x6318,1, 0x639A,10, 0x7BD4,1, 0xF794,3, 0xBDB0,1, 0x18C5,29, 0x639A,11,
    0x6318,1, 0x639A,27, 0xC61C,3, 0x639A,11, 0x6318,1, 0x639A,10, 0x52B4,1, 0x18C5,33,
    0x52B4,1, 0x5AF6,1, 0x639A,62, 0x4A93,1, 0x18C5,43, 0xD40C,2, 0x639A,6, 0x6318,3,
    0x639A,32, 0x6318,1, 0x52D5,10, 0x3A0F,1, 0x18C5,42, 0x2906,1, 0xD40C,8, 0x0000,4,
    0xD40C,20, 0x210A,4, 0xD40C,8, 0x18C5,53, 0x3126,1, 0xD40C,8, 0x0000,4, 0xD40C,20,
    0x0000,4, 0xD40C,8, 0x18C5,45, 0x3947,1, 0xD40C,16, 0x0000,4, 0xD40C,20, 0x0000,4,
    0xD40C,8, 0x18C5,45, 0x3967,1, 0xD40C,16, 0x0000,4, 0xD40C,20, 0x0000,4, 0xD40C,8,
    0x18C5,45, 0x4187,1, 0xD40C,16, 0x0000,3, 0x210A,1, 0xD40C,20, 0x0000,3, 0x210A,1,
    0xD40C,7, 0xB38C,1, 0x18C5,45, 0x51C8,1, 0xD40C,16, 0x0000,3, 0x210A,1, 0xD40C,20,
    0x0000,3, 0x210A,1, 0xD40C,7, 0xAB6B,1, 0x18C5,45, 0x51E8,1, 0xD40C,40, 0x0000,3,
    0x210A,1, 0xD40C,7, 0xA34B,1, 0x18C5,45, 0x59E8,1, 0xD40C,51, 0xA32B,1, 0x18C5,45,
    0x6208,1, 0xD40C,51, 0x9B0A,1, 0x18C5,45, 0x6228,1, 0xD40C,51, 0x92EA,1, 0x18C5,48,
    0x2106,1, 0x2926,1, 0x3146,1, 0x3967,1, 0x4187,1, 0x8ACA,1, 0xD40C,43, 0x8ACA,1,
    0x18C5,53, 0x7269,1, 0xD40C,43, 0x82A9,1, 0x18C5,53, 0x7A89,1, 0xD40C,43, 0x7A89,1,
    0x18C5,53, 0x82AA,1, 0xD40C,43, 0x7269,1, 0x18C5,53, 0x8ACA,1, 0xD40C,43, 0x7249,1,
    0x18C5,53, 0x92EA,1, 0xD40C,43, 0x6A29,1, 0x18C5,53, 0x9B0A,1, 0xD40C,43, 0x6208,1,
    0x18C5,53, 0x9B2B,1, 0xD40C,43, 0x59E8,1, 0x18C5,53, 0x4167,1, 0x51E8,1, 0x5A08,1,
    0x6208,1, 0x92EA,1, 0xA34B,1, 0xAB4B,1, 0xAB6B,1, 0x92EA,1, 0x8ACA,1, 0x92EA,1,
    0x9B0A,1, 0xAB4B,1, 0xB38C,1, 0xD40C,30, 0x51E8,1, 0x18C5,57, 0xAB6B,1, 0xD40C,3,
    0x49A7,1, 0x18C5,3, 0xAB6B,1, 0xD40C,3, 0x49A7,1, 0x18C5,7, 0x2906,1, 0x3126,1,
    0x3146,1, 0x3967,1, 0x9B0A,1, 0xD40C,3, 0x7269,1, 0x6228,1, 0x6A49,1, 0x7269,1,
    0x9B2B,1, 0xAB4B,1, 0xA34B,2, 0x9B0A,2, 0xA32B,1, 0xAB4B,1, 0x4187,1, 0x18C5,57,
    0xB36B,1, 0xD40C,3, 0x4187,1, 0x18C5,3, 0xB36B,1, 0xD40C,3, 0x4187,1, 0x18C5,11,
    0xB36B,1, 0xD40C,3, 0x4187,1, 0x18C5,3, 0xB36B,1, 0xD40C,3, 0x49A7,1, 0x18C5,61,
    0xD40C,4, 0x3967,1, 0x18C5,3, 0xD40C,4, 0x3967,1, 0x18C5,11, 0xD40C,4, 0x3967,1,
    0x18C5,3, 0xD40C,4, 0x4187,1, 0x18C5,61, 0xD40C,4, 0x3946,1, 0x18C5,3, 0xD40C,4,
    0x3946,1, 0x18C5,11, 0xD40C,4, 0x3946,1, 0x18C5,3, 0xD40C,4, 0x3946,1, 0x18C5,61,
    0xD40C,4, 0x20E4,1, 0x1083,3, 0xD40C,4, 0x2905,1, 0x1083,11, 0xD40C,4, 0x2905,1,
    0x1083,3, 0xD40C,4, 0x3126,1, 0x18C5,61, 0xD40C,4, 0x18A4,1, 0x0863,3, 0xD40C,4,
    0x20C4,1, 0x0863,11, 0xD40C,4, 0x20C4,1, 0x0863,3, 0xD40C,4, 0x2926,1, 0x18C5,61,
    0xD40C,4, 0x1083,1, 0x0863,3, 0xD40C,4, 0x1083,1, 0x0863,11, 0xD40C,4, 0x18A4,1,
    0x0863,3, 0xD40C,4, 0x18C5,62, 0x51C8,1, 0x59E8,1, 0x6207,1, 0x7248,1, 0x1083,4,
    0xD40C,4, 0x1083,12, 0xD40C,4, 0x18A4,1, 0x1083,3, 0xD40C,4, 0x18C5,86, 0x49A7,4,
    0x18C5,4, 0x82A9,1, 0x8ACA,1, 0x9B0A,1, 0xA34B,1, 0x18C5,31, 0x18C5,135, 0x3A0F,1,
    0x5318,2, 0x4293,1, 0x3A31,1, 0x39EF,1, 0x31AC,1, 0x296A,1, 0x2128,1, 0x18C5,89,
    0x4251,1, 0x5318,11, 0x4272,1, 0x3A30,1, 0x31EE,1, 0x2128,1, 0x18C5,82, 0x4294,1,
    0x5318,14, 0x29AC,1, 0x18C5,78, 0x31EF,1, 0x31CE,1, 0x298B,1, 0x2149,1, 0x5318,15,
    0x294A,1, 0x18C5,78, 0x5318,19, 0x2108,1, 0x18C5,77, 0x2108,1, 0x5318,14, 0x741A,1,
    0xB59C,3, 0x741A,1, 0x31AC,1, 0x294A,1, 0x2108,1, 0x18C5,75, 0x296A,1, 0x5318,14,
    0x741A,1, 0xB59C,4, 0x5318,4, 0x18C5,74, 0x318C,1, 0x5318,3, 0x639A,1, 0x741A,1,
    0x639A,2, 0x5318,7, 0x741A,1, 0xB59C,3, 0x741A,1, 0x5318,4, 0x18C5,74, 0x31CE,1,
    0x5318,3, 0xB59C,4, 0x741A,1, 0x5318,6, 0x741A,1, 0xB59C,3, 0x741A,1, 0x5318,3,
    0x4273,1, 0x18C5,74, 0x3A30,1, 0x5318,3, 0xB59C,4, 0x6398,1, 0x4216,2, 0x5318,6,
    0x639A,1, 0x741A,1, 0x639A,1, 0x5318,3, 0x3A30,1, 0x18C5,74, 0x296A,1, 0x39EF,1,
    0x3A31,1, 0x4293,1, 0xB59C,4, 0x5318,1, 0x4216,2, 0x5318,14, 0x4A94,1, 0x4251,1,
    0x296A,1, 0x18C5,74, 0x6B4E,1, 0x7BD0,1, 0x8C73,1, 0x9CF5,1, 0x5318,1, 0x4216,2,
    0x5318,16, 0x31AC,1, 0x18C5,78, 0x4216,3, 0x5318,16, 0x296A,1, 0x18C5,78, 0x4216,3,
    0x5318,7, 0x639A,1, 0xB59C,1, 0x741A,3, 0x5318,4, 0x3A30,1, 0x31AD,1, 0x296A,1,
    0x18C5,2, 0x3187,1, 0x8C2D,1, 0x83EC,2, 0x630A,1, 0x18C5,65, 0x2108,1, 0x18C5,2,
    0x18E7,1, 0x4216,3, 0x5318,7, 0x741A,1, 0xB59C,4, 0x5318,7, 0x18C5,2, 0x39C8,1,
    0x944D,3, 0x736B,1, 0x18C5,64, 0x296A,1, 0x5318,14, 0x741A,1, 0xB59C,4, 0x5318,7,
    0x18C5,2, 0x39E8,1, 0x944D,3, 0x6B4B,1, 0x18C5,64, 0x31AC,1, 0x5318,14, 0x639A,1,
    0x741A,2, 0xB59C,1, 0x741A,1, 0x5318,7, 0x18C5,2, 0x4208,1, 0x944D,3, 0x6B2B,1,
    0x18C5,64, 0x31EF,1, 0x5318,19, 0x741A,4, 0x639A,1, 0x5318,1, 0x4A94,1, 0x2108,1,
    0x18C5,1, 0x4228,1, 0x944D,3, 0x630A,1, 0x18C5,64, 0x3A31,1, 0x5318,19, 0xC59E,4,
    0x639A,1, 0x5318,5, 0x3A0F,1, 0x18C5,67, 0x4273,1, 0x5318,19, 0xC59E,4, 0x639A,1,
    0x5318,5, 0x39EF,1, 0x18C5,67, 0x5318,19, 0x741A,1, 0xC59E,4, 0x639A,1, 0x5318,5,
    0x31AC,1, 0x18C5,67, 0x5318,18, 0x639A,1, 0xB59C,1, 0xC59E,3, 0xB59C,1, 0x639A,1,
    0x5318,5, 0x296A,1, 0x18C5,63, 0x4252,1, 0x3A10,1, 0x31CD,1, 0x298C,1, 0x5318,18,
    0x639A,1, 0xB59C,4, 0x5318,8, 0x4251,1, 0x3A0F,1, 0x31CD,1, 0x18C5,19, 0x6B4E,1,
    0xF79E,1, 0x8411,1, 0x18C5,37, 0x2149,1, 0x5318,7, 0x741A,1, 0xB59C,3, 0x741A,1,
    0x5318,10, 0x741A,1, 0xB59C,4, 0x5318,11, 0x18C5,18, 0x73B0,1, 0xF79E,3, 0x7BD0,1,
    0x18C5,36, 0x298B,1, 0x5318,7, 0x741A,1, 0xB59C,3, 0x741A,1, 0x5318,10, 0x741A,1,
    0xB59C,4, 0x5318,11, 0x18C5,17, 0x8411,1, 0xF79E,5, 0x6B6F,1, 0x18C5,35, 0x31CE,1,
    0x5318,7, 0x741A,1, 0xB59C,3, 0x741A,1, 0x5318,13, 0x639A,2, 0x5318,11, 0x18C5,17,
    0x9493,1, 0xF79E,5, 0x8C52,1, 0x18C5,35, 0x3A30,1, 0x5318,7, 0xB59C,4, 0x741A,1,
    0x5318,26, 0x296A,1, 0x2128,1, 0x18C5,16, 0xA535,1, 0xF79E,3, 0xA515,1, 0x31A9,1,
    0x18C5,35, 0x4273,1, 0x5318,8, 0x639A,1, 0x741A,2, 0x639A,1, 0x5318,29, 0x3A30,1,
    0x18C5,14, 0x2947,1, 0xAD76,1, 0xF79E,1, 0x94B3,1, 0x3188,1, 0x18C5,36, 0x4AB4,1,
    0x5318,41, 0x3A0F,1, 0x18C5,15, 0x2968,1, 0x422A,1, 0x2967,1, 0x18C5,37, 0x296A,1,
    0x31AD,1, 0x39EF,1, 0x4251,1, 0x4293,1, 0x5318,26, 0x741A,2, 0x639A,1, 0x5318,8,
    0x31AC,1, 0x18C5,62, 0x1907,1, 0x2149,1, 0x298B,1, 0x31CE,1, 0x3A10,1, 0x4252,1,
    0x4A94,1, 0x5318,17, 0xB59C,3, 0x639A,1, 0x5318,7, 0x296A,1, 0x18C5,51, 0x18C6,3,
    0x18C5,17, 0x2108,1, 0x294A,1, 0x29AC,1, 0x31EE,1, 0x3A31,1, 0x4273,1, 0x5318,8,
    0x639A,1, 0xB59C,3, 0x5318,8, 0x2108,1, 0x18C5,51, 0x2108,1, 0x210A,7, 0x2109,2,
    0x20E8,3, 0x20E7,1, 0x18E7,2, 0x18C6,2, 0x18C5,11, 0x2129,1, 0x296B,1, 0x31AD,1,
    0x3A0F,1, 0x4251,1, 0x6355,1, 0xC59E,1, 0xB59C,2, 0x5318,8, 0x18C5,52, 0x2109,1,
    0x210A,22, 0x2109,2, 0x2108,1, 0x20E8,2, 0x20E7,1, 0x18E7,2, 0x18C6,3, 0x82CA,1,
    0xD40C,1, 0xB40E,1, 0xABCE,1, 0x82AB,1, 0x7AAC,1, 0x72AD,1, 0x6AAF,1, 0x5292,1,
    0x4AB4,1, 0x5318,2, 0x18C5,52, 0x2109,1, 0x210A,33, 0xC38C,1, 0xD40C,7, 0x6209,1,
    0x20E7,1, 0x18E7,2, 0x18C6,3, 0x18C5,49, 0x2109,1, 0x210A,33, 0xC38C,1, 0xD40C,7,
    0x210A,7, 0x2109,1, 0x18C5,48, 0x210A,34, 0xC38C,1, 0xD40C,7, 0x210A,7, 0x2109,1,
    0x18C5,39, 0x296A,1, 0x52B4,1, 0x4A73,1, 0x4251,1, 0x4230,1, 0x39EE,1, 0x31CD,1,
    0x31AC,1, 0x296A,1, 0x210A,34, 0xC38C,1, 0xD40C,7, 0x210A,7, 0x2108,1, 0x18C5,10,
    0x5AAA,1, 0x8C4D,1, 0x840D,1, 0x83CC,1, 0x4A28,1, 0x18C5,24, 0x31AD,1, 0x639A,11,
    0x4216,1, 0x210A,30, 0xC38C,1, 0xD40C,7, 0x210A,7, 0x20E8,1, 0x18C5,10, 0x840D,1,
    0xF79E,3, 0x736B,1, 0x18C5,24, 0x39EE,1, 0x639A,17, 0x6398,1, 0x5318,4, 0x4216,5,
    0x210A,10, 0x6398,4, 0x210A,1, 0xC38C,1, 0xD40C,7, 0x210A,7, 0x20E8,1, 0x18C5,10,
    0x8C2D,1, 0xF79E,3, 0x6B2B,1, 0x18C5,24, 0x3A0F,1, 0x639A,34, 0x6398,1, 0x5318,2,
    0xC59E,1, 0xF79E,3, 0x6398,1, 0xD40C,8, 0x210A,3, 0x5318,3, 0x4216,1, 0x4A52,1,
    0x4230,1, 0x3A0F,1, 0x39EE,1, 0x31CD,1, 0x31AC,1, 0x318B,1, 0x18C5,4, 0x946D,1,
    0xF79E,3, 0x630A,1, 0x18C5,26, 0x2128,1, 0x2949,1, 0x298B,1, 0x31AC,1, 0x39CE,1,
    0x3A0F,1, 0x4230,1, 0x4A72,1, 0x4A93,1, 0x741A,1, 0x639A,26, 0xF79E,4, 0x741A,5,
    0xC38C,4, 0x6398,1, 0x5318,2, 0x639A,11, 0x2129,1, 0x18C5,3, 0x4A28,1, 0x6B2A,1,
    0x736B,1, 0x738C,1, 0x39C8,1, 0x18C5,35, 0xD40C,1, 0x741A,4, 0x639A,22, 0xF79E,4,
    0x741A,1, 0x639A,10, 0x741A,1, 0x639A,11, 0x2107,1, 0x18C5,43, 0xD40C,8, 0xB59C,1,
    0xC38C,5, 0x741A,9, 0x639A,4, 0xB59C,1, 0xC59E,3, 0x741A,1, 0x639A,10, 0x741A,1,
    0x639A,11, 0x18C5,44, 0xD40C,8, 0x6398,1, 0x0000,3, 0xD40C,17, 0xC38C,3, 0xB59C,1,
    0x4216,1, 0x5318,1, 0x6398,1, 0x741A,7, 0xD40C,1, 0x2107,1, 0x2128,1, 0x2149,1,
    0x296A,1, 0x298B,1, 0x31AC,1, 0x31CD,1, 0x39CE,1, 0x39EF,1, 0x4210,1, 0x18C5,44,
    0xD40C,8, 0x0000,4, 0xD40C,20, 0x210A,1, 0x0000,3, 0xD40C,8, 0x18C5,53, 0x2906,1,
    0xD40C,8, 0x0000,4, 0xD40C,20, 0x0000,4, 0xD40C,8, 0x18C5,53, 0x3126,1, 0xD40C,7,
    0xC38C,1, 0x0000,4, 0xD40C,20, 0x0000,4, 0xD40C,8, 0x18C5,45, 0x3947,1, 0xD40C,15,
    0xC38C,1, 0x0000,4, 0xD40C,19, 0xC38C,1, 0x0000,4, 0xD40C,8, 0x18C5,45, 0x3967,1,
    0xD40C,15, 0xC38C,1, 0x0000,4, 0xD40C,19, 0xC38C,1, 0x0000,4, 0xD40C,8, 0x18C5,45,
    0x4187,1, 0xD40C,15, 0xC38C,1, 0x0000,3, 0x210A,1, 0xD40C,19, 0xC38C,1, 0x0000,3,
    0x210A,1, 0xD40C,7, 0xB38C,1, 0x18C5,45, 0x51C8,1, 0xD40C,15, 0xC38C,1, 0x210A,3,
    0xC38C,1, 0xD40C,19, 0xC38C,1, 0x0000,3, 0x210A,1, 0xD40C,7, 0xAB6B,1, 0x18C5,45,
    0x51E8,1, 0xD40C,40, 0xC38C,4, 0xD40C,7, 0xA34B,1, 0x18C5,45, 0x59E8,1, 0xD40C,51,
    0xA32B,1, 0x18C5,45, 0x6208,1, 0xD40C,51, 0x9B0A,1, 0x18C5,45, 0x6228,1, 0xD40C,51,
    0x92EA,1, 0x18C5,48, 0x2106,1, 0x2926,1, 0x3146,1, 0x3967,1, 0x4187,1, 0x8ACA,1,
    0xD40C,43, 0x8ACA,1, 0x18C5,53, 0x7269,1, 0xD40C,43, 0x82A9,1, 0x18C5,53, 0x7A89,1,
    0xD40C,43, 0x7A89,1, 0x18C5,53, 0x82AA,1, 0xD40C,43, 0x7269,1, 0x18C5,53, 0x8ACA,1,
    0xD40C,43, 0x7249,1, 0x18C5,53, 0x92EA,1, 0xD40C,43, 0x6A29,1, 0x18C5,53, 0x9B0A,1,
    0xD40C,43, 0x6208,1, 0x18C5,53, 0x9B2B,1, 0xD40C,43, 0x59E8,1, 0x18C5,53, 0x4167,1,
    0x51E8,1, 0x5A08,1, 0x6208,1, 0x92EA,1, 0xA34B,1, 0xAB4B,1, 0xAB6B,1, 0x92EA,1,
    0x8ACA,1, 0x92EA,1, 0x9B0A,1, 0xAB4B,1, 0xB38C,1, 0xD40C,30, 0x51E8,1, 0x18C5,57,
    0xAB6B,1, 0xD40C,3, 0x49A7,1, 0x18C5,3, 0xAB6B,1, 0xD40C,3, 0x49A7,1, 0x18C5,7,
    0x2906,1, 0x3126,1, 0x3146,1, 0x3967,1, 0x9B0A,1, 0xD40C,3, 0x7269,1, 0x6228,1,
    0x6A49,1, 0x7269,1, 0x9B2B,1, 0xAB4B,1, 0xA34B,2, 0x9B0A,2, 0xA32B,1, 0xAB4B,1,
    0x4187,1, 0x18C5,57, 0xB36B,1, 0xD40C,3, 0x4187,1, 0x18C5,3, 0xB36B,1, 0xD40C,3,
    0x4187,1, 0x18C5,11, 0xB36B,1, 0xD40C,3, 0x4187,1, 0x18C5,3, 0xB36B,1, 0xD40C,3,
    0x49A7,1, 0x18C5,61, 0xD40C,4, 0x3967,1, 0x18C5,3, 0xD40C,4, 0x3967,1, 0x18C5,11,
    0xD40C,4, 0x3967,1, 0x18C5,3, 0xD40C,4, 0x4187,1, 0x18C5,61, 0xD40C,4, 0x3946,1,
    0x18C5,3, 0xD40C,4, 0x3946,1, 0x18C5,11, 0xD40C,4, 0x3946,1, 0x18C5,3, 0xD40C,4,
    0x3946,1, 0x18C5,61, 0xD40C,4, 0x20E4,1, 0x1083,3, 0xD40C,4, 0x2905,1, 0x1083,11,
    0xD40C,4, 0x2905,1, 0x1083,3, 0xD40C,4, 0x3126,1, 0x18C5,61, 0xD40C,4, 0x18A4,1,
    0x0863,3, 0xD40C,4, 0x20C4,1, 0x0863,11, 0xD40C,4, 0x20C4,1, 0x0863,3, 0xD40C,4,
    0x2926,1, 0x18C5,61, 0xD40C,4, 0x1083,1, 0x0863,3, 0xD40C,4, 0x1083,1, 0x0863,11,
    0xD40C,4, 0x18A4,1, 0x0863,3, 0xD40C,4, 0x18C5,62, 0x51C8,1, 0x59E8,1, 0x6207,1,
    0x7248,1, 0x1083,4, 0xD40C,4, 0x1083,12, 0xD40C,4, 0x18A4,1, 0x1083,3, 0xD40C,4,
    0x18C5,86, 0x49A7,4, 0x18C5,4, 0x82A9,1, 0x8ACA,1, 0x9B0A,1, 0xA34B,1, 0x18C5,31,
    0x18C5,134, 0x4A93,1, 0x4272,1, 0x4251,1, 0x3A30,1, 0x39EF,1, 0x31CE,1, 0x31AC,1,
    0x298B,1, 0x296A,1, 0x2149,1, 0x2128,1, 0x18E7,1, 0x18C5,86, 0x5318,15, 0x18C5,82,
    0x2108,1, 0x5318,15, 0x18C5,82, 0x2149,1, 0x5318,15, 0x18C5,78, 0x296B,1, 0x5318,14,
    0x739A,3, 0x639A,1, 0x4AB4,1, 0x18C5,78, 0x318C,1, 0x5318,14, 0xC59E,1, 0xF79E,3,
    0xC59E,1, 0x5318,1, 0x4A94,1, 0x4273,1, 0x31EE,1, 0x18C5,74, 0x31CD,1, 0x5318,14,
    0xC59E,1, 0xF79E,3, 0xC59E,1, 0x5318,3, 0x4252,1, 0x18C5,74, 0x31EE,1, 0x5318,3,
    0x639A,1, 0x5318,10, 0xD69E,1, 0xF79E,3, 0xC59E,1, 0x5318,3, 0x3A31,1, 0x18C5,74,
    0x3A10,1, 0x5318,3, 0xD69E,1, 0xF79E,2, 0xE71E,1, 0x739A,1, 0x5318,6, 0xC59E,1,
    0xD69E,1, 0xE71E,2, 0x739A,1, 0x5318,3, 0x3A10,1, 0x18C5,74, 0x3A31,1, 0x5318,3,
    0xE71E,1, 0xF79E,3, 0x739A,1, 0x4216,2, 0x5318,13, 0x3A30,1, 0x39EF,1, 0x31CE,1,
    0x2129,1, 0x18C5,70, 0x3A31,1, 0x5318,3, 0xE71E,1, 0xF79E,3, 0x739A,1, 0x4216,2,
    0x5318,16, 0x31CD,1, 0x18C5,73, 0x2107,1, 0xF79E,4, 0x6318,1, 0x4216,2, 0x5318,16,
    0x29AC,1, 0x18C5,4, 0x2947,1, 0x2967,3, 0x18C5,68, 0x2968,1, 0x39E9,1, 0x3A12,1,
    0x4216,2, 0x5318,8, 0x639A,2, 0x5318,6, 0x3A10,1, 0x298B,1, 0x296A,1, 0x18C5,2,
    0x2947,1, 0x2967,3, 0x18C5,70, 0x4216,3, 0x5318,8, 0xF79E,4, 0x639A,1, 0x5318,6,
    0x214A,1, 0x18C5,1, 0x2967,4, 0x18C5,70, 0x4216,3, 0x5318,7, 0x639A,1, 0xF79E,4,
    0x5318,7, 0x2129,1, 0x18C5,1, 0x2967,4, 0x18C5,66, 0x4AB4,1, 0x4A94,1, 0x4273,1,
    0x4252,1, 0x5318,10, 0x739A,1, 0xF79E,4, 0x6318,1, 0x639A,1, 0x5318,5, 0x2107,1,
    0x18C5,71, 0x5318,17, 0x639A,2, 0x739A,1, 0xC59E,4, 0x5318,2, 0x2149,1, 0x2107,1,
    0x18C5,69, 0x18E7,1, 0x5318,19, 0x739A,1, 0xC59E,4, 0x5318,6, 0x18C5,67, 0x2128,1,
    0x5318,19, 0x739A,1, 0xC59E,4, 0x5318,6, 0x18C5,67, 0x2149,1, 0x5318,19, 0x739A,1,
    0xC59E,4, 0x5318,6, 0x18C5,67, 0x296A,1, 0x5318,18, 0xC59E,1, 0xE71E,1, 0xD69E,2,
    0xC59E,1, 0x639A,1, 0x5318,6, 0x18C5,67, 0x298C,1, 0x5318,18, 0xC59E,1, 0xF79E,3,
    0xC59E,1, 0x5318,10, 0x3A10,1, 0x18C5,20, 0x632E,1, 0x8C52,1, 0x420A,1, 0x18C5,37,
    0x18E7,1, 0x18C5,2, 0x31AD,1, 0x5318,18, 0xC59E,1, 0xF79E,3, 0xC59E,1, 0x5318,10,
    0x4272,1, 0x18C5,19, 0x6B6F,1, 0xC618,1, 0xF79E,1, 0xA515,1, 0x39E9,1, 0x18C5,35,
    0x31EE,1, 0x5318,2, 0x6318,1, 0x5318,4, 0xC59E,1, 0xE71E,1, 0xD69E,2, 0x739A,1,
    0x5318,10, 0xD69E,1, 0xF79E,3, 0xC59E,1, 0x5318,10, 0x3A31,1, 0x18C5,18, 0x73B0,1,
    0xC639,1, 0xF79E,3, 0x9CD4,1, 0x31A9,1, 0x18C5,34, 0x3A10,1, 0x5318,7, 0xD69E,1,
    0xF79E,3, 0x739A,1, 0x5318,10, 0x639A,1, 0x739A,4, 0x5318,10, 0x3A10,1, 0x18C5,18,
    0xA535,1, 0xF79E,5, 0x4A6B,1, 0x18C5,34, 0x3A31,1, 0x5318,7, 0xE71E,1, 0xF79E,3,
    0x739A,1, 0x5318,26, 0x4252,1, 0x3A31,1, 0x3A0F,1, 0x2949,1, 0x18C5,14, 0x422A,1,
    0xBDD8,1, 0xF79E,3, 0x8C52,1, 0x3188,1, 0x18C5,34, 0x4272,1, 0x5318,7, 0xE71E,1,
    0xF79E,3, 0x739A,1, 0x5318,29, 0x31CD,1, 0x18C5,15, 0x4A6B,1, 0xC618,1, 0xF79E,1,
    0x8411,1, 0x2947,1, 0x18C5,35, 0x4293,1, 0x5318,7, 0x739A,3, 0xC59E,1, 0x639A,1,
    0x5318,29, 0x318C,1, 0x18C5,16, 0x52AC,1, 0x632E,1, 0x18C5,37, 0x4AB4,1, 0x5318,30,
    0x739A,3, 0x639A,1, 0x5318,7, 0x296B,1, 0x18C5,55, 0x4A94,1, 0x5318,30, 0xF79E,3,
    0x639A,1, 0x5318,7, 0x2949,1, 0x18C5,58, 0x1907,1, 0x2128,1, 0x2149,1, 0x296A,1,
    0x298C,1, 0x31AD,1, 0x31EE,1, 0x3A0F,1, 0x3A30,1, 0x4252,1, 0x4273,1, 0x4A94,1,
    0x6318,1, 0x5318,14, 0x639A,1, 0xF79E,3, 0x5318,8, 0x2128,1, 0x18C5,51, 0x2109,1,
    0x210A,3, 0x2109,2, 0x2108,1, 0x20E8,2, 0x20E7,2, 0x18E7,2, 0x18C6,3, 0x18C5,7,
    0x1907,1, 0x2128,1, 0x2149,1, 0x296B,1, 0x298C,1, 0x31CD,1, 0x31EE,1, 0x3A10,1,
    0x3A31,1, 0x4252,1, 0x4293,1, 0x739A,1, 0xF79E,3, 0x5318,8, 0x2107,1, 0x18C5,51,
    0x210A,20, 0x2109,3, 0x20E8,3, 0x20E7,2, 0x18E7,1, 0x18E6,1, 0x18C6,2, 0x18C5,2,
    0x2968,1, 0x9CD4,1, 0xA535,1, 0x9CD4,1, 0x18C5,1, 0x2107,1, 0x2129,1, 0x294A,1,
    0x298B,1, 0x31AC,1, 0x31CD,1, 0x39EF,1, 0x18C5,52, 0x210A,37, 0x2109,2, 0x2108,1,
    0x20E8,2, 0x20E7,2, 0x18E7,1, 0x18E6,1, 0x18C6,2, 0x18C5,50, 0x210A,49, 0x20E8,1,
    0x18C5,48, 0x210A,49, 0x20E8,1, 0x18C5,14, 0x3167,1, 0x3187,1, 0x2967,1, 0x2946,1,
    0x18C5,21, 0x296A,1, 0x3A0F,1, 0x39EE,1, 0x31CD,1, 0x31AC,1, 0x318B,1, 0x296A,1,
    0x2949,1, 0x2129,1, 0x210A,49, 0x20E8,1, 0x18C5,14, 0x946D,1, 0xC5B0,3, 0x4228,1,
    0x18C5,20, 0x3A0F,1, 0x739A,10, 0x639A,1, 0x210A,46, 0x20E7,1, 0x18C5,14, 0x9C8E,1,
    0xC5B0,3, 0x41E8,1, 0x18C5,20, 0x4231,1, 0x739A,10, 0x639A,1, 0x739A,5, 0x639A,2,
    0x6318,2, 0x5318,2, 0x4216,7, 0x210A,22, 0xD40C,1, 0x210A,5, 0x18E7,1, 0x18C5,14,
    0x9CAE,1, 0xC5B0,3, 0x39C8,1, 0x18C5,20, 0x4A72,1, 0x739A,34, 0x639A,2, 0x6318,3,
    0x5318,2, 0x4216,7, 0x210A,2, 0xD40C,3, 0x6318,1, 0x5318,2, 0x4216,1, 0x4251,1,
    0x4230,1, 0x3A0F,1, 0x39EE,1, 0x31CD,1, 0x31AC,1, 0x298B,1, 0x18C5,8, 0x8C0D,1,
    0xA4EF,1, 0xAD0F,1, 0xB54F,1, 0x3187,1, 0x18C5,20, 0x2129,1, 0x31AC,1, 0x31AD,1,
    0x39CE,1, 0x39EF,1, 0x3A0F,1, 0x4230,1, 0x4251,1, 0x4A72,1, 0x4A93,1, 0x52B4,1,
    0x739A,39, 0xD40C,5, 0x739A,10, 0x18C5,44, 0xD40C,1, 0x739A,23, 0xE71E,1, 0xF79E,3,
    0x739A,11, 0xD40C,6, 0x739A,9, 0x18C5,44, 0xD40C,16, 0x739A,8, 0xF79E,4, 0x739A,10,
    0xD40C,9, 0x739A,7, 0x18C5,44, 0xD40C,8, 0xE71E,1, 0xD40C,15, 0xF79E,4, 0xD40C,19,
    0x5A2B,1, 0x298B,1, 0x31AC,1, 0x31CD,1, 0x39EE,1, 0x39EF,1, 0x39EE,1, 0x18C5,44,
    0xD40C,8, 0xF79E,1, 0x0000,3, 0xD40C,12, 0xF79E,4, 0xD40C,4, 0xE71E,1, 0x210A,3,
    0xD40C,10, 0x7A69,1, 0x18C5,51, 0xD40C,8, 0x6318,1, 0x0000,3, 0xD40C,20, 0xF79E,1,
    0x0000,3, 0xD40C,9, 0x92EA,1, 0x18C5,51, 0x2906,1, 0xD40C,8, 0x0000,4, 0xD40C,20,
    0x210A,1, 0x0000,3, 0xD40C,8, 0xAB4B,1, 0x18C5,52, 0x3126,1, 0xD40C,8, 0x0000,4,
    0xD40C,20, 0x0000,4, 0xD40C,8, 0x18C5,45, 0x3947,1, 0xD40C,16, 0x0000,4, 0xD40C,20,
    0x0000,4, 0xD40C,8, 0x18C5,45, 0x3967,1, 0xD40C,16, 0x0000,4, 0xD40C,20, 0x0000,4,
    0xD40C,8, 0x18C5,45, 0x4187,1, 0xD40C,16, 0x0000,3, 0x210A,1, 0xD40C,20, 0x0000,4,
    0xD40C,7, 0xB38C,1, 0x18C5,45, 0x51C8,1, 0xD40C,16, 0x0000,3, 0x210A,1, 0xD40C,20,
    0x0000,3, 0x210A,1, 0xD40C,7, 0xAB6B,1, 0x18C5,45, 0x51E8,1, 0xD40C,16, 0x210A,4,
    0xD40C,20, 0x0000,3, 0x210A,1, 0xD40C,7, 0xA34B,1, 0x18C5,45, 0x59E8,1, 0xD40C,51,
    0xA32B,1, 0x18C5,45, 0x6208,1, 0xD40C,51, 0x9B0A,1, 0x18C5,45, 0x6228,1, 0xD40C,51,
    0x92EA,1, 0x18C5,48, 0x2106,1, 0x2926,1, 0x3146,1, 0x3967,1, 0x4187,1, 0x8ACA,1,
    0xD40C,43, 0x8ACA,1, 0x18C5,53, 0x7269,1, 0xD40C,43, 0x82A9,1, 0x18C5,53, 0x7A89,1,
    0xD40C,43, 0x7A89,1, 0x18C5,53, 0x82AA,1, 0xD40C,43, 0x7269,1, 0x18C5,53, 0x8ACA,1,
    0xD40C,43, 0x7249,1, 0x18C5,53, 0x92EA,1, 0xD40C,43, 0x6A29,1, 0x18C5,53, 0x9B0A,1,
    0xD40C,43, 0x6208,1, 0x18C5,53, 0x9B2B,1, 0xD40C,43, 0x59E8,1, 0x18C5,53, 0x4167,1,
    0x51E8,1, 0x5A08,1, 0x6208,1, 0x92EA,1, 0xA34B,1, 0xAB4B,1, 0xAB6B,1, 0x92EA,1,
    0x8ACA,1, 0x92EA,1, 0x9B0A,1, 0xAB4B,1, 0xB38C,1, 0xD40C,30, 0x51E8,1, 0x18C5,57,
    0xAB6B,1, 0xD40C,3, 0x49A7,1, 0x18C5,3, 0xAB6B,1, 0xD40C,3, 0x49A7,1, 0x18C5,7,
    0x2906,1, 0x3126,1, 0x3146,1, 0x3967,1, 0x9B0A,1, 0xD40C,3, 0x7269,1, 0x6228,1,
    0x6A49,1, 0x7269,1, 0x9B2B,1, 0xAB4B,1, 0xA34B,2, 0x9B0A,2, 0xA32B,1, 0xAB4B,1,
    0x4187,1, 0x18C5,57, 0xB36B,1, 0xD40C,3, 0x4187,1, 0x18C5,3, 0xB36B,1, 0xD40C,3,
    0x4187,1, 0x18C5,11, 0xB36B,1, 0xD40C,3, 0x4187,1, 0x18C5,3, 0xB36B,1, 0xD40C,3,
    0x49A7,1, 0x18C5,61, 0xD40C,4, 0x3967,1, 0x18C5,3, 0xD40C,4, 0x3967,1, 0x18C5,11,
    0xD40C,4, 0x3967,1, 0x18C5,3, 0xD40C,4, 0x4187,1, 0x18C5,61, 0xD40C,4, 0x3946,1,
    0x18C5,3, 0xD40C,4, 0x3946,1, 0x18C5,11, 0xD40C,4, 0x3946,1, 0x18C5,3, 0xD40C,4,
    0x3946,1, 0x18C5,61, 0xD40C,4, 0x20E4,1, 0x1083,3, 0xD40C,4, 0x2905,1, 0x1083,11,
    0xD40C,4, 0x2905,1, 0x1083,3, 0xD40C,4, 0x3126,1, 0x18C5,61, 0xD40C,4, 0x18A4,1,
    0x0863,3, 0xD40C,4, 0x20C4,1, 0x0863,11, 0xD40C,4, 0x20C4,1, 0x0863,3, 0xD40C,4,
    0x2926,1, 0x18C5,61, 0xD40C,4, 0x1083,1, 0x0863,3, 0xD40C,4, 0x1083,1, 0x0863,11,
    0xD40C,4, 0x18A4,1, 0x0863,3, 0xD40C,4, 0x18C5,62, 0x51C8,1, 0x59E8,1, 0x6207,1,
    0x7248,1, 0x1083,4, 0xD40C,4, 0x1083,12, 0xD40C,4, 0x18A4,1, 0x1083,3, 0xD40C,4,
    0x18C5,86, 0x49A7,4, 0x18C5,4, 0x82A9,1, 0x8ACA,1, 0x9B0A,1, 0xA34B,1, 0x18C5,31,
    0x18C5,33, 0x296B,1, 0x3A10,4, 0x3A30,5, 0x3A31,5, 0x298B,1, 0x18C5,82, 0x3A0F,1,
    0x5318,14, 0x31EE,1, 0x18C5,82, 0x3A0F,1, 0x5318,14, 0x39EF,1, 0x18C5,82, 0x39EF,1,
    0x5318,14, 0x39EF,1, 0x18C5,78, 0x296B,1, 0x3A30,3, 0x5318,11, 0xB59C,1, 0xE71E,1,
    0xF79E,2, 0xA51C,1, 0x4272,3, 0x298C,1, 0x18C5,74, 0x3A0F,1, 0x5318,14, 0xE71E,1,
    0xF79E,3, 0xA51C,1, 0x5318,3, 0x39EF,1, 0x18C5,74, 0x3A0F,1, 0x5318,14, 0xE71E,1,
    0xF79E,3, 0xA51C,1, 0x5318,3, 0x3A0F,1, 0x18C5,74, 0x3A0F,1, 0x5318,14, 0xE71E,1,
    0xF79E,3, 0xA51C,1, 0x5318,3, 0x3A0F,1, 0x18C5,74, 0x3A0F,1, 0x5318,3, 0xB59C,1,
    0xE71E,3, 0x639A,1, 0x5318,6, 0x639A,5, 0x5318,4, 0x4273,3, 0x31AC,1, 0x18C5,70,
    0x3A0F,1, 0x5318,3, 0xE71E,1, 0xF79E,3, 0xA51C,1, 0x4296,2, 0x5318,16, 0x3A0F,1,
    0x18C5,70, 0x3A0F,1, 0x5318,3, 0xE71E,1, 0xF79E,3, 0xA51C,1, 0x4296,2, 0x5318,16,
    0x3A10,1, 0x18C5,70, 0x2149,1, 0x31CE,2, 0x31CD,1, 0xE71E,1, 0xF79E,3, 0x7C16,1,
    0x4296,2, 0x5318,17, 0x4273,1, 0x4293,1, 0x31AD,1, 0x18C5,71, 0x39E9,1, 0x4A4B,3,
    0x39EE,1, 0x4296,2, 0x5318,8, 0xB59C,1, 0xF79E,3, 0xA51C,1, 0x5318,6, 0x3A10,1,
    0x18C5,75, 0x298D,1, 0x4296,2, 0x5318,8, 0xB59C,1, 0xF79E,3, 0xA51C,1, 0x5318,6,
    0x3A10,1, 0x18C5,75, 0x298C,1, 0x4296,2, 0x5318,8, 0xB59C,1, 0xF79E,3, 0xA51C,1,
    0x5318,6, 0x3A10,1, 0x18C5,71, 0x296A,1, 0x3A30,1, 0x3A31,2, 0x4274,1, 0x5318,10,
    0x639A,5, 0x5318,7, 0x4A93,1, 0x4294,1, 0x4A94,1, 0x31CD,1, 0x18C5,67, 0x31CE,1,
    0x5318,20, 0xA51C,4, 0x639A,1, 0x5318,4, 0x3A30,1, 0x18C5,67, 0x31CD,1, 0x5318,20,
    0xA51C,4, 0x639A,1, 0x5318,4, 0x3A30,1, 0x18C5,67, 0x31CD,1, 0x5318,20, 0xA51C,4,
    0x639A,1, 0x5318,4, 0x3A30,1, 0x18C5,67, 0x31CD,1, 0x5318,18, 0xB59C,1, 0xF79E,1,
    0xE71E,2, 0xB59C,1, 0xA51C,1, 0x639A,1, 0x5318,5, 0x4A94,3, 0x31EE,1, 0x18C5,63,
    0x31CD,1, 0x5318,18, 0xB59C,1, 0xF79E,3, 0xA51C,1, 0x639A,2, 0x5318,8, 0x3A31,1,
    0x18C5,23, 0x39C9,1, 0x5ACD,1, 0x39C9,1, 0x18C5,37, 0x31CD,1, 0x5318,18, 0xB59C,1,
    0xF79E,3, 0xA51C,1, 0x5318,10, 0x3A31,1, 0x18C5,22, 0x39E9,1, 0x632E,1, 0x6B4F,1,
    0x630D,1, 0x31A9,1, 0x18C5,36, 0x31AD,1, 0x5318,18, 0xB59C,1, 0xF79E,3, 0xA51C,1,
    0x5318,10, 0x3A31,1, 0x18C5,21, 0x420A,1, 0x632E,1, 0x6B4F,3, 0x5AED,1, 0x3188,1,
    0x18C5,31, 0x2149,1, 0x3A30,3, 0x4294,1, 0x5318,3, 0xB59C,1, 0xE71E,3, 0xA51C,1,
    0x5318,10, 0x639A,5, 0x5318,11, 0x4AB4,2, 0x5318,1, 0x39EF,1, 0x18C5,17, 0x4A4B,1,
    0x6B4F,5, 0x39E9,1, 0x18C5,31, 0x31AC,1, 0x5318,7, 0xB59C,1, 0xF79E,3, 0xA51C,1,
    0x5318,29, 0x4251,1, 0x18C5,18, 0x528C,1, 0x6B4F,3, 0x422A,1, 0x18C5,32, 0x31AC,1,
    0x5318,7, 0xB59C,1, 0xF79E,3, 0xA51C,1, 0x5318,29, 0x4251,1, 0x18C5,19, 0x52AC,1,
    0x6B4F,1, 0x420A,1, 0x18C5,33, 0x31AC,1, 0x5318,7, 0xB59C,1, 0xF79E,3, 0xA51C,1,
    0x5318,29, 0x4251,1, 0x18C5,20, 0x2947,1, 0x18C5,34, 0x31AC,1, 0x5318,7, 0x639A,5,
    0x5318,18, 0xB59C,1, 0xF79E,2, 0xA51C,1, 0x5318,7, 0x4251,1, 0x18C5,55, 0x31AC,1,
    0x5318,30, 0xB59C,1, 0xF79E,2, 0xA51C,1, 0x5318,7, 0x4251,1, 0x18C5,55, 0x31AC,1,
    0x5318,30, 0xB59C,1, 0xF79E,2, 0xA51C,1, 0x5318,7, 0x4251,1, 0x18C5,51, 0x18C6,2,
    0x18E6,1, 0x18C6,1, 0x2129,1, 0x31AD,11, 0x31AC,4, 0x29AC,1, 0x298C,1, 0x29AC,1,
    0x298C,3, 0x298B,5, 0x296B,4, 0x9D16,1, 0xF79E,2, 0x8C54,1, 0x296A,1, 0x294A,1,
    0x214A,1, 0x294A,1, 0x2149,3, 0x2128,1, 0x18C5,51, 0x18E7,1, 0x210A,23, 0x2109,7,
    0x2108,2, 0x20E8,2, 0x2108,3, 0x20E8,2, 0x20E7,4, 0x18E7,1, 0x20E7,1, 0x18E7,4,
    0x18C5,48, 0x20E7,1, 0x210A,49, 0x18C5,48, 0x20E7,1, 0x210A,49, 0x18C5,48, 0x20E7,1,
    0x210A,49, 0x18C5,48, 0x20E7,1, 0x210A,49, 0x18C5,40, 0x4A51,1, 0x52D5,1, 0x52B4,2,
    0x4A93,2, 0x4A72,3, 0x4296,2, 0x4216,1, 0x210A,46, 0x18C5,16, 0x62EA,1, 0x738B,1,
    0x734B,1, 0x6B2B,1, 0x2967,1, 0x18C5,19, 0x639A,11, 0x5318,1, 0x639A,15, 0x6398,2,
    0x5318,7, 0x4296,8, 0x4216,10, 0x4296,1, 0x4216,3, 0x39CE,1, 0x31CD,2, 0x31AC,2,
    0x318B,1, 0x294A,1, 0x18C5,9, 0x946D,1, 0xB570,3, 0x39C8,1, 0x18C5,19, 0x639A,11,
    0x6398,1, 0x639A,41, 0x5318,1, 0x639A,10, 0x5AF6,1, 0x18C5,9, 0x9C8E,1, 0xB570,3,
    0x31A7,1, 0x18C5,19, 0x639A,11, 0x6398,1, 0x639A,41, 0x6398,1, 0x639A,10, 0x52D5,1,
    0x18C5,9, 0x9CAE,1, 0xB570,3, 0x3187,1, 0x18C5,22, 0x1907,1, 0x2107,1, 0x2128,2,
    0x2129,1, 0x2949,1, 0x294A,1, 0x296A,1, 0xD40C,1, 0xA51C,1, 0x6398,10, 0x639A,30,
    0x6398,1, 0x639A,10, 0x52D5,1, 0x18C5,9, 0x4A69,1, 0x5ACA,1, 0x62EA,1, 0x630A,1,
    0x18C5,31, 0xD40C,33, 0xA51C,2, 0x6398,7, 0xD40C,2, 0x420D,1, 0x31AC,1, 0x31AD,1,
    0x31CD,1, 0x39CE,1, 0x39EE,1, 0x39EF,1, 0x3A0F,2, 0x31CD,1, 0x18C5,44, 0xD40C,44,
    0x2926,1, 0x18C5,53, 0xD40C,21, 0xE71E,1, 0xF79E,3, 0xD40C,19, 0x18C5,54, 0xD40C,21,
    0xE71E,1, 0xF79E,3, 0xD40C,19, 0x18C5,54, 0xD40C,8, 0xB59C,1, 0x0000,3, 0xD40C,9,
    0xE71E,1, 0xF79E,3, 0xD40C,7, 0xB59C,1, 0xD40C,11, 0x18C5,54, 0xD40C,8, 0x0000,4,
    0xD40C,9, 0xE71E,1, 0xF79E,3, 0xD40C,7, 0x6398,1, 0x0000,3, 0xD40C,8, 0x18C5,53,
    0x2906,1, 0xD40C,8, 0x0000,4, 0xD40C,20, 0x0000,4, 0xD40C,8, 0x18C5,53, 0x3126,1,
    0xD40C,8, 0x0000,4, 0xD40C,20, 0x0000,4, 0xD40C,8, 0x18C5,45, 0x3947,1, 0xD40C,16,
    0x0000,4, 0xD40C,20, 0x0000,4, 0xD40C,8, 0x18C5,45, 0x3967,1, 0xD40C,16, 0x0000,4,
    0xD40C,20, 0x0000,4, 0xD40C,8, 0x49A7,7, 0x3967,1, 0x18C5,37, 0x4187,1, 0xD40C,16,
    0x0000,3, 0x210A,1, 0xD40C,20, 0x0000,4, 0xD40C,15, 0xA32B,1, 0x18C5,37, 0x51C8,1,
    0xD40C,16, 0x0000,3, 0x210A,1, 0xD40C,20, 0x0000,3, 0x210A,1, 0xD40C,15, 0x9B0A,1,
    0x18C5,37, 0x51E8,1, 0xD40C,16, 0x210A,1, 0x0000,2, 0x210A,1, 0xD40C,20, 0x0000,3,
    0x210A,1, 0xD40C,15, 0x92EA,1, 0x18C5,37, 0x59E8,1, 0xD40C,40, 0x210A,4, 0xD40C,15,
    0x92EA,1, 0x18C5,37, 0x6208,1, 0xD40C,59, 0x8ACA,1, 0x18C5,37, 0x6228,1, 0xD40C,59,
    0x8ACA,1, 0x18C5,40, 0x2106,1, 0x2926,1, 0x3146,1, 0x3967,1, 0x4187,1, 0x8ACA,1,
    0xD40C,43, 0xB36B,1, 0xD40C,7, 0x8ACA,1, 0x18C5,45, 0x7269,1, 0xD40C,43, 0x9B2B,1,
    0xAB6B,7, 0x6228,1, 0x18C5,45, 0x7A89,1, 0xD40C,43, 0x7A89,1, 0x18C5,53, 0x82AA,1,
    0xD40C,43, 0x7269,1, 0x18C5,53, 0x8ACA,1, 0xD40C,43, 0x7249,1, 0x18C5,53, 0x92EA,1,
    0xD40C,43, 0x6A29,1, 0x18C5,53, 0x9B0A,1, 0xD40C,43, 0x6208,1, 0x18C5,53, 0x9B2B,1,
    0xD40C,43, 0x59E8,1, 0x18C5,53, 0x4167,1, 0x51E8,1, 0x5A08,1, 0x6208,1, 0x92EA,1,
    0xA34B,1, 0xAB4B,1, 0xAB6B,1, 0x92EA,1, 0x8ACA,1, 0x92EA,1, 0x9B0A,1, 0xAB4B,1,
    0xB38C,1, 0xD40C,30, 0x51E8,1, 0x18C5,57, 0xAB6B,1, 0xD40C,3, 0x49A7,1, 0x18C5,3,
    0xAB6B,1, 0xD40C,3, 0x49A7,1, 0x18C5,7, 0x2906,1, 0x3126,1, 0x3146,1, 0x3967,1,
    0x9B0A,1, 0xD40C,3, 0x7269,1, 0x6228,1, 0x6A49,1, 0x7269,1, 0x9B2B,1, 0xAB4B,1,
    0xA34B,2, 0x9B0A,2, 0xA32B,1, 0xAB4B,1, 0x4187,1, 0x18C5,57, 0xB36B,1, 0xD40C,3,
    0x4187,1, 0x18C5,3, 0xB36B,1, 0xD40C,3, 0x4187,1, 0x18C5,11, 0xB36B,1, 0xD40C,3,
    0x4187,1, 0x18C5,3, 0xB36B,1, 0xD40C,3, 0x49A7,1, 0x18C5,61, 0xD40C,4, 0x3967,1,
    0x18C5,3, 0xD40C,4, 0x3967,1, 0x18C5,11, 0xD40C,4, 0x3967,1, 0x18C5,3, 0xD40C,4,
    0x4187,1, 0x18C5,61, 0xD40C,4, 0x3946,1, 0x18C5,3, 0xD40C,4, 0x3946,1, 0x18C5,11,
    0xD40C,4, 0x3946,1, 0x18C5,3, 0xD40C,4, 0x3946,1, 0x18C5,61, 0xD40C,4, 0x20E4,1,
    0x1083,3, 0xD40C,4, 0x2905,1, 0x1083,11, 0xD40C,4, 0x2905,1, 0x1083,3, 0xD40C,4,
    0x3126,1, 0x18C5,61, 0xD40C,4, 0x18A4,1, 0x0863,3, 0xD40C,4, 0x20C4,1, 0x0863,11,
    0xD40C,4, 0x20C4,1, 0x0863,3, 0xD40C,4, 0x2926,1, 0x18C5,61, 0xD40C,4, 0x1083,1,
    0x0863,3, 0xD40C,4, 0x1083,1, 0x0863,11, 0xD40C,4, 0x18A4,1, 0x0863,3, 0xD40C,4,
    0x18C5,62, 0x51C8,1, 0x59E8,1, 0x6207,1, 0x7248,1, 0x1083,4, 0xD40C,4, 0x1083,12,
    0xD40C,4, 0x18A4,1, 0x1083,3, 0xD40C,4, 0x18C5,86, 0x49A7,4, 0x18C5,4, 0x82A9,1,
    0x8ACA,1, 0x9B0A,1, 0xA34B,1, 0x18C5,31, 0x18C5,133, 0x298B,1, 0x296A,1, 0x294A,1,
    0x2149,1, 0x2128,1, 0x2107,1, 0x18C5,91, 0x1907,1, 0x5318,13, 0x4A94,1, 0x4272,1,
    0x18C5,82, 0x2128,1, 0x5318,15, 0x18C5,82, 0x2149,1, 0x5318,15, 0x18C5,78, 0x2128,1,
    0x3A31,1, 0x3A10,1, 0x39EF,1, 0x3A30,1, 0x5318,10, 0x639A,1, 0x739A,2, 0x639A,1,
    0x4AB4,1, 0x18C5,78, 0x296B,1, 0x5318,14, 0x739A,1, 0xF79E,3, 0xF71A,1, 0x4273,1,
    0x4252,1, 0x3A31,1, 0x31CD,1, 0x18C5,74, 0x318C,1, 0x5318,14, 0xF71A,1, 0xF79E,3,
    0xF71A,1, 0x5318,3, 0x4273,1, 0x18C5,74, 0x31AC,1, 0x5318,14, 0xF71A,1, 0xF79E,3,
    0x739A,1, 0x5318,3, 0x4252,1, 0x18C5,74, 0x31CD,1, 0x5318,3, 0x739A,1, 0xF71A,3,
    0x739A,1, 0x5318,6, 0xF71A,1, 0xF79E,3, 0x739A,1, 0x5318,3, 0x3A31,1, 0x18C5,74,
    0x31EE,1, 0x5318,3, 0xF71A,1, 0xF79E,3, 0x739A,1, 0x4216,2, 0x5318,7, 0x639A,2,
    0x5318,4, 0x39EF,1, 0x31CE,1, 0x31AD,1, 0x2149,1, 0x18C5,70, 0x3A10,1, 0x5318,3,
    0xF79E,4, 0x739A,1, 0x4216,2, 0x5318,16, 0x3A0F,1, 0x18C5,70, 0x2149,1, 0x31CD,1,
    0x31EE,1, 0x3A0F,1, 0xF79E,4, 0x739A,1, 0x4216,2, 0x5318,16, 0x31EE,1, 0x18C5,74,
    0x5AED,1, 0x73B0,1, 0x8411,1, 0x8C72,1, 0x4271,1, 0x4216,2, 0x5318,16, 0x3A51,1,
    0x298B,1, 0x296A,1, 0x1907,1, 0x18C5,75, 0x31D0,1, 0x4216,2, 0x5318,8, 0xF79E,4,
    0x739A,5, 0x5318,2, 0x31AC,1, 0x18C5,75, 0x31F1,1, 0x4216,2, 0x5318,8, 0xF79E,4,
    0x739A,5, 0x5318,2, 0x298C,1, 0x18C5,71, 0x298C,1, 0x31AD,1, 0x298C,1, 0x298B,1,
    0x5296,3, 0x5318,8, 0xF79E,4, 0x739A,5, 0x5318,2, 0x296B,1, 0x18C5,71, 0x5318,15,
    0x639A,1, 0x739A,3, 0x639A,1, 0x739A,4, 0x5318,2, 0x31AD,1, 0x2128,1, 0x2107,1,
    0x18C5,69, 0x5318,20, 0x639A,4, 0x5318,6, 0x2149,1, 0x18C5,67, 0x5318,30, 0x2128,1,
    0x18C5,67, 0x5318,30, 0x1907,1, 0x18C5,67, 0x5318,18, 0x739A,1, 0xF79E,2, 0xF71A,2,
    0x5318,7, 0x18C5,68, 0x5318,18, 0x739A,1, 0xF79E,4, 0x5318,11, 0x18C5,63, 0x1907,1,
    0x5318,18, 0x739A,1, 0xF79E,4, 0x5318,11, 0x18C5,59, 0x2107,1, 0x4251,1, 0x3A30,1,
    0x3A0F,1, 0x3A10,1, 0x5318,3, 0x739A,5, 0x5318,10, 0x739A,1, 0xF79E,4, 0x5318,11,
    0x18C5,59, 0x2149,1, 0x5318,7, 0x739A,1, 0xF79E,3, 0xF71A,1, 0x5318,10, 0x639A,1,
    0x739A,4, 0x5318,11, 0x18C5,59, 0x2949,1, 0x5318,7, 0x739A,1, 0xF79E,3, 0xF71A,1,
    0x5318,27, 0x4A94,1, 0x4293,1, 0x3A10,1, 0x18C5,55, 0x296B,1, 0x5318,7, 0x739A,1,
    0xF79E,3, 0xF71A,1, 0x5318,29, 0x4AB4,1, 0x18C5,55, 0x318C,1, 0x5318,7, 0x739A,1,
    0xF71A,3, 0x739A,1, 0x5318,29, 0x4293,1, 0x18C5,55, 0x31AC,1, 0x5318,30, 0x739A,4,
    0x5318,7, 0x4272,1, 0x18C5,55, 0x31CD,1, 0x5318,30, 0xF71A,1, 0xF79E,2, 0x739A,1,
    0x5318,7, 0x4251,1, 0x18C5,52, 0x18E6,1, 0x18C6,2, 0x2129,1, 0x31AD,1, 0x31CE,1,
    0x39EF,1, 0x3A10,1, 0x3A30,1, 0x4251,1, 0x4272,1, 0x4293,1, 0x4A94,1, 0x5318,21,
    0xF71A,1, 0xF79E,2, 0x739A,1, 0x5318,7, 0x3A31,1, 0x18C5,51, 0x18E7,1, 0x210A,11,
    0x2109,4, 0x2108,2, 0x20E8,1, 0x2108,1, 0x2109,2, 0x212A,1, 0x294A,1, 0x296B,2,
    0x298C,1, 0x31AD,1, 0x31CE,1, 0x39EF,1, 0x3A10,1, 0x4231,1, 0x4272,1, 0x4293,1,
    0x4A94,1, 0xF79E,3, 0x739A,1, 0x5318,7, 0x3A10,1, 0x18C5,51, 0x18E7,1, 0x210A,35,
    0x5294,2, 0x316A,1, 0x2109,4, 0x292A,2, 0x294B,1, 0x2129,1, 0x18E7,3, 0x18C5,48,
    0x18E7,1, 0x210A,49, 0x18C6,1, 0x18C5,47, 0x20E7,1, 0x210A,49, 0x18C6,1, 0x18C5,17,
    0x31A7,1, 0x630A,3, 0x4A29,1, 0x18C5,25, 0x20E7,1, 0x210A,49, 0x18C5,18, 0x39A7,1,
    0x630A,3, 0x4A28,1, 0x18C5,17, 0x4A72,1, 0x52B4,1, 0x4A93,1, 0x4A72,1, 0x4251,1,
    0x4230,1, 0x3A0F,1, 0x39EE,1, 0x39EF,1, 0x5294,2, 0x210A,47, 0x18C5,18, 0x39C8,1,
    0x630A,3, 0x4228,1, 0x18C5,17, 0x739A,11, 0x5318,1, 0x639A,3, 0x6398,1, 0x5318,3,
    0x5296,3, 0x5294,11, 0x210A,25, 0x18C5,18, 0x39C7,1, 0x62EA,1, 0x630A,2, 0x4208,1,
    0x18C5,17, 0x739A,11, 0x7398,1, 0x739A,28, 0x639A,3, 0x6398,1, 0x5318,3, 0x5296,3,
    0x5294,4, 0x5296,2, 0x5294,2, 0x4230,1, 0x4210,1, 0x39EF,1, 0x39CE,1, 0x31AD,1,
    0x31AC,1, 0x2949,1, 0x18C5,33, 0x739A,11, 0x7398,1, 0x739A,41, 0x5318,1, 0x739A,10,
    0x52B5,1, 0x18C5,34, 0x18E7,1, 0x2108,1, 0x2129,1, 0x2949,1, 0x296A,1, 0x318B,1,
    0x31AC,1, 0x31CD,1, 0x39EE,1, 0x3A0F,1, 0x7398,3, 0x739A,39, 0x7398,1, 0x739A,10,
    0x52B4,1, 0x18C5,44, 0xD40C,20, 0x7398,11, 0x739A,11, 0x7398,1, 0x739A,10, 0x4A93,1,
    0x18C5,44, 0xD40C,21, 0xF71A,3, 0xD40C,20, 0x2948,1, 0x2128,1, 0x2949,1, 0x296A,1,
    0x298B,1, 0x31AC,1, 0x31CD,1, 0x39EE,1, 0x3A0F,1, 0x31AC,1, 0x18C5,44, 0xD40C,20,
    0xF71A,5, 0xD40C,19, 0x18C5,54, 0xD40C,20, 0xF71A,5, 0xD40C,19, 0x18C5,54, 0xD40C,20,
    0xF71A,5, 0xD40C,19, 0x18C5,53, 0x2906,1, 0xD40C,44, 0x18C5,53, 0x3126,1, 0xD40C,8,
    0x210A,2, 0xD40C,34, 0x18C5,45, 0x3947,1, 0xD40C,16, 0x210A,4, 0xD40C,20, 0x210A,3,
    0xD40C,9, 0x18C5,45, 0x3967,1, 0xD40C,40, 0x210A,4, 0xD40C,8, 0x4987,1, 0x4167,1,
    0x3967,1, 0x3146,1, 0x2926,1, 0x2906,1, 0x18C5,39, 0x4187,1, 0xD40C,60, 0x18C5,37,
    0x51C8,1, 0xD40C,59, 0xB36B,1, 0x18C5,37, 0x51E8,1, 0xD40C,59, 0xA34B,1, 0x18C5,37,
    0x59E8,1, 0xD40C,59, 0xA32B,1, 0x18C5,37, 0x6208,1, 0xD40C,51, 0xB38B,1, 0xD40C,7,
    0x9B0A,1, 0x18C5,37, 0x6228,1, 0xD40C,51, 0xAB6B,1, 0xD40C,7, 0x92EA,1, 0x18C5,40,
    0x2106,1, 0x2926,1, 0x3146,1, 0x3967,1, 0x4187,1, 0x8ACA,1, 0xD40C,43, 0xAB6B,1,
    0xD40C,7, 0x8ACA,1, 0x18C5,45, 0x7269,1, 0xD40C,43, 0x9B2B,1, 0xB36B,1, 0xD40C,6,
    0x82AA,1, 0x18C5,45, 0x7A89,1, 0xD40C,43, 0x7A89,1, 0x18C5,53, 0x82AA,1, 0xD40C,43,
    0x7269,1, 0x18C5,53, 0x8ACA,1, 0xD40C,43, 0x7249,1, 0x18C5,53, 0x92EA,1, 0xD40C,43,
    0x6A29,1, 0x18C5,53, 0x9B0A,1, 0xD40C,43, 0x6208,1, 0x18C5,53, 0x9B2B,1, 0xD40C,43,
    0x59E8,1, 0x18C5,53, 0x4167,1, 0x51E8,1, 0x5A08,1, 0x6208,1, 0x92EA,1, 0xA34B,1,
    0xAB4B,1, 0xAB6B,1, 0x92EA,1, 0x8ACA,1, 0x92EA,1, 0x9B0A,1, 0xAB4B,1, 0xB38C,1,
    0xD40C,30, 0x51E8,1, 0x18C5,57, 0xAB6B,1, 0xD40C,3, 0x49A7,1, 0x18C5,3, 0xAB6B,1,
    0xD40C,3, 0x49A7,1, 0x18C5,7, 0x2906,1, 0x3126,1, 0x3146,1, 0x3967,1, 0x9B0A,1,
    0xD40C,3, 0x7269,1, 0x6228,1, 0x6A49,1, 0x7269,1, 0xA32B,1, 0xAB6B,1, 0xB36B,1,
    0xD40C,1, 0x9B0B,1, 0x9B0A,1, 0xA32B,1, 0xAB4B,1, 0x4187,1, 0x18C5,57, 0xB36B,1,
    0xD40C,3, 0x4187,1, 0x18C5,3, 0xAB6B,1, 0xD40C,3, 0x49A7,1, 0x18C5,11, 0xB36B,1,
    0xD40C,3, 0x4187,1, 0x18C5,3, 0xAB6B,1, 0xD40C,3, 0x49A7,1, 0x18C5,61, 0xD40C,4,
    0x3967,1, 0x18C5,3, 0xAB6B,1, 0xD40C,3, 0x49A7,1, 0x18C5,11, 0xD40C,4, 0x3967,1,
    0x18C5,3, 0xAB6B,1, 0xD40C,3, 0x49A7,1, 0x18C5,61, 0xD40C,4, 0x3946,1, 0x18C5,3,
    0xAB6B,1, 0xD40C,3, 0x49A7,1, 0x18C5,11, 0xD40C,4, 0x3946,1, 0x18C5,3, 0xAB6B,1,
    0xD40C,3, 0x49A7,1, 0x18C5,61, 0xD40C,4, 0x20E4,1, 0x1083,3, 0xD40C,4, 0x4166,1,
    0x1083,11, 0xD40C,4, 0x2905,1, 0x1083,3, 0xD40C,4, 0x49A7,1, 0x18C5,61, 0xD40C,4,
    0x18A4,1, 0x0863,3, 0xD40C,4, 0x4165,1, 0x0863,11, 0xD40C,4, 0x20C4,1, 0x0863,3,
    0xD40C,4, 0x49A7,1, 0x18C5,61, 0xD40C,4, 0x1083,1, 0x0863,3, 0xD40C,4, 0x4165,1,
    0x0863,11, 0xD40C,4, 0x18A4,1, 0x0863,3, 0xD40C,4, 0x49A7,1, 0x18C5,61, 0x51C8,1,
    0x59E8,1, 0x6207,1, 0x7248,1, 0x1083,4, 0x59E7,1, 0x7268,3, 0x2905,1, 0x1083,11,
    0xD40C,4, 0x18A4,1, 0x1083,3, 0xD40C,4, 0x49A7,1, 0x18C5,85, 0x49A7,4, 0x18C5,4,
    0x4187,1, 0x59E8,1, 0x6228,1, 0x7269,1, 0x3126,1, 0x18C5,30, 0x18C5,132, 0x2107,1,
    0x298B,1, 0x296A,1, 0x2949,1, 0x2149,1, 0x2128,1, 0x2107,1, 0x18C5,91, 0x298B,1,
    0x5318,9, 0x6318,1, 0x5318,2, 0x6318,1, 0x4A94,1, 0x39EF,1, 0x18C5,82, 0x298C,1,
    0x5318,14, 0x4252,1, 0x18C5,82, 0x31AD,1, 0x5318,14, 0x4251,1, 0x18C5,78, 0x2149,1,
    0x31CD,1, 0x31AD,1, 0x298C,1, 0x3A31,1, 0x5318,10, 0x639A,1, 0x5318,3, 0x3A31,1,
    0x18C5,78, 0x31EE,1, 0x5318,14, 0xF79E,4, 0x951A,1, 0x4273,1, 0x4252,1, 0x3A31,1,
    0x298B,1, 0x18C5,74, 0x3A0F,1, 0x5318,14, 0xF79E,4, 0x951A,1, 0x5318,3, 0x3A0F,1,
    0x18C5,74, 0x3A10,1, 0x5318,14, 0xF79E,4, 0x951A,1, 0x5318,3, 0x31EE,1, 0x18C5,74,
    0x3A31,1, 0x5318,3, 0x951A,4, 0x639A,1, 0x5318,6, 0xF79E,4, 0x951A,1, 0x5318,3,
    0x31CE,1, 0x18C5,74, 0x4251,1, 0x5318,3, 0xF79E,4, 0x7398,1, 0x4216,2, 0x5318,7,
    0x639A,2, 0x5318,3, 0x4294,1, 0x3A0F,1, 0x39EF,1, 0x31EE,1, 0x2128,1, 0x18C5,70,
    0x4272,1, 0x5318,3, 0xF79E,4, 0x7398,1, 0x4216,2, 0x5318,16, 0x31AC,1, 0x18C5,70,
    0x31AD,1, 0x3A30,1, 0x4251,1, 0x4252,1, 0xF79E,4, 0x6318,1, 0x4216,2, 0x5318,12,
    0x6318,2, 0x5318,2, 0x298C,1, 0x18C5,74, 0x8431,1, 0x94B3,1, 0x9CF4,1, 0xA535,1,
    0x3A32,1, 0x4216,2, 0x5318,12, 0x6318,4, 0x3A31,1, 0x31AC,1, 0x298C,1, 0x1907,1,
    0x18C5,75, 0x31F2,1, 0x4216,2, 0x5318,8, 0xF79E,4, 0x639A,1, 0x6318,4, 0x5318,2,
    0x296A,1, 0x18C5,75, 0x4216,3, 0x5318,8, 0xF79E,4, 0x6318,5, 0x5318,2, 0x2149,1,
    0x18C5,71, 0x296A,2, 0x294A,1, 0x2149,1, 0x5296,2, 0x4216,1, 0x5318,7, 0x639A,1,
    0xF79E,4, 0x6318,5, 0x5318,2, 0x2129,1, 0x18C5,71, 0x5318,14, 0x6318,1, 0x639A,2,
    0x7398,2, 0x5318,2, 0x6318,3, 0x5318,2, 0x31AD,1, 0x296A,1, 0x2149,1, 0x2129,1,
    0x18C5,68, 0x6318,1, 0x5318,29, 0x1907,1, 0x18C5,67, 0x5318,30, 0x18C5,68, 0x5318,30,
    0x18C5,68, 0x5318,18, 0x7398,1, 0xF79E,3, 0x951A,1, 0x5318,7, 0x2128,1, 0x2107,1,
    0x18C5,65, 0x18E7,1, 0x5318,18, 0x951A,1, 0xF79E,4, 0x5318,11, 0x18C5,63, 0x2108,1,
    0x5318,18, 0x951A,1, 0xF79E,4, 0x5318,11, 0x18C5,59, 0x18E7,1, 0x31EE,1, 0x31CD,1,
    0x31AC,1, 0x31CE,1, 0x5318,3, 0x639A,1, 0x951A,3, 0x639A,1, 0x5318,10, 0x951A,1,
    0xF79E,4, 0x5318,11, 0x18C5,59, 0x2949,1, 0x5318,7, 0x951A,1, 0xF79E,3, 0x951A,1,
    0x5318,10, 0x639A,1, 0x951A,4, 0x5318,11, 0x18C5,59, 0x296A,1, 0x5318,7, 0x951A,1,
    0xF79E,3, 0x951A,1, 0x5318,29, 0x4272,1, 0x18C5,55, 0x296B,1, 0x5318,7, 0x951A,1,
    0xF79E,3, 0x951A,1, 0x5318,29, 0x4A94,1, 0x18C5,55, 0x298B,1, 0x5318,7, 0x951A,1,
    0xF79E,3, 0x951A,1, 0x5318,29, 0x4293,1, 0x18C5,55, 0x318C,1, 0x5318,30, 0x951A,3,
    0x7398,1, 0x5318,7, 0x4273,1, 0x18C5,55, 0x31CD,1, 0x5318,30, 0x951A,1, 0xF79E,2,
    0x951A,1, 0x5318,7, 0x4272,1, 0x18C5,52, 0x18E6,1, 0x18C6,2, 0x214A,1, 0x3A10,1,
    0x3A31,1, 0x4251,1, 0x4272,1, 0x4273,1, 0x4A94,1, 0x4AB4,1, 0x6318,1, 0x5318,22,
    0x951A,1, 0xF79E,2, 0x951A,1, 0x5318,7, 0x3A31,1, 0x18C5,51, 0x18E7,1, 0x210A,11,
    0x2109,4, 0x2108,1, 0x20E8,1, 0x2108,1, 0x2109,2, 0x2129,1, 0x292A,1, 0x294A,1,
    0x294B,1, 0x296B,1, 0x298C,1, 0x31AC,1, 0x31AD,1, 0x31CE,1, 0x39EF,1, 0x3A10,1,
    0x3A31,1, 0x4252,1, 0x4272,1, 0xF79E,3, 0x951A,1, 0x5318,2, 0x6318,1, 0x5318,4,
    0x3A30,1, 0x18C5,51, 0x18E7,1, 0x210A,36, 0x5296,1, 0x316A,1, 0x2109,1, 0x2108,2,
    0x20E8,1, 0x2108,4, 0x18E7,3, 0x18C5,48, 0x18E7,1, 0x210A,49, 0x18C6,1, 0x18C5,47,
    0x20E7,1, 0x210A,49, 0x18C5,48, 0x20E7,1, 0x210A,49, 0x18C5,40, 0x4A72,1, 0x52B4,1,
    0x4A93,1, 0x4A72,1, 0x4251,1, 0x4230,1, 0x3A0F,1, 0x39EE,1, 0x39EF,1, 0x4216,2,
    0x210A,47, 0x18C5,40, 0x639A,11, 0x6318,1, 0x639A,10, 0x6318,4, 0x5296,7, 0x4216,6,
    0x210A,19, 0x18C5,40, 0x639A,11, 0x6318,1, 0x639A,38, 0x6318,3, 0x5296,1, 0x6318,1,
    0x5296,3, 0x4A93,1, 0x4A72,2, 0x4A51,1, 0x4251,1, 0x4231,1, 0x39CD,1, 0x18C5,33,
    0x639A,11, 0x7398,1, 0x639A,41, 0x6318,1, 0x639A,10, 0x52B5,1, 0x18C5,34, 0x18E7,1,
    0x2108,1, 0x2129,1, 0x2949,1, 0x296A,1, 0x318B,1, 0x31AC,1, 0x31CD,1, 0x39EE,1,
    0x3A0F,1, 0x951A,1, 0x7398,11, 0x639A,30, 0x7398,1, 0x639A,10, 0x52B4,1, 0x18C5,44,
    0xD40C,23, 0xE512,4, 0x951A,1, 0x7398,12, 0x639A,2, 0x7398,1, 0x639A,10, 0x4A93,1,
    0x18C5,44, 0xD40C,44, 0x2927,1, 0x2107,2, 0x2108,1, 0x2128,1, 0x2129,1, 0x2949,1,
    0x294A,1, 0x296A,1, 0x2129,1, 0x18C5,44, 0xD40C,18, 0xE512,5, 0xD40C,21, 0x18C5,54,
    0xD40C,18, 0xE512,5, 0xD40C,21, 0x18C5,54, 0xD40C,18, 0xE512,5, 0xD40C,21, 0x18C5,53,
    0x2906,1, 0xD40C,7, 0xE512,1, 0xF79E,1, 0x210A,3, 0xD40C,6, 0xE512,5, 0xD40C,21,
    0x18C5,53, 0x3126,1, 0xD40C,8, 0x210A,1, 0x0000,3, 0xD40C,19, 0xE512,1, 0xF79E,1,
    0x0000,2, 0x210A,1, 0xD40C,8, 0x18C5,45, 0x3947,1, 0xD40C,16, 0x0000,4, 0xD40C,20,
    0x210A,1, 0x0000,3, 0xD40C,8, 0x18C5,45, 0x3967,1, 0xD40C,16, 0x0000,4, 0xD40C,20,
    0x0000,4, 0xD40C,8, 0x4987,1, 0x4167,1, 0x3967,1, 0x3146,1, 0x2926,1, 0x2906,1,
    0x18C5,39, 0x4187,1, 0xD40C,40, 0x0000,3, 0x210A,1, 0xD40C,16, 0x18C5,37, 0x51C8,1,
    0xD40C,59, 0xB36B,1, 0x18C5,37, 0x51E8,1, 0xD40C,59, 0xA34B,1, 0x18C5,37, 0x59E8,1,
    0xD40C,59, 0xA32B,1, 0x18C5,37, 0x6208,1, 0xD40C,51, 0xB38B,1, 0xD40C,7, 0x9B0A,1,
    0x18C5,37, 0x6228,1, 0xD40C,51, 0xAB6B,1, 0xD40C,7, 0x92EA,1, 0x18C5,40, 0x2106,1,
    0x2926,1, 0x3146,1, 0x3967,1, 0x4187,1, 0x8ACA,1, 0xD40C,43, 0xAB6B,1, 0xD40C,7,
    0x8ACA,1, 0x18C5,45, 0x7269,1, 0xD40C,43, 0x9B2B,1, 0xB36B,1, 0xD40C,6, 0x82AA,1,
    0x18C5,45, 0x7A89,1, 0xD40C,43, 0x7A89,1, 0x18C5,53, 0x82AA,1, 0xD40C,43, 0x7269,1,
    0x18C5,53, 0x8ACA,1, 0xD40C,43, 0x7249,1, 0x18C5,53, 0x92EA,1, 0xD40C,43, 0x6A29,1,
    0x18C5,53, 0x9B0A,1, 0xD40C,43, 0x6208,1, 0x18C5,53, 0x9B2B,1, 0xD40C,43, 0x59E8,1,
    0x18C5,53, 0x4167,1, 0x51E8,1, 0x5A08,1, 0x6208,1, 0x92EA,1, 0xA34B,1, 0xAB4B,1,
    0xAB6B,1, 0x92EA,1, 0x8ACA,1, 0x92EA,1, 0x9B0A,1, 0xA32B,1, 0xAB6B,1, 0xD40C,30,
    0x51E8,1, 0x18C5,57, 0xAB6B,1, 0xD40C,3, 0x49A7,1, 0x18C5,3, 0x92EA,1, 0xD40C,3,
    0x6A28,1, 0x18C5,7, 0x2906,1, 0x3126,1, 0x3146,1, 0x3967,1, 0x9B0A,1, 0xD40C,3,
    0x7269,1, 0x6228,1, 0x6A49,1, 0x7269,1, 0x8ACA,1, 0xA34B,1, 0xD40C,2, 0xA32B,1,
    0x9B0A,1, 0xA32B,1, 0xAB4B,1, 0x4187,1, 0x18C5,57, 0xB36B,1, 0xD40C,3, 0x4187,1,
    0x18C5,3, 0x7269,1, 0xD40C,3, 0x8ACA,1, 0x18C5,11, 0xB36B,1, 0xD40C,3, 0x4187,1,
    0x18C5,3, 0x8ACA,1, 0xD40C,3, 0x6A49,1, 0x18C5,61, 0xD40C,4, 0x3967,1, 0x18C5,3,
    0x51E8,1, 0xD40C,3, 0xA34B,1, 0x18C5,11, 0xD40C,4, 0x3967,1, 0x18C5,3, 0x6A49,1,
    0xD40C,3, 0x8ACA,1, 0x18C5,61, 0xD40C,4, 0x3946,1, 0x18C5,3, 0x3967,1, 0xD40C,4,
    0x18C5,11, 0xD40C,4, 0x3946,1, 0x18C5,3, 0x51E8,1, 0xD40C,3, 0xA34B,1, 0x18C5,61,
    0xD40C,4, 0x20E4,1, 0x1083,3, 0x18C4,1, 0xD40C,4, 0x1083,11, 0xD40C,4, 0x2905,1,
    0x1083,3, 0x3105,1, 0xD40C,4, 0x18C5,61, 0xD40C,4, 0x18A4,1, 0x0863,4, 0xD40C,4,
    0x3105,1, 0x0863,10, 0xD40C,4, 0x20C4,1, 0x0863,3, 0x1083,1, 0xD40C,4, 0x18C5,61,
    0xD40C,4, 0x1083,1, 0x0863,4, 0xD40C,2, 0x8AA9,1, 0x61E7,1, 0x18C4,1, 0x0863,10,
    0xD40C,4, 0x18A4,1, 0x0863,4, 0xD40C,4, 0x3946,1, 0x18C5,60, 0x51C8,1, 0x59E8,1,
    0x6207,1, 0x7248,1, 0x1083,20, 0xD40C,4, 0x18A4,1, 0x1083,4, 0x7A88,1, 0x8ACA,1,
    0x7269,1, 0x5A08,1, 0x2106,1, 0x18C5,84, 0x49A7,4, 0x18C5,39, 0x18C5,132, 0x296A,1,
    0x298B,1, 0x296B,1, 0x296A,1, 0x2149,1, 0x2129,1, 0x2128,1, 0x2107,1, 0x18C5,90,
    0x4A94,1, 0x5318,14, 0x2149,1, 0x18C5,82, 0x5318,15, 0x2149,1, 0x18C5,82, 0x5318,15,
    0x2129,1, 0x18C5,78, 0x31CD,1, 0x31CE,1, 0x31CD,1, 0x31AC,1, 0x5318,10, 0x631A,1,
    0x639A,4, 0x2128,1, 0x18C5,78, 0x5318,14, 0x639A,1, 0xF79E,4, 0x5318,1, 0x4A94,1,
    0x4294,1, 0x4273,1, 0x1907,1, 0x18C5,74, 0x5318,14, 0x639A,1, 0xF79E,4, 0x5318,4,
    0x18E7,1, 0x18C5,74, 0x5318,14, 0x639A,1, 0xF79E,4, 0x5318,4, 0x18C5,75, 0x5318,3,
    0x639A,1, 0xF79E,2, 0x639A,2, 0x5318,6, 0x639A,1, 0xF79E,4, 0x5318,4, 0x18C5,75,
    0x5318,3, 0x639A,1, 0xF79E,4, 0x4216,3, 0x5318,12, 0x4272,1, 0x4251,1, 0x3A31,1,
    0x3A10,1, 0x18C5,70, 0x2107,1, 0x5318,3, 0x639A,1, 0xF79E,4, 0x4216,3, 0x5318,15,
    0x631A,1, 0x18C5,71, 0x3A0F,1, 0x3A30,1, 0x3A31,1, 0x7C16,1, 0xF79E,4, 0x4216,3,
    0x5318,16, 0x18C5,74, 0x39E9,1, 0x8432,1, 0x8C72,1, 0x94B3,1, 0x73B1,1, 0x4216,3,
    0x5318,7, 0x639A,1, 0x6318,1, 0x5318,6, 0x631A,1, 0x3A0F,1, 0x39EF,1, 0x31AD,1,
    0x18C5,75, 0x2108,1, 0x4216,3, 0x5318,7, 0x639A,1, 0xF79E,4, 0x5318,6, 0x6318,1,
    0x18C5,75, 0x2129,1, 0x4216,3, 0x5318,7, 0x639A,1, 0xF79E,4, 0x5318,7, 0x18C5,71,
    0x1907,1, 0x298C,1, 0x298B,1, 0x296A,1, 0x29AD,1, 0x4216,2, 0x5318,8, 0x639A,1,
    0xF79E,4, 0x5318,6, 0x4A94,1, 0x18C5,71, 0x296B,1, 0x5318,16, 0x639A,3, 0x5318,7,
    0x31CD,1, 0x31AD,1, 0x298C,1, 0x214A,1, 0x18C5,67, 0x298B,1, 0x5318,29, 0x4273,1,
    0x18C5,67, 0x29AC,1, 0x5318,29, 0x4252,1, 0x18C5,67, 0x31AD,1, 0x5318,29, 0x4251,1,
    0x18C5,67, 0x31CD,1, 0x5318,18, 0xF79E,4, 0x639A,1, 0x5318,6, 0x4293,1, 0x296B,1,
    0x296A,1, 0x2149,1, 0x2107,1, 0x18C5,63, 0x31CE,1, 0x5318,18, 0xF79E,4, 0x639A,1,
    0x5318,10, 0x3A30,1, 0x18C5,63, 0x39EF,1, 0x5318,18, 0xF79E,4, 0x639A,1, 0x5318,10,
    0x3A0F,1, 0x18C5,59, 0x296A,1, 0x31EE,1, 0x31CE,1, 0x31AD,1, 0x4273,1, 0x5318,3,
    0x639A,5, 0x5318,10, 0xF79E,4, 0x639A,1, 0x5318,10, 0x39EF,1, 0x18C5,59, 0x3A31,1,
    0x5318,7, 0xF79E,4, 0x639A,1, 0x5318,10, 0x639A,5, 0x5318,10, 0x3A10,1, 0x2128,1,
    0x2107,1, 0x18E6,1, 0x18C5,56, 0x4251,1, 0x5318,7, 0xF79E,4, 0x639A,1, 0x5318,29,
    0x31CD,1, 0x18C5,55, 0x4272,1, 0x5318,7, 0xF79E,4, 0x639A,1, 0x5318,29, 0x31AC,1,
    0x18C5,55, 0x4273,1, 0x5318,7, 0xF79E,4, 0x639A,1, 0x5318,29, 0x318C,1, 0x18C5,55,
    0x4293,1, 0x5318,30, 0xF79E,3, 0x639A,1, 0x5318,7, 0x298B,1, 0x18C5,55, 0x4A94,1,
    0x5318,30, 0xF79E,3, 0x639A,1, 0x5318,7, 0x296B,1, 0x18C5,51, 0x18C6,1, 0x18E6,1,
    0x18C6,2, 0x31AC,1, 0x39EF,1, 0x3A10,1, 0x3A31,1, 0x4252,1, 0x4272,1, 0x4273,1,
    0x4A94,1, 0x4AB4,1, 0x5318,22, 0xF79E,3, 0x639A,1, 0x5318,7, 0x296A,1, 0x18C5,51,
    0x2108,1, 0x210A,12, 0x2109,5, 0x2108,3, 0x2109,1, 0x2129,2, 0x212A,1, 0x294A,2,
    0x296B,2, 0x298C,1, 0x31AD,2, 0x31CE,1, 0x39EF,1, 0x3A10,1, 0xF79E,3, 0x4A73,1,
    0x4293,1, 0x4A94,1, 0x631A,1, 0x5318,4, 0x2149,1, 0x18C5,51, 0x2109,1, 0x210A,36,
    0x318E,1, 0x210A,4, 0x2109,4, 0x2108,1, 0x20E8,2, 0x20E7,1, 0x18C5,48, 0x2109,1,
    0x210A,48, 0x2109,1, 0x18C5,48, 0x2109,1, 0x210A,48, 0x2109,1, 0x18C5,48, 0x2109,1,
    0x210A,48, 0x2109,1, 0x18C5,39, 0x2108,1, 0x52D5,1, 0x52B5,1, 0x52B4,1, 0x4A93,2,
    0x4A73,1, 0x4A72,2, 0x4216,1, 0x4212,8, 0x318E,7, 0x210A,33, 0x2109,1, 0x18C5,39,
    0x2949,1, 0x639A,11, 0x6318,1, 0x639A,16, 0x6318,5, 0x5318,3, 0x4216,1, 0x4212,8,
    0x318E,7, 0x210A,5, 0x2108,1, 0x18C5,39, 0x296A,1, 0x639A,56, 0x6318,2, 0x52D5,1,
    0x52B5,1, 0x4A93,1, 0x4A73,1, 0x4A72,1, 0x4251,1, 0x294A,1, 0x18C5,32, 0x318B,1,
    0x639A,64, 0x39CD,1, 0x18C5,36, 0x2107,1, 0x2108,1, 0x2128,1, 0x2129,1, 0x2149,1,
    0x2949,1, 0x296A,1, 0x4A0C,1, 0xD40C,7, 0x6398,10, 0x639A,36, 0x31AD,1, 0x18C5,43,
    0x49A7,1, 0xD40C,34, 0x6398,9, 0x639A,10, 0x31AC,1, 0x18C5,43, 0x51C8,1, 0xD40C,43,
    0xA34B,1, 0x18C5,5, 0x2107,1, 0x2128,1, 0x2149,1, 0x296A,1, 0x2107,1, 0x18C5,43,
    0x59E8,1, 0xD40C,43, 0xA32B,1, 0x18C5,53, 0x6208,1, 0xD40C,9, 0x210A,2, 0xD40C,32,
    0x9B0A,1, 0x18C5,53, 0x6A28,1, 0xD40C,7, 0xF79E,1, 0x6398,1, 0x0000,2, 0x318E,1,
    0xD40C,19, 0xF79E,1, 0xD40C,1, 0x0000,2, 0xD40C,8, 0x92EA,1, 0x18C5,53, 0x6A49,1,
    0xD40C,7, 0x4212,1, 0x0000,3, 0x318E,1, 0xD40C,19, 0xF79E,1, 0x4212,1, 0x0000,2,
    0x318E,1, 0xD40C,7, 0x8ACA,1, 0x18C5,53, 0x7269,1, 0xD40C,7, 0x210A,1, 0x0000,3,
    0xD40C,20, 0x210A,1, 0x0000,3, 0xD40C,8, 0x8ACA,1, 0x18C5,45, 0x7A89,1, 0xD40C,15,
    0x210A,1, 0x0000,3, 0xD40C,20, 0x210A,1, 0x0000,3, 0xD40C,8, 0x82A9,1, 0x18C5,45,
    0x82A9,1, 0xD40C,15, 0x210A,1, 0x0000,3, 0xD40C,20, 0x210A,1, 0x0000,3, 0xD40C,8,
    0x82AA,1, 0x4187,1, 0x3967,1, 0x3946,1, 0x3126,1, 0x2926,1, 0x18C5,40, 0x8ACA,1,
    0xD40C,15, 0x210A,1, 0x0000,3, 0xD40C,20, 0x210A,1, 0x0000,3, 0xD40C,8, 0xAB6B,1,
    0xD40C,7, 0x7269,1, 0x18C5,37, 0x92EA,1, 0xD40C,15, 0x210A,1, 0x0000,3, 0xD40C,20,
    0x210A,1, 0x0000,3, 0xD40C,8, 0xAB6B,1, 0xD40C,7, 0x6A28,1, 0x18C5,37, 0x9B0A,1,
    0xD40C,15, 0x0000,4, 0xD40C,20, 0x210A,1, 0x0000,3, 0xD40C,8, 0xAB6B,1, 0xD40C,7,
    0x6208,1, 0x18C5,37, 0xA32B,1, 0xD40C,39, 0x0000,4, 0xD40C,8, 0xB36B,1, 0xD40C,7,
    0x59E8,1, 0x18C5,37, 0xA34B,1, 0xD40C,59, 0x51E8,1, 0x18C5,37, 0xAB4B,1, 0xD40C,59,
    0x51C8,1, 0x18C5,40, 0x2906,1, 0x3126,1, 0x3146,1, 0x3967,1, 0x4187,1, 0xD40C,52,
    0x49A7,1, 0x18C5,45, 0xD40C,44, 0x9B0A,1, 0xD40C,7, 0x4187,1, 0x18C5,45, 0xD40C,44,
    0x3947,1, 0x18C5,53, 0xD40C,44, 0x3126,1, 0x18C5,53, 0xD40C,44, 0x2926,1, 0x18C5,53,
    0xD40C,44, 0x18C5,54, 0xD40C,44, 0x18C5,54, 0xD40C,44, 0x18C5,54, 0x51C8,1, 0x59E8,1,
    0x5A08,1, 0x6228,1, 0xAB4B,1, 0xB38B,1, 0xD40C,2, 0x82AA,1, 0x8ACA,1, 0x92EA,1,
    0x9B0A,1, 0xA32B,1, 0xAB6B,1, 0xD40C,30, 0x18C5,58, 0xD40C,4, 0x18C5,4, 0xB36B,1,
    0xD40C,3, 0x4987,1, 0x18C5,7, 0x2926,1, 0x3146,1, 0x3947,1, 0x4187,1, 0x9B0A,1,
    0xA32B,1, 0xAB6B,1, 0xD40C,1, 0x6208,1, 0x6A28,1, 0x6A49,1, 0x7269,1, 0x7A89,1,
    0x9B0A,1, 0xD40C,2, 0x9B0A,1, 0x9B0B,1, 0xA32B,2, 0x18C5,58, 0xD40C,4, 0x2926,1,
    0x18C5,3, 0x8ACA,1, 0xD40C,3, 0x82A9,1, 0x18C5,11, 0xD40C,4, 0x18C5,4, 0xD40C,4,
    0x49C7,1, 0x18C5,61, 0xD40C,4, 0x3946,1, 0x18C5,3, 0x51C8,1, 0xD40C,4, 0x18C5,11,
    0xD40C,4, 0x2926,1, 0x18C5,3, 0x8ACA,1, 0xD40C,3, 0x8ACA,1, 0x18C5,61, 0xAB6B,1,
    0xD40C,3, 0x49A7,1, 0x18C5,4, 0xD40C,4, 0x3946,1, 0x18C5,10, 0xD40C,4, 0x3946,1,
    0x18C5,3, 0x51C8,1, 0xD40C,4, 0x18C5,61, 0x9B0A,1, 0xD40C,3, 0x59C7,1, 0x1083,4,
    0xD40C,4, 0x7248,1, 0x1083,10, 0xD40C,4, 0x4166,1, 0x1083,3, 0x10A4,1, 0xD40C,4,
    0x3946,1, 0x18C5,60, 0x8ACA,1, 0xD40C,3, 0x6207,1, 0x0863,4, 0x6207,1, 0xD40C,2,
    0x59E7,1, 0x18A4,1, 0x0863,10, 0xD40C,4, 0x51C6,1, 0x0863,4, 0x92EA,1, 0xD40C,3,
    0x7269,1, 0x18C5,60, 0x7A89,1, 0xD40C,3, 0x59C7,1, 0x0863,4, 0x18A3,2, 0x0863,13,
    0x8AA9,1, 0xD40C,3, 0x6207,1, 0x0863,4, 0x51C7,1, 0xD40C,1, 0x82AA,1, 0x51C8,1,
    0x18C5,62, 0x10A4,1, 0x1083,22, 0x59E7,1, 0xD40C,1, 0x92C9,1, 0x82A9,1, 0x4166,1,
    0x1083,4, 0x1084,1, 0x18C5,131, 0x18C5,130, 0x2108,1, 0x298C,1, 0x298B,1, 0x296A,1,
    0x294A,1, 0x2149,1, 0x2128,1, 0x2108,1, 0x18E7,1, 0x18C5,89, 0x31AC,1, 0x5318,11,
    0x6318,2, 0x5318,1, 0x3A10,1, 0x18C5,82, 0x31AD,1, 0x5318,14, 0x4251,1, 0x18C5,82,
    0x31CE,1, 0x5318,14, 0x3A30,1, 0x18C5,78, 0x294A,1, 0x31EE,1, 0x31CD,1, 0x31AD,1,
    0x4252,1, 0x5318,10, 0x639A,4, 0x3A10,1, 0x18C5,78, 0x3A0F,1, 0x5318,14, 0xF79E,4,
    0x639A,1, 0x5318,1, 0x4A94,1, 0x4293,1, 0x29AC,1, 0x18C5,74, 0x3A10,1, 0x5318,14,
    0xF79E,4, 0x639A,1, 0x5318,3, 0x31EF,1, 0x18C5,74, 0x3A30,1, 0x5318,14, 0xF79E,4,
    0x639A,1, 0x5318,3, 0x31CE,1, 0x18C5,74, 0x3A31,1, 0x5318,3, 0x639A,1, 0xF79E,1,
    0x639A,3, 0x5318,6, 0xF79E,4, 0x639A,1, 0x5318,3, 0x31CD,1, 0x18C5,74, 0x4272,1,
    0x5318,3, 0xF79E,4, 0x639A,1, 0x4216,2, 0x5318,12, 0x6318,1, 0x4252,1, 0x4251,1,
    0x3A30,1, 0x2149,1, 0x18C5,70, 0x4273,1, 0x5318,3, 0xF79E,4, 0x6318,1, 0x4216,2,
    0x5318,16, 0x298C,1, 0x18C5,70, 0x31AC,1, 0x3A10,1, 0x3A30,1, 0x4251,1, 0xF79E,4,
    0x6318,1, 0x4216,2, 0x5318,16, 0x298B,1, 0x18C5,74, 0x7BD0,1, 0x8C52,1, 0x9493,1,
    0x9CD4,1, 0x3A32,1, 0x4216,2, 0x5318,8, 0x639A,1, 0x5318,7, 0x4252,1, 0x39EF,1,
    0x31EE,1, 0x2108,1, 0x18C5,75, 0x3212,1, 0x4216,2, 0x5318,8, 0xF79E,4, 0x639A,1,
    0x5318,6, 0x294A,1, 0x18C5,75, 0x4216,3, 0x5318,7, 0x6318,1, 0xF79E,4, 0x5318,7,
    0x2149,1, 0x18C5,71, 0x296B,1, 0x298B,1, 0x296B,1, 0x294A,1, 0x4216,3, 0x5318,7,
    0x639A,1, 0xF79E,4, 0x5318,7, 0x2129,1, 0x18C5,71, 0x5318,16, 0x639A,3, 0x5318,7,
    0x3A0F,1, 0x31AD,1, 0x31AC,1, 0x298C,1, 0x18C5,68, 0x5318,30, 0x2107,1, 0x18C5,67,
    0x5318,30, 0x18E6,1, 0x18C5,67, 0x5318,30, 0x18C5,68, 0x5318,18, 0x639A,1, 0xF79E,4,
    0x5318,7, 0x298B,1, 0x296A,1, 0x294A,1, 0x2149,1, 0x18C5,64, 0x5318,18, 0x639A,1,
    0xF79E,4, 0x5318,11, 0x18C5,63, 0x1907,1, 0x5318,18, 0x639A,1, 0xF79E,4, 0x5318,11,
    0x18C5,59, 0x1907,1, 0x31EF,1, 0x31CE,1, 0x31CD,1, 0x31EE,1, 0x5318,3, 0x639A,5,
    0x5318,10, 0x639A,1, 0xF79E,4, 0x5318,11, 0x18C5,59, 0x2149,1, 0x5318,7, 0x639A,1,
    0xF79E,4, 0x5318,10, 0x639A,5, 0x5318,11, 0x2128,1, 0x2107,1, 0x18E7,1, 0x18C5,56,
    0x2949,1, 0x5318,7, 0x639A,1, 0xF79E,4, 0x5318,30, 0x18C5,55, 0x296A,1, 0x5318,7,
    0x639A,1, 0xF79E,4, 0x5318,29, 0x4AB4,1, 0x18C5,55, 0x296B,1, 0x5318,7, 0x639A,1,
    0xF79E,3, 0x639A,1, 0x5318,29, 0x4A94,1, 0x18C5,55, 0x298B,1, 0x5318,30, 0x639A,1,
    0xF79E,2, 0x639A,1, 0x5318,7, 0x4293,1, 0x18C5,55, 0x318C,1, 0x5318,30, 0xF79E,4,
    0x5318,7, 0x4273,1, 0x18C5,52, 0x18E6,1, 0x18C6,2, 0x2129,1, 0x39EF,1, 0x3A10,1,
    0x3A31,1, 0x4251,1, 0x4252,1, 0x4273,1, 0x4293,1, 0x4A94,1, 0x5318,22, 0xF79E,3,
    0x639A,1, 0x5318,7, 0x4272,1, 0x18C5,51, 0x18E6,1, 0x210A,13, 0x2109,4, 0x2108,1,
    0x20E8,1, 0x2108,1, 0x2109,2, 0x2129,1, 0x2929,1, 0x294A,2, 0x294B,1, 0x296B,1,
    0x298C,1, 0x318C,1, 0x31AD,1, 0x31CE,1, 0x31EE,1, 0x3A0F,1, 0xF79E,4, 0x4273,1,
    0x4A94,1, 0x4AB4,1, 0x5318,3, 0x631A,1, 0x3A30,1, 0x18C5,51, 0x18E7,1, 0x210A,41,
    0x2109,5, 0x2108,1, 0x20E8,2, 0x18C6,1, 0x18C5,47, 0x18E7,1, 0x210A,49, 0x18C6,1,
    0x18C5,47, 0x18E7,1, 0x210A,49, 0x18C6,1, 0x18C5,47, 0x18E7,1, 0x210A,49, 0x18C6,1,
    0x18C5,39, 0x4251,1, 0x52D5,1, 0x52B4,2, 0x4A93,2, 0x4A72,3, 0x4212,12, 0x210A,37,
    0x18C5,40, 0x5AF6,1, 0x639A,10, 0x6318,1, 0x639A,16, 0x631A,1, 0x6318,4, 0x5318,3,
    0x4216,2, 0x4212,11, 0x210A,9, 0x18C5,40, 0x639A,11, 0x6318,1, 0x639A,41, 0x6318,1,
    0x639A,2, 0x6318,2, 0x5AF6,1, 0x52D5,1, 0x52B4,1, 0x4A93,1, 0x4A72,1, 0x4251,1,
    0x39EE,1, 0x18C5,33, 0x639A,53, 0x6318,1, 0x639A,10, 0x5AF6,1, 0x18C5,36, 0x1907,1,
    0x2107,1, 0x2128,2, 0x2129,1, 0x2949,1, 0x294A,1, 0x296A,1, 0xC38C,8, 0x6318,5,
    0x639A,40, 0x52D5,1, 0x18C5,44, 0xD40C,29, 0xC38C,7, 0x6318,5, 0x639A,1, 0x6318,1,
    0x639A,10, 0x52B4,1, 0x18C5,44, 0xD40C,44, 0x3126,1, 0x18C5,4, 0x18E7,1, 0x2128,1,
    0x2129,1, 0x2949,1, 0x2129,1, 0x18C5,44, 0xD40C,44, 0x2926,1, 0x18C5,53, 0xD40C,6,
    0xF79E,1, 0x210A,3, 0xD40C,34, 0x18C5,54, 0xD40C,6, 0x4212,1, 0x0000,3, 0xD40C,20,
    0xF79E,1, 0x0000,2, 0x210A,1, 0xD40C,10, 0x18C5,54, 0xD40C,6, 0x0000,4, 0xD40C,20,
    0x210A,1, 0x0000,3, 0xD40C,10, 0x18C5,53, 0x2106,1, 0xD40C,6, 0x0000,4, 0xD40C,20,
    0x0000,4, 0xD40C,10, 0x18C5,45, 0x2926,1, 0xD40C,13, 0xC38C,1, 0x0000,4, 0xD40C,19,
    0xC38C,1, 0x0000,4, 0xD40C,10, 0x18C5,45, 0x3947,1, 0xD40C,13, 0xC38C,1, 0x0000,4,
    0xD40C,19, 0xC38C,1, 0x0000,4, 0xD40C,10, 0x4987,1, 0x4167,1, 0x3967,1, 0x3146,1,
    0x2926,1, 0x2906,1, 0x18C5,39, 0x3967,1, 0xD40C,13, 0xA30A,1, 0x0000,4, 0xD40C,19,
    0xC38C,1, 0x0000,4, 0xD40C,18, 0x18C5,37, 0x4187,1, 0xD40C,13, 0xA30A,1, 0x0000,3,
    0x210A,1, 0xD40C,19, 0xA30A,1, 0x0000,3, 0x210A,1, 0xD40C,18, 0x18C5,37, 0x49A7,1,
    0xD40C,14, 0xA30A,4, 0xD40C,19, 0xA30A,1, 0x0000,3, 0x210A,1, 0xD40C,17, 0xB36B,1,
    0x18C5,37, 0x51C8,1, 0xD40C,38, 0xA30A,4, 0xD40C,17, 0xAB6B,1, 0x18C5,37, 0x51E8,1,
    0xD40C,59, 0xA34B,1, 0x18C5,37, 0x59E8,1, 0xD40C,51, 0xAB6B,1, 0xD40C,7, 0xA32B,1,
    0x18C5,41, 0x2926,1, 0x3146,1, 0x3967,1, 0x4187,1, 0x82A9,1, 0xD40C,43, 0xAB6B,1,
    0xD40C,7, 0x9B0A,1, 0x18C5,45, 0x6A49,1, 0xD40C,43, 0xA32B,1, 0xB36B,1, 0xD40C,6,
    0x92EA,1, 0x18C5,45, 0x7269,1, 0xD40C,43, 0x8ACA,1, 0x18C5,53, 0x7A69,1, 0xD40C,43,
    0x82A9,1, 0x18C5,53, 0x8289,1, 0xD40C,43, 0x7A89,1, 0x18C5,53, 0x82AA,1, 0xD40C,43,
    0x7269,1, 0x18C5,53, 0x8ACA,1, 0xD40C,43, 0x7249,1, 0x18C5,53, 0x92EA,1, 0xD40C,43,
    0x6A29,1, 0x18C5,53, 0x3967,1, 0x51C8,1, 0x5A08,1, 0x6208,1, 0x7249,1, 0x8AEA,1,
    0xAB6B,1, 0xD40C,1, 0xAB4B,1, 0x8ACA,1, 0x92EA,1, 0x9B0A,1, 0x9B2B,1, 0xA34B,1,
    0xD40C,30, 0x59E8,1, 0x18C5,57, 0x7A89,1, 0xD40C,3, 0x92EA,1, 0x18C5,3, 0x51C8,1,
    0xD40C,3, 0xAB6B,1, 0x18C5,7, 0x2906,1, 0x3126,1, 0x3147,1, 0x3967,1, 0x6208,1,
    0x9B0A,1, 0xD40C,2, 0x92EA,1, 0x6228,1, 0x6A49,1, 0x7269,1, 0x7A69,1, 0x92EA,1,
    0xD40C,3, 0x9B0A,1, 0xA32B,1, 0xA34B,1, 0x4987,1, 0x18C5,57, 0x49A7,1, 0xD40C,4,
    0x18C5,3, 0x3967,1, 0xD40C,4, 0x3146,1, 0x18C5,10, 0x6A49,1, 0xD40C,3, 0xA32B,1,
    0x18C5,3, 0x6208,1, 0xD40C,4, 0x18C5,62, 0xD40C,4, 0x2906,1, 0x18C5,3, 0xD40C,4,
    0x7A89,1, 0x18C5,10, 0x4187,1, 0xD40C,4, 0x18C5,3, 0x2906,1, 0xD40C,4, 0x4187,1,
    0x18C5,61, 0xB36B,1, 0xD40C,3, 0x51E8,1, 0x18C5,3, 0x6A49,1, 0xD40C,4, 0x18C5,11,
    0xD40C,4, 0x3126,1, 0x18C5,3, 0xA32B,1, 0xD40C,3, 0x8ACA,1, 0x18C5,61, 0x82CA,1,
    0xD40C,3, 0x7A89,1, 0x1083,3, 0x20C4,1, 0xD40C,4, 0x20E4,1, 0x1083,10, 0xD40C,4,
    0x59C7,1, 0x1083,3, 0x51A6,1, 0xD40C,4, 0x18C5,61, 0x51C7,1, 0xD40C,2, 0xC38C,1,
    0x61E7,1, 0x0863,4, 0x92E9,1, 0x8AA9,1, 0x3125,1, 0x0863,12, 0x8289,1, 0xD40C,3,
    0x8289,1, 0x0863,3, 0x1083,1, 0xD40C,3, 0x82AA,1, 0x18C5,61, 0x20E5,1, 0x28E4,1,
    0x0863,22, 0x49A6,1, 0xD40C,2, 0x8289,1, 0x4165,1, 0x0863,4, 0x6A48,1, 0x5A08,1,
    0x18C5,64, 0x1083,23, 0x18A4,1, 0x20C4,1, 0x1083,7, 0x10A5,1, 0x18C5,132, 0x18C5,128,
    0x298C,1, 0x298B,1, 0x296A,2, 0x2149,1, 0x2128,1, 0x2108,1, 0x1907,1, 0x18C5,89,
    0x2128,1, 0x5318,14, 0x4293,1, 0x18C5,82, 0x2129,1, 0x5318,15, 0x18C5,82, 0x2149,1,
    0x5318,15, 0x18C5,78, 0x2108,1, 0x31EE,1, 0x31CD,1, 0x31AD,1, 0x3A0F,1, 0x5318,10,
    0x639A,1, 0x741A,1, 0x639A,2, 0x4A94,1, 0x18C5,78, 0x296B,1, 0x5318,14, 0x741A,1,
    0xF79E,4, 0x5318,1, 0x4A94,1, 0x4293,1, 0x3A0F,1, 0x18C5,74, 0x298B,1, 0x5318,14,
    0x741A,1, 0xF79E,3, 0x741A,1, 0x5318,3, 0x4273,1, 0x18C5,74, 0x318C,1, 0x5318,14,
    0xF79E,4, 0x741A,1, 0x5318,3, 0x4252,1, 0x18C5,74, 0x31CD,1, 0x5318,3, 0x741A,5,
    0x5318,6, 0x741A,1, 0xF79E,3, 0x741A,1, 0x5318,3, 0x4251,1, 0x18C5,74, 0x31CE,1,
    0x5318,3, 0xF79E,4, 0x741A,1, 0x4216,2, 0x5318,13, 0x4252,1, 0x4251,1, 0x3A31,1,
    0x298C,1, 0x18C5,70, 0x31EE,1, 0x5318,3, 0xF79E,4, 0x741A,1, 0x4216,2, 0x5318,16,
    0x3A10,1, 0x18C5,70, 0x296A,1, 0x3A10,1, 0x3A30,1, 0x3A31,1, 0xF79E,4, 0x741A,1,
    0x4216,2, 0x5318,16, 0x3A0F,1, 0x18C5,74, 0x630E,1, 0x8C52,1, 0x9493,1, 0x9CD4,1,
    0x52B1,1, 0x4216,2, 0x5318,8, 0x639A,1, 0x5318,7, 0x4A94,1, 0x3A0F,1, 0x31EF,1,
    0x2149,1, 0x18C5,75, 0x29AE,1, 0x4216,2, 0x5318,8, 0xF79E,4, 0x741A,1, 0x5318,6,
    0x31EE,1, 0x18C5,75, 0x31AF,1, 0x4216,2, 0x5318,8, 0xF79E,4, 0x741A,1, 0x5318,6,
    0x31CD,1, 0x18C5,71, 0x2949,1, 0x298B,1, 0x296B,1, 0x296A,1, 0x3A11,1, 0x4216,2,
    0x5318,8, 0xF79E,4, 0x741A,1, 0x5318,6, 0x31AD,1, 0x18C5,71, 0x4272,1, 0x5318,15,
    0x6318,1, 0x639A,3, 0x5318,6, 0x4251,1, 0x31CD,1, 0x31AC,1, 0x298C,1, 0x2107,1,
    0x18C5,67, 0x4273,1, 0x5318,29, 0x298B,1, 0x18C5,67, 0x4294,1, 0x5318,29, 0x296B,1,
    0x18C5,67, 0x4A94,1, 0x5318,29, 0x296A,1, 0x18C5,67, 0x5318,19, 0xF79E,4, 0x6318,1,
    0x5318,6, 0x31CE,1, 0x296A,1, 0x214A,1, 0x2149,1, 0x18C5,64, 0x5318,18, 0x639A,1,
    0xF79E,4, 0x5318,11, 0x2129,1, 0x18C5,63, 0x5318,18, 0x639A,1, 0xF79E,4, 0x5318,11,
    0x2128,1, 0x18C5,59, 0x31CE,2, 0x31CD,1, 0x31AD,1, 0x5318,3, 0x639A,1, 0x741A,4,
    0x5318,10, 0x639A,1, 0xF79E,4, 0x5318,11, 0x2107,1, 0x18C5,59, 0x5318,7, 0x741A,1,
    0xF79E,4, 0x5318,10, 0x6318,1, 0x741A,4, 0x5318,11, 0x2149,1, 0x2108,1, 0x1907,1,
    0x18C5,57, 0x5318,7, 0x741A,1, 0xF79E,4, 0x5318,30, 0x18C5,56, 0x5318,7, 0x741A,1,
    0xF79E,4, 0x5318,30, 0x18C5,56, 0x5318,7, 0x741A,1, 0xF79E,3, 0x741A,1, 0x5318,30,
    0x18C5,55, 0x2107,1, 0x5318,30, 0x741A,1, 0xF79E,2, 0x741A,1, 0x5318,8, 0x18C5,55,
    0x2108,1, 0x5318,30, 0x741A,1, 0xF79E,3, 0x5318,8, 0x18C5,52, 0x18C6,3, 0x18E7,1,
    0x39EF,1, 0x3A10,1, 0x3A31,1, 0x4251,1, 0x4272,1, 0x4273,1, 0x4293,1, 0x4A94,1,
    0x5318,4, 0x6318,1, 0x5318,17, 0x741A,1, 0xF79E,3, 0x5318,7, 0x6318,1, 0x18C5,52,
    0x210A,13, 0x2109,4, 0x2108,2, 0x20E8,1, 0x2109,2, 0x2129,2, 0x212A,1, 0x294A,1,
    0x294B,1, 0x296B,1, 0x296C,1, 0x318C,1, 0x31AD,1, 0x31CD,1, 0x31CE,1, 0x39EF,1,
    0x8435,1, 0xF79E,3, 0x4273,1, 0x4294,1, 0x4A94,1, 0x5318,4, 0x4A94,1, 0x18C5,52,
    0x210A,41, 0x2109,5, 0x2108,2, 0x20E8,1, 0x18E6,1, 0x18C5,48, 0x210A,49, 0x18E7,1,
    0x18C5,47, 0x18C6,1, 0x210A,49, 0x18E7,1, 0x18C5,47, 0x18C6,1, 0x210A,49, 0x18E7,1,
    0x18C5,39, 0x39EE,1, 0x52D5,1, 0x52B4,2, 0x4A93,2, 0x4A73,1, 0x4A72,2, 0x4212,12,
    0x210A,37, 0x18E7,1, 0x18C5,39, 0x4251,1, 0x639A,10, 0x6318,1, 0x639A,17, 0x6318,5,
    0x5318,2, 0x4216,2, 0x4212,11, 0x210A,9, 0x18E6,1, 0x18C5,39, 0x4A72,1, 0x639A,52,
    0x6318,1, 0x639A,2, 0x6318,2, 0x639A,1, 0x52D5,1, 0x52B4,1, 0x4A93,1, 0x4A72,1,
    0x4251,1, 0x4230,1, 0x18C5,33, 0x4A93,1, 0x639A,10, 0x741A,1, 0x639A,41, 0x6318,1,
    0x639A,11, 0x18C5,36, 0x1907,1, 0x2107,1, 0x2128,2, 0x2129,1, 0x2949,1, 0x294A,1,
    0x296A,1, 0x830E,1, 0xD40C,6, 0x741A,13, 0x639A,22, 0x741A,1, 0x639A,11, 0x18C5,44,
    0x9B0A,1, 0xD40C,34, 0x741A,10, 0x639A,9, 0x18C5,44, 0x9B2B,1, 0xD40C,43, 0x59E8,1,
    0x18C5,5, 0x2108,1, 0x2128,1, 0x2949,1, 0x294A,1, 0x18C5,44, 0xA34B,1, 0xD40C,43,
    0x51E8,1, 0x18C5,53, 0xAB6B,1, 0xD40C,6, 0x7206,2, 0xD40C,35, 0x51C8,1, 0x18C5,53,
    0xB38C,1, 0xD40C,5, 0x5184,1, 0x0000,2, 0x5184,1, 0xD40C,21, 0x7206,3, 0xD40C,10,
    0x4187,1, 0x18C5,53, 0xD40C,5, 0x7206,1, 0x0000,3, 0x7206,1, 0xD40C,20, 0x5184,1,
    0x0000,2, 0x5184,1, 0xD40C,10, 0x3967,1, 0x18C5,53, 0xD40C,5, 0x7206,1, 0x0000,3,
    0x7206,1, 0xD40C,19, 0x7206,1, 0x0000,3, 0x7206,1, 0xD40C,10, 0x3947,1, 0x18C5,45,
    0xD40C,7, 0xB36B,1, 0xD40C,5, 0x7206,1, 0x0000,3, 0x7206,1, 0xD40C,19, 0x7206,1,
    0x0000,3, 0x7206,1, 0xD40C,10, 0x3126,1, 0x18C5,45, 0xD40C,13, 0x7206,1, 0x0000,3,
    0x7206,1, 0xD40C,19, 0x7206,1, 0x0000,3, 0x7206,1, 0xD40C,10, 0x51C8,1, 0x4187,1,
    0x3967,1, 0x3146,1, 0x3126,1, 0x2906,1, 0x18C5,40, 0xD40C,13, 0x5184,1, 0x0000,3,
    0x7206,1, 0xD40C,19, 0x7206,1, 0x0000,3, 0x7206,1, 0xD40C,18, 0x18C5,38, 0xD40C,13,
    0x5184,1, 0x0000,3, 0x7206,1, 0xD40C,19, 0x5184,1, 0x0000,3, 0x7206,1, 0xD40C,18,
    0x18C5,38, 0xD40C,13, 0x7206,3, 0x5184,1, 0xD40C,20, 0x5184,1, 0x0000,3, 0x7206,1,
    0xD40C,18, 0x18C5,38, 0xD40C,38, 0x7206,3, 0xD40C,19, 0x18C5,37, 0x2926,1, 0xD40C,60,
    0x18C5,37, 0x3147,1, 0xD40C,60, 0x18C5,41, 0x2906,1, 0x3126,1, 0x3946,1, 0x3967,1,
    0x6208,1, 0xD40C,52, 0x18C5,45, 0x4187,1, 0xD40C,44, 0xB36B,1, 0xD40C,7, 0x18C5,45,
    0x4987,1, 0xD40C,43, 0xB38C,1, 0x18C5,53, 0x49A7,1, 0xD40C,43, 0xAB6B,1, 0x18C5,53,
    0x51E8,1, 0xD40C,43, 0xA34B,1, 0x18C5,53, 0x59E8,1, 0xD40C,43, 0x9B0A,1, 0x18C5,53,
    0x6208,1, 0xD40C,43, 0x92EA,1, 0x18C5,53, 0x6A28,1, 0xD40C,43, 0x8ACA,1, 0x18C5,53,
    0x3126,1, 0x51C8,1, 0x59E8,1, 0x6208,1, 0x6A28,1, 0x7A69,1, 0xAB4B,1, 0xD40C,2,
    0x8ACA,1, 0x92EA,1, 0x930A,1, 0x9B0B,1, 0xA34B,1, 0xD40C,30, 0x8ACA,1, 0x18C5,57,
    0x3146,1, 0xD40C,4, 0x3126,1, 0x18C5,2, 0x49A7,1, 0xD40C,4, 0x18C5,7, 0x2906,1,
    0x3126,1, 0x3146,1, 0x3967,1, 0x4187,1, 0x7A69,1, 0xD40C,3, 0x6228,1, 0x6A28,1,
    0x7249,1, 0x7A89,1, 0x8AEA,1, 0xA34B,1, 0xD40C,1, 0xB36B,1, 0x9B0A,1, 0x9B2B,1,
    0xA34B,1, 0x6228,1, 0x18C5,58, 0xD40C,4, 0x7A89,1, 0x18C5,2, 0x3946,1, 0xD40C,4,
    0x18C5,11, 0x3126,1, 0xD40C,4, 0x3967,1, 0x18C5,2, 0x51E8,1, 0xD40C,3, 0xAB6B,1,
    0x18C5,62, 0x6A28,1, 0xD40C,4, 0x18C5,3, 0xD40C,4, 0x3967,1, 0x18C5,11, 0xA34B,1,
    0xD40C,3, 0x8ACA,1, 0x18C5,2, 0x2926,1, 0xD40C,4, 0x18C5,63, 0xD40C,4, 0x51E8,1,
    0x18C5,2, 0xA34B,1, 0xD40C,3, 0x6A28,1, 0x18C5,11, 0x51E8,1, 0xD40C,4, 0x18C5,3,
    0xD40C,4, 0x3967,1, 0x18C5,62, 0x92C9,1, 0xD40C,2, 0x6207,1, 0x18A4,1, 0x1083,2,
    0x7268,1, 0xD40C,3, 0x92C9,1, 0x1083,11, 0x10A4,1, 0xD40C,4, 0x51A6,1, 0x1083,2,
    0xD40C,4, 0x6A28,1, 0x18C5,62, 0x2905,1, 0x3125,1, 0x0863,5, 0x4986,1, 0xD40C,4,
    0x0863,12, 0x7A68,1, 0xD40C,2, 0x51A6,1, 0x10A3,1, 0x0863,2, 0x6A48,1, 0xD40C,3,
    0x8ACA,1, 0x18C5,62, 0x1083,1, 0x0863,6, 0x20C4,1, 0x92C9,1, 0x59E7,1, 0x20E4,1,
    0x0863,13, 0x18A4,1, 0x10A3,1, 0x0863,5, 0x4166,1, 0xD40C,3, 0x9B0A,1, 0x18C5,62,
    0x1084,1, 0x1083,30, 0x18A4,1, 0x6208,1, 0x4187,1, 0x18C5,134, 0x18C5,124, 0x2108,1,
    0x298C,1, 0x298B,1, 0x296A,1, 0x294A,1, 0x2149,1, 0x2128,1, 0x2108,1, 0x18E7,1,
    0x18C5,89, 0x31AC,1, 0x5318,14, 0x3A0F,1, 0x18C5,82, 0x31CD,1, 0x5318,14, 0x3A31,1,
    0x18C5,82, 0x31CE,1, 0x5318,14, 0x3A30,1, 0x18C5,78, 0x294A,1, 0x31EE,1, 0x31CD,1,
    0x31AD,1, 0x4252,1, 0x5318,10, 0x639A,4, 0x3A10,1, 0x18C5,78, 0x3A10,1, 0x5318,14,
    0xF79E,4, 0xA51C,1, 0x5318,1, 0x4A94,1, 0x4293,1, 0x298C,1, 0x18C5,74, 0x3A30,1,
    0x5318,14, 0xF79E,4, 0xA51C,1, 0x5318,3, 0x31EE,1, 0x18C5,74, 0x3A31,1, 0x5318,14,
    0xF79E,4, 0x639A,1, 0x5318,3, 0x31CE,1, 0x18C5,74, 0x4251,1, 0x5318,3, 0xA51C,4,
    0x639A,1, 0x5318,6, 0xF79E,4, 0x639A,1, 0x5318,3, 0x31AD,1, 0x18C5,74, 0x4272,1,
    0x5318,3, 0xF79E,4, 0x639A,1, 0x4216,2, 0x5318,12, 0x631A,1, 0x4252,1, 0x3A31,1,
    0x3A30,1, 0x2149,1, 0x18C5,70, 0x4273,1, 0x5318,3, 0xF79E,4, 0x6318,1, 0x4216,2,
    0x5318,16, 0x298C,1, 0x18C5,70, 0x31AC,1, 0x3A10,1, 0x3A30,1, 0x4251,1, 0xF79E,4,
    0x5318,1, 0x4216,2, 0x5318,16, 0x298B,1, 0x18C5,74, 0x7BF1,1, 0x8C52,1, 0x9493,1,
    0x9CD4,1, 0x3A32,1, 0x4216,2, 0x5318,8, 0x639A,1, 0x5318,7, 0x4252,1, 0x39EF,1,
    0x31EE,1, 0x2107,1, 0x18C5,75, 0x4216,3, 0x5318,8, 0xF79E,4, 0x639A,1, 0x5318,6,
    0x294A,1, 0x18C5,75, 0x4216,3, 0x5318,7, 0x639A,1, 0xF79E,4, 0x5318,7, 0x2149,1,
    0x18C5,71, 0x298B,2, 0x296B,1, 0x294A,1, 0x4216,3, 0x5318,7, 0x639A,1, 0xF79E,4,
    0x5318,7, 0x2128,1, 0x18C5,71, 0x5318,16, 0x639A,3, 0x5318,7, 0x3A0F,1, 0x31AD,1,
    0x31AC,1, 0x298C,1, 0x18C5,68, 0x5318,30, 0x1907,1, 0x18C5,67, 0x5318,30, 0x18C5,68,
    0x5318,30, 0x18C5,68, 0x5318,18, 0x639A,1, 0xF79E,3, 0xA51C,1, 0x5318,7, 0x298B,1,
    0x296A,1, 0x294A,1, 0x2149,1, 0x18C5,63, 0x18E7,1, 0x5318,18, 0xA51C,1, 0xF79E,4,
    0x5318,11, 0x18C5,63, 0x2107,1, 0x5318,18, 0xA51C,1, 0xF79E,4, 0x5318,11, 0x18C5,59,
    0x1907,1, 0x31EE,1, 0x31CE,1, 0x31CD,1, 0x31CE,1, 0x5318,3, 0x639A,1, 0xA51C,3,
    0x639A,1, 0x5318,10, 0xA51C,1, 0xF79E,4, 0x5318,11, 0x18C5,59, 0x2149,1, 0x5318,7,
    0xA51C,1, 0xF79E,3, 0xA51C,1, 0x5318,10, 0x639A,5, 0x5318,11, 0x2128,1, 0x2107,1,
    0x18E7,1, 0x18C5,56, 0x2949,1, 0x5318,7, 0xA51C,1, 0xF79E,3, 0xA51C,1, 0x5318,30,
    0x18C5,55, 0x296A,1, 0x5318,7, 0xA51C,1, 0xF79E,3, 0xA51C,1, 0x5318,29, 0x4AB4,1,
    0x18C5,55, 0x296B,1, 0x5318,7, 0xA51C,3, 0xF79E,1, 0xA51C,1, 0x5318,29, 0x4293,1,
    0x18C5,55, 0x318C,1, 0x5318,30, 0xA51C,4, 0x5318,7, 0x4273,1, 0x18C5,55, 0x31AC,1,
    0x5318,30, 0xA51C,1, 0xF79E,2, 0xA51C,1, 0x5318,7, 0x4272,1, 0x18C5,52, 0x18E6,1,
    0x18C6,2, 0x2149,1, 0x39EF,1, 0x3A10,1, 0x3A31,1, 0x4251,1, 0x4252,1, 0x4273,1,
    0x4293,1, 0x4A94,1, 0x5318,22, 0xA51C,1, 0xF79E,2, 0xA51C,1, 0x5318,7, 0x4251,1,
    0x18C5,51, 0x18E6,1, 0x210A,13, 0x2109,4, 0x2108,1, 0x20E8,1, 0x2108,1, 0x2109,2,
    0x2129,1, 0x2929,1, 0x294A,2, 0x294B,1, 0x296B,1, 0x298C,1, 0x318C,1, 0x31AD,1,
    0x31CE,1, 0x31EE,1, 0x3A0F,1, 0xF79E,3, 0xA51C,1, 0x4273,1, 0x4A94,1, 0x4AB4,1,
    0x5318,4, 0x3A30,1, 0x18C5,51, 0x18E7,1, 0x210A,41, 0x2109,5, 0x2108,1, 0x20E8,2,
    0x18C6,1, 0x18C5,47, 0x18E7,1, 0x210A,49, 0x18C6,1, 0x18C5,47, 0x18E7,1, 0x210A,49,
    0x18C6,1, 0x18C5,47, 0x20E7,1, 0x210A,49, 0x18C5,40, 0x4A51,1, 0x52D5,1, 0x52B4,2,
    0x4A93,2, 0x4A72,3, 0x4212,9, 0x318E,6, 0x210A,34, 0x18C5,40, 0x639A,11, 0x6318,1,
    0x639A,16, 0x631A,1, 0x6318,4, 0x5318,3, 0x4216,2, 0x4212,7, 0x318E,7, 0x210A,6,
    0x18C5,40, 0x639A,11, 0x6318,1, 0x639A,41, 0x6318,1, 0x639A,2, 0x6318,2, 0x5AF6,1,
    0x52D5,1, 0x52B4,1, 0x4A93,1, 0x4A72,1, 0x4251,1, 0x39EE,1, 0x18C5,33, 0x639A,53,
    0x6318,1, 0x639A,10, 0x5AF6,1, 0x18C5,36, 0x1907,1, 0x2107,1, 0x2128,2, 0x2129,1,
    0x2949,1, 0x294A,1, 0x296A,1, 0xD40C,6, 0xA51C,4, 0x6318,3, 0x639A,40, 0x52B5,1,
    0x18C5,44, 0xD40C,34, 0xA51C,4, 0x6318,3, 0x639A,1, 0x6318,1, 0x639A,10, 0x52B4,1,
    0x18C5,44, 0xD40C,44, 0x3126,1, 0x18C5,4, 0x18E7,1, 0x2128,1, 0x2129,1, 0x2949,1,
    0x2129,1, 0x18C5,44, 0xD40C,44, 0x2926,1, 0x18C5,53, 0xD40C,9, 0xF79E,1, 0x318E,1,
    0xD40C,33, 0x18C5,54, 0xD40C,10, 0x0000,3, 0xD40C,20, 0xF79E,1, 0x210A,2, 0x318E,1,
    0xD40C,7, 0x18C5,54, 0xD40C,9, 0x0000,4, 0xD40C,20, 0x4212,1, 0x0000,3, 0xD40C,7,
    0x18C5,53, 0x2906,1, 0xD40C,9, 0x0000,4, 0xD40C,20, 0x0000,4, 0xD40C,7, 0x18C5,45,
    0x3126,1, 0xD40C,17, 0x0000,4, 0xD40C,20, 0x0000,4, 0xD40C,7, 0x18C5,45, 0x3947,1,
    0xD40C,17, 0x0000,4, 0xD40C,20, 0x0000,4, 0xD40C,7, 0x4987,1, 0x4167,1, 0x3967,1,
    0x3146,1, 0x2926,1, 0x2906,1, 0x18C5,39, 0x3967,1, 0xD40C,17, 0x0000,4, 0xD40C,20,
    0x0000,4, 0xD40C,15, 0x18C5,37, 0x4187,1, 0xD40C,17, 0x0000,3, 0x210A,1, 0xD40C,20,
    0x0000,3, 0x210A,1, 0xD40C,15, 0x18C5,37, 0x49A7,1, 0xD40C,17, 0x210A,3, 0x318E,1,
    0xD40C,20, 0x0000,3, 0x210A,1, 0xD40C,14, 0xB36B,1, 0x18C5,37, 0x51C8,1, 0xD40C,42,
    0x318E,2, 0xD40C,15, 0xAB6B,1, 0x18C5,37, 0x59E8,1, 0xD40C,59, 0xA34B,1, 0x18C5,37,
    0x6208,1, 0xD40C,51, 0xB38B,1, 0xD40C,7, 0x9B0A,1, 0x18C5,41, 0x2926,1, 0x3146,1,
    0x3967,1, 0x4187,1, 0x82AA,1, 0xD40C,43, 0xAB6B,1, 0xD40C,7, 0x92EA,1, 0x18C5,45,
    0x6A49,1, 0xD40C,43, 0xA34B,1, 0xB36B,1, 0xD40C,6, 0x8ACA,1, 0x18C5,45, 0x7269,1,
    0xD40C,43, 0x8ACA,1, 0x18C5,53, 0x7A89,1, 0xD40C,43, 0x82A9,1, 0x18C5,53, 0x82A9,1,
    0xD40C,43, 0x7269,1, 0x18C5,53, 0x8AAA,1, 0xD40C,43, 0x7249,1, 0x18C5,53, 0x92EA,1,
    0xD40C,43, 0x6A29,1, 0x18C5,53, 0x930A,1, 0xD40C,43, 0x6208,1, 0x18C5,53, 0x3967,1,
    0x51C8,1, 0x5A08,1, 0x6208,1, 0x6A49,1, 0x8AEA,1, 0xAB6B,1, 0xD40C,1, 0xAB4B,1,
    0x8ACA,1, 0x92EA,1, 0x9B0A,1, 0xAB4B,1, 0xD40C,31, 0x59E8,1, 0x18C5,57, 0x6A49,1,
    0xD40C,3, 0xA32B,1, 0x18C5,3, 0x9B0A,1, 0xD40C,3, 0x6A28,1, 0x18C5,7, 0x2906,1,
    0x3126,1, 0x3147,1, 0x3967,1, 0x6208,1, 0x9B0A,1, 0xD40C,2, 0x930A,1, 0x6228,1,
    0x6A49,1, 0x7269,1, 0x8ACA,1, 0x9B2B,1, 0xAB4B,1, 0xB36B,1, 0x9B2B,1, 0x9B0A,1,
    0xA32B,1, 0xA34B,1, 0x4987,1, 0x18C5,57, 0x3946,1, 0xD40C,4, 0x18C5,3, 0x8ACA,1,
    0xD40C,3, 0x7269,1, 0x18C5,11, 0x6A28,1, 0xD40C,3, 0xAB6B,1, 0x18C5,3, 0x9B0A,1,
    0xD40C,3, 0x59E8,1, 0x18C5,62, 0xD40C,4, 0x49A7,1, 0x18C5,2, 0x82A9,1, 0xD40C,3,
    0x82A9,1, 0x18C5,11, 0x2926,1, 0xD40C,4, 0x18C5,3, 0x8ACA,1, 0xD40C,3, 0x6A28,1,
    0x18C5,62, 0x8ACA,1, 0xD40C,3, 0x82A9,1, 0x18C5,2, 0x7269,1, 0xD40C,3, 0x8ACA,1,
    0x18C5,12, 0xD40C,4, 0x51E8,1, 0x18C5,2, 0x82A9,1, 0xD40C,3, 0x7269,1, 0x18C5,62,
    0x51E8,1, 0xD40C,4, 0x1083,2, 0x6207,1, 0xD40C,3, 0x8AC9,1, 0x1083,12, 0x7A89,1,
    0xD40C,3, 0x8AC9,1, 0x1083,2, 0x7248,1, 0xD40C,3, 0x82A9,1, 0x18C5,62, 0x20E5,1,
    0xD40C,1, 0x92E9,1, 0x59E7,1, 0x28E4,1, 0x0863,2, 0x51C6,1, 0xD40C,4, 0x0863,12,
    0x4166,1, 0xD40C,4, 0x0863,2, 0x6207,1, 0xD40C,3, 0x8ACA,1, 0x18C5,63, 0x0863,6,
    0x4986,1, 0xD40C,4, 0x0863,12, 0x1083,1, 0x92C9,1, 0x61E7,1, 0x28E4,1, 0x0863,3,
    0x51C6,1, 0xD40C,3, 0x9B0A,1, 0x18C5,63, 0x1083,6, 0x18C4,1, 0x3945,1, 0x2905,1,
    0x20C4,1, 0x10A4,1, 0x1083,19, 0x4986,1, 0xD40C,3, 0xA34B,1, 0x18C5,94, 0x4187,1,
    0x3146,1, 0x2906,1, 0x18C5,39, 0x18C5,122, 0x298B,2, 0x296B,1, 0x296A,1, 0x2149,1,
    0x2129,1, 0x2128,1, 0x2107,1, 0x18C5,90, 0x5318,11, 0x6318,2, 0x5318,2, 0x18C5,83,
    0x5318,15, 0x18C5,83, 0x5318,15, 0x18C5,79, 0x31EE,1, 0x31CE,1, 0x31AD,2, 0x5318,10,
    0x639A,4, 0x5318,1, 0x18C5,78, 0x2107,1, 0x5318,14, 0x639A,1, 0xF79E,3, 0xE71E,1,
    0x5318,1, 0x4A94,1, 0x4293,1, 0x4252,1, 0x18C5,74, 0x2108,1, 0x5318,14, 0x639A,1,
    0xF79E,3, 0xE71E,1, 0x5318,3, 0x631A,1, 0x18C5,74, 0x2128,1, 0x5318,14, 0x639A,1,
    0xF79E,3, 0xE71E,1, 0x5318,3, 0x631A,1, 0x18C5,74, 0x2149,1, 0x5318,3, 0x639A,1,
    0xE71E,3, 0x639A,1, 0x5318,6, 0x639A,1, 0xF79E,3, 0xE71E,1, 0x5318,4, 0x18C5,74,
    0x2949,1, 0x5318,3, 0x639A,1, 0xF79E,3, 0xE71E,1, 0x4296,3, 0x5318,12, 0x4252,1,
    0x4251,1, 0x3A31,1, 0x31CE,1, 0x18C5,70, 0x296A,1, 0x5318,3, 0xE71E,1, 0xF79E,3,
    0xE71E,1, 0x4296,3, 0x5318,15, 0x4A94,1, 0x18C5,70, 0x2128,1, 0x3A10,1, 0x3A30,1,
    0x3A31,1, 0xE71E,1, 0xF79E,3, 0xE71E,1, 0x4296,3, 0x5318,15, 0x4293,1, 0x18C5,74,
    0x4A6B,1, 0x8432,1, 0x8C73,1, 0x94B3,1, 0x6330,1, 0x4296,3, 0x5318,7, 0x639A,1,
    0x5318,8, 0x3A0F,1, 0x39EF,1, 0x298B,1, 0x18C5,75, 0x214B,1, 0x4296,3, 0x5318,7,
    0xE71E,1, 0xF79E,3, 0x639A,1, 0x5318,6, 0x4252,1, 0x18C5,75, 0x296C,1, 0x4296,2,
    0x5318,8, 0xE71E,1, 0xF79E,3, 0x639A,1, 0x5318,6, 0x4251,1, 0x18C5,71, 0x2128,1,
    0x298C,1, 0x296B,1, 0x296A,1, 0x31CF,1, 0x4296,2, 0x5318,8, 0xE71E,1, 0xF79E,3,
    0x639A,1, 0x5318,6, 0x3A31,1, 0x18C5,71, 0x31CE,1, 0x5318,16, 0x639A,3, 0x5318,6,
    0x4A94,1, 0x31CD,1, 0x31AD,1, 0x298C,1, 0x2129,1, 0x18C5,67, 0x39EF,1, 0x5318,29,
    0x3A0F,1, 0x18C5,67, 0x3A0F,1, 0x5318,29, 0x39EF,1, 0x18C5,67, 0x3A30,1, 0x5318,29,
    0x31EE,1, 0x18C5,67, 0x3A31,1, 0x5318,18, 0xE71E,1, 0xF79E,1, 0xE71E,2, 0x639A,1,
    0x5318,6, 0x3A31,1, 0x296B,1, 0x294A,1, 0x2149,1, 0x18E7,1, 0x18C5,63, 0x4251,1,
    0x5318,18, 0xE71E,1, 0xF79E,3, 0x639A,1, 0x5318,10, 0x31AD,1, 0x18C5,63, 0x4252,1,
    0x5318,18, 0xF79E,4, 0x639A,1, 0x5318,10, 0x29AC,1, 0x18C5,59, 0x29AC,1, 0x31CE,1,
    0x31CD,1, 0x31AD,1, 0x5318,4, 0x639A,5, 0x5318,10, 0xF79E,4, 0x639A,1, 0x5318,10,
    0x298B,1, 0x18C5,59, 0x4A94,1, 0x5318,7, 0xF79E,4, 0x639A,1, 0x5318,10, 0x639A,5,
    0x5318,10, 0x31CD,1, 0x2108,1, 0x1907,1, 0x18C5,57, 0x4AB4,1, 0x5318,7, 0xF79E,4,
    0x639A,1, 0x5318,29, 0x296A,1, 0x18C5,55, 0x5318,7, 0x6318,1, 0xF79E,4, 0x5318,30,
    0x2949,1, 0x18C5,55, 0x6318,1, 0x5318,6, 0x639A,1, 0xE71E,4, 0x5318,30, 0x2128,1,
    0x18C5,55, 0x5318,30, 0x639A,1, 0xE71E,3, 0x5318,8, 0x2108,1, 0x18C5,55, 0x5318,30,
    0x639A,1, 0xF79E,3, 0x5318,8, 0x2107,1, 0x18C5,51, 0x18C6,4, 0x31CE,1, 0x3A0F,1,
    0x3A30,1, 0x4251,1, 0x4252,1, 0x4272,1, 0x4293,1, 0x4A94,1, 0x5318,22, 0x639A,1,
    0xF79E,3, 0x5318,8, 0x18C5,52, 0x2109,1, 0x210A,12, 0x2909,1, 0x2109,3, 0x2108,4,
    0x2109,1, 0x2129,2, 0x292A,1, 0x294A,2, 0x296B,2, 0x298C,1, 0x31AD,1, 0x31CD,1,
    0x31CE,1, 0x39EF,1, 0x5AF2,1, 0xF79E,3, 0x4273,1, 0x4A93,1, 0x4A94,1, 0x5318,5,
    0x18C5,52, 0x210A,42, 0x2109,4, 0x2108,1, 0x20E8,2, 0x18E7,1, 0x18C5,48, 0x210A,49,
    0x20E8,1, 0x18C5,48, 0x210A,49, 0x20E8,1, 0x18C5,48, 0x210A,49, 0x20E8,1, 0x18C5,39,
    0x296B,1, 0x52D5,1, 0x52B4,2, 0x4A94,1, 0x4A93,1, 0x4A73,1, 0x4A72,1, 0x4A52,1,
    0x4296,3, 0x4216,7, 0x210A,39, 0x20E8,1, 0x18C5,39, 0x39CD,1, 0x639A,28, 0x6318,4,
    0x5318,2, 0x4296,5, 0x4216,6, 0x210A,12, 0x20E8,1, 0x18C5,39, 0x39EE,1, 0x639A,52,
    0x6318,1, 0x639A,2, 0x631A,1, 0x6318,1, 0x639A,1, 0x52D5,1, 0x52B4,1, 0x4A94,1,
    0x4A73,1, 0x4252,1, 0x4251,1, 0x2128,1, 0x18C5,32, 0x39EF,1, 0x639A,52, 0x6318,1,
    0x639A,11, 0x296A,1, 0x18C5,35, 0x18E7,1, 0x2107,1, 0x2108,1, 0x2128,1, 0x2129,1,
    0x2949,2, 0x296A,1, 0x626C,1, 0xD40C,7, 0x6318,6, 0x639A,40, 0x2129,1, 0x18C5,43,
    0x6A49,1, 0xD40C,35, 0x6318,7, 0x639A,11, 0x2128,1, 0x18C5,43, 0x7269,1, 0xD40C,43,
    0x8ACA,1, 0x18C5,5, 0x2107,1, 0x2128,1, 0x2949,1, 0x296A,1, 0x18C5,44, 0x7A89,1,
    0xD40C,43, 0x82A9,1, 0x18C5,53, 0x82AA,1, 0xD40C,11, 0x7206,2, 0xD40C,30, 0x7269,1,
    0x18C5,53, 0x8ACA,1, 0xD40C,10, 0x7206,1, 0x0000,2, 0x7206,1, 0xD40C,21, 0x7206,3,
    0xD40C,5, 0x7249,1, 0x18C5,53, 0x92EA,1, 0xD40C,9, 0x7206,1, 0x0000,3, 0x7206,1,
    0xD40C,20, 0x7206,1, 0x0000,2, 0x7206,1, 0xD40C,5, 0x6A29,1, 0x18C5,53, 0x9B0A,1,
    0xD40C,9, 0x7206,1, 0x0000,3, 0x7206,1, 0xD40C,19, 0x7206,1, 0x0000,3, 0x7206,1,
    0xD40C,5, 0x6208,1, 0x18C5,45, 0xA32B,1, 0xD40C,6, 0xB36B,1, 0xD40C,10, 0x7206,1,
    0x0000,3, 0x7206,1, 0xD40C,19, 0x7206,1, 0x0000,3, 0x7206,1, 0xD40C,5, 0x59E8,1,
    0x18C5,45, 0xA34B,1, 0xD40C,17, 0x7206,1, 0x0000,3, 0x7206,1, 0xD40C,19, 0x7206,1,
    0x0000,3, 0x7206,1, 0xD40C,5, 0x6A49,1, 0x4187,1, 0x3967,1, 0x3146,1, 0x3126,1,
    0x2906,1, 0x18C5,40, 0xAB6B,1, 0xD40C,17, 0x7206,1, 0x0000,3, 0x7206,1, 0xD40C,19,
    0x7206,1, 0x0000,3, 0x7206,1, 0xD40C,13, 0x51C8,1, 0x18C5,37, 0xB38C,1, 0xD40C,17,
    0x7206,1, 0x0000,3, 0x7206,1, 0xD40C,19, 0x7206,1, 0x0000,3, 0x7206,1, 0xD40C,13,
    0x49A7,1, 0x18C5,37, 0xD40C,19, 0x7206,3, 0xD40C,20, 0x7206,1, 0x0000,3, 0x7206,1,
    0xD40C,13, 0x4187,1, 0x18C5,37, 0xD40C,43, 0x7206,3, 0xD40C,14, 0x3967,1, 0x18C5,37,
    0xD40C,60, 0x3946,1, 0x18C5,37, 0xD40C,60, 0x2926,1, 0x18C5,40, 0x2906,1, 0x3126,1,
    0x3146,1, 0x3967,1, 0x4187,1, 0xD40C,52, 0x18C5,46, 0xD40C,44, 0xAB4B,1, 0xD40C,7,
    0x18C5,46, 0xD40C,44, 0x18C5,54, 0xD40C,44, 0x18C5,53, 0x2926,1, 0xD40C,44, 0x18C5,53,
    0x3146,1, 0xD40C,44, 0x18C5,53, 0x3967,1, 0xD40C,44, 0x18C5,53, 0x4167,1, 0xD40C,44,
    0x18C5,54, 0x51C8,1, 0x59E8,1, 0x6208,1, 0x6A49,1, 0x92EA,1, 0xA34B,1, 0xD40C,2,
    0x8ACA,1, 0x8AEA,1, 0x92EA,1, 0xA32B,1, 0xB36B,1, 0xD40C,30, 0xB38C,1, 0x18C5,57,
    0x3126,1, 0xD40C,4, 0x18C5,3, 0x4187,1, 0xD40C,3, 0xB36B,1, 0x18C5,7, 0x2106,1,
    0x2926,1, 0x3146,1, 0x3967,1, 0x51C8,1, 0xA32B,1, 0xD40C,3, 0x6208,1, 0x6A28,1,
    0x7249,1, 0x82AA,1, 0xAB6B,1, 0xB36B,1, 0xD40C,1, 0xAB6B,1, 0x930A,1, 0x9B2B,1,
    0xA34B,1, 0x82AA,1, 0x18C5,58, 0xD40C,4, 0x18C5,3, 0x3967,1, 0xD40C,4, 0x18C5,11,
    0x3126,1, 0xD40C,4, 0x18C5,3, 0x49A7,1, 0xD40C,3, 0xAB6B,1, 0x18C5,62, 0xD40C,4,
    0x3967,1, 0x18C5,2, 0x3967,1, 0xD40C,4, 0x18C5,12, 0xD40C,4, 0x18C5,3, 0x4187,1,
    0xD40C,3, 0xB36B,1, 0x18C5,62, 0xA34B,1, 0xD40C,3, 0x51E8,1, 0x18C5,2, 0x3967,1,
    0xD40C,4, 0x18C5,12, 0xD40C,4, 0x3967,1, 0x18C5,2, 0x3967,1, 0xD40C,4, 0x18C5,62,
    0x8ACA,1, 0xD40C,3, 0x6A28,1, 0x1083,2, 0x3105,1, 0xD40C,4, 0x1083,12, 0xD40C,4,
    0x51A6,1, 0x1083,2, 0x3945,1, 0xD40C,4, 0x18C5,62, 0x6A49,1, 0xD40C,3, 0x8289,1,
    0x0863,2, 0x28E4,1, 0xD40C,4, 0x0863,12, 0x8289,1, 0xD40C,3, 0x6A27,1, 0x0863,2,
    0x3125,1, 0xD40C,4, 0x18C5,62, 0x49A7,1, 0x92EA,1, 0x7A68,1, 0x61E7,1, 0x3125,1,
    0x0863,2, 0x28E4,1, 0xD40C,4, 0x0863,12, 0x6A27,1, 0xD40C,3, 0x8289,1, 0x0863,2,
    0x3105,1, 0xD40C,4, 0x18C5,63, 0x10A4,1, 0x1083,5, 0x18C4,1, 0x7268,3, 0x6A28,1,
    0x1083,12, 0x3125,1, 0x6207,1, 0x4986,1, 0x3105,1, 0x10A4,1, 0x1083,2, 0x2905,1,
    0xD40C,4, 0x18C5,94, 0x49A7,3, 0x4187,1, 0x18C5,41, 0x18C5,120, 0x18E7,1, 0x298C,1,
    0x298B,1, 0x296A,1, 0x294A,1, 0x2149,1, 0x2128,1, 0x2108,1, 0x1907,1, 0x18C5,89,
    0x294A,1, 0x5318,11, 0x6318,2, 0x5318,1, 0x4252,1, 0x18C5,82, 0x296B,1, 0x5318,14,
    0x4A93,1, 0x18C5,82, 0x298B,1, 0x5318,14, 0x4273,1, 0x18C5,78, 0x2129,1, 0x31CE,1,
    0x31CD,1, 0x31AD,1, 0x3A30,1, 0x5318,10, 0x639A,4, 0x4252,1, 0x18C5,78, 0x31AC,1,
    0x5318,14, 0xE71E,1, 0xF79E,3, 0xE71E,1, 0x5318,1, 0x4A94,1, 0x4293,1, 0x31CE,1,
    0x18C5,74, 0x31CD,1, 0x5318,14, 0xE71E,1, 0xF79E,3, 0x639A,1, 0x5318,3, 0x3A31,1,
    0x18C5,74, 0x31EE,1, 0x5318,14, 0xE71E,1, 0xF79E,3, 0x639A,1, 0x5318,3, 0x3A30,1,
    0x18C5,74, 0x3A0F,1, 0x5318,3, 0x639A,1, 0xE71E,3, 0x639A,1, 0x5318,6, 0xE71E,1,
    0xF79E,3, 0x639A,1, 0x5318,3, 0x3A0F,1, 0x18C5,74, 0x3A10,1, 0x5318,3, 0xE71E,1,
    0xF79E,3, 0x639A,1, 0x4216,2, 0x5318,13, 0x4252,1, 0x3A31,1, 0x3A30,1, 0x296A,1,
    0x18C5,70, 0x3A30,1, 0x5318,3, 0xE71E,1, 0xF79E,3, 0x639A,1, 0x4216,2, 0x5318,16,
    0x31CE,1, 0x18C5,70, 0x298B,1, 0x3A10,1, 0x3A30,1, 0x4251,1, 0xE71E,1, 0xF79E,3,
    0x639A,1, 0x4216,2, 0x5318,16, 0x31CD,1, 0x18C5,74, 0x738F,1, 0x8C52,1, 0x9493,1,
    0x9CD4,1, 0x4271,1, 0x4216,2, 0x5318,8, 0x639A,1, 0x5318,7, 0x4293,1, 0x3A0F,1,
    0x31EE,1, 0x2129,1, 0x18C5,75, 0x31D0,1, 0x4216,2, 0x5318,8, 0xE71E,1, 0xF79E,3,
    0x639A,1, 0x5318,6, 0x29AC,1, 0x18C5,75, 0x31F1,1, 0x4216,2, 0x5318,8, 0xF79E,4,
    0x639A,1, 0x5318,6, 0x298B,1, 0x18C5,71, 0x296A,1, 0x298B,1, 0x296B,1, 0x294A,1,
    0x3A33,1, 0x4216,2, 0x5318,8, 0xF79E,4, 0x639A,1, 0x5318,6, 0x296B,1, 0x18C5,71,
    0x4A94,1, 0x5318,15, 0x6318,1, 0x639A,2, 0x6318,1, 0x5318,6, 0x3A30,1, 0x31CD,1,
    0x31AC,1, 0x298C,1, 0x1907,1, 0x18C5,67, 0x5318,30, 0x2149,1, 0x18C5,67, 0x5318,30,
    0x2149,1, 0x18C5,67, 0x5318,30, 0x2128,1, 0x18C5,67, 0x6318,1, 0x5318,17, 0x639A,1,
    0xF79E,1, 0xE71E,3, 0x5318,7, 0x31AD,1, 0x296A,1, 0x294A,1, 0x2149,1, 0x18C5,64,
    0x6318,1, 0x5318,17, 0x639A,1, 0xF79E,4, 0x5318,11, 0x18E7,1, 0x18C5,63, 0x5318,18,
    0x639A,1, 0xF79E,3, 0xE71E,1, 0x5318,11, 0x18C5,60, 0x31EE,1, 0x31CE,1, 0x31CD,1,
    0x31AD,1, 0x5318,3, 0x639A,5, 0x5318,10, 0x639A,1, 0xF79E,3, 0xE71E,1, 0x5318,11,
    0x18C5,60, 0x5318,7, 0x639A,1, 0xF79E,3, 0xE71E,1, 0x5318,10, 0x639A,5, 0x5318,11,
    0x2128,1, 0x2108,1, 0x1907,1, 0x18C5,56, 0x2107,1, 0x5318,7, 0x639A,1, 0xF79E,3,
    0xE71E,1, 0x5318,30, 0x18C5,55, 0x2108,1, 0x5318,7, 0x639A,1, 0xF79E,3, 0xE71E,1,
    0x5318,30, 0x18C5,55, 0x2128,1, 0x5318,7, 0x639A,1, 0xE71E,4, 0x5318,30, 0x18C5,55,
    0x2149,1, 0x5318,30, 0x639A,1, 0xE71E,2, 0x639A,1, 0x5318,7, 0x6318,1, 0x18C5,55,
    0x2949,1, 0x5318,30, 0x639A,1, 0xF79E,2, 0xE71E,1, 0x5318,7, 0x4AB4,1, 0x18C5,52,
    0x18E6,1, 0x18C6,2, 0x2108,1, 0x39EF,1, 0x3A10,1, 0x3A31,1, 0x4251,1, 0x4252,1,
    0x4273,1, 0x4293,1, 0x4A94,1, 0x6318,2, 0x5318,20, 0xE71E,1, 0xF79E,2, 0xE71E,1,
    0x5318,7, 0x4A94,1, 0x18C5,51, 0x18C6,1, 0x210A,13, 0x2109,4, 0x2108,1, 0x20E8,1,
    0x2108,1, 0x2109,2, 0x2129,2, 0x212A,1, 0x294A,1, 0x294B,1, 0x296B,1, 0x296C,1,
    0x318C,1, 0x31AD,1, 0x31AE,1, 0x31EE,1, 0x39EF,1, 0x94D7,1, 0xF79E,2, 0xE71E,1,
    0x4273,1, 0x4A94,1, 0x4AB4,1, 0x5318,4, 0x4273,1, 0x18C5,51, 0x18C6,1, 0x210A,41,
    0x2909,1, 0x2109,3, 0x2108,3, 0x20E8,1, 0x18C6,1, 0x18C5,47, 0x18C6,1, 0x210A,49,
    0x18E7,1, 0x18C5,47, 0x18E6,1, 0x210A,49, 0x18E6,1, 0x18C5,47, 0x18E7,1, 0x210A,49,
    0x18E6,1, 0x18C5,39, 0x3A0F,1, 0x52B5,1, 0x52B4,2, 0x4A93,2, 0x4A72,2, 0x4A52,1,
    0x4212,9, 0x318E,6, 0x210A,34, 0x18C6,1, 0x18C5,39, 0x4A93,1, 0x639A,10, 0x6318,1,
    0x639A,17, 0x6318,4, 0x5318,3, 0x4216,2, 0x4212,7, 0x318E,7, 0x210A,6, 0x18C6,1,
    0x18C5,39, 0x52B5,1, 0x639A,10, 0x6398,1, 0x639A,41, 0x6318,1, 0x639A,2, 0x6318,2,
    0x639A,1, 0x52D5,1, 0x52B4,1, 0x4A93,1, 0x4A72,1, 0x4251,1, 0x4210,1, 0x18C5,33,
    0x52D5,1, 0x639A,10, 0x6398,1, 0x639A,41, 0x6318,1, 0x639A,11, 0x18C5,36, 0x2107,2,
    0x2108,1, 0x2128,1, 0x2129,1, 0x2949,1, 0x294A,1, 0x296A,1, 0x934E,1, 0xD40C,6,
    0x6398,10, 0x639A,25, 0x6398,1, 0x639A,11, 0x18C5,44, 0xAB4B,1, 0xD40C,34, 0x6398,9,
    0x639A,10, 0x18C5,44, 0xB36B,1, 0xD40C,43, 0x49A7,1, 0x18C5,5, 0x2108,1, 0x2129,1,
    0x2949,2, 0x18C5,44, 0xD40C,44, 0x4187,1, 0x18C5,53, 0xD40C,44, 0x3967,1, 0x18C5,53,
    0xD40C,14, 0xE71E,1, 0x210A,1, 0x0000,2, 0xD40C,26, 0x3947,1, 0x18C5,53, 0xD40C,14,
    0x0000,4, 0xD40C,21, 0x0000,3, 0xD40C,2, 0x2926,1, 0x18C5,53, 0xD40C,14, 0x0000,4,
    0xD40C,20, 0x0000,4, 0xD40C,2, 0x18C5,46, 0xD40C,7, 0xB36B,1, 0xD40C,14, 0x0000,4,
    0xD40C,20, 0x0000,4, 0xD40C,2, 0x18C5,46, 0xD40C,22, 0x0000,4, 0xD40C,20, 0x0000,4,
    0xD40C,2, 0x4187,2, 0x3967,1, 0x3146,1, 0x3126,1, 0x2906,1, 0x18C5,40, 0xD40C,22,
    0x0000,4, 0xD40C,20, 0x0000,4, 0xD40C,10, 0x18C5,37, 0x2926,1, 0xD40C,22, 0x0000,4,
    0xD40C,20, 0x0000,4, 0xD40C,10, 0x18C5,37, 0x3126,1, 0xD40C,22, 0x210A,1, 0x0000,3,
    0xD40C,20, 0x0000,4, 0xD40C,10, 0x18C5,37, 0x3947,1, 0xD40C,46, 0x210A,4, 0xD40C,10,
    0x18C5,37, 0x4187,1, 0xD40C,60, 0x18C5,37, 0x49A7,1, 0xD40C,60, 0x18C5,41, 0x2926,1,
    0x3146,1, 0x3947,1, 0x4167,1, 0x6A49,1, 0xD40C,51, 0xB36B,1, 0x18C5,45, 0x51C8,1,
    0xD40C,43, 0xB36B,2, 0xD40C,6, 0xAB4B,1, 0x18C5,45, 0x59E8,1, 0xD40C,43, 0xA32B,1,
    0x18C5,53, 0x6208,1, 0xD40C,43, 0x9B0A,1, 0x18C5,53, 0x6A28,1, 0xD40C,43, 0x92EA,1,
    0x18C5,53, 0x6A49,1, 0xD40C,43, 0x8ACA,1, 0x18C5,53, 0x7269,1, 0xD40C,43, 0x82A9,1,
    0x18C5,53, 0x7A89,1, 0xD40C,43, 0x7A89,1, 0x18C5,53, 0x3146,1, 0x51C8,1, 0x59E8,1,
    0x6208,1, 0x8ACA,1, 0xA34B,1, 0xAB4B,1, 0xAB6B,1, 0x930A,1, 0x8ACA,1, 0x92EA,1,
    0x930A,1, 0x9B2B,1, 0xAB6B,1, 0xD40C,30, 0x7269,1, 0x18C5,57, 0x8ACA,1, 0xD40C,3,
    0x6A49,1, 0x18C5,3, 0x6A49,1, 0xD40C,3, 0x8ACA,1, 0x18C5,7, 0x2906,1, 0x3126,1,
    0x3146,1, 0x3967,1, 0x82A9,1, 0xD40C,3, 0x8ACA,1, 0x6228,1, 0x6A49,1, 0x7249,1,
    0x7A89,1, 0x92EA,1, 0xA34B,1, 0xD40C,1, 0xAB6B,1, 0x9B0A,1, 0x9B2B,1, 0xA34B,1,
    0x59E8,1, 0x18C5,57, 0x8ACA,1, 0xD40C,3, 0x6A49,1, 0x18C5,3, 0x51C8,1, 0xD40C,3,
    0xAB6B,1, 0x18C5,11, 0x8ACA,1, 0xD40C,3, 0x6A49,1, 0x18C5,3, 0x6A49,1, 0xD40C,3,
    0x92EA,1, 0x18C5,61, 0x8ACA,1, 0xD40C,3, 0x6A28,1, 0x18C5,3, 0x2926,1, 0xD40C,4,
    0x18C5,11, 0x8ACA,1, 0xD40C,3, 0x6A28,1, 0x18C5,3, 0x51C8,1, 0xD40C,3, 0xB36B,1,
    0x18C5,61, 0x92EA,1, 0xD40C,3, 0x6208,1, 0x18C5,4, 0xD40C,4, 0x2926,1, 0x18C5,10,
    0x92EA,1, 0xD40C,3, 0x6208,1, 0x18C5,3, 0x3126,1, 0xD40C,4, 0x18C5,61, 0x92EA,1,
    0xD40C,3, 0x59E7,1, 0x1083,4, 0xD40C,4, 0x4166,1, 0x1083,10, 0x92C9,1, 0xD40C,3,
    0x59E7,1, 0x1083,3, 0x1084,1, 0xD40C,4, 0x3126,1, 0x18C5,60, 0x9B0A,1, 0xD40C,3,
    0x59E7,1, 0x0863,4, 0x8AA9,1, 0xD40C,3, 0x6207,1, 0x0863,10, 0x92C9,1, 0xD40C,3,
    0x59E7,1, 0x0863,4, 0xD40C,4, 0x51C8,1, 0x18C5,60, 0xA32B,1, 0xD40C,3, 0x51C6,1,
    0x0863,4, 0x51C6,1, 0x92E9,1, 0x7A68,1, 0x59E7,1, 0x2905,1, 0x0863,10, 0xD40C,4,
    0x51C6,1, 0x0863,4, 0x92C9,1, 0xD40C,3, 0x7269,1, 0x18C5,60, 0x3967,1, 0x59E8,1,
    0x61E7,1, 0x6A28,1, 0x3105,1, 0x1083,19, 0xD40C,4, 0x51A6,1, 0x1083,4, 0x59E7,1,
    0x8ACA,1, 0x6228,1, 0x4187,1, 0x18C5,85, 0x3967,1, 0x49A7,3, 0x2906,1, 0x18C5,50,
    0x18C5,120, 0x2108,1, 0x298C,1, 0x298B,1, 0x296A,1, 0x294A,1, 0x2149,1, 0x2128,1,
    0x2108,1, 0x18E7,1, 0x18C5,89, 0x31AC,1, 0x5318,11, 0x6318,2, 0x5318,1, 0x3A10,1,
    0x18C5,82, 0x31AD,1, 0x5318,14, 0x4251,1, 0x18C5,82, 0x31CE,1, 0x5318,14, 0x3A30,1,
    0x18C5,78, 0x294A,1, 0x31EE,1, 0x31CD,1, 0x31AD,1, 0x4252,1, 0x5318,10, 0x639A,4,
    0x3A10,1, 0x18C5,78, 0x3A0F,1, 0x5318,14, 0xC61C,1, 0xF79E,3, 0x639A,1, 0x5318,1,
    0x4A94,1, 0x4293,1, 0x29AC,1, 0x18C5,74, 0x3A10,1, 0x5318,14, 0xC61C,1, 0xF79E,3,
    0x639A,1, 0x5318,3, 0x31EF,1, 0x18C5,74, 0x3A30,1, 0x5318,14, 0xF79E,4, 0x639A,1,
    0x5318,3, 0x31CE,1, 0x18C5,74, 0x3A31,1, 0x5318,3, 0xC61C,4, 0x639A,1, 0x5318,6,
    0xC61C,1, 0xF79E,3, 0x639A,1, 0x5318,3, 0x31CD,1, 0x18C5,74, 0x4272,1, 0x5318,3,
    0xF79E,4, 0x6398,1, 0x4216,2, 0x5318,13, 0x4252,1, 0x4251,1, 0x3A30,1, 0x2149,1,
    0x18C5,70, 0x4273,1, 0x5318,3, 0xF79E,4, 0x6398,1, 0x4216,2, 0x5318,16, 0x29AC,1,
    0x18C5,70, 0x31AC,1, 0x3A10,1, 0x3A30,1, 0x4251,1, 0xF79E,4, 0x6318,1, 0x4216,2,
    0x5318,16, 0x298B,1, 0x18C5,74, 0x7BD0,1, 0x8C52,1, 0x9493,1, 0x9CD4,1, 0x3A32,1,
    0x4216,2, 0x5318,8, 0x639A,1, 0x5318,7, 0x4252,1, 0x39EF,1, 0x31EE,1, 0x2108,1,
    0x18C5,75, 0x3A12,1, 0x4216,2, 0x5318,8, 0xF79E,4, 0x639A,1, 0x5318,6, 0x294A,1,
    0x18C5,75, 0x4216,3, 0x5318,7, 0x6318,1, 0xF79E,4, 0x5318,7, 0x2149,1, 0x18C5,71,
    0x296B,1, 0x298B,1, 0x296B,1, 0x294A,1, 0x5318,1, 0x4216,2, 0x5318,7, 0x639A,1,
    0xF79E,4, 0x5318,7, 0x2129,1, 0x18C5,71, 0x5318,16, 0x639A,3, 0x5318,7, 0x3A0F,1,
    0x31AD,1, 0x31AC,1, 0x298C,1, 0x18C5,68, 0x5318,30, 0x2107,1, 0x18C5,67, 0x5318,30,
    0x18E6,1, 0x18C5,67, 0x5318,30, 0x18C5,68, 0x5318,18, 0x639A,1, 0xF79E,3, 0xC61C,1,
    0x5318,6, 0x631A,1, 0x298B,1, 0x296A,1, 0x294A,1, 0x2149,1, 0x18C5,64, 0x5318,18,
    0x639A,1, 0xF79E,4, 0x5318,11, 0x18C5,63, 0x1907,1, 0x5318,18, 0x639A,1, 0xF79E,3,
    0xC61C,1, 0x5318,11, 0x18C5,59, 0x1907,1, 0x31EF,1, 0x31CE,1, 0x31CD,1, 0x31EE,1,
    0x5318,3, 0x639A,1, 0xC61C,2, 0x639A,2, 0x5318,10, 0x639A,1, 0xF79E,3, 0xC61C,1,
    0x5318,11, 0x18C5,59, 0x2149,1, 0x5318,7, 0xC61C,1, 0xF79E,3, 0xC61C,1, 0x5318,10,
    0x639A,5, 0x5318,11, 0x2128,1, 0x2107,1, 0x18E7,1, 0x18C5,56, 0x2949,1, 0x5318,7,
    0xC61C,1, 0xF79E,3, 0xC61C,1, 0x5318,30, 0x18C5,55, 0x296A,1, 0x5318,7, 0xC61C,1,
    0xF79E,3, 0xC61C,1, 0x5318,29, 0x4AB4,1, 0x18C5,55, 0x296B,1, 0x5318,7, 0x639A,1,
    0xC61C,4, 0x5318,29, 0x4A94,1, 0x18C5,55, 0x298B,1, 0x5318,30, 0x639A,1, 0xC61C,2,
    0x639A,1, 0x5318,7, 0x4293,1, 0x18C5,55, 0x318C,1, 0x5318,30, 0xC61C,1, 0xF79E,2,
    0xC61C,1, 0x5318,7, 0x4273,1, 0x18C5,52, 0x18E6,1, 0x18C6,2, 0x2129,1, 0x39EF,1,
    0x3A10,1, 0x3A31,1, 0x4251,1, 0x4252,1, 0x4273,1, 0x4293,1, 0x4A94,1, 0x5318,22,
    0xC61C,1, 0xF79E,2, 0xC61C,1, 0x5318,7, 0x4272,1, 0x18C5,51, 0x18E6,1, 0x210A,13,
    0x2109,4, 0x2108,1, 0x20E8,1, 0x2108,1, 0x2109,2, 0x2129,1, 0x2929,1, 0x294A,2,
    0x294B,1, 0x296B,1, 0x298C,1, 0x318C,1, 0x31AD,1, 0x31CE,1, 0x31EE,1, 0x3A0F,1,
    0xC61C,1, 0xF79E,2, 0xC61C,1, 0x4273,1, 0x4A94,1, 0x4AB4,1, 0x5318,2, 0x631A,2,
    0x3A30,1, 0x18C5,51, 0x18E7,1, 0x210A,41, 0x2109,5, 0x2108,1, 0x20E8,2, 0x18C6,1,
    0x18C5,47, 0x18E7,1, 0x210A,49, 0x18C6,1, 0x18C5,47, 0x18E7,1, 0x210A,49, 0x18C6,1,
    0x18C5,47, 0x18E7,1, 0x210A,49, 0x18C6,1, 0x18C5,39, 0x4251,1, 0x52D5,1, 0x52B4,2,
    0x4A93,2, 0x4A72,3, 0x4212,12, 0x210A,37, 0x18C5,40, 0x5AF6,1, 0x639A,10, 0x6318,1,
    0x639A,16, 0x631A,1, 0x6318,4, 0x5318,3, 0x4216,2, 0x4212,11, 0x210A,9, 0x18C5,40,
    0x639A,11, 0x6398,1, 0x639A,41, 0x6318,1, 0x639A,2, 0x6318,2, 0x5AF6,1, 0x52D5,1,
    0x52B4,1, 0x4A93,1, 0x4A72,1, 0x4251,1, 0x39EE,1, 0x18C5,33, 0x639A,11, 0x6398,1,
    0x639A,41, 0x6318,1, 0x639A,10, 0x5AF6,1, 0x18C5,36, 0x1907,1, 0x2107,1, 0x2128,2,
    0x2129,1, 0x2949,1, 0x294A,1, 0x296A,1, 0xD40C,7, 0x6398,10, 0x639A,25, 0x6398,1,
    0x639A,10, 0x52D5,1, 0x18C5,44, 0xD40C,35, 0x6398,9, 0x639A,9, 0x52B4,1, 0x18C5,44,
    0xD40C,44, 0x3126,1, 0x18C5,4, 0x18E7,1, 0x2128,1, 0x2129,1, 0x2949,1, 0x2129,1,
    0x18C5,44, 0xD40C,44, 0x2926,1, 0x18C5,53, 0xD40C,44, 0x18C5,54, 0xD40C,16, 0xC61C,1,
    0x0000,3, 0xD40C,20, 0xC61C,1, 0xD40C,3, 0x18C5,54, 0xD40C,16, 0x0000,4, 0xD40C,20,
    0xC61C,1, 0x0000,3, 0x18C5,53, 0x2106,1, 0xD40C,16, 0x0000,4, 0xD40C,20, 0x0000,4,
    0x18C5,45, 0x2926,1, 0xD40C,24, 0x0000,4, 0xD40C,20, 0x0000,4, 0x18C5,45, 0x3947,1,
    0xD40C,24, 0x0000,4, 0xD40C,20, 0x0000,4, 0x4987,1, 0x4167,1, 0x3967,1, 0x3146,1,
    0x2926,1, 0x2906,1, 0x18C5,39, 0x3967,1, 0xD40C,24, 0x0000,4, 0xD40C,20, 0x0000,3,
    0x210A,1, 0xD40C,8, 0x18C5,37, 0x4187,1, 0xD40C,24, 0x0000,4, 0xD40C,20, 0x0000,3,
    0x210A,1, 0xD40C,8, 0x18C5,37, 0x49A7,1, 0xD40C,24, 0x210A,1, 0x0000,2, 0x210A,1,
    0xD40C,20, 0x0000,3, 0x210A,1, 0xD40C,7, 0xB36B,1, 0x18C5,37, 0x51C8,1, 0xD40C,48,
    0x210A,4, 0xD40C,7, 0xAB6B,1, 0x18C5,37, 0x51E8,1, 0xD40C,59, 0xA34B,1, 0x18C5,37,
    0x59E8,1, 0xD40C,51, 0xAB6B,1, 0xD40C,7, 0xA32B,1, 0x18C5,41, 0x2926,1, 0x3146,1,
    0x3967,1, 0x4187,1, 0x82A9,1, 0xD40C,43, 0xAB6B,1, 0xD40C,7, 0x9B0A,1, 0x18C5,45,
    0x6A48,1, 0xD40C,43, 0xA32B,1, 0xB36B,1, 0xD40C,6, 0x92EA,1, 0x18C5,45, 0x7249,1,
    0xD40C,43, 0x8ACA,1, 0x18C5,53, 0x7A69,1, 0xD40C,43, 0x82A9,1, 0x18C5,53, 0x8289,1,
    0xD40C,43, 0x7A89,1, 0x18C5,53, 0x82AA,1, 0xD40C,43, 0x7269,1, 0x18C5,53, 0x8ACA,1,
    0xD40C,43, 0x7249,1, 0x18C5,53, 0x92EA,1, 0xD40C,43, 0x6A29,1, 0x18C5,53, 0x3967,1,
    0x51C8,1, 0x5A08,1, 0x6208,1, 0x7A89,1, 0x9B0B,1, 0xAB6B,1, 0xD40C,1, 0x9B0B,1,
    0x8ACA,1, 0x92EA,1, 0x9B0A,1, 0x9B2B,1, 0xAB4B,1, 0xD40C,30, 0x59E8,1, 0x18C5,57,
    0x8ACA,1, 0xD40C,3, 0x6A49,1, 0x18C5,3, 0x6208,1, 0xD40C,3, 0xA32B,1, 0x18C5,7,
    0x2906,1, 0x3126,1, 0x3147,1, 0x3967,1, 0x7A89,1, 0xAB4B,1, 0xD40C,2, 0x8ACA,1,
    0x6228,1, 0x6A49,1, 0x7269,1, 0x7A69,1, 0x8ACA,1, 0xAB4B,1, 0xD40C,1, 0xB36B,1,
    0x9B0A,1, 0xA32B,1, 0xA34B,1, 0x4987,1, 0x18C5,57, 0x7269,1, 0xD40C,3, 0x82A9,1,
    0x18C5,3, 0x3946,1, 0xD40C,4, 0x18C5,11, 0x8ACA,1, 0xD40C,3, 0x7269,1, 0x18C5,3,
    0x6208,1, 0xD40C,3, 0xA32B,1, 0x18C5,61, 0x6208,1, 0xD40C,3, 0x92EA,1, 0x18C5,4,
    0xD40C,4, 0x59E8,1, 0x18C5,10, 0x7269,1, 0xD40C,3, 0x8ACA,1, 0x18C5,3, 0x3946,1,
    0xD40C,4, 0x18C5,61, 0x51C8,1, 0xD40C,3, 0xAB6B,1, 0x18C5,4, 0x82A9,1, 0xD40C,3,
    0x9B0A,1, 0x18C5,10, 0x6208,1, 0xD40C,3, 0x9B0A,1, 0x18C5,4, 0xD40C,4, 0x59E8,1,
    0x18C5,60, 0x3967,1, 0xD40C,4, 0x1083,4, 0x3946,1, 0xD40C,4, 0x10A4,1, 0x1083,9,
    0x4986,1, 0xD40C,4, 0x1083,4, 0x7A89,1, 0xD40C,3, 0xA32B,1, 0x18C5,60, 0x2926,1,
    0xD40C,4, 0x0863,4, 0x1083,1, 0xD40C,2, 0x7A68,1, 0x3925,1, 0x0863,10, 0x3125,1,
    0xD40C,4, 0x0863,4, 0x3925,1, 0xD40C,4, 0x18C5,61, 0xD40C,3, 0x8289,1, 0x0863,5,
    0x20E4,1, 0x0863,13, 0x20C4,1, 0xD40C,4, 0x0863,5, 0xD40C,1, 0x92EA,1, 0x51C8,1,
    0x18C5,63, 0x1083,22, 0x1084,1, 0xD40C,1, 0x82A9,1, 0x6A28,1, 0x51A6,1, 0x1083,5,
    0x10A5,1, 0x18C5,142, 0x18C5,121, 0x296B,1, 0x298B,1, 0x296B,1, 0x296A,1, 0x2149,1,
    0x2129,1, 0x2128,1, 0x2107,1, 0x18C5,90, 0x5318,14, 0x6318,1, 0x2128,1, 0x18C5,82,
    0x5318,15, 0x2128,1, 0x18C5,82, 0x5318,15, 0x2108,1, 0x18C5,78, 0x31CE,2, 0x31CD,1,
    0x31AC,1, 0x6318,1, 0x5318,9, 0x639A,5, 0x1907,1, 0x18C5,78, 0x5318,14, 0x639A,1,
    0xF79E,3, 0xE71E,1, 0x5318,1, 0x4A94,1, 0x4294,1, 0x4273,1, 0x18C5,75, 0x5318,14,
    0x639A,1, 0xF79E,3, 0xE71E,1, 0x5318,4, 0x18C5,75, 0x5318,14, 0x639A,1, 0xF79E,3,
    0xE71E,1, 0x5318,4, 0x18C5,75, 0x5318,3, 0x639A,1, 0xE71E,3, 0x639A,1, 0x5318,6,
    0x639A,1, 0xE71E,1, 0xF79E,2, 0xE71E,1, 0x5318,4, 0x18C5,74, 0x2107,1, 0x5318,3,
    0x639A,1, 0xF79E,3, 0xE71E,1, 0x4296,3, 0x5318,12, 0x4252,1, 0x4251,1, 0x3A31,1,
    0x3A0F,1, 0x18C5,70, 0x2128,1, 0x5318,3, 0x639A,1, 0xF79E,3, 0xE71E,1, 0x4296,3,
    0x5318,16, 0x18C5,70, 0x2107,1, 0x3A0F,1, 0x3A30,1, 0x3A31,1, 0x8C77,1, 0xF79E,3,
    0xE71E,1, 0x4296,3, 0x5318,16, 0x18C5,74, 0x420A,1, 0x8432,1, 0x8C72,1, 0x94B3,1,
    0x6B70,1, 0x4296,3, 0x5318,7, 0x639A,1, 0x6318,1, 0x5318,7, 0x3A0F,1, 0x39EF,1,
    0x31AC,1, 0x18C5,75, 0x2129,1, 0x4296,3, 0x5318,7, 0x639A,1, 0xF79E,3, 0xE71E,1,
    0x5318,6, 0x4A94,1, 0x18C5,75, 0x214A,1, 0x4296,3, 0x5318,7, 0xE71E,1, 0xF79E,3,
    0xE71E,1, 0x5318,6, 0x4294,1, 0x18C5,71, 0x2107,1, 0x298C,1, 0x296B,1, 0x296A,1,
    0x31AD,1, 0x4296,2, 0x5318,8, 0xE71E,1, 0xF79E,3, 0xE71E,1, 0x5318,6, 0x4273,1,
    0x18C5,71, 0x298C,1, 0x5318,16, 0x639A,3, 0x5318,7, 0x31CD,1, 0x31AD,1, 0x298C,1,
    0x2149,1, 0x18C5,67, 0x31AD,1, 0x5318,29, 0x4252,1, 0x18C5,67, 0x31CD,1, 0x5318,29,
    0x3A31,1, 0x18C5,67, 0x31CE,1, 0x5318,29, 0x3A30,1, 0x18C5,67, 0x39EF,1, 0x5318,18,
    0xE71E,1, 0xF79E,1, 0xE71E,2, 0x639A,1, 0x5318,6, 0x4272,1, 0x296B,1, 0x294A,1,
    0x2149,1, 0x1907,1, 0x18C5,63, 0x3A0F,1, 0x5318,18, 0xE71E,1, 0xF79E,3, 0x639A,1,
    0x5318,10, 0x3A0F,1, 0x18C5,63, 0x3A10,1, 0x5318,18, 0xE71E,1, 0xF79E,3, 0x639A,1,
    0x5318,10, 0x31EE,1, 0x18C5,59, 0x298B,1, 0x31EE,1, 0x31CD,1, 0x31AD,1, 0x4293,1,
    0x5318,3, 0x639A,5, 0x5318,10, 0xE71E,1, 0xF79E,3, 0x639A,1, 0x5318,10, 0x31CE,1,
    0x18C5,59, 0x4251,1, 0x5318,7, 0xE71E,1, 0xF79E,3, 0x639A,1, 0x5318,10, 0x639A,5,
    0x5318,10, 0x39EF,1, 0x2128,1, 0x2107,1, 0x18E6,1, 0x18C5,56, 0x4272,1, 0x5318,7,
    0xF79E,4, 0x639A,1, 0x5318,29, 0x318C,1, 0x18C5,55, 0x4293,1, 0x5318,7, 0xF79E,4,
    0x639A,1, 0x5318,29, 0x298B,1, 0x18C5,55, 0x4A94,1, 0x5318,7, 0xE71E,4, 0x639A,1,
    0x5318,29, 0x296B,1, 0x18C5,55, 0x4AB4,1, 0x5318,30, 0xE71E,3, 0x639A,1, 0x5318,7,
    0x296A,1, 0x18C5,55, 0x5318,31, 0xF79E,3, 0x639A,1, 0x5318,7, 0x2949,1, 0x18C5,51,
    0x18C6,4, 0x31CD,1, 0x3A0F,1, 0x3A10,1, 0x3A31,1, 0x4252,1, 0x4272,1, 0x4273,1,
    0x4A94,1, 0x5318,4, 0x6318,1, 0x5318,17, 0x639A,1, 0xF79E,3, 0x5318,8, 0x2149,1,
    0x18C5,51, 0x2109,1, 0x210A,12, 0x2109,5, 0x2108,2, 0x2109,2, 0x2129,2, 0x212A,1,
    0x294A,2, 0x296B,2, 0x298C,1, 0x31AD,1, 0x31CD,1, 0x31CE,1, 0x39EF,1, 0x4250,1,
    0xF79E,3, 0x4273,1, 0x4293,1, 0x4A94,1, 0x5318,5, 0x2128,1, 0x18C5,51, 0x2109,1,
    0x210A,36, 0x318E,1, 0x210A,4, 0x2109,4, 0x2108,1, 0x20E8,2, 0x20E7,1, 0x18C5,48,
    0x2109,1, 0x210A,48, 0x2109,1, 0x18C5,48, 0x2109,1, 0x210A,48, 0x2109,1, 0x18C5,48,
    0x210A,49, 0x2108,1, 0x18C5,39, 0x2129,1, 0x52D5,1, 0x52B5,1, 0x52B4,1, 0x4A93,2,
    0x4A73,1, 0x4A72,1, 0x4A52,1, 0x4296,1, 0x4212,8, 0x318E,7, 0x210A,33, 0x2108,1,
    0x18C5,39, 0x296B,1, 0x639A,11, 0x6318,1, 0x639A,16, 0x6318,5, 0x5318,1, 0x4296,4,
    0x4212,7, 0x318E,7, 0x210A,5, 0x20E8,1, 0x18C5,39, 0x318B,1, 0x639A,56, 0x6318,1,
    0x639A,1, 0x52D5,1, 0x52B5,1, 0x4A93,1, 0x4A73,1, 0x4A52,1, 0x4251,1, 0x2149,1,
    0x18C5,32, 0x31AD,1, 0x639A,64, 0x31AC,1, 0x18C5,36, 0x2107,1, 0x2108,1, 0x2128,1,
    0x2129,1, 0x2149,1, 0x2949,1, 0x296A,1, 0x522C,1, 0xD40C,7, 0x6318,6, 0x639A,40,
    0x318B,1, 0x18C5,43, 0x59E8,1, 0xD40C,35, 0x6318,7, 0x639A,11, 0x296B,1, 0x18C5,43,
    0x5A08,1, 0xD40C,43, 0x9B0A,1, 0x18C5,5, 0x2107,1, 0x2128,1, 0x2949,1, 0x296A,1,
    0x18C5,44, 0x6228,1, 0xD40C,43, 0x92EA,1, 0x18C5,53, 0x6A49,1, 0xD40C,43, 0x8ACA,1,
    0x18C5,53, 0x7269,1, 0xD40C,16, 0x6318,1, 0x0000,2, 0x210A,1, 0xD40C,23, 0x7248,1,
    0x18C5,53, 0x7A89,1, 0xD40C,15, 0x318E,1, 0x0000,3, 0x318E,1, 0xD40C,20, 0x4212,1,
    0x0000,2, 0x3944,1, 0x18C5,53, 0x82A9,1, 0xD40C,15, 0x210A,1, 0x0000,3, 0x318E,1,
    0xD40C,19, 0x318E,1, 0x0000,3, 0x3944,1, 0x18C5,45, 0x8ACA,1, 0xD40C,6, 0xB38C,1,
    0xD40C,16, 0x210A,1, 0x0000,3, 0x318E,1, 0xD40C,19, 0x210A,1, 0x0000,3, 0x3945,1,
    0x18C5,45, 0x8ACA,1, 0xD40C,23, 0x210A,1, 0x0000,3, 0xD40C,20, 0x210A,1, 0x0000,3,
    0x51A6,1, 0x4187,1, 0x3967,1, 0x3946,1, 0x3126,1, 0x2926,1, 0x18C5,40, 0x9B0A,1,
    0xD40C,23, 0x210A,1, 0x0000,3, 0xD40C,20, 0x210A,1, 0x0000,3, 0xD40C,8, 0x6A28,1,
    0x18C5,37, 0xA32B,1, 0xD40C,23, 0x210A,1, 0x0000,3, 0xD40C,20, 0x210A,1, 0x0000,3,
    0xD40C,8, 0x59E8,1, 0x18C5,37, 0xA34B,1, 0xD40C,23, 0x318E,1, 0x0000,3, 0xD40C,20,
    0x210A,1, 0x0000,3, 0xD40C,8, 0x51E8,1, 0x18C5,37, 0xAB6B,1, 0xD40C,47, 0x318E,1,
    0x210A,3, 0xD40C,8, 0x51C8,1, 0x18C5,37, 0xB38C,1, 0xD40C,59, 0x49A7,1, 0x18C5,37,
    0xD40C,60, 0x4187,1, 0x18C5,40, 0x2906,1, 0x3126,1, 0x3146,1, 0x3967,1, 0x4187,1,
    0xD40C,52, 0x3967,1, 0x18C5,45, 0xD40C,44, 0xA32B,1, 0xD40C,7, 0x3146,1, 0x18C5,45,
    0xD40C,44, 0x2926,1, 0x18C5,53, 0xD40C,44, 0x18C5,54, 0xD40C,44, 0x18C5,54, 0xD40C,44,
    0x18C5,54, 0xD40C,44, 0x18C5,53, 0x2906,1, 0xD40C,44, 0x18C5,54, 0x51C8,1, 0x59E8,1,
    0x5A08,1, 0x6228,1, 0x7A89,1, 0x9B2B,1, 0xD40C,2, 0x8AAA,1, 0x8ACA,1, 0x92EA,1,
    0x9B0A,1, 0xA32B,1, 0xAB6B,1, 0xD40C,30, 0x18C5,58, 0xD40C,4, 0x3967,1, 0x18C5,3,
    0x9B0A,1, 0xD40C,3, 0x49A7,1, 0x18C5,7, 0x2926,1, 0x3146,1, 0x3967,1, 0x4187,1,
    0x82AA,1, 0xAB6B,1, 0xD40C,2, 0x6228,1, 0x6A28,1, 0x6A49,1, 0x7269,1, 0x7A89,1,
    0x9B0A,1, 0xD40C,2, 0x9B0A,1, 0x9B0B,1, 0xA32B,1, 0x9B0A,1, 0x18C5,58, 0xA32B,1,
    0xD40C,3, 0x6A49,1, 0x18C5,3, 0x9B0A,1, 0xD40C,3, 0x92EA,1, 0x18C5,11, 0xD40C,4,
    0x49A7,1, 0x18C5,3, 0xD40C,4, 0x49C7,1, 0x18C5,61, 0x6A49,1, 0xD40C,3, 0xA32B,1,
    0x18C5,3, 0x51E8,1, 0xD40C,4, 0x18C5,11, 0x92EA,1, 0xD40C,3, 0x7A89,1, 0x18C5,3,
    0x8ACA,1, 0xD40C,3, 0x92EA,1, 0x18C5,61, 0x3967,1, 0xD40C,4, 0x18C5,4, 0xD40C,4,
    0x51E8,1, 0x18C5,10, 0x6208,1, 0xD40C,3, 0xAB6B,1, 0x18C5,3, 0x4187,1, 0xD40C,4,
    0x18C5,62, 0xD40C,4, 0x3945,1, 0x1083,3, 0x82A9,1, 0xD40C,3, 0x8289,1, 0x1083,10,
    0x2905,1, 0xD40C,4, 0x10A4,1, 0x1083,3, 0xD40C,4, 0x6208,1, 0x18C5,61, 0x9B0A,1,
    0xD40C,2, 0x6A48,1, 0x20E4,1, 0x0863,3, 0x3945,1, 0xD40C,1, 0x7248,1, 0x3105,1,
    0x0863,12, 0xD40C,4, 0x4165,1, 0x0863,3, 0x7268,1, 0xD40C,3, 0x6A28,1, 0x18C5,61,
    0x28E5,1, 0x1083,1, 0x0863,22, 0x8AA9,1, 0xD40C,1, 0x7248,1, 0x3945,1, 0x1083,1,
    0x0863,3, 0x2905,1, 0x8ACA,1, 0x4987,1, 0x18C5,63, 0x10A4,1, 0x1083,31, 0x1084,1,
    0x18C5,142, 0x18C5,122, 0x296A,1, 0x298B,1, 0x296B,1, 0x296A,1, 0x2149,1, 0x2129,1,
    0x2128,1, 0x2107,1, 0x18C5,90, 0x4A94,1, 0x5318,14, 0x2149,1, 0x18C5,82, 0x5318,15,
    0x2949,1, 0x18C5,82, 0x5318,15, 0x2149,1, 0x18C5,78, 0x31CD,1, 0x31CE,1, 0x31CD,1,
    0x31AC,1, 0x5318,10, 0x631A,1, 0x639A,4, 0x2128,1, 0x18C5,78, 0x5318,14, 0x639A,1,
    0xF79E,4, 0x5318,1, 0x4A94,1, 0x4294,1, 0x4273,1, 0x18E7,1, 0x18C5,74, 0x5318,14,
    0x639A,1, 0xF79E,4, 0x5318,4, 0x1907,1, 0x18C5,74, 0x5318,14, 0x639A,1, 0xF79E,4,
    0x5318,4, 0x18C5,75, 0x5318,3, 0x639A,1, 0xF79E,2, 0x639A,2, 0x5318,6, 0x639A,1,
    0xF79E,4, 0x5318,4, 0x18C5,75, 0x5318,3, 0x639A,1, 0xF79E,4, 0x4216,3, 0x5318,11,
    0x631A,1, 0x4272,1, 0x4251,1, 0x3A31,1, 0x3A10,1, 0x18C5,71, 0x5318,3, 0x639A,1,
    0xF79E,4, 0x4216,3, 0x5318,16, 0x18C5,71, 0x3A0F,1, 0x3A30,1, 0x3A31,1, 0x7C16,1,
    0xF79E,4, 0x4216,3, 0x5318,16, 0x18C5,74, 0x39E9,1, 0x8432,1, 0x8C72,1, 0x94B3,1,
    0x73B1,1, 0x4216,3, 0x5318,7, 0x631A,1, 0x6318,1, 0x5318,7, 0x3A0F,1, 0x39EF,1,
    0x31CD,1, 0x18C5,75, 0x2108,1, 0x4216,3, 0x5318,7, 0x639A,1, 0xF79E,4, 0x5318,7,
    0x18C5,75, 0x2129,1, 0x4216,3, 0x5318,7, 0x639A,1, 0xF79E,4, 0x5318,6, 0x631A,1,
    0x18C5,71, 0x1907,1, 0x298C,1, 0x298B,1, 0x296A,1, 0x29AD,1, 0x4216,2, 0x5318,8,
    0x639A,1, 0xF79E,4, 0x5318,6, 0x4A94,1, 0x18C5,71, 0x296B,1, 0x5318,16, 0x639A,3,
    0x5318,7, 0x31CD,1, 0x31AD,1, 0x298C,1, 0x294A,1, 0x18C5,67, 0x298B,1, 0x5318,29,
    0x4273,1, 0x18C5,67, 0x298C,1, 0x5318,29, 0x4272,1, 0x18C5,67, 0x31AD,1, 0x5318,29,
    0x4251,1, 0x18C5,67, 0x31CD,1, 0x5318,18, 0xF79E,4, 0x639A,1, 0x5318,6, 0x4293,1,
    0x296B,1, 0x296A,1, 0x2149,1, 0x2107,1, 0x18C5,63, 0x31EE,1, 0x5318,18, 0xF79E,4,
    0x639A,1, 0x5318,10, 0x3A30,1, 0x18C5,63, 0x39EF,1, 0x5318,18, 0xF79E,4, 0x639A,1,
    0x5318,10, 0x3A10,1, 0x18C5,59, 0x296A,1, 0x31EE,1, 0x31CE,1, 0x31AD,1, 0x4273,1,
    0x5318,3, 0x639A,5, 0x5318,10, 0xF79E,4, 0x639A,1, 0x5318,10, 0x3A0F,1, 0x18C5,59,
    0x3A30,1, 0x5318,7, 0xF79E,4, 0x639A,1, 0x5318,10, 0x639A,5, 0x5318,10, 0x3A10,1,
    0x2128,1, 0x2107,1, 0x18E6,1, 0x18C5,56, 0x3A31,1, 0x5318,7, 0xF79E,4, 0x639A,1,
    0x5318,29, 0x31CE,1, 0x18C5,55, 0x4272,1, 0x5318,7, 0xF79E,4, 0x639A,1, 0x5318,29,
    0x31CD,1, 0x18C5,55, 0x4273,1, 0x5318,7, 0xF79E,4, 0x639A,1, 0x5318,29, 0x318C,1,
    0x18C5,55, 0x4293,1, 0x5318,30, 0xF79E,3, 0x639A,1, 0x5318,7, 0x298B,1, 0x18C5,55,
    0x4A94,1, 0x5318,30, 0xF79E,3, 0x639A,1, 0x5318,7, 0x296B,1, 0x18C5,51, 0x18C6,1,
    0x18E6,1, 0x18C6,2, 0x31AC,1, 0x39EF,1, 0x3A10,1, 0x3A31,1, 0x4252,1, 0x4272,1,
    0x4273,1, 0x4A94,1, 0x4AB4,1, 0x5318,5, 0x631A,1, 0x5318,16, 0xF79E,3, 0x639A,1,
    0x5318,7, 0x296A,1, 0x18C5,51, 0x2108,1, 0x210A,13, 0x2109,4, 0x2108,3, 0x2109,1,
    0x2129,2, 0x212A,1, 0x294A,2, 0x296B,2, 0x298C,1, 0x31AD,2, 0x31CE,1, 0x39EF,1,
    0x3A10,1, 0xF79E,3, 0x4A93,1, 0x4273,1, 0x4A94,1, 0x5318,5, 0x2149,1, 0x18C5,51,
    0x2109,1, 0x210A,36, 0x318E,1, 0x210A,4, 0x2109,4, 0x2108,1, 0x20E8,2, 0x20E7,1,
    0x18C5,48, 0x2109,1, 0x210A,48, 0x2109,1, 0x18C5,48, 0x2109,1, 0x210A,48, 0x2109,1,
    0x18C5,48, 0x2109,1, 0x210A,48, 0x2109,1, 0x18C5,39, 0x2108,1, 0x52D5,1, 0x52B5,1,
    0x52B4,1, 0x4A93,2, 0x4A73,1, 0x4A72,2, 0x4216,1, 0x4212,8, 0x318E,7, 0x210A,33,
    0x2109,1, 0x18C5,39, 0x2949,1, 0x639A,11, 0x6318,1, 0x639A,16, 0x6318,5, 0x5318,3,
    0x4216,1, 0x4212,8, 0x318E,7, 0x210A,5, 0x2108,1, 0x18C5,39, 0x296A,1, 0x639A,11,
    0x6398,1, 0x639A,43, 0x631A,1, 0x6318,1, 0x639A,1, 0x52D5,1, 0x52B5,1, 0x52B4,1,
    0x4A93,1, 0x4A72,1, 0x4251,1, 0x296A,1, 0x18C5,32, 0x296B,1, 0x639A,64, 0x39EE,1,
    0x18C5,36, 0x2107,1, 0x2108,1, 0x2128,1, 0x2129,1, 0x2149,1, 0x2949,1, 0x296A,1,
    0x4A0C,1, 0xD40C,7, 0x6398,10, 0x639A,36, 0x31AD,1, 0x18C5,43, 0x49A7,1, 0xD40C,34,
    0x6398,9, 0x639A,10, 0x31AC,1, 0x18C5,43, 0x51C7,1, 0xD40C,43, 0xA34B,1, 0x18C5,5,
    0x2107,1, 0x2128,1, 0x2149,1, 0x296A,1, 0x1907,1, 0x18C5,43, 0x59E8,1, 0xD40C,43,
    0xA32B,1, 0x18C5,53, 0x5A08,1, 0xD40C,43, 0x9B0A,1, 0x18C5,53, 0x6228,1, 0xD40C,16,
    0x6398,1, 0x0000,2, 0x210A,1, 0xD40C,23, 0x7A69,1, 0x18C5,53, 0x6A49,1, 0xD40C,16,
    0x0000,3, 0x210A,1, 0xD40C,20, 0x4212,1, 0x0000,2, 0x210A,1, 0x18C5,53, 0x7269,1,
    0xD40C,15, 0x318E,1, 0x0000,3, 0x210A,1, 0xD40C,19, 0x318E,1, 0x0000,3, 0x210A,1,
    0x18C5,45, 0x7A89,1, 0xD40C,23, 0x318E,1, 0x0000,3, 0x318E,1, 0xD40C,19, 0x318E,1,
    0x0000,3, 0x3944,1, 0x18C5,45, 0x82A9,1, 0xD40C,23, 0x210A,1, 0x0000,3, 0x318E,1,
    0xD40C,19, 0x318E,1, 0x0000,3, 0x5185,1, 0x4187,1, 0x3967,1, 0x3946,1, 0x3126,1,
    0x2926,1, 0x18C5,40, 0x8ACA,1, 0xD40C,23, 0x210A,1, 0x0000,3, 0x318E,1, 0xD40C,19,
    0x210A,1, 0x0000,3, 0xD40C,8, 0x7269,1, 0x18C5,37, 0x8ACA,1, 0xD40C,23, 0x210A,1,
    0x0000,3, 0xD40C,20, 0x210A,1, 0x0000,3, 0xD40C,8, 0x6A49,1, 0x18C5,37, 0x9B0A,1,
    0xD40C,23, 0x318E,1, 0x0000,3, 0xD40C,20, 0x210A,1, 0x0000,3, 0xD40C,8, 0x6A28,1,
    0x18C5,37, 0xA32B,1, 0xD40C,48, 0x210A,3, 0xD40C,8, 0x59E8,1, 0x18C5,37, 0xA34B,1,
    0xD40C,59, 0x51E8,1, 0x18C5,37, 0xAB4B,1, 0xD40C,59, 0x51C8,1, 0x18C5,40, 0x2906,1,
    0x3126,1, 0x3146,1, 0x3967,1, 0x4187,1, 0xD40C,52, 0x49A7,1, 0x18C5,45, 0xD40C,44,
    0x9B2B,1, 0xD40C,7, 0x4187,1, 0x18C5,45, 0xD40C,44, 0x3947,1, 0x18C5,53, 0xD40C,44,
    0x3126,1, 0x18C5,53, 0xD40C,44, 0x2926,1, 0x18C5,53, 0xD40C,44, 0x18C5,54, 0xD40C,44,
    0x18C5,54, 0xD40C,44, 0x18C5,54, 0x51C8,1, 0x59E8,1, 0x5A08,1, 0x6228,1, 0x6A49,1,
    0x92EA,1, 0xD40C,2, 0x92EA,1, 0x8ACA,1, 0x92EA,1, 0x9B0A,1, 0xA34B,1, 0xD40C,31,
    0x18C5,58, 0x9B2B,1, 0xD40C,3, 0x82A9,1, 0x18C5,3, 0xD40C,4, 0x3946,1, 0x18C5,7,
    0x2926,1, 0x3146,1, 0x3947,1, 0x4167,1, 0x6208,1, 0xA32B,1, 0xD40C,2, 0x7A89,1,
    0x6A28,1, 0x6A49,1, 0x7269,1, 0x82AA,1, 0x9B2B,1, 0xB38B,1, 0xD40C,1, 0x930A,1,
    0x9B0B,1, 0xA32B,2, 0x18C5,58, 0x6208,1, 0xD40C,4, 0x18C5,3, 0xA34B,1, 0xD40C,3,
    0x59E8,1, 0x18C5,11, 0xA34B,1, 0xD40C,3, 0x8ACA,1, 0x18C5,3, 0xD40C,4, 0x3946,1,
    0x18C5,62, 0xD40C,4, 0x59E8,1, 0x18C5,2, 0x82A9,1, 0xD40C,3, 0x82A9,1, 0x18C5,11,
    0x51C8,1, 0xD40C,4, 0x18C5,3, 0xA34B,1, 0xD40C,3, 0x59E8,1, 0x18C5,62, 0x8ACA,1,
    0xD40C,3, 0xAB6B,1, 0x18C5,2, 0x59E8,1, 0xD40C,3, 0xA34B,1, 0x18C5,12, 0xD40C,4,
    0x6A28,1, 0x18C5,2, 0x82A9,1, 0xD40C,3, 0x82A9,1, 0x18C5,62, 0x3946,1, 0xD40C,2,
    0x8AC9,1, 0x3125,1, 0x1083,2, 0x3105,1, 0xD40C,4, 0x1083,12, 0x7248,1, 0xD40C,4,
    0x1083,2, 0x59C7,1, 0xD40C,3, 0xA34B,1, 0x18C5,62, 0x10A4,1, 0x51A6,1, 0x18A3,1,
    0x0863,4, 0x1083,1, 0xD40C,4, 0x20C4,1, 0x0863,11, 0x18C4,1, 0xD40C,2, 0x51C6,1,
    0x1083,1, 0x0863,2, 0x3105,1, 0xD40C,4, 0x18C5,62, 0x10A4,1, 0x0863,7, 0x8289,1,
    0x7A68,1, 0x51A6,1, 0x28E4,1, 0x0863,13, 0x20C4,1, 0x0863,5, 0x1083,1, 0xD40C,4,
    0x2106,1, 0x18C5,61, 0x10A4,1, 0x1083,31, 0x59E7,1, 0x49A7,1, 0x2906,1, 0x18C5,139,
    0x18C5,123, 0x2129,1, 0x298C,1, 0x298B,1, 0x296A,1, 0x2149,2, 0x2128,1, 0x2107,1,
    0x1907,1, 0x18C5,89, 0x3A0F,1, 0x5318,14, 0x31AD,1, 0x18C5,82, 0x3A30,1, 0x5318,14,
    0x31CE,1, 0x18C5,82, 0x3A31,1, 0x5318,14, 0x31CD,1, 0x18C5,78, 0x298B,1, 0x31CE,1,
    0x31CD,1, 0x31AD,1, 0x4A94,1, 0x5318,10, 0x639A,4, 0x31AC,1, 0x18C5,78, 0x4273,1,
    0x5318,14, 0xF79E,4, 0x639A,1, 0x4AB4,1, 0x4A94,1, 0x4273,1, 0x214A,1, 0x18C5,74,
    0x4293,1, 0x5318,14, 0xF79E,4, 0x639A,1, 0x5318,3, 0x298B,1, 0x18C5,74, 0x4A94,1,
    0x5318,14, 0xF79E,4, 0x639A,1, 0x5318,3, 0x296A,1, 0x18C5,74, 0x4AB4,1, 0x5318,3,
    0xF79E,2, 0x8396,2, 0x5318,7, 0xF79E,4, 0x639A,1, 0x5318,3, 0x294A,1, 0x18C5,74,
    0x5318,4, 0xF79E,4, 0x4216,3, 0x5318,12, 0x4294,1, 0x4252,1, 0x3A31,1, 0x3A30,1,
    0x2107,1, 0x18C5,70, 0x6318,1, 0x5318,2, 0x639A,1, 0xF79E,4, 0x4216,3, 0x5318,16,
    0x2129,1, 0x18C5,70, 0x31EE,1, 0x3A10,1, 0x3A31,1, 0x52D3,1, 0xF79E,4, 0x4216,3,
    0x5318,16, 0x2108,1, 0x18C5,74, 0x8411,1, 0x8C72,1, 0x9493,1, 0x8C72,1, 0x4216,3,
    0x5318,7, 0x6318,1, 0x639A,1, 0x5318,7, 0x3A30,1, 0x3A0F,1, 0x31EE,1, 0x18C5,76,
    0x4216,3, 0x5318,7, 0x639A,1, 0xF79E,4, 0x5318,7, 0x18E6,1, 0x18C5,75, 0x4216,3,
    0x5318,7, 0x639A,1, 0xF79E,4, 0x5318,7, 0x18C5,72, 0x298C,1, 0x298B,1, 0x296A,2,
    0x4216,3, 0x5318,7, 0x639A,1, 0xF79E,4, 0x5318,7, 0x18C5,72, 0x5318,16, 0x639A,3,
    0x5318,7, 0x31CE,1, 0x31AD,1, 0x31AC,1, 0x298B,1, 0x18C5,67, 0x1907,1, 0x5318,30,
    0x18C5,67, 0x2108,1, 0x5318,30, 0x18C5,67, 0x2128,1, 0x5318,30, 0x18C5,67, 0x2149,1,
    0x5318,18, 0x8396,1, 0xF79E,3, 0x8396,1, 0x5318,7, 0x296B,1, 0x296A,1, 0x2149,1,
    0x2128,1, 0x18C5,63, 0x214A,1, 0x5318,18, 0x8396,1, 0xF79E,4, 0x5318,11, 0x18C5,63,
    0x296A,1, 0x5318,18, 0x8396,1, 0xF79E,4, 0x5318,10, 0x4A94,1, 0x18C5,59, 0x2128,1,
    0x31EE,1, 0x31CE,1, 0x31CD,1, 0x3A10,1, 0x5318,3, 0x639A,1, 0x8396,3, 0x639A,1,
    0x5318,10, 0x8396,1, 0xF79E,4, 0x5318,10, 0x4293,1, 0x18C5,59, 0x318C,1, 0x5318,7,
    0xF79E,4, 0x8396,1, 0x5318,10, 0x639A,5, 0x5318,10, 0x4294,1, 0x2128,1, 0x2107,1,
    0x1907,1, 0x18C5,56, 0x31AC,1, 0x5318,7, 0xF79E,4, 0x8396,1, 0x5318,29, 0x4272,1,
    0x18C5,55, 0x31CD,1, 0x5318,7, 0xF79E,4, 0x8396,1, 0x5318,29, 0x3A31,1, 0x18C5,55,
    0x31EE,1, 0x5318,7, 0x8396,1, 0xF79E,3, 0x639A,1, 0x5318,29, 0x3A30,1, 0x18C5,55,
    0x3A0F,1, 0x5318,30, 0x8396,1, 0xF79E,2, 0x639A,1, 0x5318,7, 0x3A10,1, 0x18C5,55,
    0x3A10,1, 0x5318,30, 0xF79E,3, 0x8396,1, 0x5318,7, 0x3A0F,1, 0x18C5,51, 0x18C6,1,
    0x18E6,1, 0x18C6,2, 0x296B,1, 0x39EF,1, 0x3A10,1, 0x3A31,1, 0x4251,1, 0x4272,1,
    0x4273,1, 0x4294,1, 0x4A94,1, 0x5318,1, 0x6318,1, 0x5318,20, 0xF79E,3, 0x639A,1,
    0x5318,7, 0x31EE,1, 0x18C5,51, 0x20E7,1, 0x210A,13, 0x2109,4, 0x2108,1, 0x20E8,1,
    0x2108,1, 0x2109,2, 0x2129,1, 0x212A,1, 0x292A,1, 0x294A,1, 0x296B,2, 0x298C,1,
    0x31AC,1, 0x31AD,1, 0x31CE,1, 0x31EF,1, 0x3A0F,1, 0xF79E,3, 0x73D6,1, 0x4293,1,
    0x4A94,1, 0x5318,1, 0x6318,1, 0x5318,3, 0x31CD,1, 0x18C5,51, 0x20E7,1, 0x210A,41,
    0x2109,4, 0x2108,1, 0x20E8,3, 0x18C5,48, 0x20E8,1, 0x210A,49, 0x18C5,48, 0x20E8,1,
    0x210A,49, 0x18C5,48, 0x20E8,1, 0x210A,49, 0x18C5,40, 0x52B4,1, 0x52B5,1, 0x52B4,2,
    0x4A93,2, 0x4A72,2, 0x5318,1, 0x4216,5, 0x318E,10, 0x210A,34, 0x18C5,40, 0x639A,11,
    0x6318,1, 0x639A,16, 0x631A,1, 0x6318,4, 0x5318,3, 0x4216,6, 0x318E,10, 0x210A,6,
    0x18C5,40, 0x639A,11, 0x8396,1, 0x639A,41, 0x6318,1, 0x639A,2, 0x6318,2, 0x5AF6,1,
    0x52B5,1, 0x52B4,1, 0x4A93,1, 0x4A72,1, 0x4251,1, 0x31AC,1, 0x18C5,33, 0x639A,11,
    0x8396,1, 0x639A,41, 0x6318,1, 0x639A,10, 0x4A72,1, 0x18C5,36, 0x1907,1, 0x2107,1,
    0x2128,2, 0x2149,1, 0x2949,1, 0x296A,2, 0xD40C,4, 0x8396,13, 0x639A,36, 0x4251,1,
    0x18C5,44, 0xD40C,32, 0x8396,12, 0x639A,9, 0x4230,1, 0x18C5,43, 0x2106,1, 0xD40C,44,
    0x18C5,5, 0x1907,1, 0x2128,1, 0x2129,1, 0x294A,1, 0x2128,1, 0x18C5,43, 0x2926,1,
    0xD40C,44, 0x18C5,53, 0x3146,1, 0xD40C,44, 0x18C5,53, 0x3967,1, 0xD40C,16, 0x8396,1,
    0x0000,3, 0xD40C,24, 0x18C5,53, 0x4187,1, 0xD40C,16, 0x0000,4, 0xD40C,20, 0x8396,1,
    0x0000,3, 0x18C5,53, 0x49A7,1, 0xD40C,16, 0x0000,3, 0x210A,1, 0xD40C,20, 0x0000,4,
    0x18C5,45, 0x51C8,1, 0xD40C,24, 0x0000,3, 0x210A,1, 0xD40C,20, 0x0000,4, 0x18C5,45,
    0x51E8,1, 0xD40C,24, 0x0000,3, 0x210A,1, 0xD40C,20, 0x0000,3, 0x210A,1, 0x4187,1,
    0x4167,1, 0x3947,1, 0x3146,1, 0x2926,1, 0x2906,1, 0x18C5,39, 0x59E8,1, 0xD40C,24,
    0x0000,3, 0x210A,1, 0xD40C,20, 0x0000,3, 0x318E,1, 0xD40C,7, 0xA32B,1, 0x18C5,37,
    0x6208,1, 0xD40C,24, 0x0000,3, 0x210A,1, 0xD40C,20, 0x0000,3, 0x318E,1, 0xD40C,7,
    0x9B0A,1, 0x18C5,37, 0x6A29,1, 0xD40C,24, 0x210A,1, 0x0000,2, 0x210A,1, 0xD40C,20,
    0x0000,3, 0xD40C,8, 0x92EA,1, 0x18C5,37, 0x7269,1, 0xD40C,48, 0x210A,3, 0xD40C,8,
    0x8ACA,1, 0x18C5,37, 0x7A89,1, 0xD40C,51, 0xAB6B,1, 0xD40C,7, 0x82A9,1, 0x18C5,37,
    0x7A89,1, 0xD40C,51, 0xAB6B,1, 0xD40C,7, 0x7A89,1, 0x18C5,40, 0x2106,1, 0x2926,1,
    0x3146,1, 0x3967,1, 0x4187,1, 0x9B0A,1, 0xD40C,43, 0xAB6B,1, 0xD40C,7, 0x7269,1,
    0x18C5,45, 0x8ACA,1, 0xD40C,43, 0x9B0A,1, 0xB36B,1, 0xD40C,6, 0x6A49,1, 0x18C5,45,
    0x92EA,1, 0xD40C,43, 0x6A29,1, 0x18C5,53, 0x9B0A,1, 0xD40C,43, 0x59E8,1, 0x18C5,53,
    0xA32B,1, 0xD40C,43, 0x51E8,1, 0x18C5,53, 0xAB4B,1, 0xD40C,43, 0x51C8,1, 0x18C5,53,
    0xAB6B,1, 0xD40C,43, 0x49A7,1, 0x18C5,53, 0xD40C,44, 0x4187,1, 0x18C5,53, 0x4187,1,
    0x51E8,1, 0x5A08,1, 0x6228,1, 0x7269,1, 0x92EA,1, 0xB38C,1, 0xD40C,1, 0x9B0A,1,
    0x8ACA,1, 0x92EA,1, 0x9B0A,1, 0xAB6B,1, 0xD40C,31, 0x3967,1, 0x18C5,57, 0x92EA,1,
    0xD40C,3, 0x7A89,1, 0x18C5,3, 0xD40C,4, 0x3967,1, 0x18C5,7, 0x2906,1, 0x3126,1,
    0x3947,1, 0x3967,1, 0x6A49,1, 0xA32B,1, 0xD40C,2, 0x82AA,1, 0x6228,1, 0x6A49,1,
    0x7269,1, 0x92EA,1, 0xA32B,1, 0xAB4B,1, 0xB36B,1, 0x9B0A,2, 0xA32B,1, 0xAB4B,1,
    0x3126,1, 0x18C5,57, 0x59E8,1, 0xD40C,3, 0xB36B,1, 0x18C5,3, 0xB36B,1, 0xD40C,3,
    0x4187,1, 0x18C5,11, 0x8ACA,1, 0xD40C,3, 0x8ACA,1, 0x18C5,3, 0xD40C,4, 0x3967,1,
    0x18C5,62, 0xD40C,4, 0x18C5,3, 0xA34B,1, 0xD40C,3, 0x51C8,1, 0x18C5,11, 0x51E8,1,
    0xD40C,4, 0x18C5,3, 0xB36B,1, 0xD40C,3, 0x4187,1, 0x18C5,62, 0xD40C,4, 0x51E8,1,
    0x18C5,2, 0x9B0A,1, 0xD40C,3, 0x59E8,1, 0x18C5,11, 0x2106,1, 0xD40C,4, 0x2106,1,
    0x18C5,2, 0xA34B,1, 0xD40C,3, 0x51C8,1, 0x18C5,62, 0x8289,1, 0xD40C,3, 0x8AC9,1,
    0x1083,2, 0x92C9,1, 0xD40C,3, 0x59E7,1, 0x1083,12, 0xD40C,4, 0x51A6,1, 0x1083,2,
    0xD40C,4, 0x59E8,1, 0x18C5,62, 0x4987,1, 0xD40C,1, 0x82A9,1, 0x51A6,1, 0x18C4,1,
    0x0863,2, 0x8AA9,1, 0xD40C,3, 0x6207,1, 0x0863,12, 0x7A68,1, 0xD40C,3, 0x8AA9,1,
    0x0863,2, 0xD40C,4, 0x6208,1, 0x18C5,62, 0x10A5,1, 0x0863,6, 0x7A68,1, 0xD40C,3,
    0x6A48,1, 0x0863,12, 0x4165,1, 0xD40C,1, 0x82A9,1, 0x51A6,1, 0x18C4,1, 0x0863,2,
    0x8AA9,1, 0xD40C,3, 0x6A28,1, 0x18C5,62, 0x10A5,1, 0x1083,6, 0x2905,1, 0x4166,3,
    0x2905,1, 0x1083,19, 0x7A89,1, 0xD40C,3, 0x7269,1, 0x18C5,93, 0x3126,1, 0x3967,1,
    0x3126,1, 0x18C5,41, 0x18C5,124, 0x294A,1, 0x298C,1, 0x296B,1, 0x296A,1, 0x2149,1,
    0x2129,1, 0x2128,1, 0x2107,1, 0x1907,1, 0x18C5,89, 0x4272,1, 0x5318,14, 0x296A,1,
    0x18C5,82, 0x4293,1, 0x5318,14, 0x296B,1, 0x18C5,82, 0x4A94,1, 0x5318,14, 0x296A,1,
    0x18C5,78, 0x31AC,1, 0x31CE,1, 0x31CD,1, 0x31AC,1, 0x5318,11, 0x639A,4, 0x294A,1,
    0x18C5,78, 0x6318,1, 0x5318,13, 0x639A,1, 0xF79E,4, 0x6318,1, 0x4AB4,1, 0x4A94,1,
    0x4273,1, 0x2108,1, 0x18C5,74, 0x5318,14, 0x639A,1, 0xF79E,4, 0x5318,4, 0x2128,1,
    0x18C5,74, 0x5318,14, 0x639A,1, 0xF79E,4, 0x5318,4, 0x2107,1, 0x18C5,74, 0x5318,3,
    0x639A,1, 0xE71E,3, 0x639A,1, 0x5318,6, 0x639A,1, 0xE71E,1, 0xF79E,2, 0xE71E,1,
    0x5318,4, 0x18E7,1, 0x18C5,74, 0x5318,3, 0x639A,1, 0xF79E,3, 0xE71E,1, 0x4216,3,
    0x5318,12, 0x4272,1, 0x4251,1, 0x3A31,1, 0x3A30,1, 0x18C5,71, 0x5318,3, 0x639A,1,
    0xF79E,3, 0xE71E,1, 0x4216,3, 0x5318,16, 0x18C5,71, 0x3A0F,1, 0x3A30,1, 0x3A31,1,
    0x73B5,1, 0xF79E,3, 0xE71E,1, 0x4216,3, 0x5318,16, 0x18C5,74, 0x31A8,1, 0x8431,1,
    0x8C72,1, 0x94B3,1, 0x7BF1,1, 0x4216,3, 0x5318,7, 0x639A,2, 0x5318,7, 0x3A0F,1,
    0x39EF,1, 0x31CE,1, 0x18C5,75, 0x18E7,1, 0x4216,3, 0x5318,7, 0x639A,1, 0xF79E,3,
    0xE71E,1, 0x5318,7, 0x18C5,75, 0x1907,1, 0x4216,3, 0x5318,7, 0x639A,1, 0xF79E,3,
    0xE71E,1, 0x5318,7, 0x18C5,72, 0x298C,1, 0x298B,1, 0x296A,1, 0x298C,1, 0x4216,2,
    0x5318,8, 0x639A,1, 0xF79E,3, 0xE71E,1, 0x5318,7, 0x18C5,71, 0x2149,1, 0x5318,16,
    0x639A,3, 0x5318,7, 0x31CD,1, 0x31AD,1, 0x29AC,1, 0x296A,1, 0x18C5,67, 0x296A,1,
    0x5318,29, 0x4A94,1, 0x18C5,67, 0x296B,1, 0x5318,29, 0x4294,1, 0x18C5,67, 0x298B,1,
    0x5318,29, 0x4273,1, 0x18C5,67, 0x298C,1, 0x5318,18, 0xE71E,1, 0xF79E,1, 0xE71E,2,
    0x639A,1, 0x5318,6, 0x4A94,1, 0x296B,1, 0x296A,1, 0x2149,1, 0x2108,1, 0x18C5,63,
    0x31AD,1, 0x5318,18, 0xE71E,1, 0xF79E,3, 0x639A,1, 0x5318,10, 0x4251,1, 0x18C5,63,
    0x31CD,1, 0x5318,18, 0xE71E,1, 0xF79E,3, 0x639A,1, 0x5318,10, 0x3A31,1, 0x18C5,59,
    0x294A,1, 0x31EE,1, 0x31CE,1, 0x31AD,1, 0x4252,1, 0x5318,3, 0x639A,5, 0x5318,10,
    0xE71E,1, 0xF79E,3, 0x639A,1, 0x5318,10, 0x3A30,1, 0x18C5,59, 0x3A0F,1, 0x5318,7,
    0xE71E,1, 0xF79E,3, 0x639A,1, 0x5318,10, 0x639A,5, 0x5318,10, 0x3A31,1, 0x2128,1,
    0x2107,1, 0x18E7,1, 0x18C5,56, 0x3A10,1, 0x5318,7, 0xE71E,1, 0xF79E,3, 0x639A,1,
    0x5318,29, 0x3A0F,1, 0x18C5,55, 0x3A30,1, 0x5318,7, 0xE71E,1, 0xF79E,3, 0x639A,1,
    0x5318,29, 0x31EE,1, 0x18C5,55, 0x3A31,1, 0x5318,7, 0xE71E,4, 0x639A,1, 0x5318,29,
    0x31CD,1, 0x18C5,55, 0x4272,1, 0x5318,30, 0xE71E,3, 0x639A,1, 0x5318,7, 0x31AC,1,
    0x18C5,55, 0x4273,1, 0x5318,30, 0xE71E,1, 0xF79E,2, 0x639A,1, 0x5318,7, 0x318C,1,
    0x18C5,51, 0x18C6,1, 0x18E6,1, 0x18C6,2, 0x298C,1, 0x39EF,1, 0x3A10,1, 0x3A31,1,
    0x4252,1, 0x4272,1, 0x4273,1, 0x4A94,1, 0x4AB4,1, 0x5318,22, 0xF79E,3, 0x639A,1,
    0x5318,7, 0x298B,1, 0x18C5,51, 0x20E8,1, 0x210A,13, 0x2109,4, 0x2108,3, 0x2109,2,
    0x2129,1, 0x212A,1, 0x294A,2, 0x294B,1, 0x296B,1, 0x298C,1, 0x31AC,1, 0x31AD,1,
    0x31CE,1, 0x31EF,1, 0x3A10,1, 0xF79E,3, 0x52F4,1, 0x4293,1, 0x4A94,1, 0x5318,5,
    0x296A,1, 0x18C5,51, 0x20E8,1, 0x210A,41, 0x2109,4, 0x2108,1, 0x20E8,2, 0x20E7,1,
    0x18C5,48, 0x2108,1, 0x210A,49, 0x18C5,48, 0x2109,1, 0x210A,48, 0x2109,1, 0x18C5,48,
    0x2109,1, 0x210A,48, 0x2109,1, 0x18C5,40, 0x52D5,1, 0x52B5,1, 0x52B4,1, 0x4A93,2,
    0x4A73,1, 0x4A72,2, 0x5318,1, 0x4212,8, 0x318E,7, 0x210A,33, 0x2109,1, 0x18C5,39,
    0x2128,1, 0x639A,11, 0x6318,1, 0x639A,17, 0x6318,4, 0x5318,3, 0x4216,1, 0x4212,8,
    0x318E,7, 0x210A,5, 0x2109,1, 0x18C5,39, 0x2129,1, 0x639A,11, 0x6398,1, 0x639A,44,
    0x6318,2, 0x52F6,1, 0x52D5,1, 0x52B4,1, 0x4A93,1, 0x4A72,1, 0x4251,1, 0x296B,1,
    0x18C5,32, 0x2949,1, 0x639A,11, 0x6398,1, 0x639A,52, 0x3A0F,1, 0x18C5,36, 0x2107,1,
    0x2108,1, 0x2128,2, 0x2149,1, 0x2949,1, 0x296A,1, 0x41CB,1, 0xD40C,7, 0x6398,10,
    0x639A,36, 0x39EE,1, 0x18C5,43, 0x3967,1, 0xD40C,35, 0x6398,9, 0x639A,9, 0x31CD,1,
    0x18C5,43, 0x4187,1, 0xD40C,44, 0x18C5,5, 0x2107,1, 0x2128,1, 0x2149,1, 0x296A,1,
    0x2107,1, 0x18C5,43, 0x49A7,1, 0xD40C,43, 0xB38C,1, 0x18C5,53, 0x51C8,1, 0xD40C,43,
    0xA34B,1, 0x18C5,53, 0x59E8,1, 0xD40C,16, 0x6398,1, 0x0000,2, 0x210A,1, 0xD40C,23,
    0x8289,1, 0x18C5,53, 0x6208,1, 0xD40C,16, 0x0000,3, 0x210A,1, 0xD40C,20, 0x4212,1,
    0x0000,2, 0x210A,1, 0x18C5,53, 0x6228,1, 0xD40C,16, 0x0000,3, 0x210A,1, 0xD40C,20,
    0x0000,3, 0x210A,1, 0x18C5,45, 0x7249,1, 0xD40C,23, 0x318E,1, 0x0000,3, 0x210A,1,
    0xD40C,20, 0x0000,3, 0x210A,1, 0x18C5,45, 0x7269,1, 0xD40C,23, 0x318E,1, 0x0000,3,
    0x210A,1, 0xD40C,19, 0x318E,1, 0x0000,3, 0x210A,1, 0x4187,1, 0x4167,1, 0x3946,1,
    0x3146,1, 0x2926,1, 0x2106,1, 0x18C5,39, 0x7A89,1, 0xD40C,23, 0x318E,1, 0x0000,3,
    0x318E,1, 0xD40C,19, 0x318E,1, 0x0000,3, 0xD40C,8, 0x82A9,1, 0x18C5,37, 0x82A9,1,
    0xD40C,23, 0x210A,1, 0x0000,3, 0x318E,1, 0xD40C,19, 0x318E,1, 0x0000,3, 0xD40C,8,
    0x7A89,1, 0x18C5,37, 0x8ACA,1, 0xD40C,23, 0x318E,1, 0x210A,1, 0x0000,2, 0xD40C,20,
    0x210A,1, 0x0000,3, 0xD40C,8, 0x7269,1, 0x18C5,37, 0x92EA,1, 0xD40C,48, 0x210A,3,
    0xD40C,8, 0x6A28,1, 0x18C5,37, 0x9B0A,1, 0xD40C,51, 0xAB6B,1, 0xD40C,7, 0x6208,1,
    0x18C5,37, 0x9B0B,1, 0xD40C,51, 0xB36B,1, 0xD40C,7, 0x59E8,1, 0x18C5,40, 0x2906,1,
    0x2926,1, 0x3146,1, 0x3967,1, 0x4187,1, 0xB36B,1, 0xD40C,51, 0x51E8,1, 0x18C5,45,
    0xAB4B,1, 0xD40C,43, 0x9B0B,1, 0xD40C,7, 0x49C7,1, 0x18C5,45, 0xB36B,1, 0xD40C,43,
    0x49A7,1, 0x18C5,53, 0xD40C,44, 0x4187,1, 0x18C5,53, 0xD40C,44, 0x3947,1, 0x18C5,53,
    0xD40C,44, 0x3126,1, 0x18C5,53, 0xD40C,44, 0x2926,1, 0x18C5,53, 0xD40C,44, 0x18C5,54,
    0x51C8,1, 0x59E8,1, 0x5A08,1, 0x6228,1, 0x8ACA,1, 0xA32B,1, 0xB38B,1, 0xD40C,1,
    0x8AAA,1, 0x8ACA,1, 0x92EA,1, 0x9B0A,1, 0xAB6B,1, 0xD40C,31, 0x18C5,58, 0xD40C,4,
    0x3126,1, 0x18C5,3, 0xD40C,4, 0x18C5,8, 0x2926,1, 0x3126,1, 0x3947,1, 0x4187,1,
    0x9B0A,1, 0xB36B,1, 0xD40C,2, 0x6A28,1, 0x6228,1, 0x6A49,1, 0x7269,1, 0x9B0A,1,
    0xA32B,1, 0xAB4B,1, 0xD40C,1, 0x92EA,1, 0x9B0B,1, 0xA32B,1, 0xAB4B,1, 0x18C5,58,
    0xAB6B,1, 0xD40C,3, 0x49A7,1, 0x18C5,3, 0xD40C,4, 0x18C5,12, 0xD40C,4, 0x3946,1,
    0x18C5,3, 0xD40C,4, 0x18C5,62, 0x9B0A,1, 0xD40C,3, 0x6208,1, 0x18C5,3, 0xD40C,4,
    0x2926,1, 0x18C5,11, 0xAB6B,1, 0xD40C,3, 0x49A7,1, 0x18C5,3, 0xD40C,4, 0x18C5,62,
    0x8ACA,1, 0xD40C,3, 0x7A89,1, 0x18C5,3, 0xD40C,4, 0x3946,1, 0x18C5,11, 0x9B0A,1,
    0xD40C,3, 0x6208,1, 0x18C5,3, 0xD40C,4, 0x2926,1, 0x18C5,61, 0x6A49,1, 0xD40C,3,
    0x92C9,1, 0x1083,3, 0xD40C,4, 0x3945,1, 0x1083,11, 0x82A9,1, 0xD40C,3, 0x7268,1,
    0x1083,3, 0xD40C,4, 0x3126,1, 0x18C5,61, 0x51E8,1, 0xD40C,4, 0x0863,3, 0xD40C,4,
    0x3945,1, 0x0863,11, 0x6A27,1, 0xD40C,3, 0x92C9,1, 0x0863,3, 0xD40C,4, 0x3946,1,
    0x18C5,61, 0x3146,1, 0x9B0A,1, 0x7A88,1, 0x6207,1, 0x4165,1, 0x0863,3, 0xD40C,4,
    0x4165,1, 0x0863,11, 0x51A6,1, 0xD40C,4, 0x0863,3, 0xD40C,4, 0x4187,1, 0x18C5,62,
    0x10A4,1, 0x1083,6, 0x59E7,1, 0x6A08,1, 0x59E7,1, 0x49A6,1, 0x18C4,1, 0x1083,11,
    0x3125,1, 0x9AEA,1, 0x8289,1, 0x6207,1, 0x4166,1, 0x1083,3, 0xD40C,4, 0x49A7,1,
    0x18C5,93, 0x3967,2, 0x3126,1, 0x18C5,40,
};

#endif // HAT_MISHAP_FRAMES_H
