#ifndef THINKING_FRAMES_H
#define THINKING_FRAMES_H

/**
 * Auto-generated by png2rgb565.py (RLE compressed, auto-cropped)
 * 32 frame(s), 62x69 pixels
 * Raw: 273,792 bytes, RLE: 55,836 bytes (5x compression)
 * Transparent key: 0x18C5
 */

#include <stdint.h>

#define THINKING_WIDTH  62
#define THINKING_HEIGHT 69
#define THINKING_FRAME_COUNT 32
#define THINKING_TRANSPARENT_KEY 0x18C5

static const uint32_t thinking_frame_offsets[33] = {
    0, 816, 1632, 2448, 3222, 4026, 4830, 5770,
    6726, 7670, 8614, 9582, 10550, 11394, 12238, 13082,
    13924, 14698, 15514, 16300, 17086, 17890, 18830, 19770,
    20726, 21680, 22634, 23612, 24462, 25306, 26150, 27034,
    27918,
};

static const uint16_t thinking_rle_data[] = {
    0x18C5,32, 0x28E3,27, 0x18C5,35, 0x28E3,27, 0x18C5,34, 0x28E3,1, 0xFFFF,27, 0x28E3,2,
    0x18C5,30, 0x28E3,2, 0xFFFF,30, 0x28E3,1, 0x18C5,29, 0x28E3,2, 0xFFFF,30, 0x28E3,1,
    0x18C5,29, 0x28E3,2, 0xFFFF,30, 0x28E3,1, 0x18C5,29, 0x28E3,2, 0xFFFF,30, 0x28E3,1,
    0x18C5,29, 0x28E3,2, 0xFFFF,30, 0x28E3,1, 0x18C5,29, 0x28E3,2, 0xFFFF,30, 0x28E3,1,
    0x18C5,29, 0x28E3,2, 0xFFFF,30, 0x28E3,1, 0x18C5,29, 0x28E3,2, 0xFFFF,30, 0x28E3,1,
    0x18C5,29, 0x28E3,2, 0xFFFF,30, 0x28E3,1, 0x18C5,29, 0x28E3,2, 0xFFFF,30, 0x28E3,1,
    0x18C5,29, 0x28E3,2, 0xFFFF,30, 0x28E3,1, 0x18C5,29, 0x28E3,2, 0xFFFF,30, 0x28E3,1,
    0x18C5,29, 0x28E3,2, 0xFFFF,30, 0x28E3,1, 0x18C5,29, 0x28E3,2, 0xFFFF,30, 0x28E3,1,
    0x18C5,29, 0x28E3,2, 0xFFFF,30, 0x28E3,1, 0x18C5,29, 0x28E3,2, 0xE6FB,30, 0x28E3,1,
    0x18C5,29, 0x28E3,2, 0xE6FB,30, 0x28E3,1, 0x18C5,31, 0x28E3,1, 0xFFFF,27, 0x28E3,2,
    0x18C5,33, 0x28E3,27, 0x18C5,35, 0x28E3,27, 0x18C5,224, 0x28E3,3, 0x18C5,58, 0x28E3,1,
    0xFFFF,3, 0x28E3,2, 0x18C5,56, 0x28E3,1, 0xFFFF,3, 0x28E3,2, 0x18C5,56, 0x28E3,1,
    0xFFFF,3, 0x28E3,2, 0x18C5,57, 0x28E3,3, 0x18C5,59, 0x28E3,3, 0x18C5,239, 0x28E3,3,
    0x18C5,59, 0x28E3,3, 0x18C5,59, 0x28E3,3, 0x18C5,106, 0x4125,1, 0x6984,32, 0x4124,1,
    0x18C5,28, 0x4125,1, 0x6984,32, 0x4124,1, 0x18C5,28, 0x4125,1, 0xBB29,1, 0xF572,28,
    0xDC4D,1, 0xBB29,1, 0x6984,1, 0x4124,1, 0x18C5,28, 0x4125,1, 0xBB29,1, 0xF572,2,
    0xFE98,2, 0xF572,1, 0xDC4D,23, 0xBB29,1, 0x6984,2, 0x4124,1, 0x18C5,28, 0x4125,1,
    0xBB29,1, 0xF572,2, 0xFE98,2, 0xF572,1, 0xDC4D,2, 0xFE98,2, 0x6984,1, 0xDC4D,15,
    0xFE98,2, 0x6984,1, 0xBB29,1, 0x6984,2, 0x4124,1, 0x18C5,22, 0x4125,1, 0x6984,6,
    0xBB29,1, 0xF572,1, 0xDC4D,6, 0xFFFF,2, 0x1882,1, 0xDC4D,15, 0xFFFF,2, 0x1882,1,
    0xBB29,1, 0x6984,2, 0x4124,1, 0x18C5,20, 0x4124,1, 0x6984,2, 0xDC4D,1, 0xF572,7,
    0xDC4D,6, 0xBB29,2, 0x1882,1, 0xDC4D,15, 0xBB29,2, 0x1882,1, 0xBB29,1, 0x6984,2,
    0x4124,1, 0x18C5,20, 0x4124,1, 0x6984,2, 0xDC4D,1, 0xF572,7, 0xDC4D,6, 0x1882,3,
    0xDC4D,15, 0x1882,3, 0xBB29,1, 0x6984,2, 0x4124,1, 0x18C5,20, 0x4124,1, 0x6984,3,
    0xBB29,2, 0xDC4D,4, 0xF572,1, 0xDC4D,6, 0x1882,3, 0xDC4D,15, 0x1882,3, 0xBB29,1,
    0x6984,2, 0x4124,1, 0x18C5,23, 0x4125,1, 0x6984,1, 0xBB29,1, 0xDC4D,4, 0xF572,1,
    0xDC4D,6, 0x1882,3, 0xDC4D,15, 0x1882,3, 0xBB29,1, 0x6984,2, 0x4124,1, 0x18C5,23,
    0x4125,1, 0x6984,1, 0xBB29,1, 0xDC4D,4, 0xF572,1, 0xDC4D,6, 0x6984,3, 0xDC4D,12,
    0xBB29,3, 0x6984,3, 0xBB29,1, 0x6984,2, 0x4124,1, 0x18C5,23, 0x4125,1, 0x6984,1,
    0xBB29,1, 0xDC4D,4, 0xF572,1, 0xDC4D,21, 0x6984,9, 0x4124,1, 0x18C5,20, 0x4124,1,
    0x6984,2, 0xBB29,1, 0xF572,1, 0xDC4D,5, 0xF572,1, 0xDC4D,21, 0x6984,2, 0xBB29,4,
    0x6984,3, 0x4124,1, 0x18C5,20, 0x4124,1, 0x6984,2, 0xBB29,1, 0xF572,1, 0xDC4D,5,
    0xF572,1, 0xDC4D,21, 0x6984,2, 0xDC4D,4, 0x6984,3, 0x4124,1, 0x18C5,20, 0x4124,1,
    0x6984,2, 0xBB29,6, 0xDC4D,1, 0xF572,1, 0xDC4D,21, 0x6984,2, 0xDC4D,3, 0xBB29,1,
    0x6984,3, 0x4124,1, 0x18C5,22, 0x4125,1, 0x6984,6, 0xBB29,1, 0xF572,1, 0xDC4D,21,
    0x6984,2, 0xDC4D,3, 0x6984,1, 0xBB29,1, 0x6984,2, 0x4124,1, 0x18C5,22, 0x4125,1,
    0x6984,6, 0xBB29,1, 0xF572,1, 0xDC4D,21, 0x6984,2, 0xDC4D,3, 0x6984,1, 0xBB29,1,
    0x6984,2, 0x4124,1, 0x18C5,28, 0x4125,1, 0xBB29,1, 0xDC4D,1, 0xBB29,21, 0x6984,2,
    0xDC4D,3, 0x6984,1, 0xBB29,1, 0x6984,2, 0x4124,1, 0x18C5,28, 0x4125,1, 0xBB29,1,
    0xDC4D,1, 0xBB29,21, 0x6984,2, 0xDC4D,3, 0xBB29,1, 0x6984,3, 0x4124,1, 0x18C5,28,
    0x4125,1, 0xBB29,1, 0xDC4D,1, 0xBB29,21, 0x6984,2, 0xBB29,3, 0xDC4D,1, 0x6984,3,
    0x4124,1, 0x18C5,28, 0x4125,1, 0x6984,25, 0xBB29,6, 0x6984,1, 0x4124,1, 0x18C5,31,
    0xBB29,2, 0x6984,1, 0x18C5,3, 0xBB29,2, 0x6984,1, 0x18C5,9, 0xBB29,2, 0x6984,9,
    0x4125,1, 0x18C5,32, 0xBB29,2, 0x6984,1, 0x18C5,3, 0xBB29,2, 0x6984,1, 0x18C5,9,
    0xBB29,2, 0x6984,1, 0x4124,3, 0x6984,3, 0x4124,2, 0x18C5,33, 0xBB29,2, 0x6984,1,
    0x18C5,3, 0xBB29,2, 0x6984,1, 0x18C5,9, 0xBB29,2, 0x6984,1, 0x18C5,3, 0xBB29,2,
    0x6984,1, 0x18C5,35, 0xBB29,2, 0x6984,1, 0x18C5,3, 0xBB29,2, 0x6984,1, 0x18C5,9,
    0xBB29,2, 0x6984,1, 0x18C5,3, 0xBB29,2, 0x6984,1, 0x18C5,35, 0xBB29,2, 0x6984,1,
    0x18C5,3, 0xBB29,2, 0x6984,1, 0x18C5,9, 0xBB29,2, 0x6984,1, 0x18C5,3, 0xBB29,2,
    0x6984,1, 0x18C5,35, 0x6984,3, 0x18C5,3, 0x6984,3, 0x18C5,9, 0x6984,3, 0x18C5,3,
    0x6984,3, 0x18C5,31, 0x1084,36, 0x18C5,26, 0x1084,36, 0x18C5,30, 0x10A4,27, 0x18C5,18,
    0x18C5,32, 0x28E3,27, 0x18C5,35, 0x28E3,27, 0x18C5,34, 0x28E3,1, 0xFFFF,27, 0x28E3,2,
    0x18C5,30, 0x28E3,2, 0xFFFF,30, 0x28E3,1, 0x18C5,29, 0x28E3,2, 0xFFFF,30, 0x28E3,1,
    0x18C5,29, 0x28E3,2, 0xFFFF,30, 0x28E3,1, 0x18C5,29, 0x28E3,2, 0xFFFF,30, 0x28E3,1,
    0x18C5,29, 0x28E3,2, 0xFFFF,30, 0x28E3,1, 0x18C5,29, 0x28E3,2, 0xFFFF,30, 0x28E3,1,
    0x18C5,29, 0x28E3,2, 0xFFFF,30, 0x28E3,1, 0x18C5,29, 0x28E3,2, 0xFFFF,30, 0x28E3,1,
    0x18C5,29, 0x28E3,2, 0xFFFF,30, 0x28E3,1, 0x18C5,29, 0x28E3,2, 0xFFFF,30, 0x28E3,1,
    0x18C5,29, 0x28E3,2, 0xFFFF,30, 0x28E3,1, 0x18C5,29, 0x28E3,2, 0xFFFF,30, 0x28E3,1,
    0x18C5,29, 0x28E3,2, 0xFFFF,30, 0x28E3,1, 0x18C5,29, 0x28E3,2, 0xFFFF,30, 0x28E3,1,
    0x18C5,29, 0x28E3,2, 0xFFFF,30, 0x28E3,1, 0x18C5,29, 0x28E3,2, 0xE6FB,30, 0x28E3,1,
    0x18C5,29, 0x28E3,2, 0xE6FB,30, 0x28E3,1, 0x18C5,31, 0x28E3,1, 0xFFFF,27, 0x28E3,2,
    0x18C5,33, 0x28E3,27, 0x18C5,35, 0x28E3,27, 0x18C5,224, 0x28E3,3, 0x18C5,58, 0x28E3,1,
    0xFFFF,3, 0x28E3,2, 0x18C5,56, 0x28E3,1, 0xFFFF,3, 0x28E3,2, 0x18C5,56, 0x28E3,1,
    0xFFFF,3, 0x28E3,2, 0x18C5,57, 0x28E3,3, 0x18C5,59, 0x28E3,3, 0x18C5,239, 0x28E3,3,
    0x18C5,59, 0x28E3,3, 0x18C5,59, 0x28E3,3, 0x18C5,106, 0x4125,1, 0x6984,32, 0x4124,1,
    0x18C5,28, 0x4125,1, 0x6984,32, 0x4124,1, 0x18C5,28, 0x4125,1, 0xBB29,1, 0xF572,28,
    0xDC4D,1, 0xBB29,1, 0x6984,1, 0x4124,1, 0x18C5,28, 0x4125,1, 0xBB29,1, 0xF572,2,
    0xFE98,2, 0xF572,1, 0xDC4D,23, 0xBB29,1, 0x6984,2, 0x4124,1, 0x18C5,28, 0x4125,1,
    0xBB29,1, 0xF572,2, 0xFE98,2, 0xF572,1, 0xDC4D,2, 0xFE98,2, 0x6984,1, 0xDC4D,15,
    0xFE98,2, 0x6984,1, 0xBB29,1, 0x6984,2, 0x4124,1, 0x18C5,22, 0x4125,1, 0x6984,6,
    0xBB29,1, 0xF572,1, 0xDC4D,6, 0xFFFF,2, 0x1882,1, 0xDC4D,15, 0xFFFF,2, 0x1882,1,
    0xBB29,1, 0x6984,2, 0x4124,1, 0x18C5,20, 0x4124,1, 0x6984,2, 0xDC4D,1, 0xF572,7,
    0xDC4D,6, 0xBB29,2, 0x1882,1, 0xDC4D,15, 0xBB29,2, 0x1882,1, 0xBB29,1, 0x6984,2,
    0x4124,1, 0x18C5,20, 0x4124,1, 0x6984,2, 0xDC4D,1, 0xF572,7, 0xDC4D,6, 0x1882,3,
    0xDC4D,15, 0x1882,3, 0xBB29,1, 0x6984,2, 0x4124,1, 0x18C5,20, 0x4124,1, 0x6984,3,
    0xBB29,2, 0xDC4D,4, 0xF572,1, 0xDC4D,6, 0x1882,3, 0xDC4D,15, 0x1882,3, 0xBB29,1,
    0x6984,2, 0x4124,1, 0x18C5,23, 0x4125,1, 0x6984,1, 0xBB29,1, 0xDC4D,4, 0xF572,1,
    0xDC4D,6, 0x1882,3, 0xDC4D,15, 0x1882,3, 0xBB29,1, 0x6984,2, 0x4124,1, 0x18C5,23,
    0x4125,1, 0x6984,1, 0xBB29,1, 0xDC4D,4, 0xF572,1, 0xDC4D,6, 0x6984,3, 0xDC4D,12,
    0xBB29,3, 0x6984,3, 0xBB29,1, 0x6984,2, 0x4124,1, 0x18C5,23, 0x4125,1, 0x6984,1,
    0xBB29,1, 0xDC4D,4, 0xF572,1, 0xDC4D,21, 0x6984,9, 0x4124,1, 0x18C5,20, 0x4124,1,
    0x6984,2, 0xBB29,1, 0xF572,1, 0xDC4D,5, 0xF572,1, 0xDC4D,21, 0x6984,2, 0xBB29,4,
    0x6984,3, 0x4124,1, 0x18C5,20, 0x4124,1, 0x6984,2, 0xBB29,1, 0xF572,1, 0xDC4D,5,
    0xF572,1, 0xDC4D,21, 0x6984,2, 0xDC4D,4, 0x6984,3, 0x4124,1, 0x18C5,20, 0x4124,1,
    0x6984,2, 0xBB29,6, 0xDC4D,1, 0xF572,1, 0xDC4D,21, 0x6984,2, 0xDC4D,3, 0xBB29,1,
    0x6984,3, 0x4124,1, 0x18C5,22, 0x4125,1, 0x6984,6, 0xBB29,1, 0xF572,1, 0xDC4D,21,
    0x6984,2, 0xDC4D,3, 0x6984,1, 0xBB29,1, 0x6984,2, 0x4124,1, 0x18C5,22, 0x4125,1,
    0x6984,6, 0xBB29,1, 0xF572,1, 0xDC4D,21, 0x6984,2, 0xDC4D,3, 0x6984,1, 0xBB29,1,
    0x6984,2, 0x4124,1, 0x18C5,28, 0x4125,1, 0xBB29,1, 0xDC4D,1, 0xBB29,21, 0x6984,2,
    0xDC4D,3, 0x6984,1, 0xBB29,1, 0x6984,2, 0x4124,1, 0x18C5,28, 0x4125,1, 0xBB29,1,
    0xDC4D,1, 0xBB29,21, 0x6984,2, 0xDC4D,3, 0xBB29,1, 0x6984,3, 0x4124,1, 0x18C5,28,
    0x4125,1, 0xBB29,1, 0xDC4D,1, 0xBB29,21, 0x6984,2, 0xBB29,3, 0xDC4D,1, 0x6984,3,
    0x4124,1, 0x18C5,28, 0x4125,1, 0x6984,25, 0xBB29,6, 0x6984,1, 0x4124,1, 0x18C5,31,
    0xBB29,2, 0x6984,1, 0x18C5,3, 0xBB29,2, 0x6984,1, 0x18C5,9, 0xBB29,2, 0x6984,9,
    0x4125,1, 0x18C5,32, 0xBB29,2, 0x6984,1, 0x18C5,3, 0xBB29,2, 0x6984,1, 0x18C5,9,
    0xBB29,2, 0x6984,1, 0x4124,3, 0x6984,3, 0x4124,2, 0x18C5,33, 0xBB29,2, 0x6984,1,
    0x18C5,3, 0xBB29,2, 0x6984,1, 0x18C5,9, 0xBB29,2, 0x6984,1, 0x18C5,3, 0xBB29,2,
    0x6984,1, 0x18C5,35, 0xBB29,2, 0x6984,1, 0x18C5,3, 0xBB29,2, 0x6984,1, 0x18C5,9,
    0xBB29,2, 0x6984,1, 0x18C5,3, 0xBB29,2, 0x6984,1, 0x18C5,35, 0xBB29,2, 0x6984,1,
    0x18C5,3, 0xBB29,2, 0x6984,1, 0x18C5,9, 0xBB29,2, 0x6984,1, 0x18C5,3, 0xBB29,2,
    0x6984,1, 0x18C5,35, 0x6984,3, 0x18C5,3, 0x6984,3, 0x18C5,9, 0x6984,3, 0x18C5,3,
    0x6984,3, 0x18C5,31, 0x1084,36, 0x18C5,26, 0x1084,36, 0x18C5,30, 0x10A4,27, 0x18C5,18,
    0x18C5,32, 0x28E3,27, 0x18C5,35, 0x28E3,27, 0x18C5,34, 0x28E3,1, 0xFFFF,27, 0x28E3,2,
    0x18C5,30, 0x28E3,2, 0xFFFF,30, 0x28E3,1, 0x18C5,29, 0x28E3,2, 0xFFFF,30, 0x28E3,1,
    0x18C5,29, 0x28E3,2, 0xFFFF,30, 0x28E3,1, 0x18C5,29, 0x28E3,2, 0xFFFF,30, 0x28E3,1,
    0x18C5,29, 0x28E3,2, 0xFFFF,30, 0x28E3,1, 0x18C5,29, 0x28E3,2, 0xFFFF,30, 0x28E3,1,
    0x18C5,29, 0x28E3,2, 0xFFFF,30, 0x28E3,1, 0x18C5,29, 0x28E3,2, 0xFFFF,30, 0x28E3,1,
    0x18C5,29, 0x28E3,2, 0xFFFF,30, 0x28E3,1, 0x18C5,29, 0x28E3,2, 0xFFFF,30, 0x28E3,1,
    0x18C5,29, 0x28E3,2, 0xFFFF,30, 0x28E3,1, 0x18C5,29, 0x28E3,2, 0xFFFF,30, 0x28E3,1,
    0x18C5,29, 0x28E3,2, 0xFFFF,30, 0x28E3,1, 0x18C5,29, 0x28E3,2, 0xFFFF,30, 0x28E3,1,
    0x18C5,29, 0x28E3,2, 0xFFFF,30, 0x28E3,1, 0x18C5,29, 0x28E3,2, 0xE6FB,30, 0x28E3,1,
    0x18C5,29, 0x28E3,2, 0xE6FB,30, 0x28E3,1, 0x18C5,31, 0x28E3,1, 0xFFFF,27, 0x28E3,2,
    0x18C5,33, 0x28E3,27, 0x18C5,35, 0x28E3,27, 0x18C5,224, 0x28E3,3, 0x18C5,58, 0x28E3,1,
    0xFFFF,3, 0x28E3,2, 0x18C5,56, 0x28E3,1, 0xFFFF,3, 0x28E3,2, 0x18C5,56, 0x28E3,1,
    0xFFFF,3, 0x28E3,2, 0x18C5,57, 0x28E3,3, 0x18C5,59, 0x28E3,3, 0x18C5,239, 0x28E3,3,
    0x18C5,59, 0x28E3,3, 0x18C5,59, 0x28E3,3, 0x18C5,106, 0x4125,1, 0x6984,32, 0x4124,1,
    0x18C5,28, 0x4125,1, 0x6984,32, 0x4124,1, 0x18C5,28, 0x4125,1, 0xBB29,1, 0xF572,28,
    0xDC4D,1, 0xBB29,1, 0x6984,1, 0x4124,1, 0x18C5,28, 0x4125,1, 0xBB29,1, 0xF572,2,
    0xFE98,2, 0xF572,1, 0xDC4D,23, 0xBB29,1, 0x6984,2, 0x4124,1, 0x18C5,28, 0x4125,1,
    0xBB29,1, 0xF572,2, 0xFE98,2, 0xF572,1, 0xDC4D,2, 0xFE98,2, 0x6984,1, 0xDC4D,15,
    0xFE98,2, 0x6984,1, 0xBB29,1, 0x6984,2, 0x4124,1, 0x18C5,22, 0x4125,1, 0x6984,6,
    0xBB29,1, 0xF572,1, 0xDC4D,6, 0xFFFF,2, 0x1882,1, 0xDC4D,15, 0xFFFF,2, 0x1882,1,
    0xBB29,1, 0x6984,2, 0x4124,1, 0x18C5,20, 0x4124,1, 0x6984,2, 0xDC4D,1, 0xF572,7,
    0xDC4D,6, 0xBB29,2, 0x1882,1, 0xDC4D,15, 0xBB29,2, 0x1882,1, 0xBB29,1, 0x6984,2,
    0x4124,1, 0x18C5,20, 0x4124,1, 0x6984,2, 0xDC4D,1, 0xF572,7, 0xDC4D,6, 0x1882,3,
    0xDC4D,15, 0x1882,3, 0xBB29,1, 0x6984,2, 0x4124,1, 0x18C5,20, 0x4124,1, 0x6984,3,
    0xBB29,2, 0xDC4D,4, 0xF572,1, 0xDC4D,6, 0x1882,3, 0xDC4D,15, 0x1882,3, 0xBB29,1,
    0x6984,2, 0x4124,1, 0x18C5,23, 0x4125,1, 0x6984,1, 0xBB29,1, 0xDC4D,4, 0xF572,1,
    0xDC4D,6, 0x1882,3, 0xDC4D,15, 0x1882,3, 0xBB29,1, 0x6984,2, 0x4124,1, 0x18C5,23,
    0x4125,1, 0x6984,1, 0xBB29,1, 0xDC4D,4, 0xF572,1, 0xDC4D,6, 0x6984,3, 0xDC4D,12,
    0xBB29,3, 0x6984,3, 0xBB29,1, 0x6984,2, 0x4124,1, 0x18C5,23, 0x4125,1, 0x6984,1,
    0xBB29,1, 0xDC4D,4, 0xF572,1, 0xDC4D,21, 0x6984,9, 0x4124,1, 0x18C5,20, 0x4124,1,
    0x6984,2, 0xBB29,1, 0xF572,1, 0xDC4D,5, 0xF572,1, 0xDC4D,21, 0x6984,2, 0xBB29,4,
    0x6984,3, 0x4124,1, 0x18C5,20, 0x4124,1, 0x6984,2, 0xBB29,1, 0xF572,1, 0xDC4D,5,
    0xF572,1, 0xDC4D,21, 0x6984,2, 0xDC4D,4, 0x6984,3, 0x4124,1, 0x18C5,20, 0x4124,1,
    0x6984,2, 0xBB29,6, 0xDC4D,1, 0xF572,1, 0xDC4D,21, 0x6984,2, 0xDC4D,3, 0xBB29,1,
    0x6984,3, 0x4124,1, 0x18C5,22, 0x4125,1, 0x6984,6, 0xBB29,1, 0xF572,1, 0xDC4D,21,
    0x6984,2, 0xDC4D,3, 0x6984,1, 0xBB29,1, 0x6984,2, 0x4124,1, 0x18C5,22, 0x4125,1,
    0x6984,6, 0xBB29,1, 0xF572,1, 0xDC4D,21, 0x6984,2, 0xDC4D,3, 0x6984,1, 0xBB29,1,
    0x6984,2, 0x4124,1, 0x18C5,28, 0x4125,1, 0xBB29,1, 0xDC4D,1, 0xBB29,21, 0x6984,2,
    0xDC4D,3, 0x6984,1, 0xBB29,1, 0x6984,2, 0x4124,1, 0x18C5,28, 0x4125,1, 0xBB29,1,
    0xDC4D,1, 0xBB29,21, 0x6984,2, 0xDC4D,3, 0xBB29,1, 0x6984,3, 0x4124,1, 0x18C5,28,
    0x4125,1, 0xBB29,1, 0xDC4D,1, 0xBB29,21, 0x6984,2, 0xBB29,3, 0xDC4D,1, 0x6984,3,
    0x4124,1, 0x18C5,28, 0x4125,1, 0x6984,25, 0xBB29,6, 0x6984,1, 0x4124,1, 0x18C5,31,
    0xBB29,2, 0x6984,1, 0x18C5,3, 0xBB29,2, 0x6984,1, 0x18C5,9, 0xBB29,2, 0x6984,9,
    0x4125,1, 0x18C5,32, 0xBB29,2, 0x6984,1, 0x18C5,3, 0xBB29,2, 0x6984,1, 0x18C5,9,
    0xBB29,2, 0x6984,1, 0x4124,3, 0x6984,3, 0x4124,2, 0x18C5,33, 0xBB29,2, 0x6984,1,
    0x18C5,3, 0xBB29,2, 0x6984,1, 0x18C5,9, 0xBB29,2, 0x6984,1, 0x18C5,3, 0xBB29,2,
    0x6984,1, 0x18C5,35, 0xBB29,2, 0x6984,1, 0x18C5,3, 0xBB29,2, 0x6984,1, 0x18C5,9,
    0xBB29,2, 0x6984,1, 0x18C5,3, 0xBB29,2, 0x6984,1, 0x18C5,35, 0xBB29,2, 0x6984,1,
    0x18C5,3, 0xBB29,2, 0x6984,1, 0x18C5,9, 0xBB29,2, 0x6984,1, 0x18C5,3, 0xBB29,2,
    0x6984,1, 0x18C5,35, 0x6984,3, 0x18C5,3, 0x6984,3, 0x18C5,9, 0x6984,3, 0x18C5,3,
    0x6984,3, 0x18C5,31, 0x1084,36, 0x18C5,26, 0x1084,36, 0x18C5,30, 0x10A4,27, 0x18C5,18,
    0x18C5,32, 0x28E3,27, 0x18C5,35, 0x28E3,27, 0x18C5,34, 0x28E3,1, 0xFFFF,27, 0x28E3,2,
    0x18C5,30, 0x28E3,2, 0xFFFF,30, 0x28E3,1, 0x18C5,29, 0x28E3,2, 0xFFFF,30, 0x28E3,1,
    0x18C5,29, 0x28E3,2, 0xFFFF,30, 0x28E3,1, 0x18C5,29, 0x28E3,2, 0xFFFF,30, 0x28E3,1,
    0x18C5,29, 0x28E3,2, 0xFFFF,30, 0x28E3,1, 0x18C5,29, 0x28E3,2, 0xFFFF,30, 0x28E3,1,
    0x18C5,29, 0x28E3,2, 0xFFFF,30, 0x28E3,1, 0x18C5,29, 0x28E3,2, 0xFFFF,30, 0x28E3,1,
    0x18C5,29, 0x28E3,2, 0xFFFF,30, 0x28E3,1, 0x18C5,29, 0x28E3,2, 0xFFFF,30, 0x28E3,1,
    0x18C5,29, 0x28E3,2, 0xFFFF,30, 0x28E3,1, 0x18C5,29, 0x28E3,2, 0xFFFF,30, 0x28E3,1,
    0x18C5,29, 0x28E3,2, 0xFFFF,30, 0x28E3,1, 0x18C5,29, 0x28E3,2, 0xFFFF,30, 0x28E3,1,
    0x18C5,29, 0x28E3,2, 0xFFFF,30, 0x28E3,1, 0x18C5,29, 0x28E3,2, 0xE6FB,30, 0x28E3,1,
    0x18C5,29, 0x28E3,2, 0xE6FB,30, 0x28E3,1, 0x18C5,31, 0x28E3,1, 0xFFFF,27, 0x28E3,2,
    0x18C5,33, 0x28E3,27, 0x18C5,35, 0x28E3,27, 0x18C5,224, 0x28E3,3, 0x18C5,58, 0x28E3,1,
    0xFFFF,3, 0x28E3,2, 0x18C5,56, 0x28E3,1, 0xFFFF,3, 0x28E3,2, 0x18C5,56, 0x28E3,1,
    0xFFFF,3, 0x28E3,2, 0x18C5,57, 0x28E3,3, 0x18C5,59, 0x28E3,3, 0x18C5,239, 0x28E3,3,
    0x18C5,59, 0x28E3,3, 0x18C5,59, 0x28E3,3, 0x18C5,105, 0x6984,33, 0x18C5,29, 0x6984,33,
    0x18C5,29, 0x6984,1, 0xF572,29, 0xDC4D,1, 0x6984,2, 0x18C5,29, 0x6984,1, 0xF572,2,
    0xFE98,3, 0xDC4D,24, 0xBB29,1, 0x6984,2, 0x18C5,29, 0x6984,1, 0xF572,2, 0xFE98,3,
    0xDC4D,2, 0xF572,1, 0xFE98,1, 0xDC4D,1, 0xBB29,1, 0xDC4D,14, 0xF572,1, 0xFE98,1,
    0xDC4D,1, 0xBB29,2, 0x6984,2, 0x18C5,23, 0x6984,7, 0xF572,2, 0xDC4D,5, 0xFE98,1,
    0xFFFF,1, 0xBB29,1, 0x6984,1, 0xDC4D,14, 0xFE98,1, 0xFFFF,1, 0xBB29,1, 0x6984,1,
    0xBB29,1, 0x6984,2, 0x18C5,21, 0x6984,2, 0xBB29,1, 0xF572,8, 0xDC4D,6, 0xBB29,1,
    0x6984,2, 0xDC4D,15, 0xBB29,1, 0x6984,2, 0xBB29,1, 0x6984,2, 0x18C5,21, 0x6984,2,
    0xBB29,1, 0xF572,8, 0xDC4D,5, 0x6984,1, 0x1882,2, 0x6984,1, 0xDC4D,14, 0x6984,1,
    0x1882,2, 0x6984,1, 0xBB29,1, 0x6984,2, 0x18C5,21, 0x6984,3, 0xBB29,2, 0xDC4D,4,
    0xF572,2, 0xDC4D,5, 0x6984,1, 0x1882,2, 0x6984,1, 0xDC4D,14, 0x6984,1, 0x1882,2,
    0x6984,1, 0xBB29,1, 0x6984,2, 0x18C5,24, 0x6984,2, 0xDC4D,4, 0xF572,2, 0xDC4D,5,
    0x6984,1, 0x1882,2, 0x6984,1, 0xDC4D,14, 0x6984,1, 0x1882,2, 0x6984,1, 0xBB29,1,
    0x6984,2, 0x18C5,24, 0x6984,2, 0xDC4D,4, 0xF572,2, 0xDC4D,5, 0xBB29,1, 0x6984,2,
    0xBB29,1, 0xDC4D,11, 0xBB29,3, 0x6984,7, 0x18C5,24, 0x6984,2, 0xDC4D,4, 0xF572,2,
    0xDC4D,20, 0xBB29,1, 0x6984,9, 0x18C5,21, 0x6984,3, 0xF572,2, 0xDC4D,4, 0xF572,2,
    0xDC4D,20, 0xBB29,1, 0x6984,1, 0xBB29,5, 0x6984,3, 0x18C5,21, 0x6984,3, 0xF572,2,
    0xDC4D,4, 0xF572,2, 0xDC4D,20, 0xBB29,1, 0x6984,1, 0xBB29,1, 0xDC4D,3, 0xBB29,1,
    0x6984,3, 0x18C5,21, 0x6984,2, 0xBB29,7, 0xF572,2, 0xDC4D,20, 0xBB29,1, 0x6984,1,
    0xBB29,1, 0xDC4D,2, 0xBB29,1, 0x6984,4, 0x18C5,23, 0x6984,7, 0xF572,2, 0xDC4D,20,
    0xBB29,1, 0x6984,1, 0xBB29,1, 0xDC4D,2, 0xBB29,2, 0x6984,3, 0x18C5,23, 0x6984,7,
    0xF572,2, 0xDC4D,20, 0xBB29,1, 0x6984,1, 0xBB29,1, 0xDC4D,2, 0xBB29,3, 0x6984,2,
    0x18C5,29, 0x6984,1, 0xDC4D,2, 0xBB29,20, 0x6984,2, 0xBB29,1, 0xDC4D,2, 0xBB29,1,
    0x6984,1, 0xBB29,1, 0x6984,2, 0x18C5,29, 0x6984,1, 0xDC4D,2, 0xBB29,20, 0x6984,2,
    0xBB29,1, 0xDC4D,3, 0xBB29,1, 0x6984,3, 0x18C5,29, 0x6984,1, 0xDC4D,2, 0xBB29,20,
    0x6984,2, 0xBB29,3, 0xDC4D,1, 0xBB29,1, 0x6984,3, 0x18C5,29, 0x6984,26, 0xBB29,5,
    0x6984,2, 0x18C5,33, 0xBB29,2, 0x6984,1, 0x18C5,3, 0xBB29,2, 0x6984,1, 0x18C5,9,
    0xBB29,1, 0x6984,8, 0x69A5,1, 0x28E5,1, 0x18C5,33, 0xBB29,2, 0x6984,1, 0x18C5,3,
    0xBB29,2, 0x6984,1, 0x18C5,9, 0xBB29,2, 0x6984,1, 0x4124,3, 0x6984,3, 0x28E5,1,
    0x18C5,34, 0xBB29,2, 0x6984,1, 0x18C5,3, 0xBB29,2, 0x6984,1, 0x18C5,9, 0xBB29,2,
    0x6984,1, 0x18C5,3, 0xBB29,2, 0x6984,1, 0x18C5,35, 0xBB29,2, 0x6984,1, 0x18C5,3,
    0xBB29,2, 0x6984,1, 0x18C5,9, 0xBB29,2, 0x6984,1, 0x18C5,3, 0xBB29,2, 0x6984,1,
    0x18C5,35, 0xBB29,2, 0x6984,1, 0x18C5,3, 0xBB29,2, 0x6984,1, 0x18C5,9, 0xBB29,2,
    0x6984,1, 0x18C5,3, 0xBB29,2, 0x6984,1, 0x18C5,35, 0x6984,3, 0x18C5,3, 0x6984,3,
    0x18C5,9, 0x6984,3, 0x18C5,3, 0x6984,3, 0x18C5,31, 0x1084,36, 0x18C5,26, 0x1084,36,
    0x18C5,30, 0x10A4,27, 0x18C5,18, 0x18C5,32, 0x28E3,27, 0x18C5,35, 0x28E3,27, 0x18C5,34,
    0x28E3,1, 0xFFFF,27, 0x28E3,2, 0x18C5,30, 0x28E3,2, 0xFFFF,30, 0x28E3,1, 0x18C5,29,
    0x28E3,2, 0xFFFF,30, 0x28E3,1, 0x18C5,29, 0x28E3,2, 0xFFFF,30, 0x28E3,1, 0x18C5,29,
    0x28E3,2, 0xFFFF,30, 0x28E3,1, 0x18C5,29, 0x28E3,2, 0xFFFF,5, 0xE6FB,4, 0xFFFF,21,
    0x28E3,1, 0x18C5,29, 0x28E3,2, 0xFFFF,5, 0xE6FB,1, 0x2BFC,2, 0xE6FB,1, 0xFFFF,21,
    0x28E3,1, 0x18C5,29, 0x28E3,2, 0xFFFF,5, 0xE6FB,1, 0x2BFC,2, 0xE6FB,1, 0xFFFF,21,
    0x28E3,1, 0x18C5,29, 0x28E3,2, 0xFFFF,5, 0xE6FB,4, 0xFFFF,21, 0x28E3,1, 0x18C5,29,
    0x28E3,2, 0xFFFF,30, 0x28E3,1, 0x18C5,29, 0x28E3,2, 0xFFFF,30, 0x28E3,1, 0x18C5,29,
    0x28E3,2, 0xFFFF,30, 0x28E3,1, 0x18C5,29, 0x28E3,2, 0xFFFF,30, 0x28E3,1, 0x18C5,29,
    0x28E3,2, 0xFFFF,30, 0x28E3,1, 0x18C5,29, 0x28E3,2, 0xFFFF,30, 0x28E3,1, 0x18C5,29,
    0x28E3,2, 0xFFFF,30, 0x28E3,1, 0x18C5,29, 0x28E3,2, 0xE6FB,30, 0x28E3,1, 0x18C5,29,
    0x28E3,2, 0xE6FB,30, 0x28E3,1, 0x18C5,31, 0x28E3,1, 0xFFFF,27, 0x28E3,2, 0x18C5,33,
    0x28E3,27, 0x18C5,35, 0x28E3,27, 0x18C5,224, 0x28E3,3, 0x18C5,58, 0x28E3,1, 0xFFFF,3,
    0x28E3,2, 0x18C5,56, 0x28E3,1, 0xFFFF,3, 0x28E3,2, 0x18C5,56, 0x28E3,1, 0xFFFF,3,
    0x28E3,2, 0x18C5,57, 0x28E3,3, 0x18C5,59, 0x28E3,3, 0x18C5,239, 0x28E3,3, 0x18C5,59,
    0x28E3,3, 0x18C5,59, 0x28E3,3, 0x18C5,105, 0x6984,33, 0x18C5,29, 0x6984,33, 0x18C5,29,
    0x6984,1, 0xF572,29, 0xDC4D,1, 0x6984,2, 0x18C5,29, 0x6984,1, 0xF572,2, 0xFE98,3,
    0xDC4D,24, 0xBB29,1, 0x6984,2, 0x18C5,29, 0x6984,1, 0xF572,2, 0xFE98,3, 0xDC4D,2,
    0xF572,1, 0xFE98,1, 0xDC4D,1, 0xBB29,1, 0xDC4D,14, 0xF572,1, 0xFE98,1, 0xDC4D,1,
    0xBB29,2, 0x6984,2, 0x18C5,23, 0x6984,7, 0xF572,2, 0xDC4D,5, 0xFE98,1, 0xFFFF,1,
    0xBB29,1, 0x6984,1, 0xDC4D,14, 0xFE98,1, 0xFFFF,1, 0xBB29,1, 0x6984,1, 0xBB29,1,
    0x6984,2, 0x18C5,21, 0x6984,2, 0xBB29,1, 0xF572,8, 0xDC4D,6, 0xBB29,1, 0x6984,2,
    0xDC4D,15, 0xBB29,1, 0x6984,2, 0xBB29,1, 0x6984,2, 0x18C5,21, 0x6984,2, 0xBB29,1,
    0xF572,8, 0xDC4D,5, 0x6984,1, 0x1882,2, 0x6984,1, 0xDC4D,14, 0x6984,1, 0x1882,2,
    0x6984,1, 0xBB29,1, 0x6984,2, 0x18C5,21, 0x6984,3, 0xBB29,2, 0xDC4D,4, 0xF572,2,
    0xDC4D,5, 0x6984,1, 0x1882,2, 0x6984,1, 0xDC4D,14, 0x6984,1, 0x1882,2, 0x6984,1,
    0xBB29,1, 0x6984,2, 0x18C5,24, 0x6984,2, 0xDC4D,4, 0xF572,2, 0xDC4D,5, 0x6984,1,
    0x1882,2, 0x6984,1, 0xDC4D,11, 0xBB29,1, 0x6984,2, 0x28E3,1, 0x1882,2, 0x28E3,1,
    0x6984,3, 0x18C5,24, 0x6984,2, 0xDC4D,4, 0xF572,2, 0xDC4D,5, 0xBB29,1, 0x6984,2,
    0xBB29,1, 0xDC4D,11, 0xBB29,1, 0x6984,3, 0x28E3,2, 0x6984,4, 0x18C5,24, 0x6984,2,
    0xDC4D,4, 0xF572,2, 0xDC4D,20, 0xBB29,1, 0x6984,1, 0xBB29,1, 0xF572,3, 0xDC4D,1,
    0xBB29,1, 0x6984,2, 0x18C5,21, 0x6984,3, 0xF572,2, 0xDC4D,4, 0xF572,2, 0xDC4D,20,
    0xBB29,1, 0x6984,1, 0xBB29,1, 0xDC4D,2, 0xBB29,1, 0x6984,4, 0x18C5,21, 0x6984,3,
    0xF572,2, 0xDC4D,4, 0xF572,2, 0xDC4D,20, 0xBB29,1, 0x6984,1, 0xBB29,1, 0xDC4D,2,
    0xBB29,1, 0x6984,4, 0x18C5,21, 0x6984,2, 0xBB29,7, 0xF572,2, 0xDC4D,20, 0xBB29,1,
    0x6984,1, 0xBB29,1, 0xDC4D,2, 0xBB29,3, 0x6984,2, 0x18C5,23, 0x6984,7, 0xF572,2,
    0xDC4D,20, 0xBB29,1, 0x6984,1, 0xBB29,1, 0xDC4D,2, 0xBB29,3, 0x6984,2, 0x18C5,23,
    0x6984,7, 0xF572,2, 0xDC4D,20, 0xBB29,1, 0x6984,1, 0xBB29,1, 0xDC4D,2, 0xBB29,3,
    0x6984,2, 0x18C5,29, 0x6984,1, 0xDC4D,2, 0xBB29,20, 0x6984,2, 0xBB29,1, 0xDC4D,3,
    0xBB29,1, 0x6984,3, 0x18C5,29, 0x6984,1, 0xDC4D,2, 0xBB29,20, 0x6984,3, 0xBB29,5,
    0x6984,2, 0x18C5,29, 0x6984,1, 0xDC4D,2, 0xBB29,20, 0x6984,3, 0xBB29,5, 0x6984,2,
    0x18C5,29, 0x6984,33, 0x18C5,33, 0xBB29,2, 0x6984,1, 0x18C5,3, 0xBB29,2, 0x6984,1,
    0x18C5,9, 0xBB29,2, 0x6984,1, 0x18C5,3, 0xBB29,2, 0x6984,1, 0x18C5,35, 0xBB29,2,
    0x6984,1, 0x18C5,3, 0xBB29,2, 0x6984,1, 0x18C5,9, 0xBB29,2, 0x6984,1, 0x18C5,3,
    0xBB29,2, 0x6984,1, 0x18C5,35, 0xBB29,2, 0x6984,1, 0x18C5,3, 0xBB29,2, 0x6984,1,
    0x18C5,9, 0xBB29,2, 0x6984,1, 0x18C5,3, 0xBB29,2, 0x6984,1, 0x18C5,35, 0xBB29,2,
    0x6984,1, 0x18C5,3, 0xBB29,2, 0x6984,1, 0x18C5,9, 0xBB29,2, 0x6984,1, 0x18C5,3,
    0xBB29,2, 0x6984,1, 0x18C5,35, 0xBB29,2, 0x6984,1, 0x18C5,3, 0xBB29,2, 0x6984,1,
    0x18C5,9, 0xBB29,2, 0x6984,1, 0x18C5,3, 0xBB29,2, 0x6984,1, 0x18C5,35, 0x6984,3,
    0x18C5,3, 0x6984,3, 0x18C5,9, 0x6984,3, 0x18C5,3, 0x6984,3, 0x18C5,31, 0x1084,36,
    0x18C5,26, 0x1084,36, 0x18C5,30, 0x10A4,27, 0x18C5,18, 0x18C5,32, 0x28E3,27, 0x18C5,35,
    0x28E3,27, 0x18C5,34, 0x28E3,1, 0xFFFF,27, 0x28E3,2, 0x18C5,30, 0x28E3,2, 0xFFFF,30,
    0x28E3,1, 0x18C5,29, 0x28E3,2, 0xFFFF,30, 0x28E3,1, 0x18C5,29, 0x28E3,2, 0xFFFF,30,
    0x28E3,1, 0x18C5,29, 0x28E3,2, 0xFFFF,30, 0x28E3,1, 0x18C5,29, 0x28E3,2, 0xFFFF,5,
    0xE6FB,4, 0xFFFF,21, 0x28E3,1, 0x18C5,29, 0x28E3,2, 0xFFFF,5, 0xE6FB,1, 0x2BFC,2,
    0xE6FB,1, 0xFFFF,21, 0x28E3,1, 0x18C5,29, 0x28E3,2, 0xFFFF,5, 0xE6FB,1, 0x2BFC,2,
    0xE6FB,1, 0xFFFF,21, 0x28E3,1, 0x18C5,29, 0x28E3,2, 0xFFFF,5, 0xE6FB,4, 0xFFFF,21,
    0x28E3,1, 0x18C5,29, 0x28E3,2, 0xFFFF,30, 0x28E3,1, 0x18C5,29, 0x28E3,2, 0xFFFF,30,
    0x28E3,1, 0x18C5,29, 0x28E3,2, 0xFFFF,30, 0x28E3,1, 0x18C5,29, 0x28E3,2, 0xFFFF,30,
    0x28E3,1, 0x18C5,29, 0x28E3,2, 0xFFFF,30, 0x28E3,1, 0x18C5,29, 0x28E3,2, 0xFFFF,30,
    0x28E3,1, 0x18C5,29, 0x28E3,2, 0xFFFF,30, 0x28E3,1, 0x18C5,29, 0x28E3,2, 0xE6FB,30,
    0x28E3,1, 0x18C5,29, 0x28E3,2, 0xE6FB,30, 0x28E3,1, 0x18C5,31, 0x28E3,1, 0xFFFF,27,
    0x28E3,2, 0x18C5,33, 0x28E3,27, 0x18C5,35, 0x28E3,27, 0x18C5,224, 0x28E3,3, 0x18C5,58,
    0x28E3,1, 0xFFFF,3, 0x28E3,2, 0x18C5,56, 0x28E3,1, 0xFFFF,3, 0x28E3,2, 0x18C5,56,
    0x28E3,1, 0xFFFF,3, 0x28E3,2, 0x18C5,57, 0x28E3,3, 0x18C5,59, 0x28E3,3, 0x18C5,239,
    0x28E3,3, 0x18C5,59, 0x28E3,3, 0x18C5,59, 0x28E3,3, 0x18C5,105, 0x6984,33, 0x18C5,29,
    0x6984,33, 0x18C5,29, 0x6984,1, 0xF572,29, 0xDC4D,1, 0x6984,2, 0x18C5,29, 0x6984,1,
    0xF572,2, 0xFE98,3, 0xDC4D,24, 0xBB29,1, 0x6984,2, 0x18C5,29, 0x6984,1, 0xF572,2,
    0xFE98,3, 0xDC4D,2, 0xF572,1, 0xFE98,1, 0xDC4D,1, 0xBB29,1, 0xDC4D,14, 0xF572,1,
    0xFE98,1, 0xDC4D,1, 0xBB29,2, 0x6984,2, 0x18C5,23, 0x6984,7, 0xF572,2, 0xDC4D,5,
    0xFE98,1, 0xFFFF,1, 0xBB29,1, 0x6984,1, 0xDC4D,14, 0xFE98,1, 0xFFFF,1, 0xBB29,1,
    0x6984,1, 0xBB29,1, 0x6984,2, 0x18C5,21, 0x6984,2, 0xBB29,1, 0xF572,8, 0xDC4D,6,
    0xBB29,1, 0x6984,2, 0xDC4D,15, 0xBB29,1, 0x6984,2, 0xBB29,1, 0x6984,2, 0x18C5,21,
    0x6984,2, 0xBB29,1, 0xF572,8, 0xDC4D,5, 0x6984,1, 0x1882,2, 0x6984,1, 0xDC4D,14,
    0x6984,1, 0x1882,2, 0x6984,1, 0xBB29,1, 0x6984,2, 0x18C5,21, 0x6984,3, 0xBB29,2,
    0xDC4D,4, 0xF572,2, 0xDC4D,5, 0x6984,1, 0x1882,2, 0x6984,1, 0xDC4D,14, 0x6984,1,
    0x1882,2, 0x6984,1, 0xBB29,1, 0x6984,2, 0x18C5,24, 0x6984,2, 0xDC4D,4, 0xF572,2,
    0xDC4D,5, 0x6984,1, 0x1882,2, 0x6984,1, 0xDC4D,11, 0xBB29,1, 0x6984,2, 0x28E3,1,
    0x1882,2, 0x28E3,1, 0x6984,3, 0x18C5,24, 0x6984,2, 0xDC4D,4, 0xF572,2, 0xDC4D,5,
    0xBB29,1, 0x6984,2, 0xBB29,1, 0xDC4D,11, 0xBB29,1, 0x6984,3, 0x28E3,2, 0x6984,4,
    0x18C5,24, 0x6984,2, 0xDC4D,4, 0xF572,2, 0xDC4D,20, 0xBB29,1, 0x6984,1, 0xBB29,1,
    0xF572,3, 0xDC4D,1, 0xBB29,1, 0x6984,2, 0x18C5,21, 0x6984,3, 0xF572,2, 0xDC4D,4,
    0xF572,2, 0xDC4D,20, 0xBB29,1, 0x6984,1, 0xBB29,1, 0xDC4D,2, 0xBB29,1, 0x6984,4,
    0x18C5,21, 0x6984,3, 0xF572,2, 0xDC4D,4, 0xF572,2, 0xDC4D,20, 0xBB29,1, 0x6984,1,
    0xBB29,1, 0xDC4D,2, 0xBB29,1, 0x6984,4, 0x18C5,21, 0x6984,2, 0xBB29,7, 0xF572,2,
    0xDC4D,20, 0xBB29,1, 0x6984,1, 0xBB29,1, 0xDC4D,2, 0xBB29,3, 0x6984,2, 0x18C5,23,
    0x6984,7, 0xF572,2, 0xDC4D,20, 0xBB29,1, 0x6984,1, 0xBB29,1, 0xDC4D,2, 0xBB29,3,
    0x6984,2, 0x18C5,23, 0x6984,7, 0xF572,2, 0xDC4D,20, 0xBB29,1, 0x6984,1, 0xBB29,1,
    0xDC4D,2, 0xBB29,3, 0x6984,2, 0x18C5,29, 0x6984,1, 0xDC4D,2, 0xBB29,20, 0x6984,2,
    0xBB29,1, 0xDC4D,3, 0xBB29,1, 0x6984,3, 0x18C5,29, 0x6984,1, 0xDC4D,2, 0xBB29,20,
    0x6984,3, 0xBB29,5, 0x6984,2, 0x18C5,29, 0x6984,1, 0xDC4D,2, 0xBB29,20, 0x6984,3,
    0xBB29,5, 0x6984,2, 0x18C5,29, 0x6984,33, 0x18C5,33, 0xBB29,2, 0x6984,1, 0x18C5,3,
    0xBB29,2, 0x6984,1, 0x18C5,9, 0xBB29,2, 0x6984,1, 0x18C5,3, 0xBB29,2, 0x6984,1,
    0x18C5,35, 0xBB29,2, 0x6984,1, 0x18C5,3, 0xBB29,2, 0x6984,1, 0x18C5,9, 0xBB29,2,
    0x6984,1, 0x18C5,3, 0xBB29,2, 0x6984,1, 0x18C5,35, 0xBB29,2, 0x6984,1, 0x18C5,3,
    0xBB29,2, 0x6984,1, 0x18C5,9, 0xBB29,2, 0x6984,1, 0x18C5,3, 0xBB29,2, 0x6984,1,
    0x18C5,35, 0xBB29,2, 0x6984,1, 0x18C5,3, 0xBB29,2, 0x6984,1, 0x18C5,9, 0xBB29,2,
    0x6984,1, 0x18C5,3, 0xBB29,2, 0x6984,1, 0x18C5,35, 0xBB29,2, 0x6984,1, 0x18C5,3,
    0xBB29,2, 0x6984,1, 0x18C5,9, 0xBB29,2, 0x6984,1, 0x18C5,3, 0xBB29,2, 0x6984,1,
    0x18C5,35, 0x6984,3, 0x18C5,3, 0x6984,3, 0x18C5,9, 0x6984,3, 0x18C5,3, 0x6984,3,
    0x18C5,31, 0x1084,36, 0x18C5,26, 0x1084,36, 0x18C5,30, 0x10A4,27, 0x18C5,18, 0x18C5,32,
    0x28E3,27, 0x18C5,35, 0x28E3,27, 0x18C5,34, 0x28E3,1, 0xFFFF,27, 0x28E3,2, 0x18C5,30,
    0x28E3,2, 0xFFFF,30, 0x28E3,1, 0x18C5,29, 0x28E3,2, 0xFFFF,30, 0x28E3,1, 0x18C5,29,
    0x28E3,2, 0xFFFF,30, 0x28E3,1, 0x18C5,29, 0x28E3,2, 0xFFFF,30, 0x28E3,1, 0x18C5,29,
    0x28E3,2, 0xFFFF,5, 0xE6FB,4, 0xFFFF,21, 0x28E3,1, 0x18C5,29, 0x28E3,2, 0xFFFF,5,
    0xE6FB,1, 0x2BFC,2, 0xE6FB,1, 0xFFFF,21, 0x28E3,1, 0x18C5,29, 0x28E3,2, 0xFFFF,5,
    0xE6FB,1, 0x2BFC,2, 0xE6FB,1, 0xFFFF,21, 0x28E3,1, 0x18C5,29, 0x28E3,2, 0xFFFF,5,
    0xE6FB,4, 0xFFFF,21, 0x28E3,1, 0x18C5,29, 0x28E3,2, 0xFFFF,30, 0x28E3,1, 0x18C5,29,
    0x28E3,2, 0xFFFF,30, 0x28E3,1, 0x18C5,29, 0x28E3,2, 0xFFFF,30, 0x28E3,1, 0x18C5,29,
    0x28E3,2, 0xFFFF,30, 0x28E3,1, 0x18C5,29, 0x28E3,2, 0xFFFF,30, 0x28E3,1, 0x18C5,29,
    0x28E3,2, 0xFFFF,30, 0x28E3,1, 0x18C5,29, 0x28E3,2, 0xFFFF,30, 0x28E3,1, 0x18C5,29,
    0x28E3,2, 0xE6FB,30, 0x28E3,1, 0x18C5,29, 0x28E3,2, 0xE6FB,30, 0x28E3,1, 0x18C5,31,
    0x28E3,1, 0xFFFF,27, 0x28E3,2, 0x18C5,33, 0x28E3,27, 0x18C5,35, 0x28E3,27, 0x18C5,224,
    0x28E3,3, 0x18C5,58, 0x28E3,1, 0xFFFF,3, 0x28E3,2, 0x18C5,56, 0x28E3,1, 0xFFFF,3,
    0x28E3,2, 0x18C5,56, 0x28E3,1, 0xFFFF,3, 0x28E3,2, 0x18C5,57, 0x28E3,3, 0x18C5,59,
    0x28E3,3, 0x18C5,239, 0x28E3,3, 0x18C5,59, 0x28E3,3, 0x18C5,59, 0x28E3,3, 0x18C5,103,
    0x4125,1, 0x6984,32, 0x4124,1, 0x18C5,28, 0x4125,1, 0x6984,32, 0x4124,1, 0x18C5,28,
    0x4125,1, 0xBB29,1, 0xF572,28, 0xDC4D,1, 0xBB29,1, 0x6984,1, 0x4124,1, 0x18C5,28,
    0x4125,1, 0xBB29,1, 0xF572,2, 0xFE98,2, 0xF572,1, 0xDC4D,23, 0xBB29,1, 0x6984,2,
    0x4124,1, 0x18C5,28, 0x4125,1, 0xBB29,1, 0xF572,2, 0xFE98,2, 0xF572,1, 0xDC4D,2,
    0xFE98,2, 0x6984,1, 0xDC4D,15, 0xFE98,2, 0x6984,1, 0xBB29,1, 0x6984,2, 0x4124,1,
    0x18C5,22, 0x4125,1, 0x6984,6, 0xBB29,1, 0xF572,1, 0xDC4D,6, 0xFFFF,2, 0x1882,1,
    0xDC4D,15, 0xFFFF,2, 0x1882,1, 0xBB29,1, 0x6984,2, 0x4124,1, 0x18C5,20, 0x4124,1,
    0x6984,2, 0xDC4D,1, 0xF572,7, 0xDC4D,6, 0xBB29,2, 0x1882,1, 0xDC4D,15, 0xBB29,2,
    0x1882,1, 0xBB29,1, 0x6984,2, 0x4124,1, 0x18C5,20, 0x4124,1, 0x6984,2, 0xDC4D,1,
    0xF572,7, 0xDC4D,6, 0x1882,3, 0xDC4D,15, 0x1882,3, 0xBB29,1, 0x6984,2, 0x4124,1,
    0x18C5,20, 0x4124,1, 0x6984,3, 0xBB29,2, 0xDC4D,4, 0xF572,1, 0xDC4D,6, 0x1882,3,
    0xDC4D,15, 0x1882,3, 0xBB29,1, 0x6984,2, 0x4124,1, 0x18C5,23, 0x4125,1, 0x6984,1,
    0xBB29,1, 0xDC4D,4, 0xF572,1, 0xDC4D,6, 0x1882,3, 0xDC4D,12, 0x6984,3, 0x1882,3,
    0x6984,3, 0x4124,1, 0x18C5,23, 0x4125,1, 0x6984,1, 0xBB29,1, 0xDC4D,4, 0xF572,1,
    0xDC4D,6, 0x6984,3, 0xDC4D,12, 0x6984,3, 0x28E3,3, 0x6984,3, 0x4124,1, 0x18C5,23,
    0x4125,1, 0x6984,1, 0xBB29,1, 0xDC4D,4, 0xF572,1, 0xDC4D,21, 0x6984,2, 0xF572,4,
    0xBB29,2, 0x6984,1, 0x4124,1, 0x18C5,20, 0x4124,1, 0x6984,2, 0xBB29,1, 0xF572,1,
    0xDC4D,5, 0xF572,1, 0xDC4D,21, 0x6984,2, 0xDC4D,3, 0xBB29,1, 0x6984,3, 0x4124,1,
    0x18C5,20, 0x4124,1, 0x6984,2, 0xBB29,1, 0xF572,1, 0xDC4D,5, 0xF572,1, 0xDC4D,21,
    0x6984,2, 0xDC4D,3, 0xBB29,1, 0x6984,3, 0x4124,1, 0x18C5,20, 0x4124,1, 0x6984,2,
    0xBB29,6, 0xDC4D,1, 0xF572,1, 0xDC4D,21, 0x6984,2, 0xDC4D,3, 0x6984,1, 0xBB29,1,
    0x6984,2, 0x4124,1, 0x18C5,22, 0x4125,1, 0x6984,6, 0xBB29,1, 0xF572,1, 0xDC4D,21,
    0x6984,2, 0xDC4D,3, 0x6984,1, 0xBB29,1, 0x6984,2, 0x4124,1, 0x18C5,22, 0x4125,1,
    0x6984,6, 0xBB29,1, 0xF572,1, 0xDC4D,21, 0x6984,2, 0xDC4D,3, 0x6984,1, 0xBB29,1,
    0x6984,2, 0x4124,1, 0x18C5,28, 0x4125,1, 0xBB29,1, 0xDC4D,1, 0xBB29,21, 0x6984,2,
    0xDC4D,3, 0xF572,1, 0x6984,3, 0x4124,1, 0x18C5,28, 0x4125,1, 0xBB29,1, 0xDC4D,1,
    0xBB29,21, 0x6984,2, 0xBB29,6, 0x6984,1, 0x4124,1, 0x18C5,28, 0x4125,1, 0xBB29,1,
    0xDC4D,1, 0xBB29,21, 0x6984,2, 0xBB29,6, 0x6984,1, 0x4124,1, 0x18C5,28, 0x4125,1,
    0x6984,32, 0x4124,1, 0x18C5,32, 0x69E7,1, 0xBB29,1, 0x6984,1, 0x4124,1, 0x18C5,2,
    0x69E7,1, 0xBB29,1, 0x6984,1, 0x4124,1, 0x18C5,8, 0x69E7,1, 0xBB29,1, 0x6984,1,
    0x4124,1, 0x18C5,2, 0x69E7,1, 0xBB29,1, 0x6984,1, 0x4124,1, 0x18C5,34, 0x69E7,1,
    0xBB29,1, 0x6984,1, 0x4124,1, 0x18C5,2, 0x69E7,1, 0xBB29,1, 0x6984,1, 0x4124,1,
    0x18C5,8, 0x69E7,1, 0xBB29,1, 0x6984,1, 0x4124,1, 0x18C5,2, 0x69E7,1, 0xBB29,1,
    0x6984,1, 0x4124,1, 0x18C5,34, 0x69E7,1, 0xBB29,1, 0x6984,1, 0x4124,1, 0x18C5,2,
    0x69E7,1, 0xBB29,1, 0x6984,1, 0x4124,1, 0x18C5,8, 0x69E7,1, 0xBB29,1, 0x6984,1,
    0x4124,1, 0x18C5,2, 0x69E7,1, 0xBB29,1, 0x6984,1, 0x4124,1, 0x18C5,34, 0x69E7,1,
    0xBB29,1, 0x6984,1, 0x4124,1, 0x18C5,2, 0x69E7,1, 0xBB29,1, 0x6984,1, 0x4124,1,
    0x18C5,8, 0x69E7,1, 0xBB29,1, 0x6984,1, 0x4124,1, 0x18C5,2, 0x69E7,1, 0xBB29,1,
    0x6984,1, 0x4124,1, 0x18C5,34, 0x69E7,1, 0xBB29,1, 0x6984,1, 0x4124,1, 0x18C5,2,
    0x69E7,1, 0xBB29,1, 0x6984,1, 0x4124,1, 0x18C5,8, 0x69E7,1, 0xBB29,1, 0x6984,1,
    0x4124,1, 0x18C5,2, 0x69E7,1, 0xBB29,1, 0x6984,1, 0x4124,1, 0x18C5,34, 0x4124,1,
    0x6984,2, 0x4124,1, 0x18C5,2, 0x4124,1, 0x6984,2, 0x4124,1, 0x18C5,8, 0x4124,1,
    0x6984,2, 0x4124,1, 0x18C5,2, 0x4124,1, 0x6984,2, 0x4124,1, 0x18C5,32, 0x1084,36,
    0x18C5,26, 0x1084,36, 0x18C5,30, 0x10A4,27, 0x18C5,18, 0x18C5,32, 0x28E3,27, 0x18C5,35,
    0x28E3,27, 0x18C5,34, 0x28E3,1, 0xFFFF,27, 0x28E3,2, 0x18C5,30, 0x28E3,2, 0xFFFF,30,
    0x28E3,1, 0x18C5,29, 0x28E3,2, 0xFFFF,30, 0x28E3,1, 0x18C5,29, 0x28E3,2, 0xFFFF,30,
    0x28E3,1, 0x18C5,29, 0x28E3,2, 0xFFFF,30, 0x28E3,1, 0x18C5,29, 0x28E3,2, 0xFFFF,5,
    0xE6FB,4, 0xFFFF,4, 0xE6FB,3, 0xFFFF,14, 0x28E3,1, 0x18C5,29, 0x28E3,2, 0xFFFF,5,
    0xE6FB,1, 0x2BFC,2, 0xE6FB,1, 0xFFFF,4, 0x2BFC,3, 0xFFFF,14, 0x28E3,1, 0x18C5,29,
    0x28E3,2, 0xFFFF,5, 0xE6FB,1, 0x2BFC,2, 0xE6FB,1, 0xFFFF,4, 0x2BFC,3, 0xFFFF,14,
    0x28E3,1, 0x18C5,29, 0x28E3,2, 0xFFFF,5, 0xE6FB,4, 0xFFFF,4, 0xE6FB,3, 0xFFFF,14,
    0x28E3,1, 0x18C5,29, 0x28E3,2, 0xFFFF,30, 0x28E3,1, 0x18C5,29, 0x28E3,2, 0xFFFF,30,
    0x28E3,1, 0x18C5,29, 0x28E3,2, 0xFFFF,30, 0x28E3,1, 0x18C5,29, 0x28E3,2, 0xFFFF,30,
    0x28E3,1, 0x18C5,29, 0x28E3,2, 0xFFFF,30, 0x28E3,1, 0x18C5,29, 0x28E3,2, 0xFFFF,30,
    0x28E3,1, 0x18C5,29, 0x28E3,2, 0xFFFF,30, 0x28E3,1, 0x18C5,29, 0x28E3,2, 0xE6FB,30,
    0x28E3,1, 0x18C5,29, 0x28E3,2, 0xE6FB,30, 0x28E3,1, 0x18C5,31, 0x28E3,1, 0xFFFF,27,
    0x28E3,2, 0x18C5,33, 0x28E3,27, 0x18C5,35, 0x28E3,27, 0x18C5,224, 0x28E3,3, 0x18C5,58,
    0x28E3,1, 0xFFFF,3, 0x28E3,2, 0x18C5,56, 0x28E3,1, 0xFFFF,3, 0x28E3,2, 0x18C5,56,
    0x28E3,1, 0xFFFF,3, 0x28E3,2, 0x18C5,57, 0x28E3,3, 0x18C5,59, 0x28E3,3, 0x18C5,239,
    0x28E3,3, 0x18C5,59, 0x28E3,3, 0x18C5,59, 0x28E3,3, 0x18C5,103, 0x4125,1, 0x6984,32,
    0x4124,1, 0x18C5,28, 0x4125,1, 0x6984,32, 0x4124,1, 0x18C5,28, 0x4125,1, 0xBB29,1,
    0xF572,28, 0xDC4D,1, 0xBB29,1, 0x6984,1, 0x4124,1, 0x18C5,28, 0x4125,1, 0xBB29,1,
    0xF572,2, 0xFE98,2, 0xF572,1, 0xDC4D,23, 0xBB29,1, 0x6984,2, 0x4124,1, 0x18C5,28,
    0x4125,1, 0xBB29,1, 0xF572,2, 0xFE98,2, 0xF572,1, 0xDC4D,2, 0xFE98,2, 0x6984,1,
    0xDC4D,15, 0xFE98,2, 0x6984,1, 0xBB29,1, 0x6984,2, 0x4124,1, 0x18C5,22, 0x4125,1,
    0x6984,6, 0xBB29,1, 0xF572,1, 0xDC4D,6, 0xFFFF,2, 0x1882,1, 0xDC4D,15, 0xFFFF,2,
    0x1882,1, 0xBB29,1, 0x6984,2, 0x4124,1, 0x18C5,20, 0x4124,1, 0x6984,2, 0xDC4D,1,
    0xF572,7, 0xDC4D,6, 0xBB29,2, 0x1882,1, 0xDC4D,15, 0xBB29,2, 0x1882,1, 0xBB29,1,
    0x6984,2, 0x4124,1, 0x18C5,20, 0x4124,1, 0x6984,2, 0xDC4D,1, 0xF572,7, 0xDC4D,6,
    0x1882,3, 0xDC4D,15, 0x1882,3, 0xBB29,1, 0x6984,2, 0x4124,1, 0x18C5,20, 0x4124,1,
    0x6984,3, 0xBB29,2, 0xDC4D,4, 0xF572,1, 0xDC4D,6, 0x1882,3, 0xDC4D,15, 0x1882,3,
    0xBB29,1, 0x6984,2, 0x4124,1, 0x18C5,23, 0x4125,1, 0x6984,1, 0xBB29,1, 0xDC4D,4,
    0xF572,1, 0xDC4D,6, 0x1882,3, 0xDC4D,12, 0x6984,3, 0x1882,3, 0x6984,3, 0x4124,1,
    0x18C5,23, 0x4125,1, 0x6984,1, 0xBB29,1, 0xDC4D,4, 0xF572,1, 0xDC4D,6, 0x6984,3,
    0xDC4D,12, 0x6984,3, 0x28E3,3, 0x6984,3, 0x4124,1, 0x18C5,23, 0x4125,1, 0x6984,1,
    0xBB29,1, 0xDC4D,4, 0xF572,1, 0xDC4D,21, 0x6984,2, 0xF572,4, 0xBB29,2, 0x6984,1,
    0x4124,1, 0x18C5,20, 0x4124,1, 0x6984,2, 0xBB29,1, 0xF572,1, 0xDC4D,5, 0xF572,1,
    0xDC4D,21, 0x6984,2, 0xDC4D,3, 0xBB29,1, 0x6984,3, 0x4124,1, 0x18C5,20, 0x4124,1,
    0x6984,2, 0xBB29,1, 0xF572,1, 0xDC4D,5, 0xF572,1, 0xDC4D,21, 0x6984,2, 0xDC4D,3,
    0xBB29,1, 0x6984,3, 0x4124,1, 0x18C5,20, 0x4124,1, 0x6984,2, 0xBB29,6, 0xDC4D,1,
    0xF572,1, 0xDC4D,21, 0x6984,2, 0xDC4D,3, 0x6984,1, 0xBB29,1, 0x6984,2, 0x4124,1,
    0x18C5,22, 0x4125,1, 0x6984,6, 0xBB29,1, 0xF572,1, 0xDC4D,21, 0x6984,2, 0xDC4D,3,
    0x6984,1, 0xBB29,1, 0x6984,2, 0x4124,1, 0x18C5,22, 0x4125,1, 0x6984,6, 0xBB29,1,
    0xF572,1, 0xDC4D,21, 0x6984,2, 0xDC4D,3, 0x6984,1, 0xBB29,1, 0x6984,2, 0x4124,1,
    0x18C5,28, 0x4125,1, 0xBB29,1, 0xDC4D,1, 0xBB29,21, 0x6984,2, 0xDC4D,3, 0xF572,1,
    0x6984,3, 0x4124,1, 0x18C5,28, 0x4125,1, 0xBB29,1, 0xDC4D,1, 0xBB29,21, 0x6984,2,
    0xBB29,6, 0x6984,1, 0x4124,1, 0x18C5,28, 0x4125,1, 0xBB29,1, 0xDC4D,1, 0xBB29,21,
    0x6984,2, 0xBB29,6, 0x6984,1, 0x4124,1, 0x18C5,28, 0x4125,1, 0x6984,32, 0x4124,1,
    0x18C5,32, 0x69E7,1, 0xBB29,1, 0x6984,1, 0x4124,1, 0x18C5,2, 0x69E7,1, 0xBB29,1,
    0x6984,1, 0x4124,1, 0x18C5,8, 0x69E7,1, 0xBB29,1, 0x6984,1, 0x4124,1, 0x18C5,2,
    0x69E7,1, 0xBB29,1, 0x6984,1, 0x4124,1, 0x18C5,34, 0x69E7,1, 0xBB29,1, 0x6984,1,
    0x4124,1, 0x18C5,2, 0x69E7,1, 0xBB29,1, 0x6984,1, 0x4124,1, 0x18C5,8, 0x69E7,1,
    0xBB29,1, 0x6984,1, 0x4124,1, 0x18C5,2, 0x69E7,1, 0xBB29,1, 0x6984,1, 0x4124,1,
    0x18C5,34, 0x69E7,1, 0xBB29,1, 0x6984,1, 0x4124,1, 0x18C5,2, 0x69E7,1, 0xBB29,1,
    0x6984,1, 0x4124,1, 0x18C5,8, 0x69E7,1, 0xBB29,1, 0x6984,1, 0x4124,1, 0x18C5,2,
    0x69E7,1, 0xBB29,1, 0x6984,1, 0x4124,1, 0x18C5,34, 0x69E7,1, 0xBB29,1, 0x6984,1,
    0x4124,1, 0x18C5,2, 0x69E7,1, 0xBB29,1, 0x6984,1, 0x4124,1, 0x18C5,8, 0x69E7,1,
    0xBB29,1, 0x6984,1, 0x4124,1, 0x18C5,2, 0x69E7,1, 0xBB29,1, 0x6984,1, 0x4124,1,
    0x18C5,34, 0x69E7,1, 0xBB29,1, 0x6984,1, 0x4124,1, 0x18C5,2, 0x69E7,1, 0xBB29,1,
    0x6984,1, 0x4124,1, 0x18C5,8, 0x69E7,1, 0xBB29,1, 0x6984,1, 0x4124,1, 0x18C5,2,
    0x69E7,1, 0xBB29,1, 0x6984,1, 0x4124,1, 0x18C5,34, 0x4124,1, 0x6984,2, 0x4124,1,
    0x18C5,2, 0x4124,1, 0x6984,2, 0x4124,1, 0x18C5,8, 0x4124,1, 0x6984,2, 0x4124,1,
    0x18C5,2, 0x4124,1, 0x6984,2, 0x4124,1, 0x18C5,32, 0x1084,36, 0x18C5,26, 0x1084,36,
    0x18C5,30, 0x10A4,27, 0x18C5,18, 0x18C5,32, 0x28E3,27, 0x18C5,35, 0x28E3,27, 0x18C5,34,
    0x28E3,1, 0xFFFF,27, 0x28E3,2, 0x18C5,30, 0x28E3,2, 0xFFFF,30, 0x28E3,1, 0x18C5,29,
    0x28E3,2, 0xFFFF,30, 0x28E3,1, 0x18C5,29, 0x28E3,2, 0xFFFF,30, 0x28E3,1, 0x18C5,29,
    0x28E3,2, 0xFFFF,30, 0x28E3,1, 0x18C5,29, 0x28E3,2, 0xFFFF,5, 0xE6FB,4, 0xFFFF,4,
    0xE6FB,3, 0xFFFF,14, 0x28E3,1, 0x18C5,29, 0x28E3,2, 0xFFFF,5, 0xE6FB,1, 0x2BFC,2,
    0xE6FB,1, 0xFFFF,4, 0x2BFC,3, 0xFFFF,14, 0x28E3,1, 0x18C5,29, 0x28E3,2, 0xFFFF,5,
    0xE6FB,1, 0x2BFC,2, 0xE6FB,1, 0xFFFF,4, 0x2BFC,3, 0xFFFF,14, 0x28E3,1, 0x18C5,29,
    0x28E3,2, 0xFFFF,5, 0xE6FB,4, 0xFFFF,4, 0xE6FB,3, 0xFFFF,14, 0x28E3,1, 0x18C5,29,
    0x28E3,2, 0xFFFF,30, 0x28E3,1, 0x18C5,29, 0x28E3,2, 0xFFFF,30, 0x28E3,1, 0x18C5,29,
    0x28E3,2, 0xFFFF,30, 0x28E3,1, 0x18C5,29, 0x28E3,2, 0xFFFF,30, 0x28E3,1, 0x18C5,29,
    0x28E3,2, 0xFFFF,30, 0x28E3,1, 0x18C5,29, 0x28E3,2, 0xFFFF,30, 0x28E3,1, 0x18C5,29,
    0x28E3,2, 0xFFFF,30, 0x28E3,1, 0x18C5,29, 0x28E3,2, 0xE6FB,30, 0x28E3,1, 0x18C5,29,
    0x28E3,2, 0xE6FB,30, 0x28E3,1, 0x18C5,31, 0x28E3,1, 0xFFFF,27, 0x28E3,2, 0x18C5,33,
    0x28E3,27, 0x18C5,35, 0x28E3,27, 0x18C5,224, 0x28E3,3, 0x18C5,58, 0x28E3,1, 0xFFFF,3,
    0x28E3,2, 0x18C5,56, 0x28E3,1, 0xFFFF,3, 0x28E3,2, 0x18C5,56, 0x28E3,1, 0xFFFF,3,
    0x28E3,2, 0x18C5,57, 0x28E3,3, 0x18C5,59, 0x28E3,3, 0x18C5,239, 0x28E3,3, 0x18C5,59,
    0x28E3,3, 0x18C5,59, 0x28E3,3, 0x18C5,103, 0x4125,1, 0x6984,32, 0x4124,1, 0x18C5,28,
    0x4125,1, 0x6984,32, 0x4124,1, 0x18C5,28, 0x4125,1, 0xBB29,1, 0xF572,28, 0xDC4D,1,
    0xBB29,1, 0x6984,1, 0x4124,1, 0x18C5,28, 0x4125,1, 0xBB29,1, 0xF572,2, 0xFE98,2,
    0xF572,1, 0xDC4D,23, 0xBB29,1, 0x6984,2, 0x4124,1, 0x18C5,28, 0x4125,1, 0xBB29,1,
    0xF572,2, 0xFE98,2, 0xF572,1, 0xDC4D,2, 0xFE98,2, 0x6984,1, 0xDC4D,15, 0xFE98,2,
    0x6984,1, 0xBB29,1, 0x6984,2, 0x4124,1, 0x18C5,22, 0x4125,1, 0x6984,6, 0xBB29,1,
    0xF572,1, 0xDC4D,6, 0xFFFF,2, 0x1882,1, 0xDC4D,15, 0xFFFF,2, 0x1882,1, 0xBB29,1,
    0x6984,2, 0x4124,1, 0x18C5,20, 0x4124,1, 0x6984,2, 0xDC4D,1, 0xF572,7, 0xDC4D,6,
    0xBB29,2, 0x1882,1, 0xDC4D,15, 0xBB29,2, 0x1882,1, 0xBB29,1, 0x6984,2, 0x4124,1,
    0x18C5,20, 0x4124,1, 0x6984,2, 0xDC4D,1, 0xF572,7, 0xDC4D,6, 0x1882,3, 0xDC4D,15,
    0x1882,3, 0xBB29,1, 0x6984,2, 0x4124,1, 0x18C5,20, 0x4124,1, 0x6984,3, 0xBB29,2,
    0xDC4D,4, 0xF572,1, 0xDC4D,6, 0x1882,3, 0xDC4D,15, 0x1882,3, 0xBB29,1, 0x6984,2,
    0x4124,1, 0x18C5,23, 0x4125,1, 0x6984,1, 0xBB29,1, 0xDC4D,4, 0xF572,1, 0xDC4D,6,
    0x1882,3, 0xDC4D,15, 0x1882,3, 0xBB29,1, 0x6984,2, 0x4124,1, 0x18C5,23, 0x4125,1,
    0x6984,1, 0xBB29,1, 0xDC4D,4, 0xF572,1, 0xDC4D,6, 0x6984,3, 0xDC4D,12, 0xBB29,3,
    0x6984,3, 0xBB29,1, 0x6984,2, 0x4124,1, 0x18C5,23, 0x4125,1, 0x6984,1, 0xBB29,1,
    0xDC4D,4, 0xF572,1, 0xDC4D,21, 0x6984,9, 0x4124,1, 0x18C5,20, 0x4124,1, 0x6984,2,
    0xBB29,1, 0xF572,1, 0xDC4D,5, 0xF572,1, 0xDC4D,21, 0x6984,2, 0xBB29,4, 0x6984,3,
    0x4124,1, 0x18C5,20, 0x4124,1, 0x6984,2, 0xBB29,1, 0xF572,1, 0xDC4D,5, 0xF572,1,
    0xDC4D,21, 0x6984,2, 0xDC4D,4, 0x6984,3, 0x4124,1, 0x18C5,20, 0x4124,1, 0x6984,2,
    0xBB29,6, 0xDC4D,1, 0xF572,1, 0xDC4D,21, 0x6984,2, 0xDC4D,3, 0xBB29,1, 0x6984,3,
    0x4124,1, 0x18C5,22, 0x4125,1, 0x6984,6, 0xBB29,1, 0xF572,1, 0xDC4D,21, 0x6984,2,
    0xDC4D,3, 0x6984,1, 0xBB29,1, 0x6984,2, 0x4124,1, 0x18C5,22, 0x4125,1, 0x6984,6,
    0xBB29,1, 0xF572,1, 0xDC4D,21, 0x6984,2, 0xDC4D,3, 0x6984,1, 0xBB29,1, 0x6984,2,
    0x4124,1, 0x18C5,28, 0x4125,1, 0xBB29,1, 0xDC4D,1, 0xBB29,21, 0x6984,2, 0xDC4D,3,
    0x6984,1, 0xBB29,1, 0x6984,2, 0x4124,1, 0x18C5,28, 0x4125,1, 0xBB29,1, 0xDC4D,1,
    0xBB29,21, 0x6984,2, 0xDC4D,3, 0xBB29,1, 0x6984,3, 0x4124,1, 0x18C5,28, 0x4125,1,
    0xBB29,1, 0xDC4D,1, 0xBB29,21, 0x6984,2, 0xBB29,3, 0xDC4D,1, 0x6984,3, 0x4124,1,
    0x18C5,28, 0x4125,1, 0x6984,25, 0xBB29,6, 0x6984,1, 0x4124,1, 0x18C5,32, 0x69E7,1,
    0xBB29,1, 0x6984,1, 0x4124,1, 0x18C5,2, 0x69E7,1, 0xBB29,1, 0x6984,1, 0x4124,1,
    0x18C5,8, 0x69E7,1, 0xBB29,1, 0x6984,8, 0x4125,1, 0x18C5,33, 0x69E7,1, 0xBB29,1,
    0x6984,1, 0x4124,1, 0x18C5,2, 0x69E7,1, 0xBB29,1, 0x6984,1, 0x4124,1, 0x18C5,8,
    0x69E7,1, 0xBB29,1, 0x6984,1, 0x5144,1, 0x4124,2, 0x69A5,1, 0x6984,2, 0x5144,1,
    0x18C5,34, 0x69E7,1, 0xBB29,1, 0x6984,1, 0x4124,1, 0x18C5,2, 0x69E7,1, 0xBB29,1,
    0x6984,1, 0x4124,1, 0x18C5,8, 0x69E7,1, 0xBB29,1, 0x6984,1, 0x4124,1, 0x18C5,2,
    0x69E7,1, 0xBB29,1, 0x6984,1, 0x4124,1, 0x18C5,34, 0x69E7,1, 0xBB29,1, 0x6984,1,
    0x4124,1, 0x18C5,2, 0x69E7,1, 0xBB29,1, 0x6984,1, 0x4124,1, 0x18C5,8, 0x69E7,1,
    0xBB29,1, 0x6984,1, 0x4124,1, 0x18C5,2, 0x69E7,1, 0xBB29,1, 0x6984,1, 0x4124,1,
    0x18C5,34, 0x69E7,1, 0xBB29,1, 0x6984,1, 0x4124,1, 0x18C5,2, 0x69E7,1, 0xBB29,1,
    0x6984,1, 0x4124,1, 0x18C5,8, 0x69E7,1, 0xBB29,1, 0x6984,1, 0x4124,1, 0x18C5,2,
    0x69E7,1, 0xBB29,1, 0x6984,1, 0x4124,1, 0x18C5,34, 0x4124,1, 0x6984,2, 0x4124,1,
    0x18C5,2, 0x4124,1, 0x6984,2, 0x4124,1, 0x18C5,8, 0x4124,1, 0x6984,2, 0x4124,1,
    0x18C5,2, 0x4124,1, 0x6984,2, 0x4124,1, 0x18C5,32, 0x1084,36, 0x18C5,26, 0x1084,36,
    0x18C5,30, 0x10A4,27, 0x18C5,18, 0x18C5,32, 0x28E3,27, 0x18C5,35, 0x28E3,27, 0x18C5,34,
    0x28E3,1, 0xFFFF,27, 0x28E3,2, 0x18C5,30, 0x28E3,2, 0xFFFF,30, 0x28E3,1, 0x18C5,29,
    0x28E3,2, 0xFFFF,30, 0x28E3,1, 0x18C5,29, 0x28E3,2, 0xFFFF,30, 0x28E3,1, 0x18C5,29,
    0x28E3,2, 0xFFFF,30, 0x28E3,1, 0x18C5,29, 0x28E3,2, 0xFFFF,5, 0xE6FB,4, 0xFFFF,4,
    0xE6FB,3, 0xFFFF,14, 0x28E3,1, 0x18C5,29, 0x28E3,2, 0xFFFF,5, 0xE6FB,1, 0x2BFC,2,
    0xE6FB,1, 0xFFFF,4, 0x2BFC,3, 0xFFFF,14, 0x28E3,1, 0x18C5,29, 0x28E3,2, 0xFFFF,5,
    0xE6FB,1, 0x2BFC,2, 0xE6FB,1, 0xFFFF,4, 0x2BFC,3, 0xFFFF,14, 0x28E3,1, 0x18C5,29,
    0x28E3,2, 0xFFFF,5, 0xE6FB,4, 0xFFFF,4, 0xE6FB,3, 0xFFFF,14, 0x28E3,1, 0x18C5,29,
    0x28E3,2, 0xFFFF,30, 0x28E3,1, 0x18C5,29, 0x28E3,2, 0xFFFF,30, 0x28E3,1, 0x18C5,29,
    0x28E3,2, 0xFFFF,30, 0x28E3,1, 0x18C5,29, 0x28E3,2, 0xFFFF,30, 0x28E3,1, 0x18C5,29,
    0x28E3,2, 0xFFFF,30, 0x28E3,1, 0x18C5,29, 0x28E3,2, 0xFFFF,30, 0x28E3,1, 0x18C5,29,
    0x28E3,2, 0xFFFF,30, 0x28E3,1, 0x18C5,29, 0x28E3,2, 0xE6FB,30, 0x28E3,1, 0x18C5,29,
    0x28E3,2, 0xE6FB,30, 0x28E3,1, 0x18C5,31, 0x28E3,1, 0xFFFF,27, 0x28E3,2, 0x18C5,33,
    0x28E3,27, 0x18C5,35, 0x28E3,27, 0x18C5,224, 0x28E3,3, 0x18C5,58, 0x28E3,1, 0xFFFF,3,
    0x28E3,2, 0x18C5,56, 0x28E3,1, 0xFFFF,3, 0x28E3,2, 0x18C5,56, 0x28E3,1, 0xFFFF,3,
    0x28E3,2, 0x18C5,57, 0x28E3,3, 0x18C5,59, 0x28E3,3, 0x18C5,239, 0x28E3,3, 0x18C5,59,
    0x28E3,3, 0x18C5,59, 0x28E3,3, 0x18C5,103, 0x4125,1, 0x6984,32, 0x4124,1, 0x18C5,28,
    0x4125,1, 0x6984,32, 0x4124,1, 0x18C5,28, 0x4125,1, 0xBB29,1, 0xF572,28, 0xDC4D,1,
    0xBB29,1, 0x6984,1, 0x4124,1, 0x18C5,28, 0x4125,1, 0xBB29,1, 0xF572,2, 0xFE98,2,
    0xF572,1, 0xDC4D,23, 0xBB29,1, 0x6984,2, 0x4124,1, 0x18C5,28, 0x4125,1, 0xBB29,1,
    0xF572,2, 0xFE98,2, 0xF572,1, 0xDC4D,2, 0xFE98,2, 0x6984,1, 0xDC4D,15, 0xFE98,2,
    0x6984,1, 0xBB29,1, 0x6984,2, 0x4124,1, 0x18C5,22, 0x4125,1, 0x6984,6, 0xBB29,1,
    0xF572,1, 0xDC4D,6, 0xFFFF,2, 0x1882,1, 0xDC4D,15, 0xFFFF,2, 0x1882,1, 0xBB29,1,
    0x6984,2, 0x4124,1, 0x18C5,20, 0x4124,1, 0x6984,2, 0xDC4D,1, 0xF572,7, 0xDC4D,6,
    0xBB29,2, 0x1882,1, 0xDC4D,15, 0xBB29,2, 0x1882,1, 0xBB29,1, 0x6984,2, 0x4124,1,
    0x18C5,20, 0x4124,1, 0x6984,2, 0xDC4D,1, 0xF572,7, 0xDC4D,6, 0x1882,3, 0xDC4D,15,
    0x1882,3, 0xBB29,1, 0x6984,2, 0x4124,1, 0x18C5,20, 0x4124,1, 0x6984,3, 0xBB29,2,
    0xDC4D,4, 0xF572,1, 0xDC4D,6, 0x1882,3, 0xDC4D,15, 0x1882,3, 0xBB29,1, 0x6984,2,
    0x4124,1, 0x18C5,23, 0x4125,1, 0x6984,1, 0xBB29,1, 0xDC4D,4, 0xF572,1, 0xDC4D,6,
    0x1882,3, 0xDC4D,15, 0x1882,3, 0xBB29,1, 0x6984,2, 0x4124,1, 0x18C5,23, 0x4125,1,
    0x6984,1, 0xBB29,1, 0xDC4D,4, 0xF572,1, 0xDC4D,6, 0x6984,3, 0xDC4D,12, 0xBB29,3,
    0x6984,3, 0xBB29,1, 0x6984,2, 0x4124,1, 0x18C5,23, 0x4125,1, 0x6984,1, 0xBB29,1,
    0xDC4D,4, 0xF572,1, 0xDC4D,21, 0x6984,9, 0x4124,1, 0x18C5,20, 0x4124,1, 0x6984,2,
    0xBB29,1, 0xF572,1, 0xDC4D,5, 0xF572,1, 0xDC4D,21, 0x6984,2, 0xBB29,4, 0x6984,3,
    0x4124,1, 0x18C5,20, 0x4124,1, 0x6984,2, 0xBB29,1, 0xF572,1, 0xDC4D,5, 0xF572,1,
    0xDC4D,21, 0x6984,2, 0xDC4D,4, 0x6984,3, 0x4124,1, 0x18C5,20, 0x4124,1, 0x6984,2,
    0xBB29,6, 0xDC4D,1, 0xF572,1, 0xDC4D,21, 0x6984,2, 0xDC4D,3, 0xBB29,1, 0x6984,3,
    0x4124,1, 0x18C5,22, 0x4125,1, 0x6984,6, 0xBB29,1, 0xF572,1, 0xDC4D,21, 0x6984,2,
    0xDC4D,3, 0x6984,1, 0xBB29,1, 0x6984,2, 0x4124,1, 0x18C5,22, 0x4125,1, 0x6984,6,
    0xBB29,1, 0xF572,1, 0xDC4D,21, 0x6984,2, 0xDC4D,3, 0x6984,1, 0xBB29,1, 0x6984,2,
    0x4124,1, 0x18C5,28, 0x4125,1, 0xBB29,1, 0xDC4D,1, 0xBB29,21, 0x6984,2, 0xDC4D,3,
    0x6984,1, 0xBB29,1, 0x6984,2, 0x4124,1, 0x18C5,28, 0x4125,1, 0xBB29,1, 0xDC4D,1,
    0xBB29,21, 0x6984,2, 0xDC4D,3, 0xBB29,1, 0x6984,3, 0x4124,1, 0x18C5,28, 0x4125,1,
    0xBB29,1, 0xDC4D,1, 0xBB29,21, 0x6984,2, 0xBB29,3, 0xDC4D,1, 0x6984,3, 0x4124,1,
    0x18C5,28, 0x4125,1, 0x6984,25, 0xBB29,6, 0x6984,1, 0x4124,1, 0x18C5,32, 0x69E7,1,
    0xBB29,1, 0x6984,1, 0x4124,1, 0x18C5,2, 0x69E7,1, 0xBB29,1, 0x6984,1, 0x4124,1,
    0x18C5,8, 0x69E7,1, 0xBB29,1, 0x6984,8, 0x4125,1, 0x18C5,33, 0x69E7,1, 0xBB29,1,
    0x6984,1, 0x4124,1, 0x18C5,2, 0x69E7,1, 0xBB29,1, 0x6984,1, 0x4124,1, 0x18C5,8,
    0x69E7,1, 0xBB29,1, 0x6984,1, 0x5144,1, 0x4124,2, 0x69A5,1, 0x6984,2, 0x5144,1,
    0x18C5,34, 0x69E7,1, 0xBB29,1, 0x6984,1, 0x4124,1, 0x18C5,2, 0x69E7,1, 0xBB29,1,
    0x6984,1, 0x4124,1, 0x18C5,8, 0x69E7,1, 0xBB29,1, 0x6984,1, 0x4124,1, 0x18C5,2,
    0x69E7,1, 0xBB29,1, 0x6984,1, 0x4124,1, 0x18C5,34, 0x69E7,1, 0xBB29,1, 0x6984,1,
    0x4124,1, 0x18C5,2, 0x69E7,1, 0xBB29,1, 0x6984,1, 0x4124,1, 0x18C5,8, 0x69E7,1,
    0xBB29,1, 0x6984,1, 0x4124,1, 0x18C5,2, 0x69E7,1, 0xBB29,1, 0x6984,1, 0x4124,1,
    0x18C5,34, 0x69E7,1, 0xBB29,1, 0x6984,1, 0x4124,1, 0x18C5,2, 0x69E7,1, 0xBB29,1,
    0x6984,1, 0x4124,1, 0x18C5,8, 0x69E7,1, 0xBB29,1, 0x6984,1, 0x4124,1, 0x18C5,2,
    0x69E7,1, 0xBB29,1, 0x6984,1, 0x4124,1, 0x18C5,34, 0x4124,1, 0x6984,2, 0x4124,1,
    0x18C5,2, 0x4124,1, 0x6984,2, 0x4124,1, 0x18C5,8, 0x4124,1, 0x6984,2, 0x4124,1,
    0x18C5,2, 0x4124,1, 0x6984,2, 0x4124,1, 0x18C5,32, 0x1084,36, 0x18C5,26, 0x1084,36,
    0x18C5,30, 0x10A4,27, 0x18C5,18, 0x18C5,32, 0x28E3,27, 0x18C5,35, 0x28E3,27, 0x18C5,34,
    0x28E3,1, 0xFFFF,27, 0x28E3,2, 0x18C5,30, 0x28E3,2, 0xFFFF,30, 0x28E3,1, 0x18C5,29,
    0x28E3,2, 0xFFFF,30, 0x28E3,1, 0x18C5,29, 0x28E3,2, 0xFFFF,30, 0x28E3,1, 0x18C5,29,
    0x28E3,2, 0xFFFF,30, 0x28E3,1, 0x18C5,29, 0x28E3,2, 0xFFFF,5, 0xE6FB,4, 0xFFFF,4,
    0xE6FB,3, 0xFFFF,4, 0xE6FB,4, 0xFFFF,6, 0x28E3,1, 0x18C5,29, 0x28E3,2, 0xFFFF,5,
    0xE6FB,1, 0x2BFC,2, 0xE6FB,1, 0xFFFF,4, 0x2BFC,3, 0xFFFF,4, 0xE6FB,1, 0x2BFC,2,
    0xE6FB,1, 0xFFFF,6, 0x28E3,1, 0x18C5,29, 0x28E3,2, 0xFFFF,5, 0xE6FB,1, 0x2BFC,2,
    0xE6FB,1, 0xFFFF,4, 0x2BFC,3, 0xFFFF,4, 0xE6FB,1, 0x2BFC,2, 0xE6FB,1, 0xFFFF,6,
    0x28E3,1, 0x18C5,29, 0x28E3,2, 0xFFFF,5, 0xE6FB,4, 0xFFFF,4, 0xE6FB,3, 0xFFFF,4,
    0xE6FB,4, 0xFFFF,6, 0x28E3,1, 0x18C5,29, 0x28E3,2, 0xFFFF,30, 0x28E3,1, 0x18C5,29,
    0x28E3,2, 0xFFFF,30, 0x28E3,1, 0x18C5,29, 0x28E3,2, 0xFFFF,30, 0x28E3,1, 0x18C5,29,
    0x28E3,2, 0xFFFF,30, 0x28E3,1, 0x18C5,29, 0x28E3,2, 0xFFFF,30, 0x28E3,1, 0x18C5,29,
    0x28E3,2, 0xFFFF,30, 0x28E3,1, 0x18C5,29, 0x28E3,2, 0xFFFF,30, 0x28E3,1, 0x18C5,29,
    0x28E3,2, 0xE6FB,30, 0x28E3,1, 0x18C5,29, 0x28E3,2, 0xE6FB,30, 0x28E3,1, 0x18C5,31,
    0x28E3,1, 0xFFFF,27, 0x28E3,2, 0x18C5,33, 0x28E3,27, 0x18C5,35, 0x28E3,27, 0x18C5,224,
    0x28E3,3, 0x18C5,58, 0x28E3,1, 0xFFFF,3, 0x28E3,2, 0x18C5,56, 0x28E3,1, 0xFFFF,3,
    0x28E3,2, 0x18C5,56, 0x28E3,1, 0xFFFF,3, 0x28E3,2, 0x18C5,57, 0x28E3,3, 0x18C5,59,
    0x28E3,3, 0x18C5,239, 0x28E3,3, 0x18C5,59, 0x28E3,3, 0x18C5,59, 0x28E3,3, 0x18C5,103,
    0x4125,1, 0x6984,32, 0x4124,1, 0x18C5,28, 0x4125,1, 0x6984,32, 0x4124,1, 0x18C5,28,
    0x4125,1, 0xBB29,1, 0xF572,28, 0xDC4D,1, 0xBB29,1, 0x6984,1, 0x4124,1, 0x18C5,28,
    0x4125,1, 0xBB29,1, 0xF572,2, 0xFE98,2, 0xF572,1, 0xDC4D,23, 0xBB29,1, 0x6984,2,
    0x4124,1, 0x18C5,28, 0x4125,1, 0xBB29,1, 0xF572,2, 0xFE98,2, 0xF572,1, 0xDC4D,2,
    0xFE98,2, 0x6984,1, 0xDC4D,15, 0xFE98,2, 0x6984,1, 0xBB29,1, 0x6984,2, 0x4124,1,
    0x18C5,22, 0x4125,1, 0x6984,6, 0xBB29,1, 0xF572,1, 0xDC4D,6, 0xFFFF,2, 0x1882,1,
    0xDC4D,15, 0xFFFF,2, 0x1882,1, 0xBB29,1, 0x6984,2, 0x4124,1, 0x18C5,20, 0x4124,1,
    0x6984,2, 0xDC4D,1, 0xF572,7, 0xDC4D,6, 0xBB29,2, 0x1882,1, 0xDC4D,15, 0xBB29,2,
    0x1882,1, 0xBB29,1, 0x6984,2, 0x4124,1, 0x18C5,20, 0x4124,1, 0x6984,2, 0xDC4D,1,
    0xF572,7, 0xDC4D,6, 0x1882,3, 0xDC4D,15, 0x1882,3, 0xBB29,1, 0x6984,2, 0x4124,1,
    0x18C5,20, 0x4124,1, 0x6984,3, 0xBB29,2, 0xDC4D,4, 0xF572,1, 0xDC4D,6, 0x1882,3,
    0xDC4D,15, 0x1882,3, 0xBB29,1, 0x6984,2, 0x4124,1, 0x18C5,23, 0x4125,1, 0x6984,1,
    0xBB29,1, 0xDC4D,4, 0xF572,1, 0xDC4D,6, 0x1882,3, 0xDC4D,15, 0x1882,3, 0xBB29,1,
    0x6984,2, 0x4124,1, 0x18C5,23, 0x4125,1, 0x6984,1, 0xBB29,1, 0xDC4D,4, 0xF572,1,
    0xDC4D,6, 0x6984,3, 0xDC4D,12, 0xBB29,3, 0x6984,3, 0xBB29,1, 0x6984,2, 0x4124,1,
    0x18C5,23, 0x4125,1, 0x6984,1, 0xBB29,1, 0xDC4D,4, 0xF572,1, 0xDC4D,21, 0x6984,9,
    0x4124,1, 0x18C5,20, 0x4124,1, 0x6984,2, 0xBB29,1, 0xF572,1, 0xDC4D,5, 0xF572,1,
    0xDC4D,21, 0x6984,2, 0xBB29,4, 0x6984,3, 0x4124,1, 0x18C5,20, 0x4124,1, 0x6984,2,
    0xBB29,1, 0xF572,1, 0xDC4D,5, 0xF572,1, 0xDC4D,21, 0x6984,2, 0xDC4D,4, 0x6984,3,
    0x4124,1, 0x18C5,20, 0x4124,1, 0x6984,2, 0xBB29,6, 0xDC4D,1, 0xF572,1, 0xDC4D,21,
    0x6984,2, 0xDC4D,3, 0xBB29,1, 0x6984,3, 0x4124,1, 0x18C5,22, 0x4125,1, 0x6984,6,
    0xBB29,1, 0xF572,1, 0xDC4D,21, 0x6984,2, 0xDC4D,3, 0x6984,1, 0xBB29,1, 0x6984,2,
    0x4124,1, 0x18C5,22, 0x4125,1, 0x6984,6, 0xBB29,1, 0xF572,1, 0xDC4D,21, 0x6984,2,
    0xDC4D,3, 0x6984,1, 0xBB29,1, 0x6984,2, 0x4124,1, 0x18C5,28, 0x4125,1, 0xBB29,1,
    0xDC4D,1, 0xBB29,21, 0x6984,2, 0xDC4D,3, 0x6984,1, 0xBB29,1, 0x6984,2, 0x4124,1,
    0x18C5,28, 0x4125,1, 0xBB29,1, 0xDC4D,1, 0xBB29,21, 0x6984,2, 0xDC4D,3, 0xBB29,1,
    0x6984,3, 0x4124,1, 0x18C5,28, 0x4125,1, 0xBB29,1, 0xDC4D,1, 0xBB29,21, 0x6984,2,
    0xBB29,3, 0xDC4D,1, 0x6984,3, 0x4124,1, 0x18C5,28, 0x4125,1, 0x6984,25, 0xBB29,6,
    0x6984,1, 0x4124,1, 0x18C5,32, 0x69E7,1, 0xBB29,1, 0x6984,1, 0x4124,1, 0x18C5,2,
    0x69E7,1, 0xBB29,1, 0x6984,1, 0x4124,1, 0x18C5,8, 0x69E7,1, 0xBB29,1, 0x6984,8,
    0x4125,1, 0x18C5,33, 0x69E7,1, 0xBB29,1, 0x6984,1, 0x4124,1, 0x18C5,2, 0x69E7,1,
    0xBB29,1, 0x6984,1, 0x4124,1, 0x18C5,8, 0x69E7,1, 0xBB29,1, 0x6984,1, 0x5144,1,
    0x4124,2, 0x69A5,1, 0x6984,2, 0x5144,1, 0x18C5,34, 0x69E7,1, 0xBB29,1, 0x6984,1,
    0x4124,1, 0x18C5,2, 0x69E7,1, 0xBB29,1, 0x6984,1, 0x4124,1, 0x18C5,8, 0x69E7,1,
    0xBB29,1, 0x6984,1, 0x4124,1, 0x18C5,2, 0x69E7,1, 0xBB29,1, 0x6984,1, 0x4124,1,
    0x18C5,34, 0x69E7,1, 0xBB29,1, 0x6984,1, 0x4124,1, 0x18C5,2, 0x69E7,1, 0xBB29,1,
    0x6984,1, 0x4124,1, 0x18C5,8, 0x69E7,1, 0xBB29,1, 0x6984,1, 0x4124,1, 0x18C5,2,
    0x69E7,1, 0xBB29,1, 0x6984,1, 0x4124,1, 0x18C5,34, 0x69E7,1, 0xBB29,1, 0x6984,1,
    0x4124,1, 0x18C5,2, 0x69E7,1, 0xBB29,1, 0x6984,1, 0x4124,1, 0x18C5,8, 0x69E7,1,
    0xBB29,1, 0x6984,1, 0x4124,1, 0x18C5,2, 0x69E7,1, 0xBB29,1, 0x6984,1, 0x4124,1,
    0x18C5,34, 0x4124,1, 0x6984,2, 0x4124,1, 0x18C5,2, 0x4124,1, 0x6984,2, 0x4124,1,
    0x18C5,8, 0x4124,1, 0x6984,2, 0x4124,1, 0x18C5,2, 0x4124,1, 0x6984,2, 0x4124,1,
    0x18C5,32, 0x1084,36, 0x18C5,26, 0x1084,36, 0x18C5,30, 0x10A4,27, 0x18C5,18, 0x18C5,32,
    0x28E3,27, 0x18C5,35, 0x28E3,27, 0x18C5,34, 0x28E3,1, 0xFFFF,27, 0x28E3,2, 0x18C5,30,
    0x28E3,2, 0xFFFF,30, 0x28E3,1, 0x18C5,29, 0x28E3,2, 0xFFFF,30, 0x28E3,1, 0x18C5,29,
    0x28E3,2, 0xFFFF,30, 0x28E3,1, 0x18C5,29, 0x28E3,2, 0xFFFF,30, 0x28E3,1, 0x18C5,29,
    0x28E3,2, 0xFFFF,5, 0xE6FB,4, 0xFFFF,4, 0xE6FB,3, 0xFFFF,4, 0xE6FB,4, 0xFFFF,6,
    0x28E3,1, 0x18C5,29, 0x28E3,2, 0xFFFF,5, 0xE6FB,1, 0x2BFC,2, 0xE6FB,1, 0xFFFF,4,
    0x2BFC,3, 0xFFFF,4, 0xE6FB,1, 0x2BFC,2, 0xE6FB,1, 0xFFFF,6, 0x28E3,1, 0x18C5,29,
    0x28E3,2, 0xFFFF,5, 0xE6FB,1, 0x2BFC,2, 0xE6FB,1, 0xFFFF,4, 0x2BFC,3, 0xFFFF,4,
    0xE6FB,1, 0x2BFC,2, 0xE6FB,1, 0xFFFF,6, 0x28E3,1, 0x18C5,29, 0x28E3,2, 0xFFFF,5,
    0xE6FB,4, 0xFFFF,4, 0xE6FB,3, 0xFFFF,4, 0xE6FB,4, 0xFFFF,6, 0x28E3,1, 0x18C5,29,
    0x28E3,2, 0xFFFF,30, 0x28E3,1, 0x18C5,29, 0x28E3,2, 0xFFFF,30, 0x28E3,1, 0x18C5,29,
    0x28E3,2, 0xFFFF,30, 0x28E3,1, 0x18C5,29, 0x28E3,2, 0xFFFF,30, 0x28E3,1, 0x18C5,29,
    0x28E3,2, 0xFFFF,30, 0x28E3,1, 0x18C5,29, 0x28E3,2, 0xFFFF,30, 0x28E3,1, 0x18C5,29,
    0x28E3,2, 0xFFFF,30, 0x28E3,1, 0x18C5,29, 0x28E3,2, 0xE6FB,30, 0x28E3,1, 0x18C5,29,
    0x28E3,2, 0xE6FB,30, 0x28E3,1, 0x18C5,31, 0x28E3,1, 0xFFFF,27, 0x28E3,2, 0x18C5,33,
    0x28E3,27, 0x18C5,35, 0x28E3,27, 0x18C5,224, 0x28E3,3, 0x18C5,58, 0x28E3,1, 0xFFFF,3,
    0x28E3,2, 0x18C5,56, 0x28E3,1, 0xFFFF,3, 0x28E3,2, 0x18C5,56, 0x28E3,1, 0xFFFF,3,
    0x28E3,2, 0x18C5,57, 0x28E3,3, 0x18C5,59, 0x28E3,3, 0x18C5,239, 0x28E3,3, 0x18C5,59,
    0x28E3,3, 0x18C5,59, 0x28E3,3, 0x18C5,103, 0x4125,1, 0x6984,32, 0x4124,1, 0x18C5,28,
    0x4125,1, 0x6984,32, 0x4124,1, 0x18C5,28, 0x4125,1, 0xBB29,1, 0xF572,28, 0xDC4D,1,
    0xBB29,1, 0x6984,1, 0x4124,1, 0x18C5,28, 0x4125,1, 0xBB29,1, 0xF572,2, 0xFE98,2,
    0xF572,1, 0xDC4D,23, 0xBB29,1, 0x6984,2, 0x4124,1, 0x18C5,28, 0x4125,1, 0xBB29,1,
    0xF572,2, 0xFE98,2, 0xF572,1, 0xDC4D,2, 0xFE98,2, 0x6984,1, 0xDC4D,15, 0xFE98,2,
    0x6984,1, 0xBB29,1, 0x6984,2, 0x4124,1, 0x18C5,22, 0x4125,1, 0x6984,6, 0xBB29,1,
    0xF572,1, 0xDC4D,6, 0xFFFF,2, 0x1882,1, 0xDC4D,15, 0xFFFF,2, 0x1882,1, 0xBB29,1,
    0x6984,2, 0x4124,1, 0x18C5,20, 0x4124,1, 0x6984,2, 0xDC4D,1, 0xF572,7, 0xDC4D,6,
    0xBB29,2, 0x1882,1, 0xDC4D,15, 0xBB29,2, 0x1882,1, 0xBB29,1, 0x6984,2, 0x4124,1,
    0x18C5,20, 0x4124,1, 0x6984,2, 0xDC4D,1, 0xF572,7, 0xDC4D,6, 0x1882,3, 0xDC4D,15,
    0x1882,3, 0xBB29,1, 0x6984,2, 0x4124,1, 0x18C5,20, 0x4124,1, 0x6984,3, 0xBB29,2,
    0xDC4D,4, 0xF572,1, 0xDC4D,6, 0x1882,3, 0xDC4D,15, 0x1882,3, 0xBB29,1, 0x6984,2,
    0x4124,1, 0x18C5,23, 0x4125,1, 0x6984,1, 0xBB29,1, 0xDC4D,4, 0xF572,1, 0xDC4D,6,
    0x1882,3, 0xDC4D,15, 0x1882,3, 0xBB29,1, 0x6984,2, 0x4124,1, 0x18C5,23, 0x4125,1,
    0x6984,1, 0xBB29,1, 0xDC4D,4, 0xF572,1, 0xDC4D,6, 0x6984,3, 0xDC4D,12, 0xBB29,3,
    0x6984,3, 0xBB29,1, 0x6984,2, 0x4124,1, 0x18C5,23, 0x4125,1, 0x6984,1, 0xBB29,1,
    0xDC4D,4, 0xF572,1, 0xDC4D,21, 0x6984,9, 0x4124,1, 0x18C5,20, 0x4124,1, 0x6984,2,
    0xBB29,1, 0xF572,1, 0xDC4D,5, 0xF572,1, 0xDC4D,21, 0x6984,2, 0xBB29,4, 0x6984,3,
    0x4124,1, 0x18C5,20, 0x4124,1, 0x6984,2, 0xBB29,1, 0xF572,1, 0xDC4D,5, 0xF572,1,
    0xDC4D,21, 0x6984,2, 0xDC4D,4, 0x6984,3, 0x4124,1, 0x18C5,20, 0x4124,1, 0x6984,2,
    0xBB29,6, 0xDC4D,1, 0xF572,1, 0xDC4D,21, 0x6984,2, 0xDC4D,3, 0xBB29,1, 0x6984,3,
    0x4124,1, 0x18C5,22, 0x4125,1, 0x6984,6, 0xBB29,1, 0xF572,1, 0xDC4D,21, 0x6984,2,
    0xDC4D,3, 0x6984,1, 0xBB29,1, 0x6984,2, 0x4124,1, 0x18C5,22, 0x4125,1, 0x6984,6,
    0xBB29,1, 0xF572,1, 0xDC4D,21, 0x6984,2, 0xDC4D,3, 0x6984,1, 0xBB29,1, 0x6984,2,
    0x4124,1, 0x18C5,28, 0x4125,1, 0xBB29,1, 0xDC4D,1, 0xBB29,21, 0x6984,2, 0xDC4D,3,
    0x6984,1, 0xBB29,1, 0x6984,2, 0x4124,1, 0x18C5,28, 0x4125,1, 0xBB29,1, 0xDC4D,1,
    0xBB29,21, 0x6984,2, 0xDC4D,3, 0xBB29,1, 0x6984,3, 0x4124,1, 0x18C5,28, 0x4125,1,
    0xBB29,1, 0xDC4D,1, 0xBB29,21, 0x6984,2, 0xBB29,3, 0xDC4D,1, 0x6984,3, 0x4124,1,
    0x18C5,28, 0x4125,1, 0x6984,25, 0xBB29,6, 0x6984,1, 0x4124,1, 0x18C5,32, 0x69E7,1,
    0xBB29,1, 0x6984,1, 0x4124,1, 0x18C5,2, 0x69E7,1, 0xBB29,1, 0x6984,1, 0x4124,1,
    0x18C5,8, 0x69E7,1, 0xBB29,1, 0x6984,8, 0x4125,1, 0x18C5,33, 0x69E7,1, 0xBB29,1,
    0x6984,1, 0x4124,1, 0x18C5,2, 0x69E7,1, 0xBB29,1, 0x6984,1, 0x4124,1, 0x18C5,8,
    0x69E7,1, 0xBB29,1, 0x6984,1, 0x5144,1, 0x4124,2, 0x69A5,1, 0x6984,2, 0x5144,1,
    0x18C5,34, 0x69E7,1, 0xBB29,1, 0x6984,1, 0x4124,1, 0x18C5,2, 0x69E7,1, 0xBB29,1,
    0x6984,1, 0x4124,1, 0x18C5,8, 0x69E7,1, 0xBB29,1, 0x6984,1, 0x4124,1, 0x18C5,2,
    0x69E7,1, 0xBB29,1, 0x6984,1, 0x4124,1, 0x18C5,34, 0x69E7,1, 0xBB29,1, 0x6984,1,
    0x4124,1, 0x18C5,2, 0x69E7,1, 0xBB29,1, 0x6984,1, 0x4124,1, 0x18C5,8, 0x69E7,1,
    0xBB29,1, 0x6984,1, 0x4124,1, 0x18C5,2, 0x69E7,1, 0xBB29,1, 0x6984,1, 0x4124,1,
    0x18C5,34, 0x69E7,1, 0xBB29,1, 0x6984,1, 0x4124,1, 0x18C5,2, 0x69E7,1, 0xBB29,1,
    0x6984,1, 0x4124,1, 0x18C5,8, 0x69E7,1, 0xBB29,1, 0x6984,1, 0x4124,1, 0x18C5,2,
    0x69E7,1, 0xBB29,1, 0x6984,1, 0x4124,1, 0x18C5,34, 0x4124,1, 0x6984,2, 0x4124,1,
    0x18C5,2, 0x4124,1, 0x6984,2, 0x4124,1, 0x18C5,8, 0x4124,1, 0x6984,2, 0x4124,1,
    0x18C5,2, 0x4124,1, 0x6984,2, 0x4124,1, 0x18C5,32, 0x1084,36, 0x18C5,26, 0x1084,36,
    0x18C5,30, 0x10A4,27, 0x18C5,18, 0x18C5,32, 0x28E3,27, 0x18C5,35, 0x28E3,27, 0x18C5,34,
    0x28E3,1, 0xFFFF,27, 0x28E3,2, 0x18C5,30, 0x28E3,2, 0xFFFF,30, 0x28E3,1, 0x18C5,29,
    0x28E3,2, 0xFFFF,30, 0x28E3,1, 0x18C5,29, 0x28E3,2, 0xFFFF,30, 0x28E3,1, 0x18C5,29,
    0x28E3,2, 0xFFFF,30, 0x28E3,1, 0x18C5,29, 0x28E3,2, 0xFFFF,5, 0xE6FB,4, 0xFFFF,4,
    0xE6FB,3, 0xFFFF,4, 0xE6FB,4, 0xFFFF,6, 0x28E3,1, 0x18C5,29, 0x28E3,2, 0xFFFF,5,
    0xE6FB,1, 0x2BFC,2, 0xE6FB,1, 0xFFFF,4, 0x2BFC,3, 0xFFFF,4, 0xE6FB,1, 0x2BFC,2,
    0xE6FB,1, 0xFFFF,6, 0x28E3,1, 0x18C5,29, 0x28E3,2, 0xFFFF,5, 0xE6FB,1, 0x2BFC,2,
    0xE6FB,1, 0xFFFF,4, 0x2BFC,3, 0xFFFF,4, 0xE6FB,1, 0x2BFC,2, 0xE6FB,1, 0xFFFF,6,
    0x28E3,1, 0x18C5,29, 0x28E3,2, 0xFFFF,5, 0xE6FB,4, 0xFFFF,4, 0xE6FB,3, 0xFFFF,4,
    0xE6FB,4, 0xFFFF,6, 0x28E3,1, 0x18C5,29, 0x28E3,2, 0xFFFF,30, 0x28E3,1, 0x18C5,29,
    0x28E3,2, 0xFFFF,30, 0x28E3,1, 0x18C5,29, 0x28E3,2, 0xFFFF,30, 0x28E3,1, 0x18C5,29,
    0x28E3,2, 0xFFFF,30, 0x28E3,1, 0x18C5,29, 0x28E3,2, 0xFFFF,30, 0x28E3,1, 0x18C5,29,
    0x28E3,2, 0xFFFF,30, 0x28E3,1, 0x18C5,29, 0x28E3,2, 0xFFFF,30, 0x28E3,1, 0x18C5,29,
    0x28E3,2, 0xE6FB,30, 0x28E3,1, 0x18C5,29, 0x28E3,2, 0xE6FB,30, 0x28E3,1, 0x18C5,31,
    0x28E3,1, 0xFFFF,27, 0x28E3,2, 0x18C5,33, 0x28E3,27, 0x18C5,35, 0x28E3,27, 0x18C5,224,
    0x28E3,3, 0x18C5,58, 0x28E3,1, 0xFFFF,3, 0x28E3,2, 0x18C5,56, 0x28E3,1, 0xFFFF,3,
    0x28E3,2, 0x18C5,56, 0x28E3,1, 0xFFFF,3, 0x28E3,2, 0x18C5,57, 0x28E3,3, 0x18C5,59,
    0x28E3,3, 0x18C5,239, 0x28E3,3, 0x18C5,59, 0x28E3,3, 0x18C5,59, 0x28E3,3, 0x18C5,105,
    0x6984,33, 0x18C5,29, 0x6984,33, 0x18C5,29, 0x6984,1, 0xF572,29, 0xDC4D,1, 0x6984,2,
    0x18C5,29, 0x6984,1, 0xF572,2, 0xFE98,3, 0xDC4D,24, 0xBB29,1, 0x6984,2, 0x18C5,29,
    0x6984,1, 0xF572,2, 0xFE98,3, 0xDC4D,2, 0xF572,1, 0xFE98,1, 0xDC4D,1, 0xBB29,1,
    0xDC4D,14, 0xF572,1, 0xFE98,1, 0xDC4D,1, 0xBB29,2, 0x6984,2, 0x18C5,23, 0x6984,7,
    0xF572,2, 0xDC4D,5, 0xFE98,1, 0xFFFF,1, 0xBB29,1, 0x6984,1, 0xDC4D,14, 0xFE98,1,
    0xFFFF,1, 0xBB29,1, 0x6984,1, 0xBB29,1, 0x6984,2, 0x18C5,21, 0x6984,2, 0xBB29,1,
    0xF572,8, 0xDC4D,6, 0xBB29,1, 0x6984,2, 0xDC4D,15, 0xBB29,1, 0x6984,2, 0xBB29,1,
    0x6984,2, 0x18C5,21, 0x6984,2, 0xBB29,1, 0xF572,8, 0xDC4D,5, 0x6984,1, 0x1882,2,
    0x6984,1, 0xDC4D,14, 0x6984,1, 0x1882,2, 0x6984,1, 0xBB29,1, 0x6984,2, 0x18C5,21,
    0x6984,3, 0xBB29,2, 0xDC4D,4, 0xF572,2, 0xDC4D,5, 0x6984,1, 0x1882,2, 0x6984,1,
    0xDC4D,14, 0x6984,1, 0x1882,2, 0x6984,1, 0xBB29,1, 0x6984,2, 0x18C5,24, 0x6984,2,
    0xDC4D,4, 0xF572,2, 0xDC4D,5, 0x6984,1, 0x1882,2, 0x6984,1, 0xDC4D,11, 0xBB29,1,
    0x6984,2, 0x28E3,1, 0x1882,2, 0x28E3,1, 0x6984,3, 0x18C5,24, 0x6984,2, 0xDC4D,4,
    0xF572,2, 0xDC4D,5, 0xBB29,1, 0x6984,2, 0xBB29,1, 0xDC4D,11, 0xBB29,1, 0x6984,3,
    0x28E3,2, 0x6984,4, 0x18C5,24, 0x6984,2, 0xDC4D,4, 0xF572,2, 0xDC4D,20, 0xBB29,1,
    0x6984,1, 0xBB29,1, 0xF572,3, 0xDC4D,1, 0xBB29,1, 0x6984,2, 0x18C5,21, 0x6984,3,
    0xF572,2, 0xDC4D,4, 0xF572,2, 0xDC4D,20, 0xBB29,1, 0x6984,1, 0xBB29,1, 0xDC4D,2,
    0xBB29,1, 0x6984,4, 0x18C5,21, 0x6984,3, 0xF572,2, 0xDC4D,4, 0xF572,2, 0xDC4D,20,
    0xBB29,1, 0x6984,1, 0xBB29,1, 0xDC4D,2, 0xBB29,1, 0x6984,4, 0x18C5,21, 0x6984,2,
    0xBB29,7, 0xF572,2, 0xDC4D,20, 0xBB29,1, 0x6984,1, 0xBB29,1, 0xDC4D,2, 0xBB29,3,
    0x6984,2, 0x18C5,23, 0x6984,7, 0xF572,2, 0xDC4D,20, 0xBB29,1, 0x6984,1, 0xBB29,1,
    0xDC4D,2, 0xBB29,3, 0x6984,2, 0x18C5,23, 0x6984,7, 0xF572,2, 0xDC4D,20, 0xBB29,1,
    0x6984,1, 0xBB29,1, 0xDC4D,2, 0xBB29,3, 0x6984,2, 0x18C5,29, 0x6984,1, 0xDC4D,2,
    0xBB29,20, 0x6984,2, 0xBB29,1, 0xDC4D,3, 0xBB29,1, 0x6984,3, 0x18C5,29, 0x6984,1,
    0xDC4D,2, 0xBB29,20, 0x6984,3, 0xBB29,5, 0x6984,2, 0x18C5,29, 0x6984,1, 0xDC4D,2,
    0xBB29,20, 0x6984,3, 0xBB29,5, 0x6984,2, 0x18C5,29, 0x6984,33, 0x18C5,33, 0xBB29,2,
    0x6984,1, 0x18C5,3, 0xBB29,2, 0x6984,1, 0x18C5,9, 0xBB29,2, 0x6984,1, 0x18C5,3,
    0xBB29,2, 0x6984,1, 0x18C5,35, 0xBB29,2, 0x6984,1, 0x18C5,3, 0xBB29,2, 0x6984,1,
    0x18C5,9, 0xBB29,2, 0x6984,1, 0x18C5,3, 0xBB29,2, 0x6984,1, 0x18C5,35, 0xBB29,2,
    0x6984,1, 0x18C5,3, 0xBB29,2, 0x6984,1, 0x18C5,9, 0xBB29,2, 0x6984,1, 0x18C5,3,
    0xBB29,2, 0x6984,1, 0x18C5,35, 0xBB29,2, 0x6984,1, 0x18C5,3, 0xBB29,2, 0x6984,1,
    0x18C5,9, 0xBB29,2, 0x6984,1, 0x18C5,3, 0xBB29,2, 0x6984,1, 0x18C5,35, 0xBB29,2,
    0x6984,1, 0x18C5,3, 0xBB29,2, 0x6984,1, 0x18C5,9, 0xBB29,2, 0x6984,1, 0x18C5,3,
    0xBB29,2, 0x6984,1, 0x18C5,35, 0x6984,3, 0x18C5,3, 0x6984,3, 0x18C5,9, 0x6984,3,
    0x18C5,3, 0x6984,3, 0x18C5,31, 0x1084,36, 0x18C5,26, 0x1084,36, 0x18C5,30, 0x10A4,27,
    0x18C5,18, 0x18C5,32, 0x28E3,27, 0x18C5,35, 0x28E3,27, 0x18C5,34, 0x28E3,1, 0xFFFF,27,
    0x28E3,2, 0x18C5,30, 0x28E3,2, 0xFFFF,30, 0x28E3,1, 0x18C5,29, 0x28E3,2, 0xFFFF,30,
    0x28E3,1, 0x18C5,29, 0x28E3,2, 0xFFFF,30, 0x28E3,1, 0x18C5,29, 0x28E3,2, 0xFFFF,30,
    0x28E3,1, 0x18C5,29, 0x28E3,2, 0xFFFF,5, 0xE6FB,4, 0xFFFF,4, 0xE6FB,3, 0xFFFF,4,
    0xE6FB,4, 0xFFFF,6, 0x28E3,1, 0x18C5,29, 0x28E3,2, 0xFFFF,5, 0xE6FB,1, 0x2BFC,2,
    0xE6FB,1, 0xFFFF,4, 0x2BFC,3, 0xFFFF,4, 0xE6FB,1, 0x2BFC,2, 0xE6FB,1, 0xFFFF,6,
    0x28E3,1, 0x18C5,29, 0x28E3,2, 0xFFFF,5, 0xE6FB,1, 0x2BFC,2, 0xE6FB,1, 0xFFFF,4,
    0x2BFC,3, 0xFFFF,4, 0xE6FB,1, 0x2BFC,2, 0xE6FB,1, 0xFFFF,6, 0x28E3,1, 0x18C5,29,
    0x28E3,2, 0xFFFF,5, 0xE6FB,4, 0xFFFF,4, 0xE6FB,3, 0xFFFF,4, 0xE6FB,4, 0xFFFF,6,
    0x28E3,1, 0x18C5,29, 0x28E3,2, 0xFFFF,30, 0x28E3,1, 0x18C5,29, 0x28E3,2, 0xFFFF,30,
    0x28E3,1, 0x18C5,29, 0x28E3,2, 0xFFFF,30, 0x28E3,1, 0x18C5,29, 0x28E3,2, 0xFFFF,30,
    0x28E3,1, 0x18C5,29, 0x28E3,2, 0xFFFF,30, 0x28E3,1, 0x18C5,29, 0x28E3,2, 0xFFFF,30,
    0x28E3,1, 0x18C5,29, 0x28E3,2, 0xFFFF,30, 0x28E3,1, 0x18C5,29, 0x28E3,2, 0xE6FB,30,
    0x28E3,1, 0x18C5,29, 0x28E3,2, 0xE6FB,30, 0x28E3,1, 0x18C5,31, 0x28E3,1, 0xFFFF,27,
    0x28E3,2, 0x18C5,33, 0x28E3,27, 0x18C5,35, 0x28E3,27, 0x18C5,224, 0x28E3,3, 0x18C5,58,
    0x28E3,1, 0xFFFF,3, 0x28E3,2, 0x18C5,56, 0x28E3,1, 0xFFFF,3, 0x28E3,2, 0x18C5,56,
    0x28E3,1, 0xFFFF,3, 0x28E3,2, 0x18C5,57, 0x28E3,3, 0x18C5,59, 0x28E3,3, 0x18C5,239,
    0x28E3,3, 0x18C5,59, 0x28E3,3, 0x18C5,59, 0x28E3,3, 0x18C5,105, 0x6984,33, 0x18C5,29,
    0x6984,33, 0x18C5,29, 0x6984,1, 0xF572,29, 0xDC4D,1, 0x6984,2, 0x18C5,29, 0x6984,1,
    0xF572,2, 0xFE98,3, 0xDC4D,24, 0xBB29,1, 0x6984,2, 0x18C5,29, 0x6984,1, 0xF572,2,
    0xFE98,3, 0xDC4D,2, 0xF572,1, 0xFE98,1, 0xDC4D,1, 0xBB29,1, 0xDC4D,14, 0xF572,1,
    0xFE98,1, 0xDC4D,1, 0xBB29,2, 0x6984,2, 0x18C5,23, 0x6984,7, 0xF572,2, 0xDC4D,5,
    0xFE98,1, 0xFFFF,1, 0xBB29,1, 0x6984,1, 0xDC4D,14, 0xFE98,1, 0xFFFF,1, 0xBB29,1,
    0x6984,1, 0xBB29,1, 0x6984,2, 0x18C5,21, 0x6984,2, 0xBB29,1, 0xF572,8, 0xDC4D,6,
    0xBB29,1, 0x6984,2, 0xDC4D,15, 0xBB29,1, 0x6984,2, 0xBB29,1, 0x6984,2, 0x18C5,21,
    0x6984,2, 0xBB29,1, 0xF572,8, 0xDC4D,5, 0x6984,1, 0x1882,2, 0x6984,1, 0xDC4D,14,
    0x6984,1, 0x1882,2, 0x6984,1, 0xBB29,1, 0x6984,2, 0x18C5,21, 0x6984,3, 0xBB29,2,
    0xDC4D,4, 0xF572,2, 0xDC4D,5, 0x6984,1, 0x1882,2, 0x6984,1, 0xDC4D,14, 0x6984,1,
    0x1882,2, 0x6984,1, 0xBB29,1, 0x6984,2, 0x18C5,24, 0x6984,2, 0xDC4D,4, 0xF572,2,
    0xDC4D,5, 0x6984,1, 0x1882,2, 0x6984,1, 0xDC4D,11, 0xBB29,1, 0x6984,2, 0x28E3,1,
    0x1882,2, 0x28E3,1, 0x6984,3, 0x18C5,24, 0x6984,2, 0xDC4D,4, 0xF572,2, 0xDC4D,5,
    0xBB29,1, 0x6984,2, 0xBB29,1, 0xDC4D,11, 0xBB29,1, 0x6984,3, 0x28E3,2, 0x6984,4,
    0x18C5,24, 0x6984,2, 0xDC4D,4, 0xF572,2, 0xDC4D,20, 0xBB29,1, 0x6984,1, 0xBB29,1,
    0xF572,3, 0xDC4D,1, 0xBB29,1, 0x6984,2, 0x18C5,21, 0x6984,3, 0xF572,2, 0xDC4D,4,
    0xF572,2, 0xDC4D,20, 0xBB29,1, 0x6984,1, 0xBB29,1, 0xDC4D,2, 0xBB29,1, 0x6984,4,
    0x18C5,21, 0x6984,3, 0xF572,2, 0xDC4D,4, 0xF572,2, 0xDC4D,20, 0xBB29,1, 0x6984,1,
    0xBB29,1, 0xDC4D,2, 0xBB29,1, 0x6984,4, 0x18C5,21, 0x6984,2, 0xBB29,7, 0xF572,2,
    0xDC4D,20, 0xBB29,1, 0x6984,1, 0xBB29,1, 0xDC4D,2, 0xBB29,3, 0x6984,2, 0x18C5,23,
    0x6984,7, 0xF572,2, 0xDC4D,20, 0xBB29,1, 0x6984,1, 0xBB29,1, 0xDC4D,2, 0xBB29,3,
    0x6984,2, 0x18C5,23, 0x6984,7, 0xF572,2, 0xDC4D,20, 0xBB29,1, 0x6984,1, 0xBB29,1,
    0xDC4D,2, 0xBB29,3, 0x6984,2, 0x18C5,29, 0x6984,1, 0xDC4D,2, 0xBB29,20, 0x6984,2,
    0xBB29,1, 0xDC4D,3, 0xBB29,1, 0x6984,3, 0x18C5,29, 0x6984,1, 0xDC4D,2, 0xBB29,20,
    0x6984,3, 0xBB29,5, 0x6984,2, 0x18C5,29, 0x6984,1, 0xDC4D,2, 0xBB29,20, 0x6984,3,
    0xBB29,5, 0x6984,2, 0x18C5,29, 0x6984,33, 0x18C5,33, 0xBB29,2, 0x6984,1, 0x18C5,3,
    0xBB29,2, 0x6984,1, 0x18C5,9, 0xBB29,2, 0x6984,1, 0x18C5,3, 0xBB29,2, 0x6984,1,
    0x18C5,35, 0xBB29,2, 0x6984,1, 0x18C5,3, 0xBB29,2, 0x6984,1, 0x18C5,9, 0xBB29,2,
    0x6984,1, 0x18C5,3, 0xBB29,2, 0x6984,1, 0x18C5,35, 0xBB29,2, 0x6984,1, 0x18C5,3,
    0xBB29,2, 0x6984,1, 0x18C5,9, 0xBB29,2, 0x6984,1, 0x18C5,3, 0xBB29,2, 0x6984,1,
    0x18C5,35, 0xBB29,2, 0x6984,1, 0x18C5,3, 0xBB29,2, 0x6984,1, 0x18C5,9, 0xBB29,2,
    0x6984,1, 0x18C5,3, 0xBB29,2, 0x6984,1, 0x18C5,35, 0xBB29,2, 0x6984,1, 0x18C5,3,
    0xBB29,2, 0x6984,1, 0x18C5,9, 0xBB29,2, 0x6984,1, 0x18C5,3, 0xBB29,2, 0x6984,1,
    0x18C5,35, 0x6984,3, 0x18C5,3, 0x6984,3, 0x18C5,9, 0x6984,3, 0x18C5,3, 0x6984,3,
    0x18C5,31, 0x1084,36, 0x18C5,26, 0x1084,36, 0x18C5,30, 0x10A4,27, 0x18C5,18, 0x18C5,32,
    0x28E3,27, 0x18C5,35, 0x28E3,27, 0x18C5,34, 0x28E3,1, 0xFFFF,27, 0x28E3,2, 0x18C5,30,
    0x28E3,2, 0xFFFF,30, 0x28E3,1, 0x18C5,29, 0x28E3,2, 0xFFFF,30, 0x28E3,1, 0x18C5,29,
    0x28E3,2, 0xFFFF,30, 0x28E3,1, 0x18C5,29, 0x28E3,2, 0xFFFF,30, 0x28E3,1, 0x18C5,29,
    0x28E3,2, 0xFFFF,5, 0xE6FB,4, 0xFFFF,4, 0xE6FB,3, 0xFFFF,4, 0xE6FB,4, 0xFFFF,6,
    0x28E3,1, 0x18C5,29, 0x28E3,2, 0xFFFF,5, 0xE6FB,1, 0x2BFC,2, 0xE6FB,1, 0xFFFF,4,
    0x2BFC,3, 0xFFFF,4, 0xE6FB,1, 0x2BFC,2, 0xE6FB,1, 0xFFFF,6, 0x28E3,1, 0x18C5,29,
    0x28E3,2, 0xFFFF,5, 0xE6FB,1, 0x2BFC,2, 0xE6FB,1, 0xFFFF,4, 0x2BFC,3, 0xFFFF,4,
    0xE6FB,1, 0x2BFC,2, 0xE6FB,1, 0xFFFF,6, 0x28E3,1, 0x18C5,29, 0x28E3,2, 0xFFFF,5,
    0xE6FB,4, 0xFFFF,4, 0xE6FB,3, 0xFFFF,4, 0xE6FB,4, 0xFFFF,6, 0x28E3,1, 0x18C5,29,
    0x28E3,2, 0xFFFF,30, 0x28E3,1, 0x18C5,29, 0x28E3,2, 0xFFFF,30, 0x28E3,1, 0x18C5,29,
    0x28E3,2, 0xFFFF,30, 0x28E3,1, 0x18C5,29, 0x28E3,2, 0xFFFF,30, 0x28E3,1, 0x18C5,29,
    0x28E3,2, 0xFFFF,30, 0x28E3,1, 0x18C5,29, 0x28E3,2, 0xFFFF,30, 0x28E3,1, 0x18C5,29,
    0x28E3,2, 0xFFFF,30, 0x28E3,1, 0x18C5,29, 0x28E3,2, 0xE6FB,30, 0x28E3,1, 0x18C5,29,
    0x28E3,2, 0xE6FB,30, 0x28E3,1, 0x18C5,31, 0x28E3,1, 0xFFFF,27, 0x28E3,2, 0x18C5,33,
    0x28E3,27, 0x18C5,35, 0x28E3,27, 0x18C5,224, 0x28E3,3, 0x18C5,58, 0x28E3,1, 0xFFFF,3,
    0x28E3,2, 0x18C5,56, 0x28E3,1, 0xFFFF,3, 0x28E3,2, 0x18C5,56, 0x28E3,1, 0xFFFF,3,
    0x28E3,2, 0x18C5,57, 0x28E3,3, 0x18C5,59, 0x28E3,3, 0x18C5,239, 0x28E3,3, 0x18C5,59,
    0x28E3,3, 0x18C5,59, 0x28E3,3, 0x18C5,105, 0x6984,33, 0x18C5,29, 0x6984,33, 0x18C5,29,
    0x6984,1, 0xF572,29, 0xDC4D,1, 0x6984,2, 0x18C5,29, 0x6984,1, 0xF572,2, 0xFE98,3,
    0xDC4D,24, 0xBB29,1, 0x6984,2, 0x18C5,29, 0x6984,1, 0xF572,2, 0xFE98,3, 0xDC4D,2,
    0xF572,1, 0xFE98,1, 0xDC4D,1, 0xBB29,1, 0xDC4D,14, 0xF572,1, 0xFE98,1, 0xDC4D,1,
    0xBB29,2, 0x6984,2, 0x18C5,23, 0x6984,7, 0xF572,2, 0xDC4D,5, 0xFE98,1, 0xFFFF,1,
    0xBB29,1, 0x6984,1, 0xDC4D,14, 0xFE98,1, 0xFFFF,1, 0xBB29,1, 0x6984,1, 0xBB29,1,
    0x6984,2, 0x18C5,21, 0x6984,2, 0xBB29,1, 0xF572,8, 0xDC4D,6, 0xBB29,1, 0x6984,2,
    0xDC4D,15, 0xBB29,1, 0x6984,2, 0xBB29,1, 0x6984,2, 0x18C5,21, 0x6984,2, 0xBB29,1,
    0xF572,8, 0xDC4D,5, 0x6984,1, 0x1882,2, 0x6984,1, 0xDC4D,14, 0x6984,1, 0x1882,2,
    0x6984,1, 0xBB29,1, 0x6984,2, 0x18C5,21, 0x6984,3, 0xBB29,2, 0xDC4D,4, 0xF572,2,
    0xDC4D,5, 0x6984,1, 0x1882,2, 0x6984,1, 0xDC4D,14, 0x6984,1, 0x1882,2, 0x6984,1,
    0xBB29,1, 0x6984,2, 0x18C5,24, 0x6984,2, 0xDC4D,4, 0xF572,2, 0xDC4D,5, 0x6984,1,
    0x1882,2, 0x6984,1, 0xDC4D,11, 0xBB29,1, 0x6984,2, 0x28E3,1, 0x1882,2, 0x28E3,1,
    0x6984,3, 0x18C5,24, 0x6984,2, 0xDC4D,4, 0xF572,2, 0xDC4D,5, 0xBB29,1, 0x6984,2,
    0xBB29,1, 0xDC4D,11, 0xBB29,1, 0x6984,3, 0x28E3,2, 0x6984,4, 0x18C5,24, 0x6984,2,
    0xDC4D,4, 0xF572,2, 0xDC4D,20, 0xBB29,1, 0x6984,1, 0xBB29,1, 0xF572,3, 0xDC4D,1,
    0xBB29,1, 0x6984,2, 0x18C5,21, 0x6984,3, 0xF572,2, 0xDC4D,4, 0xF572,2, 0xDC4D,20,
    0xBB29,1, 0x6984,1, 0xBB29,1, 0xDC4D,2, 0xBB29,1, 0x6984,4, 0x18C5,21, 0x6984,3,
    0xF572,2, 0xDC4D,4, 0xF572,2, 0xDC4D,20, 0xBB29,1, 0x6984,1, 0xBB29,1, 0xDC4D,2,
    0xBB29,1, 0x6984,4, 0x18C5,21, 0x6984,2, 0xBB29,7, 0xF572,2, 0xDC4D,20, 0xBB29,1,
    0x6984,1, 0xBB29,1, 0xDC4D,2, 0xBB29,3, 0x6984,2, 0x18C5,23, 0x6984,7, 0xF572,2,
    0xDC4D,20, 0xBB29,1, 0x6984,1, 0xBB29,1, 0xDC4D,2, 0xBB29,3, 0x6984,2, 0x18C5,23,
    0x6984,7, 0xF572,2, 0xDC4D,20, 0xBB29,1, 0x6984,1, 0xBB29,1, 0xDC4D,2, 0xBB29,3,
    0x6984,2, 0x18C5,29, 0x6984,1, 0xDC4D,2, 0xBB29,20, 0x6984,2, 0xBB29,1, 0xDC4D,3,
    0xBB29,1, 0x6984,3, 0x18C5,29, 0x6984,1, 0xDC4D,2, 0xBB29,20, 0x6984,3, 0xBB29,5,
    0x6984,2, 0x18C5,29, 0x6984,1, 0xDC4D,2, 0xBB29,20, 0x6984,3, 0xBB29,5, 0x6984,2,
    0x18C5,29, 0x6984,33, 0x18C5,33, 0xBB29,2, 0x6984,1, 0x18C5,3, 0xBB29,2, 0x6984,1,
    0x18C5,9, 0xBB29,2, 0x6984,1, 0x18C5,3, 0xBB29,2, 0x6984,1, 0x18C5,35, 0xBB29,2,
    0x6984,1, 0x18C5,3, 0xBB29,2, 0x6984,1, 0x18C5,9, 0xBB29,2, 0x6984,1, 0x18C5,3,
    0xBB29,2, 0x6984,1, 0x18C5,35, 0xBB29,2, 0x6984,1, 0x18C5,3, 0xBB29,2, 0x6984,1,
    0x18C5,9, 0xBB29,2, 0x6984,1, 0x18C5,3, 0xBB29,2, 0x6984,1, 0x18C5,35, 0xBB29,2,
    0x6984,1, 0x18C5,3, 0xBB29,2, 0x6984,1, 0x18C5,9, 0xBB29,2, 0x6984,1, 0x18C5,3,
    0xBB29,2, 0x6984,1, 0x18C5,35, 0xBB29,2, 0x6984,1, 0x18C5,3, 0xBB29,2, 0x6984,1,
    0x18C5,9, 0xBB29,2, 0x6984,1, 0x18C5,3, 0xBB29,2, 0x6984,1, 0x18C5,35, 0x6984,3,
    0x18C5,3, 0x6984,3, 0x18C5,9, 0x6984,3, 0x18C5,3, 0x6984,3, 0x18C5,31, 0x1084,36,
    0x18C5,26, 0x1084,36, 0x18C5,30, 0x10A4,27, 0x18C5,18, 0x18C5,32, 0x28E3,27, 0x18C5,35,
    0x28E3,27, 0x18C5,34, 0x28E3,1, 0xFFFF,27, 0x28E3,2, 0x18C5,30, 0x28E3,2, 0xFFFF,30,
    0x28E3,1, 0x18C5,29, 0x28E3,2, 0xFFFF,30, 0x28E3,1, 0x18C5,29, 0x28E3,2, 0xFFFF,30,
    0x28E3,1, 0x18C5,29, 0x28E3,2, 0xFFFF,30, 0x28E3,1, 0x18C5,29, 0x28E3,2, 0xFFFF,5,
    0xE6FB,4, 0xFFFF,4, 0xE6FB,3, 0xFFFF,4, 0xE6FB,4, 0xFFFF,6, 0x28E3,1, 0x18C5,29,
    0x28E3,2, 0xFFFF,5, 0xE6FB,1, 0x2BFC,2, 0xE6FB,1, 0xFFFF,4, 0x2BFC,3, 0xFFFF,4,
    0xE6FB,1, 0x2BFC,2, 0xE6FB,1, 0xFFFF,6, 0x28E3,1, 0x18C5,29, 0x28E3,2, 0xFFFF,5,
    0xE6FB,1, 0x2BFC,2, 0xE6FB,1, 0xFFFF,4, 0x2BFC,3, 0xFFFF,4, 0xE6FB,1, 0x2BFC,2,
    0xE6FB,1, 0xFFFF,6, 0x28E3,1, 0x18C5,29, 0x28E3,2, 0xFFFF,5, 0xE6FB,4, 0xFFFF,4,
    0xE6FB,3, 0xFFFF,4, 0xE6FB,4, 0xFFFF,6, 0x28E3,1, 0x18C5,29, 0x28E3,2, 0xFFFF,30,
    0x28E3,1, 0x18C5,29, 0x28E3,2, 0xFFFF,30, 0x28E3,1, 0x18C5,29, 0x28E3,2, 0xFFFF,30,
    0x28E3,1, 0x18C5,29, 0x28E3,2, 0xFFFF,30, 0x28E3,1, 0x18C5,29, 0x28E3,2, 0xFFFF,30,
    0x28E3,1, 0x18C5,29, 0x28E3,2, 0xFFFF,30, 0x28E3,1, 0x18C5,29, 0x28E3,2, 0xFFFF,30,
    0x28E3,1, 0x18C5,29, 0x28E3,2, 0xE6FB,30, 0x28E3,1, 0x18C5,29, 0x28E3,2, 0xE6FB,30,
    0x28E3,1, 0x18C5,31, 0x28E3,1, 0xFFFF,27, 0x28E3,2, 0x18C5,33, 0x28E3,27, 0x18C5,35,
    0x28E3,27, 0x18C5,224, 0x28E3,3, 0x18C5,58, 0x28E3,1, 0xFFFF,3, 0x28E3,2, 0x18C5,56,
    0x28E3,1, 0xFFFF,3, 0x28E3,2, 0x18C5,56, 0x28E3,1, 0xFFFF,3, 0x28E3,2, 0x18C5,57,
    0x28E3,3, 0x18C5,59, 0x28E3,3, 0x18C5,239, 0x28E3,3, 0x18C5,59, 0x28E3,3, 0x18C5,59,
    0x28E3,3, 0x18C5,106, 0x4125,1, 0x6984,32, 0x4124,1, 0x18C5,28, 0x4125,1, 0x6984,32,
    0x4124,1, 0x18C5,28, 0x4125,1, 0xBB29,1, 0xF572,28, 0xDC4D,1, 0xBB29,1, 0x6984,1,
    0x4124,1, 0x18C5,28, 0x4125,1, 0xBB29,1, 0xF572,2, 0xFE98,2, 0xF572,1, 0xDC4D,23,
    0xBB29,1, 0x6984,2, 0x4124,1, 0x18C5,28, 0x4125,1, 0xBB29,1, 0xF572,2, 0xFE98,2,
    0xF572,1, 0xDC4D,23, 0xBB29,1, 0x6984,2, 0x4124,1, 0x18C5,22, 0x4125,1, 0x6984,6,
    0xBB29,1, 0xF572,1, 0xDC4D,27, 0xBB29,1, 0x6984,2, 0x4124,1, 0x18C5,20, 0x4124,1,
    0x6984,2, 0xDC4D,1, 0xF572,7, 0xDC4D,27, 0xBB29,1, 0x6984,2, 0x4124,1, 0x18C5,20,
    0x4124,1, 0x6984,2, 0xDC4D,1, 0xF572,7, 0xDC4D,27, 0xBB29,1, 0x6984,2, 0x4124,1,
    0x18C5,20, 0x4124,1, 0x6984,3, 0xBB29,2, 0xDC4D,4, 0xF572,1, 0xDC4D,27, 0xBB29,1,
    0x6984,2, 0x4124,1, 0x18C5,23, 0x4125,1, 0x6984,1, 0xBB29,1, 0xDC4D,4, 0xF572,1,
    0xDC4D,6, 0x1882,3, 0xDC4D,12, 0x6984,3, 0x1882,3, 0x6984,3, 0x4124,1, 0x18C5,23,
    0x4125,1, 0x6984,1, 0xBB29,1, 0xDC4D,4, 0xF572,1, 0xDC4D,6, 0x1882,3, 0xDC4D,12,
    0x6984,3, 0x1882,3, 0x6984,3, 0x4124,1, 0x18C5,23, 0x4125,1, 0x6984,1, 0xBB29,1,
    0xDC4D,4, 0xF572,1, 0xDC4D,21, 0x6984,2, 0xF572,4, 0xBB29,2, 0x6984,1, 0x4124,1,
    0x18C5,20, 0x4124,1, 0x6984,2, 0xBB29,1, 0xF572,1, 0xDC4D,5, 0xF572,1, 0xDC4D,21,
    0x6984,2, 0xDC4D,3, 0xBB29,1, 0x6984,3, 0x4124,1, 0x18C5,20, 0x4124,1, 0x6984,2,
    0xBB29,1, 0xF572,1, 0xDC4D,5, 0xF572,1, 0xDC4D,21, 0x6984,2, 0xDC4D,3, 0xBB29,1,
    0x6984,3, 0x4124,1, 0x18C5,20, 0x4124,1, 0x6984,2, 0xBB29,6, 0xDC4D,1, 0xF572,1,
    0xDC4D,21, 0x6984,2, 0xDC4D,3, 0x6984,1, 0xBB29,1, 0x6984,2, 0x4124,1, 0x18C5,22,
    0x4125,1, 0x6984,6, 0xBB29,1, 0xF572,1, 0xDC4D,21, 0x6984,2, 0xDC4D,3, 0x6984,1,
    0xBB29,1, 0x6984,2, 0x4124,1, 0x18C5,22, 0x4125,1, 0x6984,6, 0xBB29,1, 0xF572,1,
    0xDC4D,21, 0x6984,2, 0xDC4D,3, 0x6984,1, 0xBB29,1, 0x6984,2, 0x4124,1, 0x18C5,28,
    0x4125,1, 0xBB29,1, 0xDC4D,1, 0xBB29,21, 0x6984,2, 0xDC4D,3, 0xF572,1, 0x6984,3,
    0x4124,1, 0x18C5,28, 0x4125,1, 0xBB29,1, 0xDC4D,1, 0xBB29,21, 0x6984,2, 0xBB29,6,
    0x6984,1, 0x4124,1, 0x18C5,28, 0x4125,1, 0xBB29,1, 0xDC4D,1, 0xBB29,21, 0x6984,2,
    0xBB29,6, 0x6984,1, 0x4124,1, 0x18C5,28, 0x4125,1, 0x6984,32, 0x4124,1, 0x18C5,31,
    0xBB29,2, 0x6984,1, 0x18C5,3, 0xBB29,2, 0x6984,1, 0x18C5,9, 0xBB29,2, 0x6984,1,
    0x18C5,3, 0xBB29,2, 0x6984,1, 0x18C5,35, 0xBB29,2, 0x6984,1, 0x18C5,3, 0xBB29,2,
    0x6984,1, 0x18C5,9, 0xBB29,2, 0x6984,1, 0x18C5,3, 0xBB29,2, 0x6984,1, 0x18C5,35,
    0xBB29,2, 0x6984,1, 0x18C5,3, 0xBB29,2, 0x6984,1, 0x18C5,9, 0xBB29,2, 0x6984,1,
    0x18C5,3, 0xBB29,2, 0x6984,1, 0x18C5,35, 0xBB29,2, 0x6984,1, 0x18C5,3, 0xBB29,2,
    0x6984,1, 0x18C5,9, 0xBB29,2, 0x6984,1, 0x18C5,3, 0xBB29,2, 0x6984,1, 0x18C5,35,
    0xBB29,2, 0x6984,1, 0x18C5,3, 0xBB29,2, 0x6984,1, 0x18C5,9, 0xBB29,2, 0x6984,1,
    0x18C5,3, 0xBB29,2, 0x6984,1, 0x18C5,35, 0x6984,3, 0x18C5,3, 0x6984,3, 0x18C5,9,
    0x6984,3, 0x18C5,3, 0x6984,3, 0x18C5,31, 0x1084,36, 0x18C5,26, 0x1084,36, 0x18C5,30,
    0x10A4,27, 0x18C5,18, 0x18C5,32, 0x28E3,27, 0x18C5,35, 0x28E3,27, 0x18C5,34, 0x28E3,1,
    0xFFFF,27, 0x28E3,2, 0x18C5,30, 0x28E3,2, 0xFFFF,30, 0x28E3,1, 0x18C5,29, 0x28E3,2,
    0xFFFF,30, 0x28E3,1, 0x18C5,29, 0x28E3,2, 0xFFFF,30, 0x28E3,1, 0x18C5,29, 0x28E3,2,
    0xFFFF,30, 0x28E3,1, 0x18C5,29, 0x28E3,2, 0xFFFF,30, 0x28E3,1, 0x18C5,29, 0x28E3,2,
    0xFFFF,30, 0x28E3,1, 0x18C5,29, 0x28E3,2, 0xFFFF,30, 0x28E3,1, 0x18C5,29, 0x28E3,2,
    0xFFFF,30, 0x28E3,1, 0x18C5,29, 0x28E3,2, 0xFFFF,30, 0x28E3,1, 0x18C5,29, 0x28E3,2,
    0xFFFF,30, 0x28E3,1, 0x18C5,29, 0x28E3,2, 0xFFFF,30, 0x28E3,1, 0x18C5,29, 0x28E3,2,
    0xFFFF,30, 0x28E3,1, 0x18C5,29, 0x28E3,2, 0xFFFF,30, 0x28E3,1, 0x18C5,29, 0x28E3,2,
    0xFFFF,30, 0x28E3,1, 0x18C5,29, 0x28E3,2, 0xFFFF,30, 0x28E3,1, 0x18C5,29, 0x28E3,2,
    0xE6FB,30, 0x28E3,1, 0x18C5,29, 0x28E3,2, 0xE6FB,30, 0x28E3,1, 0x18C5,31, 0x28E3,1,
    0xFFFF,27, 0x28E3,2, 0x18C5,33, 0x28E3,27, 0x18C5,35, 0x28E3,27, 0x18C5,224, 0x28E3,3,
    0x18C5,58, 0x28E3,1, 0xFFFF,3, 0x28E3,2, 0x18C5,56, 0x28E3,1, 0xFFFF,3, 0x28E3,2,
    0x18C5,56, 0x28E3,1, 0xFFFF,3, 0x28E3,2, 0x18C5,57, 0x28E3,3, 0x18C5,59, 0x28E3,3,
    0x18C5,239, 0x28E3,3, 0x18C5,59, 0x28E3,3, 0x18C5,59, 0x28E3,3, 0x18C5,106, 0x4125,1,
    0x6984,32, 0x4124,1, 0x18C5,28, 0x4125,1, 0x6984,32, 0x4124,1, 0x18C5,28, 0x4125,1,
    0xBB29,1, 0xF572,28, 0xDC4D,1, 0xBB29,1, 0x6984,1, 0x4124,1, 0x18C5,28, 0x4125,1,
    0xBB29,1, 0xF572,2, 0xFE98,2, 0xF572,1, 0xDC4D,23, 0xBB29,1, 0x6984,2, 0x4124,1,
    0x18C5,28, 0x4125,1, 0xBB29,1, 0xF572,2, 0xFE98,2, 0xF572,1, 0xDC4D,23, 0xBB29,1,
    0x6984,2, 0x4124,1, 0x18C5,22, 0x4125,1, 0x6984,6, 0xBB29,1, 0xF572,1, 0xDC4D,27,
    0xBB29,1, 0x6984,2, 0x4124,1, 0x18C5,20, 0x4124,1, 0x6984,2, 0xDC4D,1, 0xF572,7,
    0xDC4D,27, 0xBB29,1, 0x6984,2, 0x4124,1, 0x18C5,20, 0x4124,1, 0x6984,2, 0xDC4D,1,
    0xF572,7, 0xDC4D,27, 0xBB29,1, 0x6984,2, 0x4124,1, 0x18C5,20, 0x4124,1, 0x6984,3,
    0xBB29,2, 0xDC4D,4, 0xF572,1, 0xDC4D,27, 0xBB29,1, 0x6984,2, 0x4124,1, 0x18C5,23,
    0x4125,1, 0x6984,1, 0xBB29,1, 0xDC4D,4, 0xF572,1, 0xDC4D,6, 0x1882,3, 0xDC4D,15,
    0x1882,3, 0xBB29,1, 0x6984,2, 0x4124,1, 0x18C5,23, 0x4125,1, 0x6984,1, 0xBB29,1,
    0xDC4D,4, 0xF572,1, 0xDC4D,6, 0x1882,3, 0xDC4D,12, 0xBB29,3, 0x1882,3, 0xBB29,1,
    0x6984,2, 0x4124,1, 0x18C5,23, 0x4125,1, 0x6984,1, 0xBB29,1, 0xDC4D,4, 0xF572,1,
    0xDC4D,21, 0x6984,9, 0x4124,1, 0x18C5,20, 0x4124,1, 0x6984,2, 0xBB29,1, 0xF572,1,
    0xDC4D,5, 0xF572,1, 0xDC4D,21, 0x6984,2, 0xBB29,4, 0x6984,3, 0x4124,1, 0x18C5,20,
    0x4124,1, 0x6984,2, 0xBB29,1, 0xF572,1, 0xDC4D,5, 0xF572,1, 0xDC4D,21, 0x6984,2,
    0xDC4D,4, 0x6984,3, 0x4124,1, 0x18C5,20, 0x4124,1, 0x6984,2, 0xBB29,6, 0xDC4D,1,
    0xF572,1, 0xDC4D,21, 0x6984,2, 0xDC4D,3, 0xBB29,1, 0x6984,3, 0x4124,1, 0x18C5,22,
    0x4125,1, 0x6984,6, 0xBB29,1, 0xF572,1, 0xDC4D,21, 0x6984,2, 0xDC4D,3, 0x6984,1,
    0xBB29,1, 0x6984,2, 0x4124,1, 0x18C5,22, 0x4125,1, 0x6984,6, 0xBB29,1, 0xF572,1,
    0xDC4D,21, 0x6984,2, 0xDC4D,3, 0x6984,1, 0xBB29,1, 0x6984,2, 0x4124,1, 0x18C5,28,
    0x4125,1, 0xBB29,1, 0xDC4D,1, 0xBB29,21, 0x6984,2, 0xDC4D,3, 0x6984,1, 0xBB29,1,
    0x6984,2, 0x4124,1, 0x18C5,28, 0x4125,1, 0xBB29,1, 0xDC4D,1, 0xBB29,21, 0x6984,2,
    0xDC4D,3, 0xBB29,1, 0x6984,3, 0x4124,1, 0x18C5,28, 0x4125,1, 0xBB29,1, 0xDC4D,1,
    0xBB29,21, 0x6984,2, 0xBB29,3, 0xDC4D,1, 0x6984,3, 0x4124,1, 0x18C5,28, 0x4125,1,
    0x6984,25, 0xBB29,6, 0x6984,1, 0x4124,1, 0x18C5,31, 0xBB29,2, 0x6984,1, 0x18C5,3,
    0xBB29,2, 0x6984,1, 0x18C5,9, 0xBB29,2, 0x6984,9, 0x4125,1, 0x18C5,32, 0xBB29,2,
    0x6984,1, 0x18C5,3, 0xBB29,2, 0x6984,1, 0x18C5,9, 0xBB29,2, 0x6984,1, 0x4124,3,
    0x6984,3, 0x4124,2, 0x18C5,33, 0xBB29,2, 0x6984,1, 0x18C5,3, 0xBB29,2, 0x6984,1,
    0x18C5,9, 0xBB29,2, 0x6984,1, 0x18C5,3, 0xBB29,2, 0x6984,1, 0x18C5,35, 0xBB29,2,
    0x6984,1, 0x18C5,3, 0xBB29,2, 0x6984,1, 0x18C5,9, 0xBB29,2, 0x6984,1, 0x18C5,3,
    0xBB29,2, 0x6984,1, 0x18C5,35, 0xBB29,2, 0x6984,1, 0x18C5,3, 0xBB29,2, 0x6984,1,
    0x18C5,9, 0xBB29,2, 0x6984,1, 0x18C5,3, 0xBB29,2, 0x6984,1, 0x18C5,35, 0x6984,3,
    0x18C5,3, 0x6984,3, 0x18C5,9, 0x6984,3, 0x18C5,3, 0x6984,3, 0x18C5,31, 0x1084,36,
    0x18C5,26, 0x1084,36, 0x18C5,30, 0x10A4,27, 0x18C5,18, 0x18C5,32, 0x28E3,27, 0x18C5,35,
    0x28E3,27, 0x18C5,34, 0x28E3,1, 0xFFFF,27, 0x28E3,2, 0x18C5,30, 0x28E3,2, 0xFFFF,30,
    0x28E3,1, 0x18C5,29, 0x28E3,2, 0xFFFF,30, 0x28E3,1, 0x18C5,29, 0x28E3,2, 0xFFFF,30,
    0x28E3,1, 0x18C5,29, 0x28E3,2, 0xFFFF,30, 0x28E3,1, 0x18C5,29, 0x28E3,2, 0xFFFF,30,
    0x28E3,1, 0x18C5,29, 0x28E3,2, 0xFFFF,30, 0x28E3,1, 0x18C5,29, 0x28E3,2, 0xFFFF,30,
    0x28E3,1, 0x18C5,29, 0x28E3,2, 0xFFFF,30, 0x28E3,1, 0x18C5,29, 0x28E3,2, 0xFFFF,30,
    0x28E3,1, 0x18C5,29, 0x28E3,2, 0xFFFF,30, 0x28E3,1, 0x18C5,29, 0x28E3,2, 0xFFFF,30,
    0x28E3,1, 0x18C5,29, 0x28E3,2, 0xFFFF,30, 0x28E3,1, 0x18C5,29, 0x28E3,2, 0xFFFF,30,
    0x28E3,1, 0x18C5,29, 0x28E3,2, 0xFFFF,30, 0x28E3,1, 0x18C5,29, 0x28E3,2, 0xFFFF,30,
    0x28E3,1, 0x18C5,29, 0x28E3,2, 0xE6FB,30, 0x28E3,1, 0x18C5,29, 0x28E3,2, 0xE6FB,30,
    0x28E3,1, 0x18C5,31, 0x28E3,1, 0xFFFF,27, 0x28E3,2, 0x18C5,33, 0x28E3,27, 0x18C5,35,
    0x28E3,27, 0x18C5,224, 0x28E3,3, 0x18C5,58, 0x28E3,1, 0xFFFF,3, 0x28E3,2, 0x18C5,56,
    0x28E3,1, 0xFFFF,3, 0x28E3,2, 0x18C5,56, 0x28E3,1, 0xFFFF,3, 0x28E3,2, 0x18C5,57,
    0x28E3,3, 0x18C5,59, 0x28E3,3, 0x18C5,239, 0x28E3,3, 0x18C5,59, 0x28E3,3, 0x18C5,59,
    0x28E3,3, 0x18C5,106, 0x4125,1, 0x6984,32, 0x4124,1, 0x18C5,28, 0x4125,1, 0x6984,32,
    0x4124,1, 0x18C5,28, 0x4125,1, 0xBB29,1, 0xF572,28, 0xDC4D,1, 0xBB29,1, 0x6984,1,
    0x4124,1, 0x18C5,28, 0x4125,1, 0xBB29,1, 0xF572,2, 0xFE98,2, 0xF572,1, 0xDC4D,23,
    0xBB29,1, 0x6984,2, 0x4124,1, 0x18C5,28, 0x4125,1, 0xBB29,1, 0xF572,2, 0xFE98,2,
    0xF572,1, 0xDC4D,2, 0xFE98,2, 0x6984,1, 0xDC4D,15, 0xFE98,2, 0x6984,1, 0xBB29,1,
    0x6984,2, 0x4124,1, 0x18C5,22, 0x4125,1, 0x6984,6, 0xBB29,1, 0xF572,1, 0xDC4D,6,
    0xFFFF,2, 0x1882,1, 0xDC4D,15, 0xFFFF,2, 0x1882,1, 0xBB29,1, 0x6984,2, 0x4124,1,
    0x18C5,20, 0x4124,1, 0x6984,2, 0xDC4D,1, 0xF572,7, 0xDC4D,6, 0xBB29,2, 0x1882,1,
    0xDC4D,15, 0xBB29,2, 0x1882,1, 0xBB29,1, 0x6984,2, 0x4124,1, 0x18C5,20, 0x4124,1,
    0x6984,2, 0xDC4D,1, 0xF572,7, 0xDC4D,6, 0x1882,3, 0xDC4D,15, 0x1882,3, 0xBB29,1,
    0x6984,2, 0x4124,1, 0x18C5,20, 0x4124,1, 0x6984,3, 0xBB29,2, 0xDC4D,4, 0xF572,1,
    0xDC4D,6, 0x1882,3, 0xDC4D,15, 0x1882,3, 0xBB29,1, 0x6984,2, 0x4124,1, 0x18C5,23,
    0x4125,1, 0x6984,1, 0xBB29,1, 0xDC4D,4, 0xF572,1, 0xDC4D,6, 0x1882,3, 0xDC4D,15,
    0x1882,3, 0xBB29,1, 0x6984,2, 0x4124,1, 0x18C5,23, 0x4125,1, 0x6984,1, 0xBB29,1,
    0xDC4D,4, 0xF572,1, 0xDC4D,6, 0x6984,3, 0xDC4D,12, 0xBB29,3, 0x6984,3, 0xBB29,1,
    0x6984,2, 0x4124,1, 0x18C5,23, 0x4125,1, 0x6984,1, 0xBB29,1, 0xDC4D,4, 0xF572,1,
    0xDC4D,21, 0x6984,9, 0x4124,1, 0x18C5,20, 0x4124,1, 0x6984,2, 0xBB29,1, 0xF572,1,
    0xDC4D,5, 0xF572,1, 0xDC4D,21, 0x6984,2, 0xBB29,4, 0x6984,3, 0x4124,1, 0x18C5,20,
    0x4124,1, 0x6984,2, 0xBB29,1, 0xF572,1, 0xDC4D,5, 0xF572,1, 0xDC4D,21, 0x6984,2,
    0xDC4D,4, 0x6984,3, 0x4124,1, 0x18C5,20, 0x4124,1, 0x6984,2, 0xBB29,6, 0xDC4D,1,
    0xF572,1, 0xDC4D,21, 0x6984,2, 0xDC4D,3, 0xBB29,1, 0x6984,3, 0x4124,1, 0x18C5,22,
    0x4125,1, 0x6984,6, 0xBB29,1, 0xF572,1, 0xDC4D,21, 0x6984,2, 0xDC4D,3, 0x6984,1,
    0xBB29,1, 0x6984,2, 0x4124,1, 0x18C5,22, 0x4125,1, 0x6984,6, 0xBB29,1, 0xF572,1,
    0xDC4D,21, 0x6984,2, 0xDC4D,3, 0x6984,1, 0xBB29,1, 0x6984,2, 0x4124,1, 0x18C5,28,
    0x4125,1, 0xBB29,1, 0xDC4D,1, 0xBB29,21, 0x6984,2, 0xDC4D,3, 0x6984,1, 0xBB29,1,
    0x6984,2, 0x4124,1, 0x18C5,28, 0x4125,1, 0xBB29,1, 0xDC4D,1, 0xBB29,21, 0x6984,2,
    0xDC4D,3, 0xBB29,1, 0x6984,3, 0x4124,1, 0x18C5,28, 0x4125,1, 0xBB29,1, 0xDC4D,1,
    0xBB29,21, 0x6984,2, 0xBB29,3, 0xDC4D,1, 0x6984,3, 0x4124,1, 0x18C5,28, 0x4125,1,
    0x6984,25, 0xBB29,6, 0x6984,1, 0x4124,1, 0x18C5,31, 0xBB29,2, 0x6984,1, 0x18C5,3,
    0xBB29,2, 0x6984,1, 0x18C5,9, 0xBB29,2, 0x6984,9, 0x4125,1, 0x18C5,32, 0xBB29,2,
    0x6984,1, 0x18C5,3, 0xBB29,2, 0x6984,1, 0x18C5,9, 0xBB29,2, 0x6984,1, 0x4124,3,
    0x6984,3, 0x4124,2, 0x18C5,33, 0xBB29,2, 0x6984,1, 0x18C5,3, 0xBB29,2, 0x6984,1,
    0x18C5,9, 0xBB29,2, 0x6984,1, 0x18C5,3, 0xBB29,2, 0x6984,1, 0x18C5,35, 0xBB29,2,
    0x6984,1, 0x18C5,3, 0xBB29,2, 0x6984,1, 0x18C5,9, 0xBB29,2, 0x6984,1, 0x18C5,3,
    0xBB29,2, 0x6984,1, 0x18C5,35, 0xBB29,2, 0x6984,1, 0x18C5,3, 0xBB29,2, 0x6984,1,
    0x18C5,9, 0xBB29,2, 0x6984,1, 0x18C5,3, 0xBB29,2, 0x6984,1, 0x18C5,35, 0x6984,3,
    0x18C5,3, 0x6984,3, 0x18C5,9, 0x6984,3, 0x18C5,3, 0x6984,3, 0x18C5,31, 0x1084,36,
    0x18C5,26, 0x1084,36, 0x18C5,30, 0x10A4,27, 0x18C5,18, 0x18C5,32, 0x28E3,27, 0x18C5,35,
    0x28E3,27, 0x18C5,34, 0x28E3,1, 0xFFFF,27, 0x28E3,2, 0x18C5,30, 0x28E3,2, 0xFFFF,30,
    0x28E3,1, 0x18C5,29, 0x28E3,2, 0xFFFF,30, 0x28E3,1, 0x18C5,29, 0x28E3,2, 0xFFFF,30,
    0x28E3,1, 0x18C5,29, 0x28E3,2, 0xFFFF,30, 0x28E3,1, 0x18C5,29, 0x28E3,2, 0xFFFF,30,
    0x28E3,1, 0x18C5,29, 0x28E3,2, 0xFFFF,30, 0x28E3,1, 0x18C5,29, 0x28E3,2, 0xFFFF,30,
    0x28E3,1, 0x18C5,29, 0x28E3,2, 0xFFFF,30, 0x28E3,1, 0x18C5,29, 0x28E3,2, 0xFFFF,30,
    0x28E3,1, 0x18C5,29, 0x28E3,2, 0xFFFF,30, 0x28E3,1, 0x18C5,29, 0x28E3,2, 0xFFFF,30,
    0x28E3,1, 0x18C5,29, 0x28E3,2, 0xFFFF,30, 0x28E3,1, 0x18C5,29, 0x28E3,2, 0xFFFF,30,
    0x28E3,1, 0x18C5,29, 0x28E3,2, 0xFFFF,30, 0x28E3,1, 0x18C5,29, 0x28E3,2, 0xFFFF,30,
    0x28E3,1, 0x18C5,29, 0x28E3,2, 0xE6FB,30, 0x28E3,1, 0x18C5,29, 0x28E3,2, 0xE6FB,30,
    0x28E3,1, 0x18C5,31, 0x28E3,1, 0xFFFF,27, 0x28E3,2, 0x18C5,33, 0x28E3,27, 0x18C5,35,
    0x28E3,27, 0x18C5,224, 0x28E3,3, 0x18C5,58, 0x28E3,1, 0xFFFF,3, 0x28E3,2, 0x18C5,56,
    0x28E3,1, 0xFFFF,3, 0x28E3,2, 0x18C5,56, 0x28E3,1, 0xFFFF,3, 0x28E3,2, 0x18C5,57,
    0x28E3,3, 0x18C5,59, 0x28E3,3, 0x18C5,239, 0x28E3,3, 0x18C5,59, 0x28E3,3, 0x18C5,59,
    0x28E3,3, 0x18C5,108, 0x6984,33, 0x18C5,29, 0x6984,33, 0x18C5,29, 0x6984,1, 0xF572,29,
    0xDC4D,1, 0x6984,2, 0x18C5,29, 0x6984,1, 0xF572,2, 0xFE98,3, 0xDC4D,24, 0xBB29,1,
    0x6984,2, 0x18C5,29, 0x6984,1, 0xF572,2, 0xFE98,3, 0xDC4D,2, 0xF572,1, 0xFE98,1,
    0xDC4D,1, 0xBB29,1, 0xDC4D,14, 0xF572,1, 0xFE98,1, 0xDC4D,1, 0xBB29,2, 0x6984,2,
    0x18C5,23, 0x6984,7, 0xF572,2, 0xDC4D,5, 0xFE98,1, 0xFFFF,1, 0xBB29,1, 0x6984,1,
    0xDC4D,14, 0xFE98,1, 0xFFFF,1, 0xBB29,1, 0x6984,1, 0xBB29,1, 0x6984,2, 0x18C5,21,
    0x6984,2, 0xBB29,1, 0xF572,8, 0xDC4D,6, 0xBB29,1, 0x6984,2, 0xDC4D,15, 0xBB29,1,
    0x6984,2, 0xBB29,1, 0x6984,2, 0x18C5,21, 0x6984,2, 0xBB29,1, 0xF572,8, 0xDC4D,5,
    0x6984,1, 0x1882,2, 0x6984,1, 0xDC4D,14, 0x6984,1, 0x1882,2, 0x6984,1, 0xBB29,1,
    0x6984,2, 0x18C5,21, 0x6984,3, 0xBB29,2, 0xDC4D,4, 0xF572,2, 0xDC4D,5, 0x6984,1,
    0x1882,2, 0x6984,1, 0xDC4D,14, 0x6984,1, 0x1882,2, 0x6984,1, 0xBB29,1, 0x6984,2,
    0x18C5,24, 0x6984,2, 0xDC4D,4, 0xF572,2, 0xDC4D,5, 0x6984,1, 0x1882,2, 0x6984,1,
    0xDC4D,14, 0x6984,1, 0x1882,2, 0x6984,1, 0xBB29,1, 0x6984,2, 0x18C5,24, 0x6984,2,
    0xDC4D,4, 0xF572,2, 0xDC4D,5, 0xBB29,1, 0x6984,2, 0xBB29,1, 0xDC4D,11, 0xBB29,3,
    0x6984,7, 0x18C5,24, 0x6984,2, 0xDC4D,4, 0xF572,2, 0xDC4D,20, 0xBB29,1, 0x6984,9,
    0x18C5,21, 0x6984,3, 0xF572,2, 0xDC4D,4, 0xF572,2, 0xDC4D,20, 0xBB29,1, 0x6984,1,
    0xBB29,5, 0x6984,3, 0x18C5,21, 0x6984,3, 0xF572,2, 0xDC4D,4, 0xF572,2, 0xDC4D,20,
    0xBB29,1, 0x6984,1, 0xBB29,1, 0xDC4D,3, 0xBB29,1, 0x6984,3, 0x18C5,21, 0x6984,2,
    0xBB29,7, 0xF572,2, 0xDC4D,20, 0xBB29,1, 0x6984,1, 0xBB29,1, 0xDC4D,2, 0xBB29,1,
    0x6984,4, 0x18C5,23, 0x6984,7, 0xF572,2, 0xDC4D,20, 0xBB29,1, 0x6984,1, 0xBB29,1,
    0xDC4D,2, 0xBB29,2, 0x6984,3, 0x18C5,23, 0x6984,7, 0xF572,2, 0xDC4D,20, 0xBB29,1,
    0x6984,1, 0xBB29,1, 0xDC4D,2, 0xBB29,3, 0x6984,2, 0x18C5,29, 0x6984,1, 0xDC4D,2,
    0xBB29,20, 0x6984,2, 0xBB29,1, 0xDC4D,2, 0xBB29,1, 0x6984,1, 0xBB29,1, 0x6984,2,
    0x18C5,29, 0x6984,1, 0xDC4D,2, 0xBB29,20, 0x6984,2, 0xBB29,1, 0xDC4D,3, 0xBB29,1,
    0x6984,3, 0x18C5,29, 0x6984,1, 0xDC4D,2, 0xBB29,20, 0x6984,2, 0xBB29,3, 0xDC4D,1,
    0xBB29,1, 0x6984,3, 0x18C5,29, 0x6984,26, 0xBB29,5, 0x6984,2, 0x18C5,30, 0xBB29,2,
    0x6984,1, 0x18C5,3, 0xBB29,2, 0x6984,1, 0x18C5,9, 0xBB29,2, 0x6984,1, 0x18C5,1,
    0x4124,1, 0x6984,7, 0x69A5,1, 0x28E5,1, 0x18C5,30, 0xBB29,2, 0x6984,1, 0x18C5,3,
    0xBB29,2, 0x6984,1, 0x18C5,9, 0xBB29,2, 0x6984,1, 0x18C5,1, 0x28E5,1, 0x4124,1,
    0x6984,3, 0x4124,3, 0x28E5,1, 0x18C5,31, 0xBB29,2, 0x6984,1, 0x18C5,3, 0xBB29,2,
    0x6984,1, 0x18C5,9, 0xBB29,2, 0x6984,1, 0x18C5,3, 0xBB29,2, 0x6984,1, 0x18C5,35,
    0xBB29,2, 0x6984,1, 0x18C5,3, 0xBB29,2, 0x6984,1, 0x18C5,9, 0xBB29,2, 0x6984,1,
    0x18C5,3, 0xBB29,2, 0x6984,1, 0x18C5,35, 0xBB29,2, 0x6984,1, 0x18C5,3, 0xBB29,2,
    0x6984,1, 0x18C5,9, 0xBB29,2, 0x6984,1, 0x18C5,3, 0xBB29,2, 0x6984,1, 0x18C5,35,
    0x6984,3, 0x18C5,3, 0x6984,3, 0x18C5,9, 0x6984,3, 0x18C5,3, 0x6984,3, 0x18C5,31,
    0x1084,36, 0x18C5,26, 0x1084,36, 0x18C5,30, 0x10A4,27, 0x18C5,18, 0x18C5,32, 0x28E3,27,
    0x18C5,35, 0x28E3,27, 0x18C5,34, 0x28E3,1, 0xFFFF,27, 0x28E3,2, 0x18C5,30, 0x28E3,2,
    0xFFFF,30, 0x28E3,1, 0x18C5,29, 0x28E3,2, 0xFFFF,30, 0x28E3,1, 0x18C5,29, 0x28E3,2,
    0xFFFF,30, 0x28E3,1, 0x18C5,29, 0x28E3,2, 0xFFFF,30, 0x28E3,1, 0x18C5,29, 0x28E3,2,
    0xFFFF,30, 0x28E3,1, 0x18C5,29, 0x28E3,2, 0xFFFF,30, 0x28E3,1, 0x18C5,29, 0x28E3,2,
    0xFFFF,30, 0x28E3,1, 0x18C5,29, 0x28E3,2, 0xFFFF,30, 0x28E3,1, 0x18C5,29, 0x28E3,2,
    0xFFFF,30, 0x28E3,1, 0x18C5,29, 0x28E3,2, 0xFFFF,30, 0x28E3,1, 0x18C5,29, 0x28E3,2,
    0xFFFF,30, 0x28E3,1, 0x18C5,29, 0x28E3,2, 0xFFFF,30, 0x28E3,1, 0x18C5,29, 0x28E3,2,
    0xFFFF,30, 0x28E3,1, 0x18C5,29, 0x28E3,2, 0xFFFF,30, 0x28E3,1, 0x18C5,29, 0x28E3,2,
    0xFFFF,30, 0x28E3,1, 0x18C5,29, 0x28E3,2, 0xE6FB,30, 0x28E3,1, 0x18C5,29, 0x28E3,2,
    0xE6FB,30, 0x28E3,1, 0x18C5,31, 0x28E3,1, 0xFFFF,27, 0x28E3,2, 0x18C5,33, 0x28E3,27,
    0x18C5,35, 0x28E3,27, 0x18C5,224, 0x28E3,3, 0x18C5,58, 0x28E3,1, 0xFFFF,3, 0x28E3,2,
    0x18C5,56, 0x28E3,1, 0xFFFF,3, 0x28E3,2, 0x18C5,56, 0x28E3,1, 0xFFFF,3, 0x28E3,2,
    0x18C5,57, 0x28E3,3, 0x18C5,59, 0x28E3,3, 0x18C5,239, 0x28E3,3, 0x18C5,59, 0x28E3,3,
    0x18C5,59, 0x28E3,3, 0x18C5,108, 0x6984,33, 0x18C5,29, 0x6984,33, 0x18C5,29, 0x6984,1,
    0xF572,29, 0xDC4D,1, 0x6984,2, 0x18C5,29, 0x6984,1, 0xF572,2, 0xFE98,3, 0xDC4D,24,
    0xBB29,1, 0x6984,2, 0x18C5,29, 0x6984,1, 0xF572,2, 0xFE98,3, 0xDC4D,2, 0xF572,1,
    0xFE98,1, 0xDC4D,1, 0xBB29,1, 0xDC4D,14, 0xF572,1, 0xFE98,1, 0xDC4D,1, 0xBB29,2,
    0x6984,2, 0x18C5,23, 0x6984,7, 0xF572,2, 0xDC4D,5, 0xFE98,1, 0xFFFF,1, 0xBB29,1,
    0x6984,1, 0xDC4D,14, 0xFE98,1, 0xFFFF,1, 0xBB29,1, 0x6984,1, 0xBB29,1, 0x6984,2,
    0x18C5,21, 0x6984,2, 0xBB29,1, 0xF572,8, 0xDC4D,6, 0xBB29,1, 0x6984,2, 0xDC4D,15,
    0xBB29,1, 0x6984,2, 0xBB29,1, 0x6984,2, 0x18C5,21, 0x6984,2, 0xBB29,1, 0xF572,8,
    0xDC4D,5, 0x6984,1, 0x1882,2, 0x6984,1, 0xDC4D,14, 0x6984,1, 0x1882,2, 0x6984,1,
    0xBB29,1, 0x6984,2, 0x18C5,21, 0x6984,3, 0xBB29,2, 0xDC4D,4, 0xF572,2, 0xDC4D,5,
    0x6984,1, 0x1882,2, 0x6984,1, 0xDC4D,14, 0x6984,1, 0x1882,2, 0x6984,1, 0xBB29,1,
    0x6984,2, 0x18C5,24, 0x6984,2, 0xDC4D,4, 0xF572,2, 0xDC4D,5, 0x6984,1, 0x1882,2,
    0x6984,1, 0xDC4D,14, 0x6984,1, 0x1882,2, 0x6984,1, 0xBB29,1, 0x6984,2, 0x18C5,24,
    0x6984,2, 0xDC4D,4, 0xF572,2, 0xDC4D,5, 0xBB29,1, 0x6984,2, 0xBB29,1, 0xDC4D,11,
    0xBB29,3, 0x6984,7, 0x18C5,24, 0x6984,2, 0xDC4D,4, 0xF572,2, 0xDC4D,20, 0xBB29,1,
    0x6984,9, 0x18C5,21, 0x6984,3, 0xF572,2, 0xDC4D,4, 0xF572,2, 0xDC4D,20, 0xBB29,1,
    0x6984,1, 0xBB29,5, 0x6984,3, 0x18C5,21, 0x6984,3, 0xF572,2, 0xDC4D,4, 0xF572,2,
    0xDC4D,20, 0xBB29,1, 0x6984,1, 0xBB29,1, 0xDC4D,3, 0xBB29,1, 0x6984,3, 0x18C5,21,
    0x6984,2, 0xBB29,7, 0xF572,2, 0xDC4D,20, 0xBB29,1, 0x6984,1, 0xBB29,1, 0xDC4D,2,
    0xBB29,1, 0x6984,4, 0x18C5,23, 0x6984,7, 0xF572,2, 0xDC4D,20, 0xBB29,1, 0x6984,1,
    0xBB29,1, 0xDC4D,2, 0xBB29,2, 0x6984,3, 0x18C5,23, 0x6984,7, 0xF572,2, 0xDC4D,20,
    0xBB29,1, 0x6984,1, 0xBB29,1, 0xDC4D,2, 0xBB29,3, 0x6984,2, 0x18C5,29, 0x6984,1,
    0xDC4D,2, 0xBB29,20, 0x6984,2, 0xBB29,1, 0xDC4D,2, 0xBB29,1, 0x6984,1, 0xBB29,1,
    0x6984,2, 0x18C5,29, 0x6984,1, 0xDC4D,2, 0xBB29,20, 0x6984,2, 0xBB29,1, 0xDC4D,3,
    0xBB29,1, 0x6984,3, 0x18C5,29, 0x6984,1, 0xDC4D,2, 0xBB29,20, 0x6984,2, 0xBB29,3,
    0xDC4D,1, 0xBB29,1, 0x6984,3, 0x18C5,29, 0x6984,26, 0xBB29,5, 0x6984,2, 0x18C5,30,
    0xBB29,2, 0x6984,1, 0x18C5,3, 0xBB29,2, 0x6984,1, 0x18C5,9, 0xBB29,2, 0x6984,1,
    0x18C5,1, 0x4124,1, 0x6984,7, 0x69A5,1, 0x28E5,1, 0x18C5,30, 0xBB29,2, 0x6984,1,
    0x18C5,3, 0xBB29,2, 0x6984,1, 0x18C5,9, 0xBB29,2, 0x6984,1, 0x18C5,1, 0x28E5,1,
    0x4124,1, 0x6984,3, 0x4124,3, 0x28E5,1, 0x18C5,31, 0xBB29,2, 0x6984,1, 0x18C5,3,
    0xBB29,2, 0x6984,1, 0x18C5,9, 0xBB29,2, 0x6984,1, 0x18C5,3, 0xBB29,2, 0x6984,1,
    0x18C5,35, 0xBB29,2, 0x6984,1, 0x18C5,3, 0xBB29,2, 0x6984,1, 0x18C5,9, 0xBB29,2,
    0x6984,1, 0x18C5,3, 0xBB29,2, 0x6984,1, 0x18C5,35, 0xBB29,2, 0x6984,1, 0x18C5,3,
    0xBB29,2, 0x6984,1, 0x18C5,9, 0xBB29,2, 0x6984,1, 0x18C5,3, 0xBB29,2, 0x6984,1,
    0x18C5,35, 0x6984,3, 0x18C5,3, 0x6984,3, 0x18C5,9, 0x6984,3, 0x18C5,3, 0x6984,3,
    0x18C5,31, 0x1084,36, 0x18C5,26, 0x1084,36, 0x18C5,30, 0x10A4,27, 0x18C5,18, 0x18C5,32,
    0x28E3,27, 0x18C5,35, 0x28E3,27, 0x18C5,34, 0x28E3,1, 0xFFFF,27, 0x28E3,2, 0x18C5,30,
    0x28E3,2, 0xFFFF,30, 0x28E3,1, 0x18C5,29, 0x28E3,2, 0xFFFF,30, 0x28E3,1, 0x18C5,29,
    0x28E3,2, 0xFFFF,30, 0x28E3,1, 0x18C5,29, 0x28E3,2, 0xFFFF,30, 0x28E3,1, 0x18C5,29,
    0x28E3,2, 0xFFFF,5, 0xE6FB,4, 0xFFFF,21, 0x28E3,1, 0x18C5,29, 0x28E3,2, 0xFFFF,5,
    0xE6FB,1, 0x2BFC,2, 0xE6FB,1, 0xFFFF,21, 0x28E3,1, 0x18C5,29, 0x28E3,2, 0xFFFF,5,
    0xE6FB,1, 0x2BFC,2, 0xE6FB,1, 0xFFFF,21, 0x28E3,1, 0x18C5,29, 0x28E3,2, 0xFFFF,5,
    0xE6FB,4, 0xFFFF,21, 0x28E3,1, 0x18C5,29, 0x28E3,2, 0xFFFF,30, 0x28E3,1, 0x18C5,29,
    0x28E3,2, 0xFFFF,30, 0x28E3,1, 0x18C5,29, 0x28E3,2, 0xFFFF,30, 0x28E3,1, 0x18C5,29,
    0x28E3,2, 0xFFFF,30, 0x28E3,1, 0x18C5,29, 0x28E3,2, 0xFFFF,30, 0x28E3,1, 0x18C5,29,
    0x28E3,2, 0xFFFF,30, 0x28E3,1, 0x18C5,29, 0x28E3,2, 0xFFFF,30, 0x28E3,1, 0x18C5,29,
    0x28E3,2, 0xE6FB,30, 0x28E3,1, 0x18C5,29, 0x28E3,2, 0xE6FB,30, 0x28E3,1, 0x18C5,31,
    0x28E3,1, 0xFFFF,27, 0x28E3,2, 0x18C5,33, 0x28E3,27, 0x18C5,35, 0x28E3,27, 0x18C5,224,
    0x28E3,3, 0x18C5,58, 0x28E3,1, 0xFFFF,3, 0x28E3,2, 0x18C5,56, 0x28E3,1, 0xFFFF,3,
    0x28E3,2, 0x18C5,56, 0x28E3,1, 0xFFFF,3, 0x28E3,2, 0x18C5,57, 0x28E3,3, 0x18C5,59,
    0x28E3,3, 0x18C5,239, 0x28E3,3, 0x18C5,59, 0x28E3,3, 0x18C5,59, 0x28E3,3, 0x18C5,108,
    0x6984,33, 0x18C5,29, 0x6984,33, 0x18C5,29, 0x6984,1, 0xF572,29, 0xDC4D,1, 0x6984,2,
    0x18C5,29, 0x6984,1, 0xF572,2, 0xFE98,3, 0xDC4D,24, 0xBB29,1, 0x6984,2, 0x18C5,29,
    0x6984,1, 0xF572,2, 0xFE98,3, 0xDC4D,2, 0xF572,1, 0xFE98,1, 0xDC4D,1, 0xBB29,1,
    0xDC4D,14, 0xF572,1, 0xFE98,1, 0xDC4D,1, 0xBB29,2, 0x6984,2, 0x18C5,23, 0x6984,7,
    0xF572,2, 0xDC4D,5, 0xFE98,1, 0xFFFF,1, 0xBB29,1, 0x6984,1, 0xDC4D,14, 0xFE98,1,
    0xFFFF,1, 0xBB29,1, 0x6984,1, 0xBB29,1, 0x6984,2, 0x18C5,21, 0x6984,2, 0xBB29,1,
    0xF572,8, 0xDC4D,6, 0xBB29,1, 0x6984,2, 0xDC4D,15, 0xBB29,1, 0x6984,2, 0xBB29,1,
    0x6984,2, 0x18C5,21, 0x6984,2, 0xBB29,1, 0xF572,8, 0xDC4D,5, 0x6984,1, 0x1882,2,
    0x6984,1, 0xDC4D,14, 0x6984,1, 0x1882,2, 0x6984,1, 0xBB29,1, 0x6984,2, 0x18C5,21,
    0x6984,3, 0xBB29,2, 0xDC4D,4, 0xF572,2, 0xDC4D,5, 0x6984,1, 0x1882,2, 0x6984,1,
    0xDC4D,14, 0x6984,1, 0x1882,2, 0x6984,1, 0xBB29,1, 0x6984,2, 0x18C5,24, 0x6984,2,
    0xDC4D,4, 0xF572,2, 0xDC4D,5, 0x6984,1, 0x1882,2, 0x6984,1, 0xDC4D,11, 0xBB29,1,
    0x6984,2, 0x28E3,1, 0x1882,2, 0x28E3,1, 0x6984,3, 0x18C5,24, 0x6984,2, 0xDC4D,4,
    0xF572,2, 0xDC4D,5, 0xBB29,1, 0x6984,2, 0xBB29,1, 0xDC4D,11, 0xBB29,1, 0x6984,3,
    0x28E3,2, 0x6984,4, 0x18C5,24, 0x6984,2, 0xDC4D,4, 0xF572,2, 0xDC4D,20, 0xBB29,1,
    0x6984,1, 0xBB29,1, 0xF572,3, 0xDC4D,1, 0xBB29,1, 0x6984,2, 0x18C5,21, 0x6984,3,
    0xF572,2, 0xDC4D,4, 0xF572,2, 0xDC4D,20, 0xBB29,1, 0x6984,1, 0xBB29,1, 0xDC4D,2,
    0xBB29,1, 0x6984,4, 0x18C5,21, 0x6984,3, 0xF572,2, 0xDC4D,4, 0xF572,2, 0xDC4D,20,
    0xBB29,1, 0x6984,1, 0xBB29,1, 0xDC4D,2, 0xBB29,1, 0x6984,4, 0x18C5,21, 0x6984,2,
    0xBB29,7, 0xF572,2, 0xDC4D,20, 0xBB29,1, 0x6984,1, 0xBB29,1, 0xDC4D,2, 0xBB29,3,
    0x6984,2, 0x18C5,23, 0x6984,7, 0xF572,2, 0xDC4D,20, 0xBB29,1, 0x6984,1, 0xBB29,1,
    0xDC4D,2, 0xBB29,3, 0x6984,2, 0x18C5,23, 0x6984,7, 0xF572,2, 0xDC4D,20, 0xBB29,1,
    0x6984,1, 0xBB29,1, 0xDC4D,2, 0xBB29,3, 0x6984,2, 0x18C5,29, 0x6984,1, 0xDC4D,2,
    0xBB29,20, 0x6984,2, 0xBB29,1, 0xDC4D,3, 0xBB29,1, 0x6984,3, 0x18C5,29, 0x6984,1,
    0xDC4D,2, 0xBB29,20, 0x6984,3, 0xBB29,5, 0x6984,2, 0x18C5,29, 0x6984,1, 0xDC4D,2,
    0xBB29,20, 0x6984,3, 0xBB29,5, 0x6984,2, 0x18C5,29, 0x6984,33, 0x18C5,30, 0xBB29,2,
    0x6984,1, 0x18C5,3, 0xBB29,2, 0x6984,1, 0x18C5,9, 0xBB29,2, 0x6984,1, 0x18C5,3,
    0xBB29,2, 0x6984,1, 0x18C5,35, 0xBB29,2, 0x6984,1, 0x18C5,3, 0xBB29,2, 0x6984,1,
    0x18C5,9, 0xBB29,2, 0x6984,1, 0x18C5,3, 0xBB29,2, 0x6984,1, 0x18C5,35, 0xBB29,2,
    0x6984,1, 0x18C5,3, 0xBB29,2, 0x6984,1, 0x18C5,9, 0xBB29,2, 0x6984,1, 0x18C5,3,
    0xBB29,2, 0x6984,1, 0x18C5,35, 0xBB29,2, 0x6984,1, 0x18C5,3, 0xBB29,2, 0x6984,1,
    0x18C5,9, 0xBB29,2, 0x6984,1, 0x18C5,3, 0xBB29,2, 0x6984,1, 0x18C5,35, 0xBB29,2,
    0x6984,1, 0x18C5,3, 0xBB29,2, 0x6984,1, 0x18C5,9, 0xBB29,2, 0x6984,1, 0x18C5,3,
    0xBB29,2, 0x6984,1, 0x18C5,35, 0x6984,3, 0x18C5,3, 0x6984,3, 0x18C5,9, 0x6984,3,
    0x18C5,3, 0x6984,3, 0x18C5,31, 0x1084,36, 0x18C5,26, 0x1084,36, 0x18C5,30, 0x10A4,27,
    0x18C5,18, 0x18C5,32, 0x28E3,27, 0x18C5,35, 0x28E3,27, 0x18C5,34, 0x28E3,1, 0xFFFF,27,
    0x28E3,2, 0x18C5,30, 0x28E3,2, 0xFFFF,30, 0x28E3,1, 0x18C5,29, 0x28E3,2, 0xFFFF,30,
    0x28E3,1, 0x18C5,29, 0x28E3,2, 0xFFFF,30, 0x28E3,1, 0x18C5,29, 0x28E3,2, 0xFFFF,30,
    0x28E3,1, 0x18C5,29, 0x28E3,2, 0xFFFF,5, 0xE6FB,4, 0xFFFF,21, 0x28E3,1, 0x18C5,29,
    0x28E3,2, 0xFFFF,5, 0xE6FB,1, 0x2BFC,2, 0xE6FB,1, 0xFFFF,21, 0x28E3,1, 0x18C5,29,
    0x28E3,2, 0xFFFF,5, 0xE6FB,1, 0x2BFC,2, 0xE6FB,1, 0xFFFF,21, 0x28E3,1, 0x18C5,29,
    0x28E3,2, 0xFFFF,5, 0xE6FB,4, 0xFFFF,21, 0x28E3,1, 0x18C5,29, 0x28E3,2, 0xFFFF,30,
    0x28E3,1, 0x18C5,29, 0x28E3,2, 0xFFFF,30, 0x28E3,1, 0x18C5,29, 0x28E3,2, 0xFFFF,30,
    0x28E3,1, 0x18C5,29, 0x28E3,2, 0xFFFF,30, 0x28E3,1, 0x18C5,29, 0x28E3,2, 0xFFFF,30,
    0x28E3,1, 0x18C5,29, 0x28E3,2, 0xFFFF,30, 0x28E3,1, 0x18C5,29, 0x28E3,2, 0xFFFF,30,
    0x28E3,1, 0x18C5,29, 0x28E3,2, 0xE6FB,30, 0x28E3,1, 0x18C5,29, 0x28E3,2, 0xE6FB,30,
    0x28E3,1, 0x18C5,31, 0x28E3,1, 0xFFFF,27, 0x28E3,2, 0x18C5,33, 0x28E3,27, 0x18C5,35,
    0x28E3,27, 0x18C5,224, 0x28E3,3, 0x18C5,58, 0x28E3,1, 0xFFFF,3, 0x28E3,2, 0x18C5,56,
    0x28E3,1, 0xFFFF,3, 0x28E3,2, 0x18C5,56, 0x28E3,1, 0xFFFF,3, 0x28E3,2, 0x18C5,57,
    0x28E3,3, 0x18C5,59, 0x28E3,3, 0x18C5,239, 0x28E3,3, 0x18C5,59, 0x28E3,3, 0x18C5,59,
    0x28E3,3, 0x18C5,109, 0x4125,1, 0x6984,32, 0x4124,1, 0x18C5,28, 0x4125,1, 0x6984,32,
    0x4124,1, 0x18C5,28, 0x4125,1, 0xBB29,1, 0xF572,28, 0xDC4D,1, 0xBB29,1, 0x6984,1,
    0x4124,1, 0x18C5,28, 0x4125,1, 0xBB29,1, 0xF572,2, 0xFE98,2, 0xF572,1, 0xDC4D,23,
    0xBB29,1, 0x6984,2, 0x4124,1, 0x18C5,28, 0x4125,1, 0xBB29,1, 0xF572,2, 0xFE98,2,
    0xF572,1, 0xDC4D,2, 0xFE98,2, 0x6984,1, 0xDC4D,15, 0xFE98,2, 0x6984,1, 0xBB29,1,
    0x6984,2, 0x4124,1, 0x18C5,22, 0x4125,1, 0x6984,6, 0xBB29,1, 0xF572,1, 0xDC4D,6,
    0xFFFF,2, 0x1882,1, 0xDC4D,15, 0xFFFF,2, 0x1882,1, 0xBB29,1, 0x6984,2, 0x4124,1,
    0x18C5,20, 0x4124,1, 0x6984,2, 0xDC4D,1, 0xF572,7, 0xDC4D,6, 0xBB29,2, 0x1882,1,
    0xDC4D,15, 0xBB29,2, 0x1882,1, 0xBB29,1, 0x6984,2, 0x4124,1, 0x18C5,20, 0x4124,1,
    0x6984,2, 0xDC4D,1, 0xF572,7, 0xDC4D,6, 0x1882,3, 0xDC4D,15, 0x1882,3, 0xBB29,1,
    0x6984,2, 0x4124,1, 0x18C5,20, 0x4124,1, 0x6984,3, 0xBB29,2, 0xDC4D,4, 0xF572,1,
    0xDC4D,6, 0x1882,3, 0xDC4D,15, 0x1882,3, 0xBB29,1, 0x6984,2, 0x4124,1, 0x18C5,23,
    0x4125,1, 0x6984,1, 0xBB29,1, 0xDC4D,4, 0xF572,1, 0xDC4D,6, 0x1882,3, 0xDC4D,12,
    0x6984,3, 0x1882,3, 0x6984,3, 0x4124,1, 0x18C5,23, 0x4125,1, 0x6984,1, 0xBB29,1,
    0xDC4D,4, 0xF572,1, 0xDC4D,6, 0x6984,3, 0xDC4D,12, 0x6984,3, 0x28E3,3, 0x6984,3,
    0x4124,1, 0x18C5,23, 0x4125,1, 0x6984,1, 0xBB29,1, 0xDC4D,4, 0xF572,1, 0xDC4D,21,
    0x6984,2, 0xF572,4, 0xBB29,2, 0x6984,1, 0x4124,1, 0x18C5,20, 0x4124,1, 0x6984,2,
    0xBB29,1, 0xF572,1, 0xDC4D,5, 0xF572,1, 0xDC4D,21, 0x6984,2, 0xDC4D,3, 0xBB29,1,
    0x6984,3, 0x4124,1, 0x18C5,20, 0x4124,1, 0x6984,2, 0xBB29,1, 0xF572,1, 0xDC4D,5,
    0xF572,1, 0xDC4D,21, 0x6984,2, 0xDC4D,3, 0xBB29,1, 0x6984,3, 0x4124,1, 0x18C5,20,
    0x4124,1, 0x6984,2, 0xBB29,6, 0xDC4D,1, 0xF572,1, 0xDC4D,21, 0x6984,2, 0xDC4D,3,
    0x6984,1, 0xBB29,1, 0x6984,2, 0x4124,1, 0x18C5,22, 0x4125,1, 0x6984,6, 0xBB29,1,
    0xF572,1, 0xDC4D,21, 0x6984,2, 0xDC4D,3, 0x6984,1, 0xBB29,1, 0x6984,2, 0x4124,1,
    0x18C5,22, 0x4125,1, 0x6984,6, 0xBB29,1, 0xF572,1, 0xDC4D,21, 0x6984,2, 0xDC4D,3,
    0x6984,1, 0xBB29,1, 0x6984,2, 0x4124,1, 0x18C5,28, 0x4125,1, 0xBB29,1, 0xDC4D,1,
    0xBB29,21, 0x6984,2, 0xDC4D,3, 0xF572,1, 0x6984,3, 0x4124,1, 0x18C5,28, 0x4125,1,
    0xBB29,1, 0xDC4D,1, 0xBB29,21, 0x6984,2, 0xBB29,6, 0x6984,1, 0x4124,1, 0x18C5,28,
    0x4125,1, 0xBB29,1, 0xDC4D,1, 0xBB29,21, 0x6984,2, 0xBB29,6, 0x6984,1, 0x4124,1,
    0x18C5,28, 0x4125,1, 0x6984,32, 0x4124,1, 0x18C5,29, 0x69E7,1, 0xBB29,1, 0x6984,1,
    0x4124,1, 0x18C5,2, 0x69E7,1, 0xBB29,1, 0x6984,1, 0x4124,1, 0x18C5,8, 0x69E7,1,
    0xBB29,1, 0x6984,1, 0x4124,1, 0x18C5,2, 0x69E7,1, 0xBB29,1, 0x6984,1, 0x4124,1,
    0x18C5,34, 0x69E7,1, 0xBB29,1, 0x6984,1, 0x4124,1, 0x18C5,2, 0x69E7,1, 0xBB29,1,
    0x6984,1, 0x4124,1, 0x18C5,8, 0x69E7,1, 0xBB29,1, 0x6984,1, 0x4124,1, 0x18C5,2,
    0x69E7,1, 0xBB29,1, 0x6984,1, 0x4124,1, 0x18C5,34, 0x69E7,1, 0xBB29,1, 0x6984,1,
    0x4124,1, 0x18C5,2, 0x69E7,1, 0xBB29,1, 0x6984,1, 0x4124,1, 0x18C5,8, 0x69E7,1,
    0xBB29,1, 0x6984,1, 0x4124,1, 0x18C5,2, 0x69E7,1, 0xBB29,1, 0x6984,1, 0x4124,1,
    0x18C5,34, 0x69E7,1, 0xBB29,1, 0x6984,1, 0x4124,1, 0x18C5,2, 0x69E7,1, 0xBB29,1,
    0x6984,1, 0x4124,1, 0x18C5,8, 0x69E7,1, 0xBB29,1, 0x6984,1, 0x4124,1, 0x18C5,2,
    0x69E7,1, 0xBB29,1, 0x6984,1, 0x4124,1, 0x18C5,34, 0x69E7,1, 0xBB29,1, 0x6984,1,
    0x4124,1, 0x18C5,2, 0x69E7,1, 0xBB29,1, 0x6984,1, 0x4124,1, 0x18C5,8, 0x69E7,1,
    0xBB29,1, 0x6984,1, 0x4124,1, 0x18C5,2, 0x69E7,1, 0xBB29,1, 0x6984,1, 0x4124,1,
    0x18C5,34, 0x4124,1, 0x6984,2, 0x4124,1, 0x18C5,2, 0x4124,1, 0x6984,2, 0x4124,1,
    0x18C5,8, 0x4124,1, 0x6984,2, 0x4124,1, 0x18C5,2, 0x4124,1, 0x6984,2, 0x4124,1,
    0x18C5,29, 0x1084,36, 0x18C5,26, 0x1084,36, 0x18C5,30, 0x10A4,27, 0x18C5,18, 0x18C5,32,
    0x28E3,27, 0x18C5,35, 0x28E3,27, 0x18C5,34, 0x28E3,1, 0xFFFF,27, 0x28E3,2, 0x18C5,30,
    0x28E3,2, 0xFFFF,30, 0x28E3,1, 0x18C5,29, 0x28E3,2, 0xFFFF,30, 0x28E3,1, 0x18C5,29,
    0x28E3,2, 0xFFFF,30, 0x28E3,1, 0x18C5,29, 0x28E3,2, 0xFFFF,30, 0x28E3,1, 0x18C5,29,
    0x28E3,2, 0xFFFF,5, 0xE6FB,4, 0xFFFF,21, 0x28E3,1, 0x18C5,29, 0x28E3,2, 0xFFFF,5,
    0xE6FB,1, 0x2BFC,2, 0xE6FB,1, 0xFFFF,21, 0x28E3,1, 0x18C5,29, 0x28E3,2, 0xFFFF,5,
    0xE6FB,1, 0x2BFC,2, 0xE6FB,1, 0xFFFF,21, 0x28E3,1, 0x18C5,29, 0x28E3,2, 0xFFFF,5,
    0xE6FB,4, 0xFFFF,21, 0x28E3,1, 0x18C5,29, 0x28E3,2, 0xFFFF,30, 0x28E3,1, 0x18C5,29,
    0x28E3,2, 0xFFFF,30, 0x28E3,1, 0x18C5,29, 0x28E3,2, 0xFFFF,30, 0x28E3,1, 0x18C5,29,
    0x28E3,2, 0xFFFF,30, 0x28E3,1, 0x18C5,29, 0x28E3,2, 0xFFFF,30, 0x28E3,1, 0x18C5,29,
    0x28E3,2, 0xFFFF,30, 0x28E3,1, 0x18C5,29, 0x28E3,2, 0xFFFF,30, 0x28E3,1, 0x18C5,29,
    0x28E3,2, 0xE6FB,30, 0x28E3,1, 0x18C5,29, 0x28E3,2, 0xE6FB,30, 0x28E3,1, 0x18C5,31,
    0x28E3,1, 0xFFFF,27, 0x28E3,2, 0x18C5,33, 0x28E3,27, 0x18C5,35, 0x28E3,27, 0x18C5,224,
    0x28E3,3, 0x18C5,58, 0x28E3,1, 0xFFFF,3, 0x28E3,2, 0x18C5,56, 0x28E3,1, 0xFFFF,3,
    0x28E3,2, 0x18C5,56, 0x28E3,1, 0xFFFF,3, 0x28E3,2, 0x18C5,57, 0x28E3,3, 0x18C5,59,
    0x28E3,3, 0x18C5,239, 0x28E3,3, 0x18C5,59, 0x28E3,3, 0x18C5,59, 0x28E3,3, 0x18C5,109,
    0x4125,1, 0x6984,32, 0x4124,1, 0x18C5,28, 0x4125,1, 0x6984,32, 0x4124,1, 0x18C5,28,
    0x4125,1, 0xBB29,1, 0xF572,28, 0xDC4D,1, 0xBB29,1, 0x6984,1, 0x4124,1, 0x18C5,28,
    0x4125,1, 0xBB29,1, 0xF572,2, 0xFE98,2, 0xF572,1, 0xDC4D,23, 0xBB29,1, 0x6984,2,
    0x4124,1, 0x18C5,28, 0x4125,1, 0xBB29,1, 0xF572,2, 0xFE98,2, 0xF572,1, 0xDC4D,2,
    0xFE98,2, 0x6984,1, 0xDC4D,15, 0xFE98,2, 0x6984,1, 0xBB29,1, 0x6984,2, 0x4124,1,
    0x18C5,22, 0x4125,1, 0x6984,6, 0xBB29,1, 0xF572,1, 0xDC4D,6, 0xFFFF,2, 0x1882,1,
    0xDC4D,15, 0xFFFF,2, 0x1882,1, 0xBB29,1, 0x6984,2, 0x4124,1, 0x18C5,20, 0x4124,1,
    0x6984,2, 0xDC4D,1, 0xF572,7, 0xDC4D,6, 0xBB29,2, 0x1882,1, 0xDC4D,15, 0xBB29,2,
    0x1882,1, 0xBB29,1, 0x6984,2, 0x4124,1, 0x18C5,20, 0x4124,1, 0x6984,2, 0xDC4D,1,
    0xF572,7, 0xDC4D,6, 0x1882,3, 0xDC4D,15, 0x1882,3, 0xBB29,1, 0x6984,2, 0x4124,1,
    0x18C5,20, 0x4124,1, 0x6984,3, 0xBB29,2, 0xDC4D,4, 0xF572,1, 0xDC4D,6, 0x1882,3,
    0xDC4D,15, 0x1882,3, 0xBB29,1, 0x6984,2, 0x4124,1, 0x18C5,23, 0x4125,1, 0x6984,1,
    0xBB29,1, 0xDC4D,4, 0xF572,1, 0xDC4D,6, 0x1882,3, 0xDC4D,12, 0x6984,3, 0x1882,3,
    0x6984,3, 0x4124,1, 0x18C5,23, 0x4125,1, 0x6984,1, 0xBB29,1, 0xDC4D,4, 0xF572,1,
    0xDC4D,6, 0x6984,3, 0xDC4D,12, 0x6984,3, 0x28E3,3, 0x6984,3, 0x4124,1, 0x18C5,23,
    0x4125,1, 0x6984,1, 0xBB29,1, 0xDC4D,4, 0xF572,1, 0xDC4D,21, 0x6984,2, 0xF572,4,
    0xBB29,2, 0x6984,1, 0x4124,1, 0x18C5,20, 0x4124,1, 0x6984,2, 0xBB29,1, 0xF572,1,
    0xDC4D,5, 0xF572,1, 0xDC4D,21, 0x6984,2, 0xDC4D,3, 0xBB29,1, 0x6984,3, 0x4124,1,
    0x18C5,20, 0x4124,1, 0x6984,2, 0xBB29,1, 0xF572,1, 0xDC4D,5, 0xF572,1, 0xDC4D,21,
    0x6984,2, 0xDC4D,3, 0xBB29,1, 0x6984,3, 0x4124,1, 0x18C5,20, 0x4124,1, 0x6984,2,
    0xBB29,6, 0xDC4D,1, 0xF572,1, 0xDC4D,21, 0x6984,2, 0xDC4D,3, 0x6984,1, 0xBB29,1,
    0x6984,2, 0x4124,1, 0x18C5,22, 0x4125,1, 0x6984,6, 0xBB29,1, 0xF572,1, 0xDC4D,21,
    0x6984,2, 0xDC4D,3, 0x6984,1, 0xBB29,1, 0x6984,2, 0x4124,1, 0x18C5,22, 0x4125,1,
    0x6984,6, 0xBB29,1, 0xF572,1, 0xDC4D,21, 0x6984,2, 0xDC4D,3, 0x6984,1, 0xBB29,1,
    0x6984,2, 0x4124,1, 0x18C5,28, 0x4125,1, 0xBB29,1, 0xDC4D,1, 0xBB29,21, 0x6984,2,
    0xDC4D,3, 0xF572,1, 0x6984,3, 0x4124,1, 0x18C5,28, 0x4125,1, 0xBB29,1, 0xDC4D,1,
    0xBB29,21, 0x6984,2, 0xBB29,6, 0x6984,1, 0x4124,1, 0x18C5,28, 0x4125,1, 0xBB29,1,
    0xDC4D,1, 0xBB29,21, 0x6984,2, 0xBB29,6, 0x6984,1, 0x4124,1, 0x18C5,28, 0x4125,1,
    0x6984,32, 0x4124,1, 0x18C5,29, 0x69E7,1, 0xBB29,1, 0x6984,1, 0x4124,1, 0x18C5,2,
    0x69E7,1, 0xBB29,1, 0x6984,1, 0x4124,1, 0x18C5,8, 0x69E7,1, 0xBB29,1, 0x6984,1,
    0x4124,1, 0x18C5,2, 0x69E7,1, 0xBB29,1, 0x6984,1, 0x4124,1, 0x18C5,34, 0x69E7,1,
    0xBB29,1, 0x6984,1, 0x4124,1, 0x18C5,2, 0x69E7,1, 0xBB29,1, 0x6984,1, 0x4124,1,
    0x18C5,8, 0x69E7,1, 0xBB29,1, 0x6984,1, 0x4124,1, 0x18C5,2, 0x69E7,1, 0xBB29,1,
    0x6984,1, 0x4124,1, 0x18C5,34, 0x69E7,1, 0xBB29,1, 0x6984,1, 0x4124,1, 0x18C5,2,
    0x69E7,1, 0xBB29,1, 0x6984,1, 0x4124,1, 0x18C5,8, 0x69E7,1, 0xBB29,1, 0x6984,1,
    0x4124,1, 0x18C5,2, 0x69E7,1, 0xBB29,1, 0x6984,1, 0x4124,1, 0x18C5,34, 0x69E7,1,
    0xBB29,1, 0x6984,1, 0x4124,1, 0x18C5,2, 0x69E7,1, 0xBB29,1, 0x6984,1, 0x4124,1,
    0x18C5,8, 0x69E7,1, 0xBB29,1, 0x6984,1, 0x4124,1, 0x18C5,2, 0x69E7,1, 0xBB29,1,
    0x6984,1, 0x4124,1, 0x18C5,34, 0x69E7,1, 0xBB29,1, 0x6984,1, 0x4124,1, 0x18C5,2,
    0x69E7,1, 0xBB29,1, 0x6984,1, 0x4124,1, 0x18C5,8, 0x69E7,1, 0xBB29,1, 0x6984,1,
    0x4124,1, 0x18C5,2, 0x69E7,1, 0xBB29,1, 0x6984,1, 0x4124,1, 0x18C5,34, 0x4124,1,
    0x6984,2, 0x4124,1, 0x18C5,2, 0x4124,1, 0x6984,2, 0x4124,1, 0x18C5,8, 0x4124,1,
    0x6984,2, 0x4124,1, 0x18C5,2, 0x4124,1, 0x6984,2, 0x4124,1, 0x18C5,29, 0x1084,36,
    0x18C5,26, 0x1084,36, 0x18C5,30, 0x10A4,27, 0x18C5,18, 0x18C5,32, 0x28E3,27, 0x18C5,35,
    0x28E3,27, 0x18C5,34, 0x28E3,1, 0xFFFF,27, 0x28E3,2, 0x18C5,30, 0x28E3,2, 0xFFFF,30,
    0x28E3,1, 0x18C5,29, 0x28E3,2, 0xFFFF,30, 0x28E3,1, 0x18C5,29, 0x28E3,2, 0xFFFF,30,
    0x28E3,1, 0x18C5,29, 0x28E3,2, 0xFFFF,30, 0x28E3,1, 0x18C5,29, 0x28E3,2, 0xFFFF,5,
    0xE6FB,4, 0xFFFF,4, 0xE6FB,3, 0xFFFF,14, 0x28E3,1, 0x18C5,29, 0x28E3,2, 0xFFFF,5,
    0xE6FB,1, 0x2BFC,2, 0xE6FB,1, 0xFFFF,4, 0x2BFC,3, 0xFFFF,14, 0x28E3,1, 0x18C5,29,
    0x28E3,2, 0xFFFF,5, 0xE6FB,1, 0x2BFC,2, 0xE6FB,1, 0xFFFF,4, 0x2BFC,3, 0xFFFF,14,
    0x28E3,1, 0x18C5,29, 0x28E3,2, 0xFFFF,5, 0xE6FB,4, 0xFFFF,4, 0xE6FB,3, 0xFFFF,14,
    0x28E3,1, 0x18C5,29, 0x28E3,2, 0xFFFF,30, 0x28E3,1, 0x18C5,29, 0x28E3,2, 0xFFFF,30,
    0x28E3,1, 0x18C5,29, 0x28E3,2, 0xFFFF,30, 0x28E3,1, 0x18C5,29, 0x28E3,2, 0xFFFF,30,
    0x28E3,1, 0x18C5,29, 0x28E3,2, 0xFFFF,30, 0x28E3,1, 0x18C5,29, 0x28E3,2, 0xFFFF,30,
    0x28E3,1, 0x18C5,29, 0x28E3,2, 0xFFFF,30, 0x28E3,1, 0x18C5,29, 0x28E3,2, 0xE6FB,30,
    0x28E3,1, 0x18C5,29, 0x28E3,2, 0xE6FB,30, 0x28E3,1, 0x18C5,31, 0x28E3,1, 0xFFFF,27,
    0x28E3,2, 0x18C5,33, 0x28E3,27, 0x18C5,35, 0x28E3,27, 0x18C5,224, 0x28E3,3, 0x18C5,58,
    0x28E3,1, 0xFFFF,3, 0x28E3,2, 0x18C5,56, 0x28E3,1, 0xFFFF,3, 0x28E3,2, 0x18C5,56,
    0x28E3,1, 0xFFFF,3, 0x28E3,2, 0x18C5,57, 0x28E3,3, 0x18C5,59, 0x28E3,3, 0x18C5,239,
    0x28E3,3, 0x18C5,59, 0x28E3,3, 0x18C5,59, 0x28E3,3, 0x18C5,109, 0x4125,1, 0x6984,32,
    0x4124,1, 0x18C5,28, 0x4125,1, 0x6984,32, 0x4124,1, 0x18C5,28, 0x4125,1, 0xBB29,1,
    0xF572,28, 0xDC4D,1, 0xBB29,1, 0x6984,1, 0x4124,1, 0x18C5,28, 0x4125,1, 0xBB29,1,
    0xF572,2, 0xFE98,2, 0xF572,1, 0xDC4D,23, 0xBB29,1, 0x6984,2, 0x4124,1, 0x18C5,28,
    0x4125,1, 0xBB29,1, 0xF572,2, 0xFE98,2, 0xF572,1, 0xDC4D,2, 0xFE98,2, 0x6984,1,
    0xDC4D,15, 0xFE98,2, 0x6984,1, 0xBB29,1, 0x6984,2, 0x4124,1, 0x18C5,22, 0x4125,1,
    0x6984,6, 0xBB29,1, 0xF572,1, 0xDC4D,6, 0xFFFF,2, 0x1882,1, 0xDC4D,15, 0xFFFF,2,
    0x1882,1, 0xBB29,1, 0x6984,2, 0x4124,1, 0x18C5,20, 0x4124,1, 0x6984,2, 0xDC4D,1,
    0xF572,7, 0xDC4D,6, 0xBB29,2, 0x1882,1, 0xDC4D,15, 0xBB29,2, 0x1882,1, 0xBB29,1,
    0x6984,2, 0x4124,1, 0x18C5,20, 0x4124,1, 0x6984,2, 0xDC4D,1, 0xF572,7, 0xDC4D,6,
    0x1882,3, 0xDC4D,15, 0x1882,3, 0xBB29,1, 0x6984,2, 0x4124,1, 0x18C5,20, 0x4124,1,
    0x6984,3, 0xBB29,2, 0xDC4D,4, 0xF572,1, 0xDC4D,6, 0x1882,3, 0xDC4D,15, 0x1882,3,
    0xBB29,1, 0x6984,2, 0x4124,1, 0x18C5,23, 0x4125,1, 0x6984,1, 0xBB29,1, 0xDC4D,4,
    0xF572,1, 0xDC4D,6, 0x1882,3, 0xDC4D,12, 0x6984,3, 0x1882,3, 0x6984,3, 0x4124,1,
    0x18C5,23, 0x4125,1, 0x6984,1, 0xBB29,1, 0xDC4D,4, 0xF572,1, 0xDC4D,6, 0x6984,3,
    0xDC4D,12, 0x6984,3, 0x28E3,3, 0x6984,3, 0x4124,1, 0x18C5,23, 0x4125,1, 0x6984,1,
    0xBB29,1, 0xDC4D,4, 0xF572,1, 0xDC4D,21, 0x6984,2, 0xF572,4, 0xBB29,2, 0x6984,1,
    0x4124,1, 0x18C5,20, 0x4124,1, 0x6984,2, 0xBB29,1, 0xF572,1, 0xDC4D,5, 0xF572,1,
    0xDC4D,21, 0x6984,2, 0xDC4D,3, 0xBB29,1, 0x6984,3, 0x4124,1, 0x18C5,20, 0x4124,1,
    0x6984,2, 0xBB29,1, 0xF572,1, 0xDC4D,5, 0xF572,1, 0xDC4D,21, 0x6984,2, 0xDC4D,3,
    0xBB29,1, 0x6984,3, 0x4124,1, 0x18C5,20, 0x4124,1, 0x6984,2, 0xBB29,6, 0xDC4D,1,
    0xF572,1, 0xDC4D,21, 0x6984,2, 0xDC4D,3, 0x6984,1, 0xBB29,1, 0x6984,2, 0x4124,1,
    0x18C5,22, 0x4125,1, 0x6984,6, 0xBB29,1, 0xF572,1, 0xDC4D,21, 0x6984,2, 0xDC4D,3,
    0x6984,1, 0xBB29,1, 0x6984,2, 0x4124,1, 0x18C5,22, 0x4125,1, 0x6984,6, 0xBB29,1,
    0xF572,1, 0xDC4D,21, 0x6984,2, 0xDC4D,3, 0x6984,1, 0xBB29,1, 0x6984,2, 0x4124,1,
    0x18C5,28, 0x4125,1, 0xBB29,1, 0xDC4D,1, 0xBB29,21, 0x6984,2, 0xDC4D,3, 0xF572,1,
    0x6984,3, 0x4124,1, 0x18C5,28, 0x4125,1, 0xBB29,1, 0xDC4D,1, 0xBB29,21, 0x6984,2,
    0xBB29,6, 0x6984,1, 0x4124,1, 0x18C5,28, 0x4125,1, 0xBB29,1, 0xDC4D,1, 0xBB29,21,
    0x6984,2, 0xBB29,6, 0x6984,1, 0x4124,1, 0x18C5,28, 0x4125,1, 0x6984,32, 0x4124,1,
    0x18C5,29, 0x69E7,1, 0xBB29,1, 0x6984,1, 0x4124,1, 0x18C5,2, 0x69E7,1, 0xBB29,1,
    0x6984,1, 0x4124,1, 0x18C5,8, 0x69E7,1, 0xBB29,1, 0x6984,1, 0x4124,1, 0x18C5,2,
    0x69E7,1, 0xBB29,1, 0x6984,1, 0x4124,1, 0x18C5,34, 0x69E7,1, 0xBB29,1, 0x6984,1,
    0x4124,1, 0x18C5,2, 0x69E7,1, 0xBB29,1, 0x6984,1, 0x4124,1, 0x18C5,8, 0x69E7,1,
    0xBB29,1, 0x6984,1, 0x4124,1, 0x18C5,2, 0x69E7,1, 0xBB29,1, 0x6984,1, 0x4124,1,
    0x18C5,34, 0x69E7,1, 0xBB29,1, 0x6984,1, 0x4124,1, 0x18C5,2, 0x69E7,1, 0xBB29,1,
    0x6984,1, 0x4124,1, 0x18C5,8, 0x69E7,1, 0xBB29,1, 0x6984,1, 0x4124,1, 0x18C5,2,
    0x69E7,1, 0xBB29,1, 0x6984,1, 0x4124,1, 0x18C5,34, 0x69E7,1, 0xBB29,1, 0x6984,1,
    0x4124,1, 0x18C5,2, 0x69E7,1, 0xBB29,1, 0x6984,1, 0x4124,1, 0x18C5,8, 0x69E7,1,
    0xBB29,1, 0x6984,1, 0x4124,1, 0x18C5,2, 0x69E7,1, 0xBB29,1, 0x6984,1, 0x4124,1,
    0x18C5,34, 0x69E7,1, 0xBB29,1, 0x6984,1, 0x4124,1, 0x18C5,2, 0x69E7,1, 0xBB29,1,
    0x6984,1, 0x4124,1, 0x18C5,8, 0x69E7,1, 0xBB29,1, 0x6984,1, 0x4124,1, 0x18C5,2,
    0x69E7,1, 0xBB29,1, 0x6984,1, 0x4124,1, 0x18C5,34, 0x4124,1, 0x6984,2, 0x4124,1,
    0x18C5,2, 0x4124,1, 0x6984,2, 0x4124,1, 0x18C5,8, 0x4124,1, 0x6984,2, 0x4124,1,
    0x18C5,2, 0x4124,1, 0x6984,2, 0x4124,1, 0x18C5,29, 0x1084,36, 0x18C5,26, 0x1084,36,
    0x18C5,30, 0x10A4,27, 0x18C5,18, 0x18C5,32, 0x28E3,27, 0x18C5,35, 0x28E3,27, 0x18C5,34,
    0x28E3,1, 0xFFFF,27, 0x28E3,2, 0x18C5,30, 0x28E3,2, 0xFFFF,30, 0x28E3,1, 0x18C5,29,
    0x28E3,2, 0xFFFF,30, 0x28E3,1, 0x18C5,29, 0x28E3,2, 0xFFFF,30, 0x28E3,1, 0x18C5,29,
    0x28E3,2, 0xFFFF,30, 0x28E3,1, 0x18C5,29, 0x28E3,2, 0xFFFF,5, 0xE6FB,4, 0xFFFF,4,
    0xE6FB,3, 0xFFFF,14, 0x28E3,1, 0x18C5,29, 0x28E3,2, 0xFFFF,5, 0xE6FB,1, 0x2BFC,2,
    0xE6FB,1, 0xFFFF,4, 0x2BFC,3, 0xFFFF,14, 0x28E3,1, 0x18C5,29, 0x28E3,2, 0xFFFF,5,
    0xE6FB,1, 0x2BFC,2, 0xE6FB,1, 0xFFFF,4, 0x2BFC,3, 0xFFFF,14, 0x28E3,1, 0x18C5,29,
    0x28E3,2, 0xFFFF,5, 0xE6FB,4, 0xFFFF,4, 0xE6FB,3, 0xFFFF,14, 0x28E3,1, 0x18C5,29,
    0x28E3,2, 0xFFFF,30, 0x28E3,1, 0x18C5,29, 0x28E3,2, 0xFFFF,30, 0x28E3,1, 0x18C5,29,
    0x28E3,2, 0xFFFF,30, 0x28E3,1, 0x18C5,29, 0x28E3,2, 0xFFFF,30, 0x28E3,1, 0x18C5,29,
    0x28E3,2, 0xFFFF,30, 0x28E3,1, 0x18C5,29, 0x28E3,2, 0xFFFF,30, 0x28E3,1, 0x18C5,29,
    0x28E3,2, 0xFFFF,30, 0x28E3,1, 0x18C5,29, 0x28E3,2, 0xE6FB,30, 0x28E3,1, 0x18C5,29,
    0x28E3,2, 0xE6FB,30, 0x28E3,1, 0x18C5,31, 0x28E3,1, 0xFFFF,27, 0x28E3,2, 0x18C5,33,
    0x28E3,27, 0x18C5,35, 0x28E3,27, 0x18C5,224, 0x28E3,3, 0x18C5,58, 0x28E3,1, 0xFFFF,3,
    0x28E3,2, 0x18C5,56, 0x28E3,1, 0xFFFF,3, 0x28E3,2, 0x18C5,56, 0x28E3,1, 0xFFFF,3,
    0x28E3,2, 0x18C5,57, 0x28E3,3, 0x18C5,59, 0x28E3,3, 0x18C5,239, 0x28E3,3, 0x18C5,59,
    0x28E3,3, 0x18C5,59, 0x28E3,3, 0x18C5,109, 0x4125,1, 0x6984,32, 0x4124,1, 0x18C5,28,
    0x4125,1, 0x6984,32, 0x4124,1, 0x18C5,28, 0x4125,1, 0xBB29,1, 0xF572,28, 0xDC4D,1,
    0xBB29,1, 0x6984,1, 0x4124,1, 0x18C5,28, 0x4125,1, 0xBB29,1, 0xF572,2, 0xFE98,2,
    0xF572,1, 0xDC4D,23, 0xBB29,1, 0x6984,2, 0x4124,1, 0x18C5,28, 0x4125,1, 0xBB29,1,
    0xF572,2, 0xFE98,2, 0xF572,1, 0xDC4D,2, 0xFE98,2, 0x6984,1, 0xDC4D,15, 0xFE98,2,
    0x6984,1, 0xBB29,1, 0x6984,2, 0x4124,1, 0x18C5,22, 0x4125,1, 0x6984,6, 0xBB29,1,
    0xF572,1, 0xDC4D,6, 0xFFFF,2, 0x1882,1, 0xDC4D,15, 0xFFFF,2, 0x1882,1, 0xBB29,1,
    0x6984,2, 0x4124,1, 0x18C5,20, 0x4124,1, 0x6984,2, 0xDC4D,1, 0xF572,7, 0xDC4D,6,
    0xBB29,2, 0x1882,1, 0xDC4D,15, 0xBB29,2, 0x1882,1, 0xBB29,1, 0x6984,2, 0x4124,1,
    0x18C5,20, 0x4124,1, 0x6984,2, 0xDC4D,1, 0xF572,7, 0xDC4D,6, 0x1882,3, 0xDC4D,15,
    0x1882,3, 0xBB29,1, 0x6984,2, 0x4124,1, 0x18C5,20, 0x4124,1, 0x6984,3, 0xBB29,2,
    0xDC4D,4, 0xF572,1, 0xDC4D,6, 0x1882,3, 0xDC4D,15, 0x1882,3, 0xBB29,1, 0x6984,2,
    0x4124,1, 0x18C5,23, 0x4125,1, 0x6984,1, 0xBB29,1, 0xDC4D,4, 0xF572,1, 0xDC4D,6,
    0x1882,3, 0xDC4D,15, 0x1882,3, 0xBB29,1, 0x6984,2, 0x4124,1, 0x18C5,23, 0x4125,1,
    0x6984,1, 0xBB29,1, 0xDC4D,4, 0xF572,1, 0xDC4D,6, 0x6984,3, 0xDC4D,12, 0xBB29,3,
    0x6984,3, 0xBB29,1, 0x6984,2, 0x4124,1, 0x18C5,23, 0x4125,1, 0x6984,1, 0xBB29,1,
    0xDC4D,4, 0xF572,1, 0xDC4D,21, 0x6984,9, 0x4124,1, 0x18C5,20, 0x4124,1, 0x6984,2,
    0xBB29,1, 0xF572,1, 0xDC4D,5, 0xF572,1, 0xDC4D,21, 0x6984,2, 0xBB29,4, 0x6984,3,
    0x4124,1, 0x18C5,20, 0x4124,1, 0x6984,2, 0xBB29,1, 0xF572,1, 0xDC4D,5, 0xF572,1,
    0xDC4D,21, 0x6984,2, 0xDC4D,4, 0x6984,3, 0x4124,1, 0x18C5,20, 0x4124,1, 0x6984,2,
    0xBB29,6, 0xDC4D,1, 0xF572,1, 0xDC4D,21, 0x6984,2, 0xDC4D,3, 0xBB29,1, 0x6984,3,
    0x4124,1, 0x18C5,22, 0x4125,1, 0x6984,6, 0xBB29,1, 0xF572,1, 0xDC4D,21, 0x6984,2,
    0xDC4D,3, 0x6984,1, 0xBB29,1, 0x6984,2, 0x4124,1, 0x18C5,22, 0x4125,1, 0x6984,6,
    0xBB29,1, 0xF572,1, 0xDC4D,21, 0x6984,2, 0xDC4D,3, 0x6984,1, 0xBB29,1, 0x6984,2,
    0x4124,1, 0x18C5,28, 0x4125,1, 0xBB29,1, 0xDC4D,1, 0xBB29,21, 0x6984,2, 0xDC4D,3,
    0x6984,1, 0xBB29,1, 0x6984,2, 0x4124,1, 0x18C5,28, 0x4125,1, 0xBB29,1, 0xDC4D,1,
    0xBB29,21, 0x6984,2, 0xDC4D,3, 0xBB29,1, 0x6984,3, 0x4124,1, 0x18C5,28, 0x4125,1,
    0xBB29,1, 0xDC4D,1, 0xBB29,21, 0x6984,2, 0xBB29,3, 0xDC4D,1, 0x6984,3, 0x4124,1,
    0x18C5,28, 0x4125,1, 0x6984,25, 0xBB29,6, 0x6984,1, 0x4124,1, 0x18C5,29, 0x69E7,1,
    0xBB29,1, 0x6984,1, 0x4124,1, 0x18C5,2, 0x69E7,1, 0xBB29,1, 0x6984,1, 0x4124,1,
    0x18C5,8, 0x69E7,1, 0xBB29,1, 0x6984,1, 0x4124,1, 0x18C5,1, 0x6984,8, 0x4125,1,
    0x18C5,30, 0x69E7,1, 0xBB29,1, 0x6984,1, 0x4124,1, 0x18C5,2, 0x69E7,1, 0xBB29,1,
    0x6984,1, 0x4124,1, 0x18C5,8, 0x69E7,1, 0xBB29,1, 0x6984,1, 0x4124,1, 0x18C5,1,
    0x4124,1, 0x69A5,1, 0x6984,2, 0x5144,1, 0x4124,3, 0x18C5,31, 0x69E7,1, 0xBB29,1,
    0x6984,1, 0x4124,1, 0x18C5,2, 0x69E7,1, 0xBB29,1, 0x6984,1, 0x4124,1, 0x18C5,8,
    0x69E7,1, 0xBB29,1, 0x6984,1, 0x4124,1, 0x18C5,2, 0x69E7,1, 0xBB29,1, 0x6984,1,
    0x4124,1, 0x18C5,34, 0x69E7,1, 0xBB29,1, 0x6984,1, 0x4124,1, 0x18C5,2, 0x69E7,1,
    0xBB29,1, 0x6984,1, 0x4124,1, 0x18C5,8, 0x69E7,1, 0xBB29,1, 0x6984,1, 0x4124,1,
    0x18C5,2, 0x69E7,1, 0xBB29,1, 0x6984,1, 0x4124,1, 0x18C5,34, 0x69E7,1, 0xBB29,1,
    0x6984,1, 0x4124,1, 0x18C5,2, 0x69E7,1, 0xBB29,1, 0x6984,1, 0x4124,1, 0x18C5,8,
    0x69E7,1, 0xBB29,1, 0x6984,1, 0x4124,1, 0x18C5,2, 0x69E7,1, 0xBB29,1, 0x6984,1,
    0x4124,1, 0x18C5,34, 0x4124,1, 0x6984,2, 0x4124,1, 0x18C5,2, 0x4124,1, 0x6984,2,
    0x4124,1, 0x18C5,8, 0x4124,1, 0x6984,2, 0x4124,1, 0x18C5,2, 0x4124,1, 0x6984,2,
    0x4124,1, 0x18C5,29, 0x1084,36, 0x18C5,26, 0x1084,36, 0x18C5,30, 0x10A4,27, 0x18C5,18,
    0x18C5,32, 0x28E3,27, 0x18C5,35, 0x28E3,27, 0x18C5,34, 0x28E3,1, 0xFFFF,27, 0x28E3,2,
    0x18C5,30, 0x28E3,2, 0xFFFF,30, 0x28E3,1, 0x18C5,29, 0x28E3,2, 0xFFFF,30, 0x28E3,1,
    0x18C5,29, 0x28E3,2, 0xFFFF,30, 0x28E3,1, 0x18C5,29, 0x28E3,2, 0xFFFF,30, 0x28E3,1,
    0x18C5,29, 0x28E3,2, 0xFFFF,5, 0xE6FB,4, 0xFFFF,4, 0xE6FB,3, 0xFFFF,14, 0x28E3,1,
    0x18C5,29, 0x28E3,2, 0xFFFF,5, 0xE6FB,1, 0x2BFC,2, 0xE6FB,1, 0xFFFF,4, 0x2BFC,3,
    0xFFFF,14, 0x28E3,1, 0x18C5,29, 0x28E3,2, 0xFFFF,5, 0xE6FB,1, 0x2BFC,2, 0xE6FB,1,
    0xFFFF,4, 0x2BFC,3, 0xFFFF,14, 0x28E3,1, 0x18C5,29, 0x28E3,2, 0xFFFF,5, 0xE6FB,4,
    0xFFFF,4, 0xE6FB,3, 0xFFFF,14, 0x28E3,1, 0x18C5,29, 0x28E3,2, 0xFFFF,30, 0x28E3,1,
    0x18C5,29, 0x28E3,2, 0xFFFF,30, 0x28E3,1, 0x18C5,29, 0x28E3,2, 0xFFFF,30, 0x28E3,1,
    0x18C5,29, 0x28E3,2, 0xFFFF,30, 0x28E3,1, 0x18C5,29, 0x28E3,2, 0xFFFF,30, 0x28E3,1,
    0x18C5,29, 0x28E3,2, 0xFFFF,30, 0x28E3,1, 0x18C5,29, 0x28E3,2, 0xFFFF,30, 0x28E3,1,
    0x18C5,29, 0x28E3,2, 0xE6FB,30, 0x28E3,1, 0x18C5,29, 0x28E3,2, 0xE6FB,30, 0x28E3,1,
    0x18C5,31, 0x28E3,1, 0xFFFF,27, 0x28E3,2, 0x18C5,33, 0x28E3,27, 0x18C5,35, 0x28E3,27,
    0x18C5,224, 0x28E3,3, 0x18C5,58, 0x28E3,1, 0xFFFF,3, 0x28E3,2, 0x18C5,56, 0x28E3,1,
    0xFFFF,3, 0x28E3,2, 0x18C5,56, 0x28E3,1, 0xFFFF,3, 0x28E3,2, 0x18C5,57, 0x28E3,3,
    0x18C5,59, 0x28E3,3, 0x18C5,239, 0x28E3,3, 0x18C5,59, 0x28E3,3, 0x18C5,59, 0x28E3,3,
    0x18C5,109, 0x4125,1, 0x6984,32, 0x4124,1, 0x18C5,28, 0x4125,1, 0x6984,32, 0x4124,1,
    0x18C5,28, 0x4125,1, 0xBB29,1, 0xF572,28, 0xDC4D,1, 0xBB29,1, 0x6984,1, 0x4124,1,
    0x18C5,28, 0x4125,1, 0xBB29,1, 0xF572,2, 0xFE98,2, 0xF572,1, 0xDC4D,23, 0xBB29,1,
    0x6984,2, 0x4124,1, 0x18C5,28, 0x4125,1, 0xBB29,1, 0xF572,2, 0xFE98,2, 0xF572,1,
    0xDC4D,2, 0xFE98,2, 0x6984,1, 0xDC4D,15, 0xFE98,2, 0x6984,1, 0xBB29,1, 0x6984,2,
    0x4124,1, 0x18C5,22, 0x4125,1, 0x6984,6, 0xBB29,1, 0xF572,1, 0xDC4D,6, 0xFFFF,2,
    0x1882,1, 0xDC4D,15, 0xFFFF,2, 0x1882,1, 0xBB29,1, 0x6984,2, 0x4124,1, 0x18C5,20,
    0x4124,1, 0x6984,2, 0xDC4D,1, 0xF572,7, 0xDC4D,6, 0xBB29,2, 0x1882,1, 0xDC4D,15,
    0xBB29,2, 0x1882,1, 0xBB29,1, 0x6984,2, 0x4124,1, 0x18C5,20, 0x4124,1, 0x6984,2,
    0xDC4D,1, 0xF572,7, 0xDC4D,6, 0x1882,3, 0xDC4D,15, 0x1882,3, 0xBB29,1, 0x6984,2,
    0x4124,1, 0x18C5,20, 0x4124,1, 0x6984,3, 0xBB29,2, 0xDC4D,4, 0xF572,1, 0xDC4D,6,
    0x1882,3, 0xDC4D,15, 0x1882,3, 0xBB29,1, 0x6984,2, 0x4124,1, 0x18C5,23, 0x4125,1,
    0x6984,1, 0xBB29,1, 0xDC4D,4, 0xF572,1, 0xDC4D,6, 0x1882,3, 0xDC4D,15, 0x1882,3,
    0xBB29,1, 0x6984,2, 0x4124,1, 0x18C5,23, 0x4125,1, 0x6984,1, 0xBB29,1, 0xDC4D,4,
    0xF572,1, 0xDC4D,6, 0x6984,3, 0xDC4D,12, 0xBB29,3, 0x6984,3, 0xBB29,1, 0x6984,2,
    0x4124,1, 0x18C5,23, 0x4125,1, 0x6984,1, 0xBB29,1, 0xDC4D,4, 0xF572,1, 0xDC4D,21,
    0x6984,9, 0x4124,1, 0x18C5,20, 0x4124,1, 0x6984,2, 0xBB29,1, 0xF572,1, 0xDC4D,5,
    0xF572,1, 0xDC4D,21, 0x6984,2, 0xBB29,4, 0x6984,3, 0x4124,1, 0x18C5,20, 0x4124,1,
    0x6984,2, 0xBB29,1, 0xF572,1, 0xDC4D,5, 0xF572,1, 0xDC4D,21, 0x6984,2, 0xDC4D,4,
    0x6984,3, 0x4124,1, 0x18C5,20, 0x4124,1, 0x6984,2, 0xBB29,6, 0xDC4D,1, 0xF572,1,
    0xDC4D,21, 0x6984,2, 0xDC4D,3, 0xBB29,1, 0x6984,3, 0x4124,1, 0x18C5,22, 0x4125,1,
    0x6984,6, 0xBB29,1, 0xF572,1, 0xDC4D,21, 0x6984,2, 0xDC4D,3, 0x6984,1, 0xBB29,1,
    0x6984,2, 0x4124,1, 0x18C5,22, 0x4125,1, 0x6984,6, 0xBB29,1, 0xF572,1, 0xDC4D,21,
    0x6984,2, 0xDC4D,3, 0x6984,1, 0xBB29,1, 0x6984,2, 0x4124,1, 0x18C5,28, 0x4125,1,
    0xBB29,1, 0xDC4D,1, 0xBB29,21, 0x6984,2, 0xDC4D,3, 0x6984,1, 0xBB29,1, 0x6984,2,
    0x4124,1, 0x18C5,28, 0x4125,1, 0xBB29,1, 0xDC4D,1, 0xBB29,21, 0x6984,2, 0xDC4D,3,
    0xBB29,1, 0x6984,3, 0x4124,1, 0x18C5,28, 0x4125,1, 0xBB29,1, 0xDC4D,1, 0xBB29,21,
    0x6984,2, 0xBB29,3, 0xDC4D,1, 0x6984,3, 0x4124,1, 0x18C5,28, 0x4125,1, 0x6984,25,
    0xBB29,6, 0x6984,1, 0x4124,1, 0x18C5,29, 0x69E7,1, 0xBB29,1, 0x6984,1, 0x4124,1,
    0x18C5,2, 0x69E7,1, 0xBB29,1, 0x6984,1, 0x4124,1, 0x18C5,8, 0x69E7,1, 0xBB29,1,
    0x6984,1, 0x4124,1, 0x18C5,1, 0x6984,8, 0x4125,1, 0x18C5,30, 0x69E7,1, 0xBB29,1,
    0x6984,1, 0x4124,1, 0x18C5,2, 0x69E7,1, 0xBB29,1, 0x6984,1, 0x4124,1, 0x18C5,8,
    0x69E7,1, 0xBB29,1, 0x6984,1, 0x4124,1, 0x18C5,1, 0x4124,1, 0x69A5,1, 0x6984,2,
    0x5144,1, 0x4124,3, 0x18C5,31, 0x69E7,1, 0xBB29,1, 0x6984,1, 0x4124,1, 0x18C5,2,
    0x69E7,1, 0xBB29,1, 0x6984,1, 0x4124,1, 0x18C5,8, 0x69E7,1, 0xBB29,1, 0x6984,1,
    0x4124,1, 0x18C5,2, 0x69E7,1, 0xBB29,1, 0x6984,1, 0x4124,1, 0x18C5,34, 0x69E7,1,
    0xBB29,1, 0x6984,1, 0x4124,1, 0x18C5,2, 0x69E7,1, 0xBB29,1, 0x6984,1, 0x4124,1,
    0x18C5,8, 0x69E7,1, 0xBB29,1, 0x6984,1, 0x4124,1, 0x18C5,2, 0x69E7,1, 0xBB29,1,
    0x6984,1, 0x4124,1, 0x18C5,34, 0x69E7,1, 0xBB29,1, 0x6984,1, 0x4124,1, 0x18C5,2,
    0x69E7,1, 0xBB29,1, 0x6984,1, 0x4124,1, 0x18C5,8, 0x69E7,1, 0xBB29,1, 0x6984,1,
    0x4124,1, 0x18C5,2, 0x69E7,1, 0xBB29,1, 0x6984,1, 0x4124,1, 0x18C5,34, 0x4124,1,
    0x6984,2, 0x4124,1, 0x18C5,2, 0x4124,1, 0x6984,2, 0x4124,1, 0x18C5,8, 0x4124,1,
    0x6984,2, 0x4124,1, 0x18C5,2, 0x4124,1, 0x6984,2, 0x4124,1, 0x18C5,29, 0x1084,36,
    0x18C5,26, 0x1084,36, 0x18C5,30, 0x10A4,27, 0x18C5,18, 0x18C5,32, 0x28E3,27, 0x18C5,35,
    0x28E3,27, 0x18C5,34, 0x28E3,1, 0xFFFF,27, 0x28E3,2, 0x18C5,30, 0x28E3,2, 0xFFFF,30,
    0x28E3,1, 0x18C5,29, 0x28E3,2, 0xFFFF,30, 0x28E3,1, 0x18C5,29, 0x28E3,2, 0xFFFF,30,
    0x28E3,1, 0x18C5,29, 0x28E3,2, 0xFFFF,30, 0x28E3,1, 0x18C5,29, 0x28E3,2, 0xFFFF,5,
    0xE6FB,4, 0xFFFF,4, 0xE6FB,3, 0xFFFF,4, 0xE6FB,4, 0xFFFF,6, 0x28E3,1, 0x18C5,29,
    0x28E3,2, 0xFFFF,5, 0xE6FB,1, 0x2BFC,2, 0xE6FB,1, 0xFFFF,4, 0x2BFC,3, 0xFFFF,4,
    0xE6FB,1, 0x2BFC,2, 0xE6FB,1, 0xFFFF,6, 0x28E3,1, 0x18C5,29, 0x28E3,2, 0xFFFF,5,
    0xE6FB,1, 0x2BFC,2, 0xE6FB,1, 0xFFFF,4, 0x2BFC,3, 0xFFFF,4, 0xE6FB,1, 0x2BFC,2,
    0xE6FB,1, 0xFFFF,6, 0x28E3,1, 0x18C5,29, 0x28E3,2, 0xFFFF,5, 0xE6FB,4, 0xFFFF,4,
    0xE6FB,3, 0xFFFF,4, 0xE6FB,4, 0xFFFF,6, 0x28E3,1, 0x18C5,29, 0x28E3,2, 0xFFFF,30,
    0x28E3,1, 0x18C5,29, 0x28E3,2, 0xFFFF,30, 0x28E3,1, 0x18C5,29, 0x28E3,2, 0xFFFF,30,
    0x28E3,1, 0x18C5,29, 0x28E3,2, 0xFFFF,30, 0x28E3,1, 0x18C5,29, 0x28E3,2, 0xFFFF,30,
    0x28E3,1, 0x18C5,29, 0x28E3,2, 0xFFFF,30, 0x28E3,1, 0x18C5,29, 0x28E3,2, 0xFFFF,30,
    0x28E3,1, 0x18C5,29, 0x28E3,2, 0xE6FB,30, 0x28E3,1, 0x18C5,29, 0x28E3,2, 0xE6FB,30,
    0x28E3,1, 0x18C5,31, 0x28E3,1, 0xFFFF,27, 0x28E3,2, 0x18C5,33, 0x28E3,27, 0x18C5,35,
    0x28E3,27, 0x18C5,224, 0x28E3,3, 0x18C5,58, 0x28E3,1, 0xFFFF,3, 0x28E3,2, 0x18C5,56,
    0x28E3,1, 0xFFFF,3, 0x28E3,2, 0x18C5,56, 0x28E3,1, 0xFFFF,3, 0x28E3,2, 0x18C5,57,
    0x28E3,3, 0x18C5,59, 0x28E3,3, 0x18C5,239, 0x28E3,3, 0x18C5,59, 0x28E3,3, 0x18C5,59,
    0x28E3,3, 0x18C5,109, 0x4125,1, 0x6984,32, 0x4124,1, 0x18C5,28, 0x4125,1, 0x6984,32,
    0x4124,1, 0x18C5,28, 0x4125,1, 0xBB29,1, 0xF572,28, 0xDC4D,1, 0xBB29,1, 0x6984,1,
    0x4124,1, 0x18C5,28, 0x4125,1, 0xBB29,1, 0xF572,2, 0xFE98,2, 0xF572,1, 0xDC4D,23,
    0xBB29,1, 0x6984,2, 0x4124,1, 0x18C5,28, 0x4125,1, 0xBB29,1, 0xF572,2, 0xFE98,2,
    0xF572,1, 0xDC4D,2, 0xFE98,2, 0x6984,1, 0xDC4D,15, 0xFE98,2, 0x6984,1, 0xBB29,1,
    0x6984,2, 0x4124,1, 0x18C5,22, 0x4125,1, 0x6984,6, 0xBB29,1, 0xF572,1, 0xDC4D,6,
    0xFFFF,2, 0x1882,1, 0xDC4D,15, 0xFFFF,2, 0x1882,1, 0xBB29,1, 0x6984,2, 0x4124,1,
    0x18C5,20, 0x4124,1, 0x6984,2, 0xDC4D,1, 0xF572,7, 0xDC4D,6, 0xBB29,2, 0x1882,1,
    0xDC4D,15, 0xBB29,2, 0x1882,1, 0xBB29,1, 0x6984,2, 0x4124,1, 0x18C5,20, 0x4124,1,
    0x6984,2, 0xDC4D,1, 0xF572,7, 0xDC4D,6, 0x1882,3, 0xDC4D,15, 0x1882,3, 0xBB29,1,
    0x6984,2, 0x4124,1, 0x18C5,20, 0x4124,1, 0x6984,3, 0xBB29,2, 0xDC4D,4, 0xF572,1,
    0xDC4D,6, 0x1882,3, 0xDC4D,15, 0x1882,3, 0xBB29,1, 0x6984,2, 0x4124,1, 0x18C5,23,
    0x4125,1, 0x6984,1, 0xBB29,1, 0xDC4D,4, 0xF572,1, 0xDC4D,6, 0x1882,3, 0xDC4D,15,
    0x1882,3, 0xBB29,1, 0x6984,2, 0x4124,1, 0x18C5,23, 0x4125,1, 0x6984,1, 0xBB29,1,
    0xDC4D,4, 0xF572,1, 0xDC4D,6, 0x6984,3, 0xDC4D,12, 0xBB29,3, 0x6984,3, 0xBB29,1,
    0x6984,2, 0x4124,1, 0x18C5,23, 0x4125,1, 0x6984,1, 0xBB29,1, 0xDC4D,4, 0xF572,1,
    0xDC4D,21, 0x6984,9, 0x4124,1, 0x18C5,20, 0x4124,1, 0x6984,2, 0xBB29,1, 0xF572,1,
    0xDC4D,5, 0xF572,1, 0xDC4D,21, 0x6984,2, 0xBB29,4, 0x6984,3, 0x4124,1, 0x18C5,20,
    0x4124,1, 0x6984,2, 0xBB29,1, 0xF572,1, 0xDC4D,5, 0xF572,1, 0xDC4D,21, 0x6984,2,
    0xDC4D,4, 0x6984,3, 0x4124,1, 0x18C5,20, 0x4124,1, 0x6984,2, 0xBB29,6, 0xDC4D,1,
    0xF572,1, 0xDC4D,21, 0x6984,2, 0xDC4D,3, 0xBB29,1, 0x6984,3, 0x4124,1, 0x18C5,22,
    0x4125,1, 0x6984,6, 0xBB29,1, 0xF572,1, 0xDC4D,21, 0x6984,2, 0xDC4D,3, 0x6984,1,
    0xBB29,1, 0x6984,2, 0x4124,1, 0x18C5,22, 0x4125,1, 0x6984,6, 0xBB29,1, 0xF572,1,
    0xDC4D,21, 0x6984,2, 0xDC4D,3, 0x6984,1, 0xBB29,1, 0x6984,2, 0x4124,1, 0x18C5,28,
    0x4125,1, 0xBB29,1, 0xDC4D,1, 0xBB29,21, 0x6984,2, 0xDC4D,3, 0x6984,1, 0xBB29,1,
    0x6984,2, 0x4124,1, 0x18C5,28, 0x4125,1, 0xBB29,1, 0xDC4D,1, 0xBB29,21, 0x6984,2,
    0xDC4D,3, 0xBB29,1, 0x6984,3, 0x4124,1, 0x18C5,28, 0x4125,1, 0xBB29,1, 0xDC4D,1,
    0xBB29,21, 0x6984,2, 0xBB29,3, 0xDC4D,1, 0x6984,3, 0x4124,1, 0x18C5,28, 0x4125,1,
    0x6984,25, 0xBB29,6, 0x6984,1, 0x4124,1, 0x18C5,29, 0x69E7,1, 0xBB29,1, 0x6984,1,
    0x4124,1, 0x18C5,2, 0x69E7,1, 0xBB29,1, 0x6984,1, 0x4124,1, 0x18C5,8, 0x69E7,1,
    0xBB29,1, 0x6984,1, 0x4124,1, 0x18C5,1, 0x6984,8, 0x4125,1, 0x18C5,30, 0x69E7,1,
    0xBB29,1, 0x6984,1, 0x4124,1, 0x18C5,2, 0x69E7,1, 0xBB29,1, 0x6984,1, 0x4124,1,
    0x18C5,8, 0x69E7,1, 0xBB29,1, 0x6984,1, 0x4124,1, 0x18C5,1, 0x4124,1, 0x69A5,1,
    0x6984,2, 0x5144,1, 0x4124,3, 0x18C5,31, 0x69E7,1, 0xBB29,1, 0x6984,1, 0x4124,1,
    0x18C5,2, 0x69E7,1, 0xBB29,1, 0x6984,1, 0x4124,1, 0x18C5,8, 0x69E7,1, 0xBB29,1,
    0x6984,1, 0x4124,1, 0x18C5,2, 0x69E7,1, 0xBB29,1, 0x6984,1, 0x4124,1, 0x18C5,34,
    0x69E7,1, 0xBB29,1, 0x6984,1, 0x4124,1, 0x18C5,2, 0x69E7,1, 0xBB29,1, 0x6984,1,
    0x4124,1, 0x18C5,8, 0x69E7,1, 0xBB29,1, 0x6984,1, 0x4124,1, 0x18C5,2, 0x69E7,1,
    0xBB29,1, 0x6984,1, 0x4124,1, 0x18C5,34, 0x69E7,1, 0xBB29,1, 0x6984,1, 0x4124,1,
    0x18C5,2, 0x69E7,1, 0xBB29,1, 0x6984,1, 0x4124,1, 0x18C5,8, 0x69E7,1, 0xBB29,1,
    0x6984,1, 0x4124,1, 0x18C5,2, 0x69E7,1, 0xBB29,1, 0x6984,1, 0x4124,1, 0x18C5,34,
    0x4124,1, 0x6984,2, 0x4124,1, 0x18C5,2, 0x4124,1, 0x6984,2, 0x4124,1, 0x18C5,8,
    0x4124,1, 0x6984,2, 0x4124,1, 0x18C5,2, 0x4124,1, 0x6984,2, 0x4124,1, 0x18C5,29,
    0x1084,36, 0x18C5,26, 0x1084,36, 0x18C5,30, 0x10A4,27, 0x18C5,18, 0x18C5,32, 0x28E3,27,
    0x18C5,35, 0x28E3,27, 0x18C5,34, 0x28E3,1, 0xFFFF,27, 0x28E3,2, 0x18C5,30, 0x28E3,2,
    0xFFFF,30, 0x28E3,1, 0x18C5,29, 0x28E3,2, 0xFFFF,30, 0x28E3,1, 0x18C5,29, 0x28E3,2,
    0xFFFF,30, 0x28E3,1, 0x18C5,29, 0x28E3,2, 0xFFFF,30, 0x28E3,1, 0x18C5,29, 0x28E3,2,
    0xFFFF,5, 0xE6FB,4, 0xFFFF,4, 0xE6FB,3, 0xFFFF,4, 0xE6FB,4, 0xFFFF,6, 0x28E3,1,
    0x18C5,29, 0x28E3,2, 0xFFFF,5, 0xE6FB,1, 0x2BFC,2, 0xE6FB,1, 0xFFFF,4, 0x2BFC,3,
    0xFFFF,4, 0xE6FB,1, 0x2BFC,2, 0xE6FB,1, 0xFFFF,6, 0x28E3,1, 0x18C5,29, 0x28E3,2,
    0xFFFF,5, 0xE6FB,1, 0x2BFC,2, 0xE6FB,1, 0xFFFF,4, 0x2BFC,3, 0xFFFF,4, 0xE6FB,1,
    0x2BFC,2, 0xE6FB,1, 0xFFFF,6, 0x28E3,1, 0x18C5,29, 0x28E3,2, 0xFFFF,5, 0xE6FB,4,
    0xFFFF,4, 0xE6FB,3, 0xFFFF,4, 0xE6FB,4, 0xFFFF,6, 0x28E3,1, 0x18C5,29, 0x28E3,2,
    0xFFFF,30, 0x28E3,1, 0x18C5,29, 0x28E3,2, 0xFFFF,30, 0x28E3,1, 0x18C5,29, 0x28E3,2,
    0xFFFF,30, 0x28E3,1, 0x18C5,29, 0x28E3,2, 0xFFFF,30, 0x28E3,1, 0x18C5,29, 0x28E3,2,
    0xFFFF,30, 0x28E3,1, 0x18C5,29, 0x28E3,2, 0xFFFF,30, 0x28E3,1, 0x18C5,29, 0x28E3,2,
    0xFFFF,30, 0x28E3,1, 0x18C5,29, 0x28E3,2, 0xE6FB,30, 0x28E3,1, 0x18C5,29, 0x28E3,2,
    0xE6FB,30, 0x28E3,1, 0x18C5,31, 0x28E3,1, 0xFFFF,27, 0x28E3,2, 0x18C5,33, 0x28E3,27,
    0x18C5,35, 0x28E3,27, 0x18C5,224, 0x28E3,3, 0x18C5,58, 0x28E3,1, 0xFFFF,3, 0x28E3,2,
    0x18C5,56, 0x28E3,1, 0xFFFF,3, 0x28E3,2, 0x18C5,56, 0x28E3,1, 0xFFFF,3, 0x28E3,2,
    0x18C5,57, 0x28E3,3, 0x18C5,59, 0x28E3,3, 0x18C5,239, 0x28E3,3, 0x18C5,59, 0x28E3,3,
    0x18C5,59, 0x28E3,3, 0x18C5,108, 0x6984,33, 0x18C5,29, 0x6984,33, 0x18C5,29, 0x6984,1,
    0xF572,29, 0xDC4D,1, 0x6984,2, 0x18C5,29, 0x6984,1, 0xF572,2, 0xFE98,3, 0xDC4D,24,
    0xBB29,1, 0x6984,2, 0x18C5,29, 0x6984,1, 0xF572,2, 0xFE98,3, 0xDC4D,2, 0xF572,1,
    0xFE98,1, 0xDC4D,1, 0xBB29,1, 0xDC4D,14, 0xF572,1, 0xFE98,1, 0xDC4D,1, 0xBB29,2,
    0x6984,2, 0x18C5,23, 0x6984,7, 0xF572,2, 0xDC4D,5, 0xFE98,1, 0xFFFF,1, 0xBB29,1,
    0x6984,1, 0xDC4D,14, 0xFE98,1, 0xFFFF,1, 0xBB29,1, 0x6984,1, 0xBB29,1, 0x6984,2,
    0x18C5,21, 0x6984,2, 0xBB29,1, 0xF572,8, 0xDC4D,6, 0xBB29,1, 0x6984,2, 0xDC4D,15,
    0xBB29,1, 0x6984,2, 0xBB29,1, 0x6984,2, 0x18C5,21, 0x6984,2, 0xBB29,1, 0xF572,8,
    0xDC4D,5, 0x6984,1, 0x1882,2, 0x6984,1, 0xDC4D,14, 0x6984,1, 0x1882,2, 0x6984,1,
    0xBB29,1, 0x6984,2, 0x18C5,21, 0x6984,3, 0xBB29,2, 0xDC4D,4, 0xF572,2, 0xDC4D,5,
    0x6984,1, 0x1882,2, 0x6984,1, 0xDC4D,14, 0x6984,1, 0x1882,2, 0x6984,1, 0xBB29,1,
    0x6984,2, 0x18C5,24, 0x6984,2, 0xDC4D,4, 0xF572,2, 0xDC4D,5, 0x6984,1, 0x1882,2,
    0x6984,1, 0xDC4D,14, 0x6984,1, 0x1882,2, 0x6984,1, 0xBB29,1, 0x6984,2, 0x18C5,24,
    0x6984,2, 0xDC4D,4, 0xF572,2, 0xDC4D,5, 0xBB29,1, 0x6984,2, 0xBB29,1, 0xDC4D,11,
    0xBB29,3, 0x6984,7, 0x18C5,24, 0x6984,2, 0xDC4D,4, 0xF572,2, 0xDC4D,20, 0xBB29,1,
    0x6984,9, 0x18C5,21, 0x6984,3, 0xF572,2, 0xDC4D,4, 0xF572,2, 0xDC4D,20, 0xBB29,1,
    0x6984,1, 0xBB29,5, 0x6984,3, 0x18C5,21, 0x6984,3, 0xF572,2, 0xDC4D,4, 0xF572,2,
    0xDC4D,20, 0xBB29,1, 0x6984,1, 0xBB29,1, 0xDC4D,3, 0xBB29,1, 0x6984,3, 0x18C5,21,
    0x6984,2, 0xBB29,7, 0xF572,2, 0xDC4D,20, 0xBB29,1, 0x6984,1, 0xBB29,1, 0xDC4D,2,
    0xBB29,1, 0x6984,4, 0x18C5,23, 0x6984,7, 0xF572,2, 0xDC4D,20, 0xBB29,1, 0x6984,1,
    0xBB29,1, 0xDC4D,2, 0xBB29,2, 0x6984,3, 0x18C5,23, 0x6984,7, 0xF572,2, 0xDC4D,20,
    0xBB29,1, 0x6984,1, 0xBB29,1, 0xDC4D,2, 0xBB29,3, 0x6984,2, 0x18C5,29, 0x6984,1,
    0xDC4D,2, 0xBB29,20, 0x6984,2, 0xBB29,1, 0xDC4D,2, 0xBB29,1, 0x6984,1, 0xBB29,1,
    0x6984,2, 0x18C5,29, 0x6984,1, 0xDC4D,2, 0xBB29,20, 0x6984,2, 0xBB29,1, 0xDC4D,3,
    0xBB29,1, 0x6984,3, 0x18C5,29, 0x6984,1, 0xDC4D,2, 0xBB29,20, 0x6984,2, 0xBB29,3,
    0xDC4D,1, 0xBB29,1, 0x6984,3, 0x18C5,29, 0x6984,26, 0xBB29,5, 0x6984,2, 0x18C5,30,
    0xBB29,2, 0x6984,1, 0x18C5,3, 0xBB29,2, 0x6984,1, 0x18C5,9, 0xBB29,2, 0x6984,1,
    0x18C5,1, 0x4124,1, 0x6984,7, 0x69A5,1, 0x28E5,1, 0x18C5,30, 0xBB29,2, 0x6984,1,
    0x18C5,3, 0xBB29,2, 0x6984,1, 0x18C5,9, 0xBB29,2, 0x6984,1, 0x18C5,1, 0x28E5,1,
    0x4124,1, 0x6984,3, 0x4124,3, 0x28E5,1, 0x18C5,31, 0xBB29,2, 0x6984,1, 0x18C5,3,
    0xBB29,2, 0x6984,1, 0x18C5,9, 0xBB29,2, 0x6984,1, 0x18C5,3, 0xBB29,2, 0x6984,1,
    0x18C5,35, 0xBB29,2, 0x6984,1, 0x18C5,3, 0xBB29,2, 0x6984,1, 0x18C5,9, 0xBB29,2,
    0x6984,1, 0x18C5,3, 0xBB29,2, 0x6984,1, 0x18C5,35, 0xBB29,2, 0x6984,1, 0x18C5,3,
    0xBB29,2, 0x6984,1, 0x18C5,9, 0xBB29,2, 0x6984,1, 0x18C5,3, 0xBB29,2, 0x6984,1,
    0x18C5,35, 0x6984,3, 0x18C5,3, 0x6984,3, 0x18C5,9, 0x6984,3, 0x18C5,3, 0x6984,3,
    0x18C5,31, 0x1084,36, 0x18C5,26, 0x1084,36, 0x18C5,30, 0x10A4,27, 0x18C5,18, 0x18C5,32,
    0x28E3,27, 0x18C5,35, 0x28E3,27, 0x18C5,34, 0x28E3,1, 0xFFFF,27, 0x28E3,2, 0x18C5,30,
    0x28E3,2, 0xFFFF,30, 0x28E3,1, 0x18C5,29, 0x28E3,2, 0xFFFF,30, 0x28E3,1, 0x18C5,29,
    0x28E3,2, 0xFFFF,30, 0x28E3,1, 0x18C5,29, 0x28E3,2, 0xFFFF,30, 0x28E3,1, 0x18C5,29,
    0x28E3,2, 0xFFFF,5, 0xE6FB,4, 0xFFFF,4, 0xE6FB,3, 0xFFFF,4, 0xE6FB,4, 0xFFFF,6,
    0x28E3,1, 0x18C5,29, 0x28E3,2, 0xFFFF,5, 0xE6FB,1, 0x2BFC,2, 0xE6FB,1, 0xFFFF,4,
    0x2BFC,3, 0xFFFF,4, 0xE6FB,1, 0x2BFC,2, 0xE6FB,1, 0xFFFF,6, 0x28E3,1, 0x18C5,29,
    0x28E3,2, 0xFFFF,5, 0xE6FB,1, 0x2BFC,2, 0xE6FB,1, 0xFFFF,4, 0x2BFC,3, 0xFFFF,4,
    0xE6FB,1, 0x2BFC,2, 0xE6FB,1, 0xFFFF,6, 0x28E3,1, 0x18C5,29, 0x28E3,2, 0xFFFF,5,
    0xE6FB,4, 0xFFFF,4, 0xE6FB,3, 0xFFFF,4, 0xE6FB,4, 0xFFFF,6, 0x28E3,1, 0x18C5,29,
    0x28E3,2, 0xFFFF,30, 0x28E3,1, 0x18C5,29, 0x28E3,2, 0xFFFF,30, 0x28E3,1, 0x18C5,29,
    0x28E3,2, 0xFFFF,30, 0x28E3,1, 0x18C5,29, 0x28E3,2, 0xFFFF,30, 0x28E3,1, 0x18C5,29,
    0x28E3,2, 0xFFFF,30, 0x28E3,1, 0x18C5,29, 0x28E3,2, 0xFFFF,30, 0x28E3,1, 0x18C5,29,
    0x28E3,2, 0xFFFF,30, 0x28E3,1, 0x18C5,29, 0x28E3,2, 0xE6FB,30, 0x28E3,1, 0x18C5,29,
    0x28E3,2, 0xE6FB,30, 0x28E3,1, 0x18C5,31, 0x28E3,1, 0xFFFF,27, 0x28E3,2, 0x18C5,33,
    0x28E3,27, 0x18C5,35, 0x28E3,27, 0x18C5,224, 0x28E3,3, 0x18C5,58, 0x28E3,1, 0xFFFF,3,
    0x28E3,2, 0x18C5,56, 0x28E3,1, 0xFFFF,3, 0x28E3,2, 0x18C5,56, 0x28E3,1, 0xFFFF,3,
    0x28E3,2, 0x18C5,57, 0x28E3,3, 0x18C5,59, 0x28E3,3, 0x18C5,239, 0x28E3,3, 0x18C5,59,
    0x28E3,3, 0x18C5,59, 0x28E3,3, 0x18C5,108, 0x6984,33, 0x18C5,29, 0x6984,33, 0x18C5,29,
    0x6984,1, 0xF572,29, 0xDC4D,1, 0x6984,2, 0x18C5,29, 0x6984,1, 0xF572,2, 0xFE98,3,
    0xDC4D,24, 0xBB29,1, 0x6984,2, 0x18C5,29, 0x6984,1, 0xF572,2, 0xFE98,3, 0xDC4D,2,
    0xF572,1, 0xFE98,1, 0xDC4D,1, 0xBB29,1, 0xDC4D,14, 0xF572,1, 0xFE98,1, 0xDC4D,1,
    0xBB29,2, 0x6984,2, 0x18C5,23, 0x6984,7, 0xF572,2, 0xDC4D,5, 0xFE98,1, 0xFFFF,1,
    0xBB29,1, 0x6984,1, 0xDC4D,14, 0xFE98,1, 0xFFFF,1, 0xBB29,1, 0x6984,1, 0xBB29,1,
    0x6984,2, 0x18C5,21, 0x6984,2, 0xBB29,1, 0xF572,8, 0xDC4D,6, 0xBB29,1, 0x6984,2,
    0xDC4D,15, 0xBB29,1, 0x6984,2, 0xBB29,1, 0x6984,2, 0x18C5,21, 0x6984,2, 0xBB29,1,
    0xF572,8, 0xDC4D,5, 0x6984,1, 0x1882,2, 0x6984,1, 0xDC4D,14, 0x6984,1, 0x1882,2,
    0x6984,1, 0xBB29,1, 0x6984,2, 0x18C5,21, 0x6984,3, 0xBB29,2, 0xDC4D,4, 0xF572,2,
    0xDC4D,5, 0x6984,1, 0x1882,2, 0x6984,1, 0xDC4D,14, 0x6984,1, 0x1882,2, 0x6984,1,
    0xBB29,1, 0x6984,2, 0x18C5,24, 0x6984,2, 0xDC4D,4, 0xF572,2, 0xDC4D,5, 0x6984,1,
    0x1882,2, 0x6984,1, 0xDC4D,11, 0xBB29,1, 0x6984,2, 0x28E3,1, 0x1882,2, 0x28E3,1,
    0x6984,3, 0x18C5,24, 0x6984,2, 0xDC4D,4, 0xF572,2, 0xDC4D,5, 0xBB29,1, 0x6984,2,
    0xBB29,1, 0xDC4D,11, 0xBB29,1, 0x6984,3, 0x28E3,2, 0x6984,4, 0x18C5,24, 0x6984,2,
    0xDC4D,4, 0xF572,2, 0xDC4D,20, 0xBB29,1, 0x6984,1, 0xBB29,1, 0xF572,3, 0xDC4D,1,
    0xBB29,1, 0x6984,2, 0x18C5,21, 0x6984,3, 0xF572,2, 0xDC4D,4, 0xF572,2, 0xDC4D,20,
    0xBB29,1, 0x6984,1, 0xBB29,1, 0xDC4D,2, 0xBB29,1, 0x6984,4, 0x18C5,21, 0x6984,3,
    0xF572,2, 0xDC4D,4, 0xF572,2, 0xDC4D,20, 0xBB29,1, 0x6984,1, 0xBB29,1, 0xDC4D,2,
    0xBB29,1, 0x6984,4, 0x18C5,21, 0x6984,2, 0xBB29,7, 0xF572,2, 0xDC4D,20, 0xBB29,1,
    0x6984,1, 0xBB29,1, 0xDC4D,2, 0xBB29,3, 0x6984,2, 0x18C5,23, 0x6984,7, 0xF572,2,
    0xDC4D,20, 0xBB29,1, 0x6984,1, 0xBB29,1, 0xDC4D,2, 0xBB29,3, 0x6984,2, 0x18C5,23,
    0x6984,7, 0xF572,2, 0xDC4D,20, 0xBB29,1, 0x6984,1, 0xBB29,1, 0xDC4D,2, 0xBB29,3,
    0x6984,2, 0x18C5,29, 0x6984,1, 0xDC4D,2, 0xBB29,20, 0x6984,2, 0xBB29,1, 0xDC4D,3,
    0xBB29,1, 0x6984,3, 0x18C5,29, 0x6984,1, 0xDC4D,2, 0xBB29,20, 0x6984,3, 0xBB29,5,
    0x6984,2, 0x18C5,29, 0x6984,1, 0xDC4D,2, 0xBB29,20, 0x6984,3, 0xBB29,5, 0x6984,2,
    0x18C5,29, 0x6984,33, 0x18C5,30, 0xBB29,2, 0x6984,1, 0x18C5,3, 0xBB29,2, 0x6984,1,
    0x18C5,9, 0xBB29,2, 0x6984,1, 0x18C5,3, 0xBB29,2, 0x6984,1, 0x18C5,35, 0xBB29,2,
    0x6984,1, 0x18C5,3, 0xBB29,2, 0x6984,1, 0x18C5,9, 0xBB29,2, 0x6984,1, 0x18C5,3,
    0xBB29,2, 0x6984,1, 0x18C5,35, 0xBB29,2, 0x6984,1, 0x18C5,3, 0xBB29,2, 0x6984,1,
    0x18C5,9, 0xBB29,2, 0x6984,1, 0x18C5,3, 0xBB29,2, 0x6984,1, 0x18C5,35, 0xBB29,2,
    0x6984,1, 0x18C5,3, 0xBB29,2, 0x6984,1, 0x18C5,9, 0xBB29,2, 0x6984,1, 0x18C5,3,
    0xBB29,2, 0x6984,1, 0x18C5,35, 0xBB29,2, 0x6984,1, 0x18C5,3, 0xBB29,2, 0x6984,1,
    0x18C5,9, 0xBB29,2, 0x6984,1, 0x18C5,3, 0xBB29,2, 0x6984,1, 0x18C5,35, 0x6984,3,
    0x18C5,3, 0x6984,3, 0x18C5,9, 0x6984,3, 0x18C5,3, 0x6984,3, 0x18C5,31, 0x1084,36,
    0x18C5,26, 0x1084,36, 0x18C5,30, 0x10A4,27, 0x18C5,18, 0x18C5,32, 0x28E3,27, 0x18C5,35,
    0x28E3,27, 0x18C5,34, 0x28E3,1, 0xFFFF,27, 0x28E3,2, 0x18C5,30, 0x28E3,2, 0xFFFF,30,
    0x28E3,1, 0x18C5,29, 0x28E3,2, 0xFFFF,30, 0x28E3,1, 0x18C5,29, 0x28E3,2, 0xFFFF,30,
    0x28E3,1, 0x18C5,29, 0x28E3,2, 0xFFFF,30, 0x28E3,1, 0x18C5,29, 0x28E3,2, 0xFFFF,5,
    0xE6FB,4, 0xFFFF,4, 0xE6FB,3, 0xFFFF,4, 0xE6FB,4, 0xFFFF,6, 0x28E3,1, 0x18C5,29,
    0x28E3,2, 0xFFFF,5, 0xE6FB,1, 0x2BFC,2, 0xE6FB,1, 0xFFFF,4, 0x2BFC,3, 0xFFFF,4,
    0xE6FB,1, 0x2BFC,2, 0xE6FB,1, 0xFFFF,6, 0x28E3,1, 0x18C5,29, 0x28E3,2, 0xFFFF,5,
    0xE6FB,1, 0x2BFC,2, 0xE6FB,1, 0xFFFF,4, 0x2BFC,3, 0xFFFF,4, 0xE6FB,1, 0x2BFC,2,
    0xE6FB,1, 0xFFFF,6, 0x28E3,1, 0x18C5,29, 0x28E3,2, 0xFFFF,5, 0xE6FB,4, 0xFFFF,4,
    0xE6FB,3, 0xFFFF,4, 0xE6FB,4, 0xFFFF,6, 0x28E3,1, 0x18C5,29, 0x28E3,2, 0xFFFF,30,
    0x28E3,1, 0x18C5,29, 0x28E3,2, 0xFFFF,30, 0x28E3,1, 0x18C5,29, 0x28E3,2, 0xFFFF,30,
    0x28E3,1, 0x18C5,29, 0x28E3,2, 0xFFFF,30, 0x28E3,1, 0x18C5,29, 0x28E3,2, 0xFFFF,30,
    0x28E3,1, 0x18C5,29, 0x28E3,2, 0xFFFF,30, 0x28E3,1, 0x18C5,29, 0x28E3,2, 0xFFFF,30,
    0x28E3,1, 0x18C5,29, 0x28E3,2, 0xE6FB,30, 0x28E3,1, 0x18C5,29, 0x28E3,2, 0xE6FB,30,
    0x28E3,1, 0x18C5,31, 0x28E3,1, 0xFFFF,27, 0x28E3,2, 0x18C5,33, 0x28E3,27, 0x18C5,35,
    0x28E3,27, 0x18C5,224, 0x28E3,3, 0x18C5,58, 0x28E3,1, 0xFFFF,3, 0x28E3,2, 0x18C5,56,
    0x28E3,1, 0xFFFF,3, 0x28E3,2, 0x18C5,56, 0x28E3,1, 0xFFFF,3, 0x28E3,2, 0x18C5,57,
    0x28E3,3, 0x18C5,59, 0x28E3,3, 0x18C5,239, 0x28E3,3, 0x18C5,59, 0x28E3,3, 0x18C5,59,
    0x28E3,3, 0x18C5,108, 0x6984,33, 0x18C5,29, 0x6984,33, 0x18C5,29, 0x6984,1, 0xF572,29,
    0xDC4D,1, 0x6984,2, 0x18C5,29, 0x6984,1, 0xF572,2, 0xFE98,3, 0xDC4D,24, 0xBB29,1,
    0x6984,2, 0x18C5,29, 0x6984,1, 0xF572,2, 0xFE98,3, 0xDC4D,2, 0xF572,1, 0xFE98,1,
    0xDC4D,1, 0xBB29,1, 0xDC4D,14, 0xF572,1, 0xFE98,1, 0xDC4D,1, 0xBB29,2, 0x6984,2,
    0x18C5,23, 0x6984,7, 0xF572,2, 0xDC4D,5, 0xFE98,1, 0xFFFF,1, 0xBB29,1, 0x6984,1,
    0xDC4D,14, 0xFE98,1, 0xFFFF,1, 0xBB29,1, 0x6984,1, 0xBB29,1, 0x6984,2, 0x18C5,21,
    0x6984,2, 0xBB29,1, 0xF572,8, 0xDC4D,6, 0xBB29,1, 0x6984,2, 0xDC4D,15, 0xBB29,1,
    0x6984,2, 0xBB29,1, 0x6984,2, 0x18C5,21, 0x6984,2, 0xBB29,1, 0xF572,8, 0xDC4D,5,
    0x6984,1, 0x1882,2, 0x6984,1, 0xDC4D,14, 0x6984,1, 0x1882,2, 0x6984,1, 0xBB29,1,
    0x6984,2, 0x18C5,21, 0x6984,3, 0xBB29,2, 0xDC4D,4, 0xF572,2, 0xDC4D,5, 0x6984,1,
    0x1882,2, 0x6984,1, 0xDC4D,14, 0x6984,1, 0x1882,2, 0x6984,1, 0xBB29,1, 0x6984,2,
    0x18C5,24, 0x6984,2, 0xDC4D,4, 0xF572,2, 0xDC4D,5, 0x6984,1, 0x1882,2, 0x6984,1,
    0xDC4D,11, 0xBB29,1, 0x6984,2, 0x28E3,1, 0x1882,2, 0x28E3,1, 0x6984,3, 0x18C5,24,
    0x6984,2, 0xDC4D,4, 0xF572,2, 0xDC4D,5, 0xBB29,1, 0x6984,2, 0xBB29,1, 0xDC4D,11,
    0xBB29,1, 0x6984,3, 0x28E3,2, 0x6984,4, 0x18C5,24, 0x6984,2, 0xDC4D,4, 0xF572,2,
    0xDC4D,20, 0xBB29,1, 0x6984,1, 0xBB29,1, 0xF572,3, 0xDC4D,1, 0xBB29,1, 0x6984,2,
    0x18C5,21, 0x6984,3, 0xF572,2, 0xDC4D,4, 0xF572,2, 0xDC4D,20, 0xBB29,1, 0x6984,1,
    0xBB29,1, 0xDC4D,2, 0xBB29,1, 0x6984,4, 0x18C5,21, 0x6984,3, 0xF572,2, 0xDC4D,4,
    0xF572,2, 0xDC4D,20, 0xBB29,1, 0x6984,1, 0xBB29,1, 0xDC4D,2, 0xBB29,1, 0x6984,4,
    0x18C5,21, 0x6984,2, 0xBB29,7, 0xF572,2, 0xDC4D,20, 0xBB29,1, 0x6984,1, 0xBB29,1,
    0xDC4D,2, 0xBB29,3, 0x6984,2, 0x18C5,23, 0x6984,7, 0xF572,2, 0xDC4D,20, 0xBB29,1,
    0x6984,1, 0xBB29,1, 0xDC4D,2, 0xBB29,3, 0x6984,2, 0x18C5,23, 0x6984,7, 0xF572,2,
    0xDC4D,20, 0xBB29,1, 0x6984,1, 0xBB29,1, 0xDC4D,2, 0xBB29,3, 0x6984,2, 0x18C5,29,
    0x6984,1, 0xDC4D,2, 0xBB29,20, 0x6984,2, 0xBB29,1, 0xDC4D,3, 0xBB29,1, 0x6984,3,
    0x18C5,29, 0x6984,1, 0xDC4D,2, 0xBB29,20, 0x6984,3, 0xBB29,5, 0x6984,2, 0x18C5,29,
    0x6984,1, 0xDC4D,2, 0xBB29,20, 0x6984,3, 0xBB29,5, 0x6984,2, 0x18C5,29, 0x6984,33,
    0x18C5,30, 0xBB29,2, 0x6984,1, 0x18C5,3, 0xBB29,2, 0x6984,1, 0x18C5,9, 0xBB29,2,
    0x6984,1, 0x18C5,3, 0xBB29,2, 0x6984,1, 0x18C5,35, 0xBB29,2, 0x6984,1, 0x18C5,3,
    0xBB29,2, 0x6984,1, 0x18C5,9, 0xBB29,2, 0x6984,1, 0x18C5,3, 0xBB29,2, 0x6984,1,
    0x18C5,35, 0xBB29,2, 0x6984,1, 0x18C5,3, 0xBB29,2, 0x6984,1, 0x18C5,9, 0xBB29,2,
    0x6984,1, 0x18C5,3, 0xBB29,2, 0x6984,1, 0x18C5,35, 0xBB29,2, 0x6984,1, 0x18C5,3,
    0xBB29,2, 0x6984,1, 0x18C5,9, 0xBB29,2, 0x6984,1, 0x18C5,3, 0xBB29,2, 0x6984,1,
    0x18C5,35, 0xBB29,2, 0x6984,1, 0x18C5,3, 0xBB29,2, 0x6984,1, 0x18C5,9, 0xBB29,2,
    0x6984,1, 0x18C5,3, 0xBB29,2, 0x6984,1, 0x18C5,35, 0x6984,3, 0x18C5,3, 0x6984,3,
    0x18C5,9, 0x6984,3, 0x18C5,3, 0x6984,3, 0x18C5,31, 0x1084,36, 0x18C5,26, 0x1084,36,
    0x18C5,30, 0x10A4,27, 0x18C5,18, 0x18C5,32, 0x28E3,27, 0x18C5,35, 0x28E3,27, 0x18C5,34,
    0x28E3,1, 0xFFFF,27, 0x28E3,2, 0x18C5,30, 0x28E3,2, 0xFFFF,30, 0x28E3,1, 0x18C5,29,
    0x28E3,2, 0xFFFF,30, 0x28E3,1, 0x18C5,29, 0x28E3,2, 0xFFFF,30, 0x28E3,1, 0x18C5,29,
    0x28E3,2, 0xFFFF,30, 0x28E3,1, 0x18C5,29, 0x28E3,2, 0xFFFF,5, 0xE6FB,4, 0xFFFF,4,
    0xE6FB,3, 0xFFFF,4, 0xE6FB,4, 0xFFFF,6, 0x28E3,1, 0x18C5,29, 0x28E3,2, 0xFFFF,5,
    0xE6FB,1, 0x2BFC,2, 0xE6FB,1, 0xFFFF,4, 0x2BFC,3, 0xFFFF,4, 0xE6FB,1, 0x2BFC,2,
    0xE6FB,1, 0xFFFF,6, 0x28E3,1, 0x18C5,29, 0x28E3,2, 0xFFFF,5, 0xE6FB,1, 0x2BFC,2,
    0xE6FB,1, 0xFFFF,4, 0x2BFC,3, 0xFFFF,4, 0xE6FB,1, 0x2BFC,2, 0xE6FB,1, 0xFFFF,6,
    0x28E3,1, 0x18C5,29, 0x28E3,2, 0xFFFF,5, 0xE6FB,4, 0xFFFF,4, 0xE6FB,3, 0xFFFF,4,
    0xE6FB,4, 0xFFFF,6, 0x28E3,1, 0x18C5,29, 0x28E3,2, 0xFFFF,30, 0x28E3,1, 0x18C5,29,
    0x28E3,2, 0xFFFF,30, 0x28E3,1, 0x18C5,29, 0x28E3,2, 0xFFFF,30, 0x28E3,1, 0x18C5,29,
    0x28E3,2, 0xFFFF,30, 0x28E3,1, 0x18C5,29, 0x28E3,2, 0xFFFF,30, 0x28E3,1, 0x18C5,29,
    0x28E3,2, 0xFFFF,30, 0x28E3,1, 0x18C5,29, 0x28E3,2, 0xFFFF,30, 0x28E3,1, 0x18C5,29,
    0x28E3,2, 0xE6FB,30, 0x28E3,1, 0x18C5,29, 0x28E3,2, 0xE6FB,30, 0x28E3,1, 0x18C5,31,
    0x28E3,1, 0xFFFF,27, 0x28E3,2, 0x18C5,33, 0x28E3,27, 0x18C5,35, 0x28E3,27, 0x18C5,224,
    0x28E3,3, 0x18C5,58, 0x28E3,1, 0xFFFF,3, 0x28E3,2, 0x18C5,56, 0x28E3,1, 0xFFFF,3,
    0x28E3,2, 0x18C5,56, 0x28E3,1, 0xFFFF,3, 0x28E3,2, 0x18C5,57, 0x28E3,3, 0x18C5,59,
    0x28E3,3, 0x18C5,239, 0x28E3,3, 0x18C5,59, 0x28E3,3, 0x18C5,59, 0x28E3,3, 0x18C5,106,
    0x4125,1, 0x6984,32, 0x4124,1, 0x18C5,28, 0x4125,1, 0x6984,32, 0x4124,1, 0x18C5,28,
    0x4125,1, 0xBB29,1, 0xF572,28, 0xDC4D,1, 0xBB29,1, 0x6984,1, 0x4124,1, 0x18C5,28,
    0x4125,1, 0xBB29,1, 0xF572,2, 0xFE98,2, 0xF572,1, 0xDC4D,23, 0xBB29,1, 0x6984,2,
    0x4124,1, 0x18C5,28, 0x4125,1, 0xBB29,1, 0xF572,2, 0xFE98,2, 0xF572,1, 0xDC4D,2,
    0xFE98,2, 0x6984,1, 0xDC4D,15, 0xFE98,2, 0x6984,1, 0xBB29,1, 0x6984,2, 0x4124,1,
    0x18C5,22, 0x4125,1, 0x6984,6, 0xBB29,1, 0xF572,1, 0xDC4D,6, 0xFFFF,2, 0x1882,1,
    0xDC4D,15, 0xFFFF,2, 0x1882,1, 0xBB29,1, 0x6984,2, 0x4124,1, 0x18C5,20, 0x4124,1,
    0x6984,2, 0xDC4D,1, 0xF572,7, 0xDC4D,6, 0xBB29,2, 0x1882,1, 0xDC4D,15, 0xBB29,2,
    0x1882,1, 0xBB29,1, 0x6984,2, 0x4124,1, 0x18C5,20, 0x4124,1, 0x6984,2, 0xDC4D,1,
    0xF572,7, 0xDC4D,6, 0x1882,3, 0xDC4D,15, 0x1882,3, 0xBB29,1, 0x6984,2, 0x4124,1,
    0x18C5,20, 0x4124,1, 0x6984,3, 0xBB29,2, 0xDC4D,4, 0xF572,1, 0xDC4D,6, 0x1882,3,
    0xDC4D,15, 0x1882,3, 0xBB29,1, 0x6984,2, 0x4124,1, 0x18C5,23, 0x4125,1, 0x6984,1,
    0xBB29,1, 0xDC4D,4, 0xF572,1, 0xDC4D,6, 0x1882,3, 0xDC4D,12, 0x6984,3, 0x1882,3,
    0x6984,3, 0x4124,1, 0x18C5,23, 0x4125,1, 0x6984,1, 0xBB29,1, 0xDC4D,4, 0xF572,1,
    0xDC4D,6, 0x6984,3, 0xDC4D,12, 0x6984,3, 0x28E3,3, 0x6984,3, 0x4124,1, 0x18C5,23,
    0x4125,1, 0x6984,1, 0xBB29,1, 0xDC4D,4, 0xF572,1, 0xDC4D,21, 0x6984,2, 0xF572,4,
    0xBB29,2, 0x6984,1, 0x4124,1, 0x18C5,20, 0x4124,1, 0x6984,2, 0xBB29,1, 0xF572,1,
    0xDC4D,5, 0xF572,1, 0xDC4D,21, 0x6984,2, 0xDC4D,3, 0xBB29,1, 0x6984,3, 0x4124,1,
    0x18C5,20, 0x4124,1, 0x6984,2, 0xBB29,1, 0xF572,1, 0xDC4D,5, 0xF572,1, 0xDC4D,21,
    0x6984,2, 0xDC4D,3, 0xBB29,1, 0x6984,3, 0x4124,1, 0x18C5,20, 0x4124,1, 0x6984,2,
    0xBB29,6, 0xDC4D,1, 0xF572,1, 0xDC4D,21, 0x6984,2, 0xDC4D,3, 0x6984,1, 0xBB29,1,
    0x6984,2, 0x4124,1, 0x18C5,22, 0x4125,1, 0x6984,6, 0xBB29,1, 0xF572,1, 0xDC4D,21,
    0x6984,2, 0xDC4D,3, 0x6984,1, 0xBB29,1, 0x6984,2, 0x4124,1, 0x18C5,22, 0x4125,1,
    0x6984,6, 0xBB29,1, 0xF572,1, 0xDC4D,21, 0x6984,2, 0xDC4D,3, 0x6984,1, 0xBB29,1,
    0x6984,2, 0x4124,1, 0x18C5,28, 0x4125,1, 0xBB29,1, 0xDC4D,1, 0xBB29,21, 0x6984,2,
    0xDC4D,3, 0xF572,1, 0x6984,3, 0x4124,1, 0x18C5,28, 0x4125,1, 0xBB29,1, 0xDC4D,1,
    0xBB29,21, 0x6984,2, 0xBB29,6, 0x6984,1, 0x4124,1, 0x18C5,28, 0x4125,1, 0xBB29,1,
    0xDC4D,1, 0xBB29,21, 0x6984,2, 0xBB29,6, 0x6984,1, 0x4124,1, 0x18C5,28, 0x4125,1,
    0x6984,32, 0x4124,1, 0x18C5,31, 0xBB29,2, 0x6984,1, 0x18C5,3, 0xBB29,2, 0x6984,1,
    0x18C5,9, 0xBB29,2, 0x6984,1, 0x18C5,3, 0xBB29,2, 0x6984,1, 0x18C5,35, 0xBB29,2,
    0x6984,1, 0x18C5,3, 0xBB29,2, 0x6984,1, 0x18C5,9, 0xBB29,2, 0x6984,1, 0x18C5,3,
    0xBB29,2, 0x6984,1, 0x18C5,35, 0xBB29,2, 0x6984,1, 0x18C5,3, 0xBB29,2, 0x6984,1,
    0x18C5,9, 0xBB29,2, 0x6984,1, 0x18C5,3, 0xBB29,2, 0x6984,1, 0x18C5,35, 0xBB29,2,
    0x6984,1, 0x18C5,3, 0xBB29,2, 0x6984,1, 0x18C5,9, 0xBB29,2, 0x6984,1, 0x18C5,3,
    0xBB29,2, 0x6984,1, 0x18C5,35, 0xBB29,2, 0x6984,1, 0x18C5,3, 0xBB29,2, 0x6984,1,
    0x18C5,9, 0xBB29,2, 0x6984,1, 0x18C5,3, 0xBB29,2, 0x6984,1, 0x18C5,35, 0x6984,3,
    0x18C5,3, 0x6984,3, 0x18C5,9, 0x6984,3, 0x18C5,3, 0x6984,3, 0x18C5,31, 0x1084,36,
    0x18C5,26, 0x1084,36, 0x18C5,30, 0x10A4,27, 0x18C5,18, 0x18C5,32, 0x28E3,27, 0x18C5,35,
    0x28E3,27, 0x18C5,34, 0x28E3,1, 0xFFFF,27, 0x28E3,2, 0x18C5,30, 0x28E3,2, 0xFFFF,30,
    0x28E3,1, 0x18C5,29, 0x28E3,2, 0xFFFF,30, 0x28E3,1, 0x18C5,29, 0x28E3,2, 0xFFFF,30,
    0x28E3,1, 0x18C5,29, 0x28E3,2, 0xFFFF,30, 0x28E3,1, 0x18C5,29, 0x28E3,2, 0xFFFF,5,
    0xE6FB,4, 0xFFFF,4, 0xE6FB,3, 0xFFFF,4, 0xE6FB,4, 0xFFFF,6, 0x28E3,1, 0x18C5,29,
    0x28E3,2, 0xFFFF,5, 0xE6FB,1, 0x2BFC,2, 0xE6FB,1, 0xFFFF,4, 0x2BFC,3, 0xFFFF,4,
    0xE6FB,1, 0x2BFC,2, 0xE6FB,1, 0xFFFF,6, 0x28E3,1, 0x18C5,29, 0x28E3,2, 0xFFFF,5,
    0xE6FB,1, 0x2BFC,2, 0xE6FB,1, 0xFFFF,4, 0x2BFC,3, 0xFFFF,4, 0xE6FB,1, 0x2BFC,2,
    0xE6FB,1, 0xFFFF,6, 0x28E3,1, 0x18C5,29, 0x28E3,2, 0xFFFF,5, 0xE6FB,4, 0xFFFF,4,
    0xE6FB,3, 0xFFFF,4, 0xE6FB,4, 0xFFFF,6, 0x28E3,1, 0x18C5,29, 0x28E3,2, 0xFFFF,30,
    0x28E3,1, 0x18C5,29, 0x28E3,2, 0xFFFF,30, 0x28E3,1, 0x18C5,29, 0x28E3,2, 0xFFFF,30,
    0x28E3,1, 0x18C5,29, 0x28E3,2, 0xFFFF,30, 0x28E3,1, 0x18C5,29, 0x28E3,2, 0xFFFF,30,
    0x28E3,1, 0x18C5,29, 0x28E3,2, 0xFFFF,30, 0x28E3,1, 0x18C5,29, 0x28E3,2, 0xFFFF,30,
    0x28E3,1, 0x18C5,29, 0x28E3,2, 0xE6FB,30, 0x28E3,1, 0x18C5,29, 0x28E3,2, 0xE6FB,30,
    0x28E3,1, 0x18C5,31, 0x28E3,1, 0xFFFF,27, 0x28E3,2, 0x18C5,33, 0x28E3,27, 0x18C5,35,
    0x28E3,27, 0x18C5,224, 0x28E3,3, 0x18C5,58, 0x28E3,1, 0xFFFF,3, 0x28E3,2, 0x18C5,56,
    0x28E3,1, 0xFFFF,3, 0x28E3,2, 0x18C5,56, 0x28E3,1, 0xFFFF,3, 0x28E3,2, 0x18C5,57,
    0x28E3,3, 0x18C5,59, 0x28E3,3, 0x18C5,239, 0x28E3,3, 0x18C5,59, 0x28E3,3, 0x18C5,59,
    0x28E3,3, 0x18C5,106, 0x4125,1, 0x6984,32, 0x4124,1, 0x18C5,28, 0x4125,1, 0x6984,32,
    0x4124,1, 0x18C5,28, 0x4125,1, 0xBB29,1, 0xF572,28, 0xDC4D,1, 0xBB29,1, 0x6984,1,
    0x4124,1, 0x18C5,28, 0x4125,1, 0xBB29,1, 0xF572,2, 0xFE98,2, 0xF572,1, 0xDC4D,23,
    0xBB29,1, 0x6984,2, 0x4124,1, 0x18C5,28, 0x4125,1, 0xBB29,1, 0xF572,2, 0xFE98,2,
    0xF572,1, 0xDC4D,2, 0xFE98,2, 0x6984,1, 0xDC4D,15, 0xFE98,2, 0x6984,1, 0xBB29,1,
    0x6984,2, 0x4124,1, 0x18C5,22, 0x4125,1, 0x6984,6, 0xBB29,1, 0xF572,1, 0xDC4D,6,
    0xFFFF,2, 0x1882,1, 0xDC4D,15, 0xFFFF,2, 0x1882,1, 0xBB29,1, 0x6984,2, 0x4124,1,
    0x18C5,20, 0x4124,1, 0x6984,2, 0xDC4D,1, 0xF572,7, 0xDC4D,6, 0xBB29,2, 0x1882,1,
    0xDC4D,15, 0xBB29,2, 0x1882,1, 0xBB29,1, 0x6984,2, 0x4124,1, 0x18C5,20, 0x4124,1,
    0x6984,2, 0xDC4D,1, 0xF572,7, 0xDC4D,6, 0x1882,3, 0xDC4D,15, 0x1882,3, 0xBB29,1,
    0x6984,2, 0x4124,1, 0x18C5,20, 0x4124,1, 0x6984,3, 0xBB29,2, 0xDC4D,4, 0xF572,1,
    0xDC4D,6, 0x1882,3, 0xDC4D,15, 0x1882,3, 0xBB29,1, 0x6984,2, 0x4124,1, 0x18C5,23,
    0x4125,1, 0x6984,1, 0xBB29,1, 0xDC4D,4, 0xF572,1, 0xDC4D,6, 0x1882,3, 0xDC4D,12,
    0x6984,3, 0x1882,3, 0x6984,3, 0x4124,1, 0x18C5,23, 0x4125,1, 0x6984,1, 0xBB29,1,
    0xDC4D,4, 0xF572,1, 0xDC4D,6, 0x6984,3, 0xDC4D,12, 0x6984,3, 0x28E3,3, 0x6984,3,
    0x4124,1, 0x18C5,23, 0x4125,1, 0x6984,1, 0xBB29,1, 0xDC4D,4, 0xF572,1, 0xDC4D,21,
    0x6984,2, 0xF572,4, 0xBB29,2, 0x6984,1, 0x4124,1, 0x18C5,20, 0x4124,1, 0x6984,2,
    0xBB29,1, 0xF572,1, 0xDC4D,5, 0xF572,1, 0xDC4D,21, 0x6984,2, 0xDC4D,3, 0xBB29,1,
    0x6984,3, 0x4124,1, 0x18C5,20, 0x4124,1, 0x6984,2, 0xBB29,1, 0xF572,1, 0xDC4D,5,
    0xF572,1, 0xDC4D,21, 0x6984,2, 0xDC4D,3, 0xBB29,1, 0x6984,3, 0x4124,1, 0x18C5,20,
    0x4124,1, 0x6984,2, 0xBB29,6, 0xDC4D,1, 0xF572,1, 0xDC4D,21, 0x6984,2, 0xDC4D,3,
    0x6984,1, 0xBB29,1, 0x6984,2, 0x4124,1, 0x18C5,22, 0x4125,1, 0x6984,6, 0xBB29,1,
    0xF572,1, 0xDC4D,21, 0x6984,2, 0xDC4D,3, 0x6984,1, 0xBB29,1, 0x6984,2, 0x4124,1,
    0x18C5,22, 0x4125,1, 0x6984,6, 0xBB29,1, 0xF572,1, 0xDC4D,21, 0x6984,2, 0xDC4D,3,
    0x6984,1, 0xBB29,1, 0x6984,2, 0x4124,1, 0x18C5,28, 0x4125,1, 0xBB29,1, 0xDC4D,1,
    0xBB29,21, 0x6984,2, 0xDC4D,3, 0xF572,1, 0x6984,3, 0x4124,1, 0x18C5,28, 0x4125,1,
    0xBB29,1, 0xDC4D,1, 0xBB29,21, 0x6984,2, 0xBB29,6, 0x6984,1, 0x4124,1, 0x18C5,28,
    0x4125,1, 0xBB29,1, 0xDC4D,1, 0xBB29,21, 0x6984,2, 0xBB29,6, 0x6984,1, 0x4124,1,
    0x18C5,28, 0x4125,1, 0x6984,32, 0x4124,1, 0x18C5,31, 0xBB29,2, 0x6984,1, 0x18C5,3,
    0xBB29,2, 0x6984,1, 0x18C5,9, 0xBB29,2, 0x6984,1, 0x18C5,3, 0xBB29,2, 0x6984,1,
    0x18C5,35, 0xBB29,2, 0x6984,1, 0x18C5,3, 0xBB29,2, 0x6984,1, 0x18C5,9, 0xBB29,2,
    0x6984,1, 0x18C5,3, 0xBB29,2, 0x6984,1, 0x18C5,35, 0xBB29,2, 0x6984,1, 0x18C5,3,
    0xBB29,2, 0x6984,1, 0x18C5,9, 0xBB29,2, 0x6984,1, 0x18C5,3, 0xBB29,2, 0x6984,1,
    0x18C5,35, 0xBB29,2, 0x6984,1, 0x18C5,3, 0xBB29,2, 0x6984,1, 0x18C5,9, 0xBB29,2,
    0x6984,1, 0x18C5,3, 0xBB29,2, 0x6984,1, 0x18C5,35, 0xBB29,2, 0x6984,1, 0x18C5,3,
    0xBB29,2, 0x6984,1, 0x18C5,9, 0xBB29,2, 0x6984,1, 0x18C5,3, 0xBB29,2, 0x6984,1,
    0x18C5,35, 0x6984,3, 0x18C5,3, 0x6984,3, 0x18C5,9, 0x6984,3, 0x18C5,3, 0x6984,3,
    0x18C5,31, 0x1084,36, 0x18C5,26, 0x1084,36, 0x18C5,30, 0x10A4,27, 0x18C5,18,
};

#endif // THINKING_FRAMES_H
