#ifndef CONFUSED_FRAMES_H
#define CONFUSED_FRAMES_H

/**
 * Auto-generated by png2rgb565.py (RLE compressed, auto-cropped)
 * 48 frame(s), 70x57 pixels
 * Raw: 383,040 bytes, RLE: 66,028 bytes (6x compression)
 * Transparent key: 0x18C5
 */

#include <stdint.h>

#define CONFUSED_WIDTH  70
#define CONFUSED_HEIGHT 57
#define CONFUSED_FRAME_COUNT 48
#define CONFUSED_TRANSPARENT_KEY 0x18C5

static const uint32_t confused_frame_offsets[49] = {
    0, 628, 1256, 1884, 2512, 3140, 3768, 4606,
    5246, 5960, 6698, 7456, 8214, 8972, 9730, 10488,
    11254, 11980, 12646, 13484, 14112, 14740, 15368, 15996,
    16706, 17300, 17964, 18754, 19568, 20382, 21196, 22010,
    22824, 23638, 24302, 24922, 25510, 26138, 26766, 27394,
    27990, 28618, 29246, 29874, 30502, 31130, 31758, 32386,
    33014,
};

static const uint16_t confused_rle_data[] = {
    0x18C5,1482, 0x4125,1, 0x6984,6, 0x4124,1, 0x18C5,62, 0x4125,1, 0x6984,6, 0x4124,1,
    0x18C5,60, 0x4124,1, 0x6984,2, 0xDC4D,1, 0xF572,4, 0xBB29,1, 0x4124,1, 0x18C5,60,
    0x4124,1, 0x6984,3, 0xBB29,2, 0xDC4D,2, 0xBB29,1, 0x4124,1, 0x18C5,60, 0x4124,1,
    0x6984,3, 0xBB29,2, 0xDC4D,2, 0xBB29,1, 0x4124,1, 0x18C5,63, 0x4125,1, 0x6984,1,
    0xBB29,1, 0xDC4D,2, 0xBB29,1, 0x4124,1, 0x18C5,63, 0x4125,1, 0x6984,1, 0xBB29,1,
    0xDC4D,2, 0xBB29,1, 0x6984,32, 0x18C5,32, 0x4125,1, 0x6984,1, 0xBB29,1, 0xDC4D,2,
    0xBB29,1, 0x6984,32, 0x18C5,29, 0x4124,1, 0x6984,2, 0xBB29,1, 0xF572,1, 0xDC4D,3,
    0xBB29,1, 0x6984,1, 0xF572,28, 0xDC4D,2, 0x6984,1, 0x18C5,29, 0x4124,1, 0x6984,2,
    0xBB29,5, 0x6984,2, 0xF572,1, 0xFE98,3, 0xDC4D,24, 0xBB29,2, 0x6984,1, 0x18C5,29,
    0x4124,1, 0x6984,2, 0xBB29,5, 0x6984,2, 0xF572,1, 0xFE98,3, 0xDC4D,24, 0xBB29,2,
    0x6984,1, 0x4124,6, 0x28E5,1, 0x18C5,24, 0x4125,1, 0x6984,7, 0xF572,1, 0xDC4D,27,
    0xBB29,1, 0x6984,8, 0x4125,1, 0x18C5,30, 0x6984,2, 0xF572,1, 0xDC4D,3, 0xFFFF,2,
    0x1882,1, 0xDC4D,15, 0xFFFF,2, 0x1882,1, 0xDC4D,3, 0xBB29,8, 0x6984,1, 0x69A5,1,
    0x28E5,1, 0x18C5,29, 0x6984,2, 0xF572,1, 0xDC4D,3, 0xFFFF,2, 0x1882,1, 0xDC4D,15,
    0xFFFF,2, 0x1882,1, 0xDC4D,3, 0xBB29,1, 0xDC4D,6, 0xBB29,1, 0x6984,2, 0x4124,1,
    0x18C5,29, 0x6984,2, 0xF572,1, 0xDC4D,3, 0x1882,3, 0xDC4D,15, 0x1882,3, 0xDC4D,3,
    0xBB29,2, 0xDC4D,4, 0xBB29,1, 0x6984,3, 0x4124,1, 0x18C5,29, 0x6984,2, 0xF572,1,
    0xDC4D,3, 0x1882,3, 0xDC4D,15, 0x1882,3, 0xDC4D,3, 0xBB29,2, 0xDC4D,4, 0xBB29,1,
    0x69A5,1, 0x4125,2, 0x28E5,1, 0x18C5,29, 0x6984,2, 0xF572,1, 0xDC4D,3, 0x1882,3,
    0xDC4D,15, 0x1882,3, 0xDC4D,3, 0xBB29,2, 0xDC4D,4, 0xBB29,1, 0x4125,1, 0x18C5,32,
    0x6984,2, 0xF572,1, 0xDC4D,3, 0x1882,3, 0xDC4D,15, 0x1882,3, 0xDC4D,3, 0xBB29,2,
    0xDC4D,4, 0xBB29,1, 0x4125,1, 0x18C5,32, 0x6984,2, 0xF572,1, 0xDC4D,27, 0xBB29,2,
    0xDC4D,5, 0x7A48,1, 0x4125,2, 0x28E5,1, 0x18C5,29, 0x6984,2, 0xF572,1, 0xDC4D,27,
    0xBB29,6, 0xDC4D,1, 0xBB29,1, 0x6984,2, 0x4124,1, 0x18C5,29, 0x6984,2, 0xF572,1,
    0xDC4D,27, 0xBB29,9, 0x6984,1, 0x4124,1, 0x18C5,29, 0x6984,2, 0xF572,1, 0xDC4D,27,
    0xBB29,2, 0x6984,7, 0x69A5,1, 0x28E5,1, 0x18C5,29, 0x6984,2, 0xF572,1, 0xDC4D,27,
    0xBB29,2, 0x6984,1, 0x4124,6, 0x28E5,1, 0x18C5,30, 0x6984,2, 0xDC4D,1, 0xBB29,29,
    0x6984,1, 0x18C5,37, 0x6984,2, 0xDC4D,1, 0xBB29,29, 0x6984,1, 0x18C5,37, 0x6984,2,
    0xDC4D,1, 0xBB29,29, 0x6984,1, 0x18C5,37, 0x6984,33, 0x18C5,40, 0xBB29,2, 0x6984,1,
    0x18C5,3, 0xBB29,2, 0x6984,1, 0x18C5,9, 0xBB29,2, 0x6984,1, 0x18C5,3, 0xBB29,2,
    0x6984,1, 0x18C5,43, 0xBB29,2, 0x6984,1, 0x18C5,3, 0xBB29,2, 0x6984,1, 0x18C5,9,
    0xBB29,2, 0x6984,1, 0x18C5,3, 0xBB29,2, 0x6984,1, 0x18C5,43, 0xBB29,2, 0x6984,1,
    0x18C5,3, 0xBB29,2, 0x6984,1, 0x18C5,9, 0xBB29,2, 0x6984,1, 0x18C5,3, 0xBB29,2,
    0x6984,1, 0x18C5,43, 0xBB29,2, 0x6984,1, 0x18C5,3, 0xBB29,2, 0x6984,1, 0x18C5,9,
    0xBB29,2, 0x6984,1, 0x18C5,3, 0xBB29,2, 0x6984,1, 0x18C5,43, 0x6984,3, 0x18C5,3,
    0x6984,3, 0x18C5,9, 0x6984,3, 0x18C5,3, 0x6984,3, 0x18C5,43, 0x6984,3, 0x18C5,3,
    0x6984,3, 0x18C5,9, 0x6984,3, 0x18C5,3, 0x6984,3, 0x18C5,38, 0x10A4,1, 0x1084,4,
    0x3904,3, 0x1084,3, 0x3904,3, 0x1084,9, 0x3904,3, 0x1084,3, 0x3904,3, 0x1084,4,
    0x10A4,1, 0x18C5,33, 0x10A4,1, 0x1084,35, 0x10A4,1, 0x18C5,38, 0x18C6,1, 0x10A4,26,
    0x18C6,1, 0x18C5,21, 0x18C5,1482, 0x4125,1, 0x6984,6, 0x4124,1, 0x18C5,62, 0x4125,1,
    0x6984,6, 0x4124,1, 0x18C5,60, 0x4124,1, 0x6984,2, 0xDC4D,1, 0xF572,4, 0xBB29,1,
    0x4124,1, 0x18C5,60, 0x4124,1, 0x6984,3, 0xBB29,2, 0xDC4D,2, 0xBB29,1, 0x4124,1,
    0x18C5,60, 0x4124,1, 0x6984,3, 0xBB29,2, 0xDC4D,2, 0xBB29,1, 0x4124,1, 0x18C5,63,
    0x4125,1, 0x6984,1, 0xBB29,1, 0xDC4D,2, 0xBB29,1, 0x4124,1, 0x18C5,63, 0x4125,1,
    0x6984,1, 0xBB29,1, 0xDC4D,2, 0xBB29,1, 0x6984,32, 0x18C5,32, 0x4125,1, 0x6984,1,
    0xBB29,1, 0xDC4D,2, 0xBB29,1, 0x6984,32, 0x18C5,29, 0x4124,1, 0x6984,2, 0xBB29,1,
    0xF572,1, 0xDC4D,3, 0xBB29,1, 0x6984,1, 0xF572,28, 0xDC4D,2, 0x6984,1, 0x18C5,29,
    0x4124,1, 0x6984,2, 0xBB29,5, 0x6984,2, 0xF572,1, 0xFE98,3, 0xDC4D,24, 0xBB29,2,
    0x6984,1, 0x18C5,29, 0x4124,1, 0x6984,2, 0xBB29,5, 0x6984,2, 0xF572,1, 0xFE98,3,
    0xDC4D,24, 0xBB29,2, 0x6984,1, 0x4124,6, 0x28E5,1, 0x18C5,24, 0x4125,1, 0x6984,7,
    0xF572,1, 0xDC4D,27, 0xBB29,1, 0x6984,8, 0x4125,1, 0x18C5,30, 0x6984,2, 0xF572,1,
    0xDC4D,3, 0xFFFF,2, 0x1882,1, 0xDC4D,15, 0xFFFF,2, 0x1882,1, 0xDC4D,3, 0xBB29,8,
    0x6984,1, 0x69A5,1, 0x28E5,1, 0x18C5,29, 0x6984,2, 0xF572,1, 0xDC4D,3, 0xFFFF,2,
    0x1882,1, 0xDC4D,15, 0xFFFF,2, 0x1882,1, 0xDC4D,3, 0xBB29,1, 0xDC4D,6, 0xBB29,1,
    0x6984,2, 0x4124,1, 0x18C5,29, 0x6984,2, 0xF572,1, 0xDC4D,3, 0x1882,3, 0xDC4D,15,
    0x1882,3, 0xDC4D,3, 0xBB29,2, 0xDC4D,4, 0xBB29,1, 0x6984,3, 0x4124,1, 0x18C5,29,
    0x6984,2, 0xF572,1, 0xDC4D,3, 0x1882,3, 0xDC4D,15, 0x1882,3, 0xDC4D,3, 0xBB29,2,
    0xDC4D,4, 0xBB29,1, 0x69A5,1, 0x4125,2, 0x28E5,1, 0x18C5,29, 0x6984,2, 0xF572,1,
    0xDC4D,3, 0x1882,3, 0xDC4D,15, 0x1882,3, 0xDC4D,3, 0xBB29,2, 0xDC4D,4, 0xBB29,1,
    0x4125,1, 0x18C5,32, 0x6984,2, 0xF572,1, 0xDC4D,3, 0x1882,3, 0xDC4D,15, 0x1882,3,
    0xDC4D,3, 0xBB29,2, 0xDC4D,4, 0xBB29,1, 0x4125,1, 0x18C5,32, 0x6984,2, 0xF572,1,
    0xDC4D,27, 0xBB29,2, 0xDC4D,5, 0x7A48,1, 0x4125,2, 0x28E5,1, 0x18C5,29, 0x6984,2,
    0xF572,1, 0xDC4D,27, 0xBB29,6, 0xDC4D,1, 0xBB29,1, 0x6984,2, 0x4124,1, 0x18C5,29,
    0x6984,2, 0xF572,1, 0xDC4D,27, 0xBB29,9, 0x6984,1, 0x4124,1, 0x18C5,29, 0x6984,2,
    0xF572,1, 0xDC4D,27, 0xBB29,2, 0x6984,7, 0x69A5,1, 0x28E5,1, 0x18C5,29, 0x6984,2,
    0xF572,1, 0xDC4D,27, 0xBB29,2, 0x6984,1, 0x4124,6, 0x28E5,1, 0x18C5,30, 0x6984,2,
    0xDC4D,1, 0xBB29,29, 0x6984,1, 0x18C5,37, 0x6984,2, 0xDC4D,1, 0xBB29,29, 0x6984,1,
    0x18C5,37, 0x6984,2, 0xDC4D,1, 0xBB29,29, 0x6984,1, 0x18C5,37, 0x6984,33, 0x18C5,40,
    0xBB29,2, 0x6984,1, 0x18C5,3, 0xBB29,2, 0x6984,1, 0x18C5,9, 0xBB29,2, 0x6984,1,
    0x18C5,3, 0xBB29,2, 0x6984,1, 0x18C5,43, 0xBB29,2, 0x6984,1, 0x18C5,3, 0xBB29,2,
    0x6984,1, 0x18C5,9, 0xBB29,2, 0x6984,1, 0x18C5,3, 0xBB29,2, 0x6984,1, 0x18C5,43,
    0xBB29,2, 0x6984,1, 0x18C5,3, 0xBB29,2, 0x6984,1, 0x18C5,9, 0xBB29,2, 0x6984,1,
    0x18C5,3, 0xBB29,2, 0x6984,1, 0x18C5,43, 0xBB29,2, 0x6984,1, 0x18C5,3, 0xBB29,2,
    0x6984,1, 0x18C5,9, 0xBB29,2, 0x6984,1, 0x18C5,3, 0xBB29,2, 0x6984,1, 0x18C5,43,
    0x6984,3, 0x18C5,3, 0x6984,3, 0x18C5,9, 0x6984,3, 0x18C5,3, 0x6984,3, 0x18C5,43,
    0x6984,3, 0x18C5,3, 0x6984,3, 0x18C5,9, 0x6984,3, 0x18C5,3, 0x6984,3, 0x18C5,38,
    0x10A4,1, 0x1084,4, 0x3904,3, 0x1084,3, 0x3904,3, 0x1084,9, 0x3904,3, 0x1084,3,
    0x3904,3, 0x1084,4, 0x10A4,1, 0x18C5,33, 0x10A4,1, 0x1084,35, 0x10A4,1, 0x18C5,38,
    0x18C6,1, 0x10A4,26, 0x18C6,1, 0x18C5,21, 0x18C5,1482, 0x4125,1, 0x6984,6, 0x4124,1,
    0x18C5,62, 0x4125,1, 0x6984,6, 0x4124,1, 0x18C5,60, 0x4124,1, 0x6984,2, 0xDC4D,1,
    0xF572,4, 0xBB29,1, 0x4124,1, 0x18C5,60, 0x4124,1, 0x6984,3, 0xBB29,2, 0xDC4D,2,
    0xBB29,1, 0x4124,1, 0x18C5,60, 0x4124,1, 0x6984,3, 0xBB29,2, 0xDC4D,2, 0xBB29,1,
    0x4124,1, 0x18C5,63, 0x4125,1, 0x6984,1, 0xBB29,1, 0xDC4D,2, 0xBB29,1, 0x4124,1,
    0x18C5,63, 0x4125,1, 0x6984,1, 0xBB29,1, 0xDC4D,2, 0xBB29,1, 0x6984,32, 0x18C5,32,
    0x4125,1, 0x6984,1, 0xBB29,1, 0xDC4D,2, 0xBB29,1, 0x6984,32, 0x18C5,29, 0x4124,1,
    0x6984,2, 0xBB29,1, 0xF572,1, 0xDC4D,3, 0xBB29,1, 0x6984,1, 0xF572,28, 0xDC4D,2,
    0x6984,1, 0x18C5,29, 0x4124,1, 0x6984,2, 0xBB29,5, 0x6984,2, 0xF572,1, 0xFE98,3,
    0xDC4D,24, 0xBB29,2, 0x6984,1, 0x18C5,29, 0x4124,1, 0x6984,2, 0xBB29,5, 0x6984,2,
    0xF572,1, 0xFE98,3, 0xDC4D,24, 0xBB29,2, 0x6984,1, 0x4124,6, 0x28E5,1, 0x18C5,24,
    0x4125,1, 0x6984,7, 0xF572,1, 0xDC4D,27, 0xBB29,1, 0x6984,8, 0x4125,1, 0x18C5,30,
    0x6984,2, 0xF572,1, 0xDC4D,3, 0xFFFF,2, 0x1882,1, 0xDC4D,15, 0xFFFF,2, 0x1882,1,
    0xDC4D,3, 0xBB29,8, 0x6984,1, 0x69A5,1, 0x28E5,1, 0x18C5,29, 0x6984,2, 0xF572,1,
    0xDC4D,3, 0xFFFF,2, 0x1882,1, 0xDC4D,15, 0xFFFF,2, 0x1882,1, 0xDC4D,3, 0xBB29,1,
    0xDC4D,6, 0xBB29,1, 0x6984,2, 0x4124,1, 0x18C5,29, 0x6984,2, 0xF572,1, 0xDC4D,3,
    0x1882,3, 0xDC4D,15, 0x1882,3, 0xDC4D,3, 0xBB29,2, 0xDC4D,4, 0xBB29,1, 0x6984,3,
    0x4124,1, 0x18C5,29, 0x6984,2, 0xF572,1, 0xDC4D,3, 0x1882,3, 0xDC4D,15, 0x1882,3,
    0xDC4D,3, 0xBB29,2, 0xDC4D,4, 0xBB29,1, 0x69A5,1, 0x4125,2, 0x28E5,1, 0x18C5,29,
    0x6984,2, 0xF572,1, 0xDC4D,3, 0x1882,3, 0xDC4D,15, 0x1882,3, 0xDC4D,3, 0xBB29,2,
    0xDC4D,4, 0xBB29,1, 0x4125,1, 0x18C5,32, 0x6984,2, 0xF572,1, 0xDC4D,3, 0x1882,3,
    0xDC4D,15, 0x1882,3, 0xDC4D,3, 0xBB29,2, 0xDC4D,4, 0xBB29,1, 0x4125,1, 0x18C5,32,
    0x6984,2, 0xF572,1, 0xDC4D,27, 0xBB29,2, 0xDC4D,5, 0x7A48,1, 0x4125,2, 0x28E5,1,
    0x18C5,29, 0x6984,2, 0xF572,1, 0xDC4D,27, 0xBB29,6, 0xDC4D,1, 0xBB29,1, 0x6984,2,
    0x4124,1, 0x18C5,29, 0x6984,2, 0xF572,1, 0xDC4D,27, 0xBB29,9, 0x6984,1, 0x4124,1,
    0x18C5,29, 0x6984,2, 0xF572,1, 0xDC4D,27, 0xBB29,2, 0x6984,7, 0x69A5,1, 0x28E5,1,
    0x18C5,29, 0x6984,2, 0xF572,1, 0xDC4D,27, 0xBB29,2, 0x6984,1, 0x4124,6, 0x28E5,1,
    0x18C5,30, 0x6984,2, 0xDC4D,1, 0xBB29,29, 0x6984,1, 0x18C5,37, 0x6984,2, 0xDC4D,1,
    0xBB29,29, 0x6984,1, 0x18C5,37, 0x6984,2, 0xDC4D,1, 0xBB29,29, 0x6984,1, 0x18C5,37,
    0x6984,33, 0x18C5,40, 0xBB29,2, 0x6984,1, 0x18C5,3, 0xBB29,2, 0x6984,1, 0x18C5,9,
    0xBB29,2, 0x6984,1, 0x18C5,3, 0xBB29,2, 0x6984,1, 0x18C5,43, 0xBB29,2, 0x6984,1,
    0x18C5,3, 0xBB29,2, 0x6984,1, 0x18C5,9, 0xBB29,2, 0x6984,1, 0x18C5,3, 0xBB29,2,
    0x6984,1, 0x18C5,43, 0xBB29,2, 0x6984,1, 0x18C5,3, 0xBB29,2, 0x6984,1, 0x18C5,9,
    0xBB29,2, 0x6984,1, 0x18C5,3, 0xBB29,2, 0x6984,1, 0x18C5,43, 0xBB29,2, 0x6984,1,
    0x18C5,3, 0xBB29,2, 0x6984,1, 0x18C5,9, 0xBB29,2, 0x6984,1, 0x18C5,3, 0xBB29,2,
    0x6984,1, 0x18C5,43, 0x6984,3, 0x18C5,3, 0x6984,3, 0x18C5,9, 0x6984,3, 0x18C5,3,
    0x6984,3, 0x18C5,43, 0x6984,3, 0x18C5,3, 0x6984,3, 0x18C5,9, 0x6984,3, 0x18C5,3,
    0x6984,3, 0x18C5,38, 0x10A4,1, 0x1084,4, 0x3904,3, 0x1084,3, 0x3904,3, 0x1084,9,
    0x3904,3, 0x1084,3, 0x3904,3, 0x1084,4, 0x10A4,1, 0x18C5,33, 0x10A4,1, 0x1084,35,
    0x10A4,1, 0x18C5,38, 0x18C6,1, 0x10A4,26, 0x18C6,1, 0x18C5,21, 0x18C5,1482, 0x4125,1,
    0x6984,6, 0x4124,1, 0x18C5,62, 0x4125,1, 0x6984,6, 0x4124,1, 0x18C5,60, 0x4124,1,
    0x6984,2, 0xDC4D,1, 0xF572,4, 0xBB29,1, 0x4124,1, 0x18C5,60, 0x4124,1, 0x6984,3,
    0xBB29,2, 0xDC4D,2, 0xBB29,1, 0x4124,1, 0x18C5,60, 0x4124,1, 0x6984,3, 0xBB29,2,
    0xDC4D,2, 0xBB29,1, 0x4124,1, 0x18C5,63, 0x4125,1, 0x6984,1, 0xBB29,1, 0xDC4D,2,
    0xBB29,1, 0x4124,1, 0x18C5,63, 0x4125,1, 0x6984,1, 0xBB29,1, 0xDC4D,2, 0xBB29,1,
    0x6984,32, 0x18C5,32, 0x4125,1, 0x6984,1, 0xBB29,1, 0xDC4D,2, 0xBB29,1, 0x6984,32,
    0x18C5,29, 0x4124,1, 0x6984,2, 0xBB29,1, 0xF572,1, 0xDC4D,3, 0xBB29,1, 0x6984,1,
    0xF572,28, 0xDC4D,2, 0x6984,1, 0x18C5,29, 0x4124,1, 0x6984,2, 0xBB29,5, 0x6984,2,
    0xF572,1, 0xFE98,3, 0xDC4D,24, 0xBB29,2, 0x6984,1, 0x18C5,29, 0x4124,1, 0x6984,2,
    0xBB29,5, 0x6984,2, 0xF572,1, 0xFE98,3, 0xDC4D,24, 0xBB29,2, 0x6984,1, 0x4124,6,
    0x28E5,1, 0x18C5,24, 0x4125,1, 0x6984,7, 0xF572,1, 0xDC4D,27, 0xBB29,1, 0x6984,8,
    0x4125,1, 0x18C5,30, 0x6984,2, 0xF572,1, 0xDC4D,3, 0xFFFF,2, 0x1882,1, 0xDC4D,15,
    0xFFFF,2, 0x1882,1, 0xDC4D,3, 0xBB29,8, 0x6984,1, 0x69A5,1, 0x28E5,1, 0x18C5,29,
    0x6984,2, 0xF572,1, 0xDC4D,3, 0xFFFF,2, 0x1882,1, 0xDC4D,15, 0xFFFF,2, 0x1882,1,
    0xDC4D,3, 0xBB29,1, 0xDC4D,6, 0xBB29,1, 0x6984,2, 0x4124,1, 0x18C5,29, 0x6984,2,
    0xF572,1, 0xDC4D,3, 0x1882,3, 0xDC4D,15, 0x1882,3, 0xDC4D,3, 0xBB29,2, 0xDC4D,4,
    0xBB29,1, 0x6984,3, 0x4124,1, 0x18C5,29, 0x6984,2, 0xF572,1, 0xDC4D,3, 0x1882,3,
    0xDC4D,15, 0x1882,3, 0xDC4D,3, 0xBB29,2, 0xDC4D,4, 0xBB29,1, 0x69A5,1, 0x4125,2,
    0x28E5,1, 0x18C5,29, 0x6984,2, 0xF572,1, 0xDC4D,3, 0x1882,3, 0xDC4D,15, 0x1882,3,
    0xDC4D,3, 0xBB29,2, 0xDC4D,4, 0xBB29,1, 0x4125,1, 0x18C5,32, 0x6984,2, 0xF572,1,
    0xDC4D,3, 0x1882,3, 0xDC4D,15, 0x1882,3, 0xDC4D,3, 0xBB29,2, 0xDC4D,4, 0xBB29,1,
    0x4125,1, 0x18C5,32, 0x6984,2, 0xF572,1, 0xDC4D,27, 0xBB29,2, 0xDC4D,5, 0x7A48,1,
    0x4125,2, 0x28E5,1, 0x18C5,29, 0x6984,2, 0xF572,1, 0xDC4D,27, 0xBB29,6, 0xDC4D,1,
    0xBB29,1, 0x6984,2, 0x4124,1, 0x18C5,29, 0x6984,2, 0xF572,1, 0xDC4D,27, 0xBB29,9,
    0x6984,1, 0x4124,1, 0x18C5,29, 0x6984,2, 0xF572,1, 0xDC4D,27, 0xBB29,2, 0x6984,7,
    0x69A5,1, 0x28E5,1, 0x18C5,29, 0x6984,2, 0xF572,1, 0xDC4D,27, 0xBB29,2, 0x6984,1,
    0x4124,6, 0x28E5,1, 0x18C5,30, 0x6984,2, 0xDC4D,1, 0xBB29,29, 0x6984,1, 0x18C5,37,
    0x6984,2, 0xDC4D,1, 0xBB29,29, 0x6984,1, 0x18C5,37, 0x6984,2, 0xDC4D,1, 0xBB29,29,
    0x6984,1, 0x18C5,37, 0x6984,33, 0x18C5,40, 0xBB29,2, 0x6984,1, 0x18C5,3, 0xBB29,2,
    0x6984,1, 0x18C5,9, 0xBB29,2, 0x6984,1, 0x18C5,3, 0xBB29,2, 0x6984,1, 0x18C5,43,
    0xBB29,2, 0x6984,1, 0x18C5,3, 0xBB29,2, 0x6984,1, 0x18C5,9, 0xBB29,2, 0x6984,1,
    0x18C5,3, 0xBB29,2, 0x6984,1, 0x18C5,43, 0xBB29,2, 0x6984,1, 0x18C5,3, 0xBB29,2,
    0x6984,1, 0x18C5,9, 0xBB29,2, 0x6984,1, 0x18C5,3, 0xBB29,2, 0x6984,1, 0x18C5,43,
    0xBB29,2, 0x6984,1, 0x18C5,3, 0xBB29,2, 0x6984,1, 0x18C5,9, 0xBB29,2, 0x6984,1,
    0x18C5,3, 0xBB29,2, 0x6984,1, 0x18C5,43, 0x6984,3, 0x18C5,3, 0x6984,3, 0x18C5,9,
    0x6984,3, 0x18C5,3, 0x6984,3, 0x18C5,43, 0x6984,3, 0x18C5,3, 0x6984,3, 0x18C5,9,
    0x6984,3, 0x18C5,3, 0x6984,3, 0x18C5,38, 0x10A4,1, 0x1084,4, 0x3904,3, 0x1084,3,
    0x3904,3, 0x1084,9, 0x3904,3, 0x1084,3, 0x3904,3, 0x1084,4, 0x10A4,1, 0x18C5,33,
    0x10A4,1, 0x1084,35, 0x10A4,1, 0x18C5,38, 0x18C6,1, 0x10A4,26, 0x18C6,1, 0x18C5,21,
    0x18C5,1482, 0x4125,1, 0x6984,6, 0x4124,1, 0x18C5,62, 0x4125,1, 0x6984,6, 0x4124,1,
    0x18C5,60, 0x4124,1, 0x6984,2, 0xDC4D,1, 0xF572,4, 0xBB29,1, 0x4124,1, 0x18C5,60,
    0x4124,1, 0x6984,3, 0xBB29,2, 0xDC4D,2, 0xBB29,1, 0x4124,1, 0x18C5,60, 0x4124,1,
    0x6984,3, 0xBB29,2, 0xDC4D,2, 0xBB29,1, 0x4124,1, 0x18C5,63, 0x4125,1, 0x6984,1,
    0xBB29,1, 0xDC4D,2, 0xBB29,1, 0x4124,1, 0x18C5,63, 0x4125,1, 0x6984,1, 0xBB29,1,
    0xDC4D,2, 0xBB29,1, 0x6984,32, 0x18C5,32, 0x4125,1, 0x6984,1, 0xBB29,1, 0xDC4D,2,
    0xBB29,1, 0x6984,32, 0x18C5,29, 0x4124,1, 0x6984,2, 0xBB29,1, 0xF572,1, 0xDC4D,3,
    0xBB29,1, 0x6984,1, 0xF572,28, 0xDC4D,2, 0x6984,1, 0x18C5,29, 0x4124,1, 0x6984,2,
    0xBB29,5, 0x6984,2, 0xF572,1, 0xFE98,3, 0xDC4D,24, 0xBB29,2, 0x6984,1, 0x18C5,29,
    0x4124,1, 0x6984,2, 0xBB29,5, 0x6984,2, 0xF572,1, 0xFE98,3, 0xDC4D,24, 0xBB29,2,
    0x6984,1, 0x4124,6, 0x28E5,1, 0x18C5,24, 0x4125,1, 0x6984,7, 0xF572,1, 0xDC4D,27,
    0xBB29,1, 0x6984,8, 0x4125,1, 0x18C5,30, 0x6984,2, 0xF572,1, 0xDC4D,3, 0xFFFF,2,
    0x1882,1, 0xDC4D,15, 0xFFFF,2, 0x1882,1, 0xDC4D,3, 0xBB29,8, 0x6984,1, 0x69A5,1,
    0x28E5,1, 0x18C5,29, 0x6984,2, 0xF572,1, 0xDC4D,3, 0xFFFF,2, 0x1882,1, 0xDC4D,15,
    0xFFFF,2, 0x1882,1, 0xDC4D,3, 0xBB29,1, 0xDC4D,6, 0xBB29,1, 0x6984,2, 0x4124,1,
    0x18C5,29, 0x6984,2, 0xF572,1, 0xDC4D,3, 0x1882,3, 0xDC4D,15, 0x1882,3, 0xDC4D,3,
    0xBB29,2, 0xDC4D,4, 0xBB29,1, 0x6984,3, 0x4124,1, 0x18C5,29, 0x6984,2, 0xF572,1,
    0xDC4D,3, 0x1882,3, 0xDC4D,15, 0x1882,3, 0xDC4D,3, 0xBB29,2, 0xDC4D,4, 0xBB29,1,
    0x69A5,1, 0x4125,2, 0x28E5,1, 0x18C5,29, 0x6984,2, 0xF572,1, 0xDC4D,3, 0x1882,3,
    0xDC4D,15, 0x1882,3, 0xDC4D,3, 0xBB29,2, 0xDC4D,4, 0xBB29,1, 0x4125,1, 0x18C5,32,
    0x6984,2, 0xF572,1, 0xDC4D,3, 0x1882,3, 0xDC4D,15, 0x1882,3, 0xDC4D,3, 0xBB29,2,
    0xDC4D,4, 0xBB29,1, 0x4125,1, 0x18C5,32, 0x6984,2, 0xF572,1, 0xDC4D,27, 0xBB29,2,
    0xDC4D,5, 0x7A48,1, 0x4125,2, 0x28E5,1, 0x18C5,29, 0x6984,2, 0xF572,1, 0xDC4D,27,
    0xBB29,6, 0xDC4D,1, 0xBB29,1, 0x6984,2, 0x4124,1, 0x18C5,29, 0x6984,2, 0xF572,1,
    0xDC4D,27, 0xBB29,9, 0x6984,1, 0x4124,1, 0x18C5,29, 0x6984,2, 0xF572,1, 0xDC4D,27,
    0xBB29,2, 0x6984,7, 0x69A5,1, 0x28E5,1, 0x18C5,29, 0x6984,2, 0xF572,1, 0xDC4D,27,
    0xBB29,2, 0x6984,1, 0x4124,6, 0x28E5,1, 0x18C5,30, 0x6984,2, 0xDC4D,1, 0xBB29,29,
    0x6984,1, 0x18C5,37, 0x6984,2, 0xDC4D,1, 0xBB29,29, 0x6984,1, 0x18C5,37, 0x6984,2,
    0xDC4D,1, 0xBB29,29, 0x6984,1, 0x18C5,37, 0x6984,33, 0x18C5,40, 0xBB29,2, 0x6984,1,
    0x18C5,3, 0xBB29,2, 0x6984,1, 0x18C5,9, 0xBB29,2, 0x6984,1, 0x18C5,3, 0xBB29,2,
    0x6984,1, 0x18C5,43, 0xBB29,2, 0x6984,1, 0x18C5,3, 0xBB29,2, 0x6984,1, 0x18C5,9,
    0xBB29,2, 0x6984,1, 0x18C5,3, 0xBB29,2, 0x6984,1, 0x18C5,43, 0xBB29,2, 0x6984,1,
    0x18C5,3, 0xBB29,2, 0x6984,1, 0x18C5,9, 0xBB29,2, 0x6984,1, 0x18C5,3, 0xBB29,2,
    0x6984,1, 0x18C5,43, 0xBB29,2, 0x6984,1, 0x18C5,3, 0xBB29,2, 0x6984,1, 0x18C5,9,
    0xBB29,2, 0x6984,1, 0x18C5,3, 0xBB29,2, 0x6984,1, 0x18C5,43, 0x6984,3, 0x18C5,3,
    0x6984,3, 0x18C5,9, 0x6984,3, 0x18C5,3, 0x6984,3, 0x18C5,43, 0x6984,3, 0x18C5,3,
    0x6984,3, 0x18C5,9, 0x6984,3, 0x18C5,3, 0x6984,3, 0x18C5,38, 0x10A4,1, 0x1084,4,
    0x3904,3, 0x1084,3, 0x3904,3, 0x1084,9, 0x3904,3, 0x1084,3, 0x3904,3, 0x1084,4,
    0x10A4,1, 0x18C5,33, 0x10A4,1, 0x1084,35, 0x10A4,1, 0x18C5,38, 0x18C6,1, 0x10A4,26,
    0x18C6,1, 0x18C5,21, 0x18C5,1482, 0x4125,1, 0x6984,6, 0x4124,1, 0x18C5,62, 0x4125,1,
    0x6984,6, 0x4124,1, 0x18C5,60, 0x4124,1, 0x6984,2, 0xDC4D,1, 0xF572,4, 0xBB29,1,
    0x4124,1, 0x18C5,60, 0x4124,1, 0x6984,3, 0xBB29,2, 0xDC4D,2, 0xBB29,1, 0x4124,1,
    0x18C5,60, 0x4124,1, 0x6984,3, 0xBB29,2, 0xDC4D,2, 0xBB29,1, 0x4124,1, 0x18C5,63,
    0x4125,1, 0x6984,1, 0xBB29,1, 0xDC4D,2, 0xBB29,1, 0x4124,1, 0x18C5,63, 0x4125,1,
    0x6984,1, 0xBB29,1, 0xDC4D,2, 0xBB29,1, 0x6984,32, 0x18C5,32, 0x4125,1, 0x6984,1,
    0xBB29,1, 0xDC4D,2, 0xBB29,1, 0x6984,32, 0x18C5,29, 0x4124,1, 0x6984,2, 0xBB29,1,
    0xF572,1, 0xDC4D,3, 0xBB29,1, 0x6984,1, 0xF572,28, 0xDC4D,2, 0x6984,1, 0x18C5,29,
    0x4124,1, 0x6984,2, 0xBB29,5, 0x6984,2, 0xF572,1, 0xFE98,3, 0xDC4D,24, 0xBB29,2,
    0x6984,1, 0x18C5,29, 0x4124,1, 0x6984,2, 0xBB29,5, 0x6984,2, 0xF572,1, 0xFE98,3,
    0xDC4D,24, 0xBB29,2, 0x6984,1, 0x4124,6, 0x28E5,1, 0x18C5,24, 0x4125,1, 0x6984,7,
    0xF572,1, 0xDC4D,27, 0xBB29,1, 0x6984,8, 0x4125,1, 0x18C5,30, 0x6984,2, 0xF572,1,
    0xDC4D,3, 0xFFFF,2, 0x1882,1, 0xDC4D,15, 0xFFFF,2, 0x1882,1, 0xDC4D,3, 0xBB29,8,
    0x6984,1, 0x69A5,1, 0x28E5,1, 0x18C5,29, 0x6984,2, 0xF572,1, 0xDC4D,3, 0xFFFF,2,
    0x1882,1, 0xDC4D,15, 0xFFFF,2, 0x1882,1, 0xDC4D,3, 0xBB29,1, 0xDC4D,6, 0xBB29,1,
    0x6984,2, 0x4124,1, 0x18C5,29, 0x6984,2, 0xF572,1, 0xDC4D,3, 0x1882,3, 0xDC4D,15,
    0x1882,3, 0xDC4D,3, 0xBB29,2, 0xDC4D,4, 0xBB29,1, 0x6984,3, 0x4124,1, 0x18C5,29,
    0x6984,2, 0xF572,1, 0xDC4D,3, 0x1882,3, 0xDC4D,15, 0x1882,3, 0xDC4D,3, 0xBB29,2,
    0xDC4D,4, 0xBB29,1, 0x69A5,1, 0x4125,2, 0x28E5,1, 0x18C5,29, 0x6984,2, 0xF572,1,
    0xDC4D,3, 0x1882,3, 0xDC4D,15, 0x1882,3, 0xDC4D,3, 0xBB29,2, 0xDC4D,4, 0xBB29,1,
    0x4125,1, 0x18C5,32, 0x6984,2, 0xF572,1, 0xDC4D,3, 0x1882,3, 0xDC4D,15, 0x1882,3,
    0xDC4D,3, 0xBB29,2, 0xDC4D,4, 0xBB29,1, 0x4125,1, 0x18C5,32, 0x6984,2, 0xF572,1,
    0xDC4D,27, 0xBB29,2, 0xDC4D,5, 0x7A48,1, 0x4125,2, 0x28E5,1, 0x18C5,29, 0x6984,2,
    0xF572,1, 0xDC4D,27, 0xBB29,6, 0xDC4D,1, 0xBB29,1, 0x6984,2, 0x4124,1, 0x18C5,29,
    0x6984,2, 0xF572,1, 0xDC4D,27, 0xBB29,9, 0x6984,1, 0x4124,1, 0x18C5,29, 0x6984,2,
    0xF572,1, 0xDC4D,27, 0xBB29,2, 0x6984,7, 0x69A5,1, 0x28E5,1, 0x18C5,29, 0x6984,2,
    0xF572,1, 0xDC4D,27, 0xBB29,2, 0x6984,1, 0x4124,6, 0x28E5,1, 0x18C5,30, 0x6984,2,
    0xDC4D,1, 0xBB29,29, 0x6984,1, 0x18C5,37, 0x6984,2, 0xDC4D,1, 0xBB29,29, 0x6984,1,
    0x18C5,37, 0x6984,2, 0xDC4D,1, 0xBB29,29, 0x6984,1, 0x18C5,37, 0x6984,33, 0x18C5,40,
    0xBB29,2, 0x6984,1, 0x18C5,3, 0xBB29,2, 0x6984,1, 0x18C5,9, 0xBB29,2, 0x6984,1,
    0x18C5,3, 0xBB29,2, 0x6984,1, 0x18C5,43, 0xBB29,2, 0x6984,1, 0x18C5,3, 0xBB29,2,
    0x6984,1, 0x18C5,9, 0xBB29,2, 0x6984,1, 0x18C5,3, 0xBB29,2, 0x6984,1, 0x18C5,43,
    0xBB29,2, 0x6984,1, 0x18C5,3, 0xBB29,2, 0x6984,1, 0x18C5,9, 0xBB29,2, 0x6984,1,
    0x18C5,3, 0xBB29,2, 0x6984,1, 0x18C5,43, 0xBB29,2, 0x6984,1, 0x18C5,3, 0xBB29,2,
    0x6984,1, 0x18C5,9, 0xBB29,2, 0x6984,1, 0x18C5,3, 0xBB29,2, 0x6984,1, 0x18C5,43,
    0x6984,3, 0x18C5,3, 0x6984,3, 0x18C5,9, 0x6984,3, 0x18C5,3, 0x6984,3, 0x18C5,43,
    0x6984,3, 0x18C5,3, 0x6984,3, 0x18C5,9, 0x6984,3, 0x18C5,3, 0x6984,3, 0x18C5,38,
    0x10A4,1, 0x1084,4, 0x3904,3, 0x1084,3, 0x3904,3, 0x1084,9, 0x3904,3, 0x1084,3,
    0x3904,3, 0x1084,4, 0x10A4,1, 0x18C5,33, 0x10A4,1, 0x1084,35, 0x10A4,1, 0x18C5,38,
    0x18C6,1, 0x10A4,26, 0x18C6,1, 0x18C5,21, 0x18C5,1479, 0x4125,1, 0x6984,6, 0x4124,1,
    0x18C5,62, 0x4125,1, 0x6984,6, 0x4124,1, 0x18C5,60, 0x4124,1, 0x6984,2, 0xDC4D,1,
    0xF572,4, 0xBB29,1, 0x4124,1, 0x18C5,60, 0x4124,1, 0x6984,3, 0xBB29,2, 0xDC4D,2,
    0xBB29,1, 0x4124,1, 0x18C5,60, 0x4124,1, 0x6984,3, 0xBB29,2, 0xDC4D,2, 0xBB29,1,
    0x4124,1, 0x18C5,63, 0x4125,1, 0x6984,1, 0xBB29,1, 0xDC4D,2, 0xBB29,1, 0x4124,1,
    0x18C5,63, 0x4125,1, 0x6984,1, 0xBB29,1, 0xDC4D,2, 0xBB29,1, 0x6984,30, 0x4125,1,
    0x18C5,33, 0x4125,1, 0x6984,1, 0xBB29,1, 0xDC4D,2, 0xBB29,1, 0x6984,30, 0x4125,1,
    0x18C5,30, 0x4124,1, 0x6984,2, 0xBB29,1, 0xF572,1, 0xDC4D,3, 0xBB29,2, 0xF572,26,
    0xDC4D,1, 0xBB29,1, 0x6984,1, 0x4125,1, 0x18C5,30, 0x4124,1, 0x6984,2, 0xBB29,5,
    0x6984,1, 0xDC4D,1, 0xFE98,1, 0xF572,1, 0xDC4D,24, 0xBB29,2, 0x6984,1, 0x4125,1,
    0x18C5,30, 0x4124,1, 0x6984,2, 0xBB29,5, 0x6984,1, 0xDC4D,1, 0xFE98,1, 0xF572,1,
    0xDC4D,24, 0xBB29,2, 0x6984,1, 0x4924,1, 0x4124,7, 0x28E5,1, 0x18C5,24, 0x4125,1,
    0x6984,6, 0xBB29,1, 0xF572,1, 0xDC4D,27, 0xBB29,1, 0x6984,8, 0x4125,1, 0x18C5,30,
    0x4125,1, 0xBB29,1, 0xF572,1, 0xDC4D,1, 0xFE98,1, 0xFFFF,1, 0xBB29,1, 0x6984,1,
    0xDC4D,14, 0xFE98,1, 0xFFFF,1, 0xBB29,1, 0x6984,1, 0xDC4D,4, 0xBB29,8, 0x6984,1,
    0x69A5,1, 0x28E5,1, 0x18C5,29, 0x4125,1, 0xBB29,1, 0xF572,1, 0xDC4D,1, 0xFE98,1,
    0xFFFF,1, 0xBB29,1, 0x6984,1, 0xDC4D,14, 0xFE98,1, 0xFFFF,1, 0xBB29,1, 0x6984,1,
    0xDC4D,4, 0xBB29,2, 0xDC4D,5, 0xBB29,1, 0x6984,2, 0x4124,1, 0x18C5,29, 0x4125,1,
    0xBB29,1, 0xF572,1, 0xDC4D,1, 0x6984,1, 0x1882,2, 0x6984,1, 0xDC4D,14, 0x6984,1,
    0x1882,2, 0x6984,1, 0xDC4D,4, 0xBB29,2, 0xDC4D,4, 0xBB29,1, 0x6984,3, 0x4124,1,
    0x18C5,29, 0x4125,1, 0xBB29,1, 0xF572,1, 0xDC4D,1, 0x6984,1, 0x1882,2, 0x6984,1,
    0xDC4D,14, 0x6984,1, 0x1882,2, 0x6984,1, 0xDC4D,4, 0xBB29,2, 0xDC4D,4, 0xBB29,1,
    0x69A5,1, 0x4125,2, 0x28E5,1, 0x18C5,29, 0x4125,1, 0xBB29,1, 0xF572,1, 0xDC4D,1,
    0x6984,1, 0x1882,2, 0x6984,1, 0xDC4D,14, 0x6984,1, 0x1882,2, 0x6984,1, 0xDC4D,4,
    0xBB29,2, 0xDC4D,4, 0xBB29,1, 0x4125,1, 0x18C5,32, 0x4125,1, 0xBB29,1, 0xF572,1,
    0xDC4D,1, 0x6984,1, 0x1882,2, 0x6984,1, 0xDC4D,14, 0x6984,1, 0x1882,2, 0x6984,1,
    0xDC4D,4, 0xBB29,2, 0xDC4D,4, 0xBB29,1, 0x4125,1, 0x18C5,32, 0x4125,1, 0xBB29,1,
    0xF572,1, 0xDC4D,27, 0xBB29,2, 0xDC4D,5, 0x7A48,1, 0x4125,2, 0x28E5,1, 0x18C5,29,
    0x4125,1, 0xBB29,1, 0xF572,1, 0xDC4D,27, 0xBB29,6, 0xDC4D,1, 0xBB29,1, 0x6984,2,
    0x4124,1, 0x18C5,29, 0x4125,1, 0xBB29,1, 0xF572,1, 0xDC4D,27, 0xBB29,9, 0x6984,1,
    0x4124,1, 0x18C5,29, 0x4125,1, 0xBB29,1, 0xF572,1, 0xDC4D,27, 0xBB29,1, 0x6984,8,
    0x69A5,1, 0x28E5,1, 0x18C5,29, 0x4125,1, 0xBB29,1, 0xF572,1, 0xDC4D,27, 0xBB29,1,
    0x6984,2, 0x5144,1, 0x4124,5, 0x28E5,1, 0x18C5,30, 0x4125,1, 0x6984,1, 0xBB29,29,
    0x6984,2, 0x4124,1, 0x18C5,36, 0x4125,1, 0x6984,1, 0xBB29,29, 0x6984,2, 0x4124,1,
    0x18C5,36, 0x4125,1, 0x6984,1, 0xBB29,29, 0x6984,2, 0x4124,1, 0x18C5,36, 0x4125,1,
    0x6984,32, 0x4124,1, 0x18C5,40, 0x69E7,1, 0xBB29,1, 0x6984,1, 0x4124,1, 0x18C5,2,
    0x69E7,1, 0xBB29,1, 0x6984,1, 0x4124,1, 0x18C5,8, 0x69E7,1, 0xBB29,1, 0x6984,1,
    0x4124,1, 0x18C5,2, 0x69E7,1, 0xBB29,1, 0x6984,1, 0x4124,1, 0x18C5,42, 0x69E7,1,
    0xBB29,1, 0x6984,1, 0x4124,1, 0x18C5,2, 0x69E7,1, 0xBB29,1, 0x6984,1, 0x4124,1,
    0x18C5,8, 0x69E7,1, 0xBB29,1, 0x6984,1, 0x4124,1, 0x18C5,2, 0x69E7,1, 0xBB29,1,
    0x6984,1, 0x4124,1, 0x18C5,42, 0x69E7,1, 0xBB29,1, 0x6984,1, 0x4124,1, 0x18C5,2,
    0x69E7,1, 0xBB29,1, 0x6984,1, 0x4124,1, 0x18C5,8, 0x69E7,1, 0xBB29,1, 0x6984,1,
    0x4124,1, 0x18C5,2, 0x69E7,1, 0xBB29,1, 0x6984,1, 0x4124,1, 0x18C5,42, 0x69E7,1,
    0xBB29,1, 0x6984,1, 0x4124,1, 0x18C5,2, 0x69E7,1, 0xBB29,1, 0x6984,1, 0x4124,1,
    0x18C5,8, 0x69E7,1, 0xBB29,1, 0x6984,1, 0x4124,1, 0x18C5,2, 0x69E7,1, 0xBB29,1,
    0x6984,1, 0x4124,1, 0x18C5,42, 0x5186,1, 0x6984,2, 0x4124,1, 0x18C5,2, 0x5186,1,
    0x6984,2, 0x4124,1, 0x18C5,8, 0x5186,1, 0x6984,2, 0x4124,1, 0x18C5,2, 0x5186,1,
    0x6984,2, 0x4124,1, 0x18C5,42, 0x4124,1, 0x6984,2, 0x4124,1, 0x18C5,2, 0x4124,1,
    0x6984,2, 0x4124,1, 0x18C5,8, 0x4124,1, 0x6984,2, 0x4124,1, 0x18C5,2, 0x4124,1,
    0x6984,2, 0x4124,1, 0x18C5,36, 0x10A4,1, 0x1084,5, 0x28C4,1, 0x3904,2, 0x28C4,1,
    0x1084,2, 0x28C4,1, 0x3904,2, 0x28C4,1, 0x1084,8, 0x28C4,1, 0x3904,2, 0x28C4,1,
    0x1084,2, 0x28C4,1, 0x3904,2, 0x28C4,1, 0x1084,2, 0x10A4,1, 0x18C5,33, 0x10A4,1,
    0x1084,35, 0x10A4,1, 0x18C5,38, 0x18C6,1, 0x10A4,26, 0x18C6,1, 0x18C5,24, 0x18C5,1476,
    0x4125,1, 0x6984,6, 0x4124,1, 0x18C5,62, 0x4125,1, 0x6984,6, 0x4124,1, 0x18C5,60,
    0x4124,1, 0x6984,2, 0xDC4D,1, 0xF572,4, 0xBB29,1, 0x4124,1, 0x18C5,60, 0x4124,1,
    0x6984,3, 0xBB29,2, 0xDC4D,2, 0xBB29,1, 0x4124,1, 0x18C5,60, 0x4124,1, 0x6984,3,
    0xBB29,2, 0xDC4D,2, 0xBB29,1, 0x4124,1, 0x18C5,63, 0x4125,1, 0x6984,1, 0xBB29,1,
    0xDC4D,2, 0xBB29,1, 0x4124,1, 0x18C5,63, 0x4125,1, 0x6984,1, 0xBB29,1, 0xDC4D,2,
    0xBB29,1, 0x6984,30, 0x4125,1, 0x18C5,33, 0x4125,1, 0x6984,1, 0xBB29,1, 0xDC4D,2,
    0xBB29,1, 0x6984,30, 0x4125,1, 0x18C5,30, 0x4124,1, 0x6984,2, 0xBB29,1, 0xF572,1,
    0xDC4D,3, 0xBB29,2, 0xF572,26, 0xDC4D,1, 0xBB29,1, 0x6984,1, 0x4125,1, 0x18C5,30,
    0x4124,1, 0x6984,2, 0xBB29,5, 0x6984,1, 0xDC4D,1, 0xFE98,1, 0xF572,1, 0xDC4D,24,
    0xBB29,2, 0x6984,1, 0x4125,1, 0x18C5,30, 0x4124,1, 0x6984,2, 0xBB29,5, 0x6984,1,
    0xDC4D,1, 0xFE98,1, 0xF572,1, 0xDC4D,24, 0xBB29,2, 0x6984,1, 0x4924,1, 0x4124,7,
    0x28E5,1, 0x18C5,24, 0x4125,1, 0x6984,6, 0xBB29,1, 0xF572,1, 0xDC4D,27, 0xBB29,1,
    0x6984,8, 0x4125,1, 0x18C5,30, 0x4125,1, 0xBB29,1, 0xF572,1, 0xDC4D,27, 0xBB29,8,
    0x6984,1, 0x69A5,1, 0x28E5,1, 0x18C5,29, 0x4125,1, 0xBB29,1, 0xF572,1, 0xDC4D,27,
    0xBB29,2, 0xDC4D,5, 0xBB29,1, 0x6984,2, 0x4124,1, 0x18C5,29, 0x4125,1, 0xBB29,1,
    0xF572,1, 0xDC4D,27, 0xBB29,2, 0xDC4D,4, 0xBB29,1, 0x6984,3, 0x4124,1, 0x18C5,29,
    0x4125,1, 0xBB29,1, 0xF572,1, 0xDC4D,27, 0xBB29,2, 0xDC4D,4, 0xBB29,1, 0x69A5,1,
    0x4125,2, 0x28E5,1, 0x18C5,29, 0x4125,1, 0xBB29,1, 0xF572,1, 0x6984,3, 0xDC4D,15,
    0x6984,3, 0xDC4D,6, 0xBB29,2, 0xDC4D,4, 0xBB29,1, 0x4125,1, 0x18C5,32, 0x4125,1,
    0xBB29,1, 0xF572,1, 0x1882,3, 0xDC4D,15, 0x1882,3, 0xDC4D,6, 0xBB29,2, 0xDC4D,4,
    0xBB29,1, 0x4125,1, 0x18C5,32, 0x4125,1, 0xBB29,1, 0xF572,1, 0x6984,3, 0xDC4D,15,
    0x6984,3, 0xDC4D,6, 0xBB29,2, 0xDC4D,5, 0x7A48,1, 0x4125,2, 0x28E5,1, 0x18C5,29,
    0x4125,1, 0xBB29,1, 0xF572,1, 0xDC4D,27, 0xBB29,6, 0xDC4D,1, 0xBB29,1, 0x6984,2,
    0x4124,1, 0x18C5,29, 0x4125,1, 0xBB29,1, 0xF572,1, 0xDC4D,27, 0xBB29,9, 0x6984,1,
    0x4124,1, 0x18C5,29, 0x4125,1, 0xBB29,1, 0xF572,1, 0xDC4D,27, 0xBB29,1, 0x6984,8,
    0x69A5,1, 0x28E5,1, 0x18C5,29, 0x4125,1, 0xBB29,1, 0xF572,1, 0xDC4D,27, 0xBB29,1,
    0x6984,2, 0x5144,1, 0x4124,5, 0x28E5,1, 0x18C5,30, 0x4125,1, 0x6984,1, 0xBB29,29,
    0x6984,2, 0x4124,1, 0x18C5,36, 0x4125,1, 0x6984,1, 0xBB29,29, 0x6984,2, 0x4124,1,
    0x18C5,36, 0x4125,1, 0x6984,1, 0xBB29,29, 0x6984,2, 0x4124,1, 0x18C5,36, 0x4125,1,
    0x6984,32, 0x4124,1, 0x18C5,42, 0xBB29,2, 0x6984,1, 0x18C5,3, 0xBB29,2, 0x6984,1,
    0x18C5,9, 0xBB29,2, 0x6984,1, 0x18C5,3, 0xBB29,2, 0x6984,1, 0x18C5,43, 0xBB29,2,
    0x6984,1, 0x18C5,3, 0xBB29,2, 0x6984,1, 0x18C5,9, 0xBB29,2, 0x6984,1, 0x18C5,3,
    0xBB29,2, 0x6984,1, 0x18C5,43, 0xBB29,2, 0x6984,1, 0x18C5,3, 0xBB29,2, 0x6984,1,
    0x18C5,9, 0xBB29,2, 0x6984,1, 0x18C5,3, 0xBB29,2, 0x6984,1, 0x18C5,43, 0xBB29,2,
    0x6984,1, 0x18C5,3, 0xBB29,2, 0x6984,1, 0x18C5,9, 0xBB29,2, 0x6984,1, 0x18C5,3,
    0xBB29,2, 0x6984,1, 0x18C5,43, 0x6984,3, 0x18C5,3, 0x6984,3, 0x18C5,9, 0x6984,3,
    0x18C5,3, 0x6984,3, 0x18C5,43, 0x6984,3, 0x18C5,3, 0x6984,3, 0x18C5,9, 0x6984,3,
    0x18C5,3, 0x6984,3, 0x18C5,35, 0x10A4,1, 0x1084,7, 0x3904,3, 0x1084,3, 0x3904,3,
    0x1084,9, 0x3904,3, 0x1084,3, 0x3904,3, 0x1084,1, 0x10A4,1, 0x18C5,33, 0x10A4,1,
    0x1084,35, 0x10A4,1, 0x18C5,38, 0x18C6,1, 0x10A4,26, 0x18C6,1, 0x18C5,27, 0x18C5,1476,
    0x4125,1, 0x6984,6, 0x4124,1, 0x18C5,62, 0x4125,1, 0x6984,6, 0x4124,1, 0x18C5,60,
    0x4124,1, 0x6984,2, 0xDC4D,1, 0xF572,4, 0xBB29,1, 0x4124,1, 0x18C5,60, 0x4124,1,
    0x6984,3, 0xBB29,2, 0xDC4D,2, 0xBB29,1, 0x4124,1, 0x18C5,60, 0x4124,1, 0x6984,3,
    0xBB29,2, 0xDC4D,2, 0xBB29,1, 0x4124,1, 0x18C5,63, 0x4125,1, 0x6984,1, 0xBB29,1,
    0xDC4D,2, 0xBB29,1, 0x4124,1, 0x18C5,59, 0x2B72,1, 0x463F,2, 0x2B72,1, 0x4125,1,
    0x6984,1, 0xBB29,1, 0xDC4D,2, 0xBB29,1, 0x6984,30, 0x4125,1, 0x18C5,29, 0x2B72,1,
    0x463F,2, 0x2B72,1, 0x4125,1, 0x6984,1, 0xBB29,1, 0xDC4D,2, 0xBB29,1, 0x6984,30,
    0x4125,1, 0x18C5,27, 0x2B72,1, 0x463F,1, 0x2B72,1, 0x4124,1, 0x6984,1, 0xBB29,1,
    0x463F,1, 0xF572,1, 0xDC4D,3, 0xBB29,2, 0xF572,26, 0xDC4D,1, 0xBB29,1, 0x6984,1,
    0x4125,1, 0x18C5,30, 0x4124,1, 0x6984,1, 0xBB29,1, 0xDC4D,1, 0xBB29,4, 0x6984,1,
    0xDC4D,1, 0xFE98,1, 0xF572,1, 0xDC4D,24, 0xBB29,2, 0x6984,1, 0x4125,1, 0x18C5,30,
    0x4124,1, 0x6984,1, 0xBB29,1, 0xDC4D,1, 0xBB29,4, 0x6984,1, 0xDC4D,1, 0xFE98,1,
    0xF572,1, 0xDC4D,24, 0xBB29,2, 0x6984,1, 0x4924,1, 0x4124,7, 0x28E5,1, 0x18C5,22,
    0x2B72,1, 0x463F,1, 0x43B2,1, 0x6984,6, 0xBB29,1, 0xF572,1, 0xDC4D,27, 0xBB29,1,
    0x6984,8, 0x4125,1, 0x18C5,21, 0x2B72,2, 0x18C5,7, 0x4125,1, 0xBB29,1, 0xF572,1,
    0xFFFF,2, 0x1882,1, 0xDC4D,15, 0xFFFF,2, 0x1882,1, 0xDC4D,6, 0xBB29,8, 0x6984,1,
    0x69A5,1, 0x28E5,1, 0x18C5,20, 0x2B72,2, 0x18C5,7, 0x4125,1, 0xBB29,1, 0xF572,1,
    0xFFFF,2, 0x1882,1, 0xDC4D,15, 0xFFFF,2, 0x1882,1, 0xDC4D,6, 0xBB29,2, 0xDC4D,5,
    0xBB29,1, 0x6984,2, 0x4124,1, 0x18C5,29, 0x4125,1, 0xBB29,1, 0xF572,1, 0x1882,3,
    0xDC4D,15, 0x1882,3, 0xDC4D,6, 0xBB29,2, 0xDC4D,4, 0xBB29,1, 0x6984,3, 0x4124,1,
    0x18C5,20, 0x2B72,2, 0x18C5,7, 0x4125,1, 0xBB29,1, 0xF572,1, 0x1882,3, 0xDC4D,15,
    0x1882,3, 0xDC4D,6, 0xBB29,2, 0xDC4D,4, 0xBB29,1, 0x69A5,1, 0x4125,2, 0x28E5,1,
    0x18C5,20, 0x2B72,2, 0x18C5,7, 0x4125,1, 0xBB29,1, 0xF572,1, 0x1882,3, 0xDC4D,15,
    0x1882,3, 0xDC4D,6, 0xBB29,2, 0xDC4D,4, 0xBB29,1, 0x4125,1, 0x18C5,32, 0x4125,1,
    0xBB29,1, 0xF572,1, 0x1882,3, 0xDC4D,15, 0x1882,3, 0xDC4D,6, 0xBB29,2, 0xDC4D,4,
    0xBB29,1, 0x4125,1, 0x18C5,32, 0x4125,1, 0xBB29,1, 0xF572,1, 0xDC4D,27, 0xBB29,2,
    0xDC4D,5, 0x7A48,1, 0x4125,2, 0x28E5,1, 0x18C5,29, 0x4125,1, 0xBB29,1, 0xF572,1,
    0xDC4D,27, 0xBB29,6, 0xDC4D,1, 0xBB29,1, 0x6984,2, 0x4124,1, 0x18C5,29, 0x4125,1,
    0xBB29,1, 0xF572,1, 0xDC4D,27, 0xBB29,9, 0x6984,1, 0x4124,1, 0x18C5,29, 0x4125,1,
    0xBB29,1, 0xF572,1, 0xDC4D,27, 0xBB29,1, 0x6984,8, 0x69A5,1, 0x28E5,1, 0x18C5,29,
    0x4125,1, 0xBB29,1, 0xF572,1, 0xDC4D,27, 0xBB29,1, 0x6984,2, 0x5144,1, 0x4124,5,
    0x28E5,1, 0x18C5,30, 0x4125,1, 0x6984,1, 0xBB29,29, 0x6984,2, 0x4124,1, 0x18C5,36,
    0x4125,1, 0x6984,1, 0xBB29,29, 0x6984,2, 0x4124,1, 0x18C5,36, 0x4125,1, 0x6984,1,
    0xBB29,29, 0x6984,2, 0x4124,1, 0x18C5,36, 0x4125,1, 0x6984,32, 0x4124,1, 0x18C5,42,
    0xBB29,2, 0x6984,1, 0x18C5,3, 0xBB29,2, 0x6984,1, 0x18C5,9, 0xBB29,2, 0x6984,1,
    0x18C5,3, 0xBB29,2, 0x6984,1, 0x18C5,43, 0xBB29,2, 0x6984,1, 0x18C5,3, 0xBB29,2,
    0x6984,1, 0x18C5,9, 0xBB29,2, 0x6984,1, 0x18C5,3, 0xBB29,2, 0x6984,1, 0x18C5,43,
    0xBB29,2, 0x6984,1, 0x18C5,3, 0xBB29,2, 0x6984,1, 0x18C5,9, 0xBB29,2, 0x6984,1,
    0x18C5,3, 0xBB29,2, 0x6984,1, 0x18C5,43, 0xBB29,2, 0x6984,1, 0x18C5,3, 0xBB29,2,
    0x6984,1, 0x18C5,9, 0xBB29,2, 0x6984,1, 0x18C5,3, 0xBB29,2, 0x6984,1, 0x18C5,43,
    0x6984,3, 0x18C5,3, 0x6984,3, 0x18C5,9, 0x6984,3, 0x18C5,3, 0x6984,3, 0x18C5,43,
    0x6984,3, 0x18C5,3, 0x6984,3, 0x18C5,9, 0x6984,3, 0x18C5,3, 0x6984,3, 0x18C5,35,
    0x10A4,1, 0x1084,7, 0x3904,3, 0x1084,3, 0x3904,3, 0x1084,9, 0x3904,3, 0x1084,3,
    0x3904,3, 0x1084,1, 0x10A4,1, 0x18C5,33, 0x10A4,1, 0x1084,35, 0x10A4,1, 0x18C5,38,
    0x18C6,1, 0x10A4,26, 0x18C6,1, 0x18C5,27, 0x18C5,1122, 0x2B72,6, 0x18C5,64, 0x463F,6,
    0x18C5,64, 0x463F,6, 0x18C5,62, 0x2B72,2, 0x463F,1, 0x2B72,3, 0x463F,2, 0x2B72,1,
    0x18C5,61, 0x463F,3, 0x18C5,3, 0x463F,3, 0x18C5,61, 0x463F,3, 0x18C5,3, 0x463F,3,
    0x6984,4, 0x4124,1, 0x18C5,56, 0x2B72,3, 0x18C5,3, 0x463F,3, 0x6984,4, 0x4124,1,
    0x18C5,60, 0x4124,1, 0x6984,1, 0x463F,3, 0xF572,3, 0xBB29,1, 0x4124,1, 0x18C5,60,
    0x4124,1, 0xBB29,1, 0x463F,2, 0xDC4D,1, 0xBB29,1, 0xDC4D,2, 0xBB29,1, 0x4124,1,
    0x18C5,60, 0x4124,1, 0x463F,3, 0xBB29,2, 0xDC4D,2, 0xBB29,1, 0x4124,1, 0x18C5,61,
    0x463F,3, 0x6984,1, 0xBB29,1, 0xDC4D,2, 0xBB29,1, 0x4124,1, 0x18C5,59, 0x2B72,2,
    0x463F,1, 0x2B72,1, 0x43B2,1, 0x6984,1, 0xBB29,1, 0xDC4D,2, 0xBB29,1, 0x6984,30,
    0x4125,1, 0x18C5,29, 0x463F,3, 0x18C5,1, 0x4125,1, 0x6984,1, 0xBB29,1, 0xDC4D,2,
    0xBB29,1, 0x6984,30, 0x4125,1, 0x18C5,29, 0x463F,3, 0x6984,1, 0xBB29,1, 0xF572,1,
    0xDC4D,3, 0xBB29,2, 0xF572,26, 0xDC4D,1, 0xBB29,1, 0x6984,1, 0x4125,1, 0x18C5,29,
    0x2B72,1, 0x43B2,1, 0xBB29,1, 0x6984,1, 0xBB29,5, 0x6984,1, 0xDC4D,1, 0xFE98,1,
    0xF572,1, 0xDC4D,24, 0xBB29,2, 0x6984,1, 0x4125,1, 0x18C5,29, 0x2B72,1, 0x43B2,1,
    0xBB29,1, 0x6984,1, 0xBB29,5, 0x6984,1, 0xDC4D,1, 0xFE98,1, 0xF572,1, 0xDC4D,24,
    0xBB29,2, 0x6984,1, 0x4924,1, 0x4124,7, 0x28E5,1, 0x18C5,21, 0x463F,3, 0x4125,1,
    0x6984,6, 0xBB29,1, 0xF572,1, 0xDC4D,27, 0xBB29,1, 0x6984,8, 0x4125,1, 0x18C5,21,
    0x463F,3, 0x18C5,6, 0x4125,1, 0xBB29,1, 0xF572,1, 0xFFFF,2, 0x1882,1, 0xDC4D,15,
    0xFFFF,2, 0x1882,1, 0xDC4D,6, 0xBB29,8, 0x6984,1, 0x69A5,1, 0x28E5,1, 0x18C5,20,
    0x2B72,3, 0x18C5,6, 0x4125,1, 0xBB29,1, 0xF572,1, 0xFFFF,2, 0x1882,1, 0xDC4D,15,
    0xFFFF,2, 0x1882,1, 0xDC4D,6, 0xBB29,2, 0xDC4D,5, 0xBB29,1, 0x6984,2, 0x4124,1,
    0x18C5,29, 0x4125,1, 0xBB29,1, 0xF572,1, 0x1882,3, 0xDC4D,15, 0x1882,3, 0xDC4D,6,
    0xBB29,2, 0xDC4D,4, 0xBB29,1, 0x6984,3, 0x4124,1, 0x18C5,29, 0x4125,1, 0xBB29,1,
    0xF572,1, 0x1882,3, 0xDC4D,15, 0x1882,3, 0xDC4D,6, 0xBB29,2, 0xDC4D,4, 0xBB29,1,
    0x69A5,1, 0x4125,2, 0x28E5,1, 0x18C5,29, 0x4125,1, 0xBB29,1, 0xF572,1, 0x1882,3,
    0xDC4D,15, 0x1882,3, 0xDC4D,6, 0xBB29,2, 0xDC4D,4, 0xBB29,1, 0x4125,1, 0x18C5,32,
    0x4125,1, 0xBB29,1, 0xF572,1, 0x1882,3, 0xDC4D,15, 0x1882,3, 0xDC4D,6, 0xBB29,2,
    0xDC4D,4, 0xBB29,1, 0x4125,1, 0x18C5,32, 0x4125,1, 0xBB29,1, 0xF572,1, 0xDC4D,27,
    0xBB29,2, 0xDC4D,5, 0x7A48,1, 0x4125,2, 0x28E5,1, 0x18C5,29, 0x4125,1, 0xBB29,1,
    0xF572,1, 0xDC4D,27, 0xBB29,6, 0xDC4D,1, 0xBB29,1, 0x6984,2, 0x4124,1, 0x18C5,29,
    0x4125,1, 0xBB29,1, 0xF572,1, 0xDC4D,27, 0xBB29,9, 0x6984,1, 0x4124,1, 0x18C5,29,
    0x4125,1, 0xBB29,1, 0xF572,1, 0xDC4D,27, 0xBB29,1, 0x6984,8, 0x69A5,1, 0x28E5,1,
    0x18C5,29, 0x4125,1, 0xBB29,1, 0xF572,1, 0xDC4D,27, 0xBB29,1, 0x6984,2, 0x5144,1,
    0x4124,5, 0x28E5,1, 0x18C5,30, 0x4125,1, 0x6984,1, 0xBB29,29, 0x6984,2, 0x4124,1,
    0x18C5,36, 0x4125,1, 0x6984,1, 0xBB29,29, 0x6984,2, 0x4124,1, 0x18C5,36, 0x4125,1,
    0x6984,1, 0xBB29,29, 0x6984,2, 0x4124,1, 0x18C5,36, 0x4125,1, 0x6984,32, 0x4124,1,
    0x18C5,42, 0xBB29,2, 0x6984,1, 0x18C5,3, 0xBB29,2, 0x6984,1, 0x18C5,9, 0xBB29,2,
    0x6984,1, 0x18C5,3, 0xBB29,2, 0x6984,1, 0x18C5,43, 0xBB29,2, 0x6984,1, 0x18C5,3,
    0xBB29,2, 0x6984,1, 0x18C5,9, 0xBB29,2, 0x6984,1, 0x18C5,3, 0xBB29,2, 0x6984,1,
    0x18C5,43, 0xBB29,2, 0x6984,1, 0x18C5,3, 0xBB29,2, 0x6984,1, 0x18C5,9, 0xBB29,2,
    0x6984,1, 0x18C5,3, 0xBB29,2, 0x6984,1, 0x18C5,43, 0xBB29,2, 0x6984,1, 0x18C5,3,
    0xBB29,2, 0x6984,1, 0x18C5,9, 0xBB29,2, 0x6984,1, 0x18C5,3, 0xBB29,2, 0x6984,1,
    0x18C5,43, 0x6984,3, 0x18C5,3, 0x6984,3, 0x18C5,9, 0x6984,3, 0x18C5,3, 0x6984,3,
    0x18C5,43, 0x6984,3, 0x18C5,3, 0x6984,3, 0x18C5,9, 0x6984,3, 0x18C5,3, 0x6984,3,
    0x18C5,35, 0x10A4,1, 0x1084,7, 0x3904,3, 0x1084,3, 0x3904,3, 0x1084,9, 0x3904,3,
    0x1084,3, 0x3904,3, 0x1084,1, 0x10A4,1, 0x18C5,33, 0x10A4,1, 0x1084,35, 0x10A4,1,
    0x18C5,38, 0x18C6,1, 0x10A4,26, 0x18C6,1, 0x18C5,27, 0x18C5,492, 0x2B72,6, 0x18C5,64,
    0x463F,6, 0x18C5,64, 0x463F,6, 0x18C5,62, 0x2B72,2, 0x463F,1, 0x2B72,3, 0x463F,2,
    0x2B72,1, 0x18C5,61, 0x463F,3, 0x18C5,3, 0x463F,3, 0x18C5,61, 0x463F,3, 0x18C5,3,
    0x463F,3, 0x18C5,61, 0x2B72,3, 0x18C5,3, 0x463F,3, 0x18C5,67, 0x463F,3, 0x18C5,66,
    0x2B72,1, 0x463F,2, 0x2B72,1, 0x18C5,66, 0x463F,3, 0x18C5,67, 0x463F,3, 0x18C5,65,
    0x2B72,2, 0x463F,1, 0x2B72,2, 0x18C5,65, 0x463F,3, 0x18C5,67, 0x463F,3, 0x18C5,67,
    0x2B72,3, 0x4125,1, 0x6984,6, 0x4124,1, 0x18C5,59, 0x2B72,3, 0x4125,1, 0x6984,6,
    0x4124,1, 0x18C5,59, 0x463F,3, 0x6984,1, 0xDC4D,1, 0xF572,4, 0xBB29,1, 0x4124,1,
    0x18C5,59, 0x463F,3, 0x6984,2, 0xBB29,2, 0xDC4D,2, 0xBB29,1, 0x4124,1, 0x18C5,59,
    0x2B72,1, 0x43B2,1, 0xBB29,1, 0x6984,2, 0xBB29,2, 0xDC4D,2, 0xBB29,1, 0x4124,1,
    0x18C5,63, 0x4125,1, 0x6984,1, 0xBB29,1, 0xDC4D,2, 0xBB29,1, 0x4124,1, 0x18C5,63,
    0x4125,1, 0x6984,1, 0xBB29,1, 0xDC4D,2, 0xBB29,1, 0x6984,30, 0x4125,1, 0x18C5,33,
    0x4125,1, 0x6984,1, 0xBB29,1, 0xDC4D,2, 0xBB29,1, 0x6984,30, 0x4125,1, 0x18C5,30,
    0x4124,1, 0x6984,2, 0xBB29,1, 0xF572,1, 0xDC4D,3, 0xBB29,2, 0xF572,26, 0xDC4D,1,
    0xBB29,1, 0x6984,1, 0x4125,1, 0x18C5,30, 0x4124,1, 0x6984,2, 0xBB29,5, 0x6984,1,
    0xDC4D,1, 0xFE98,1, 0xF572,1, 0xDC4D,24, 0xBB29,2, 0x6984,1, 0x4125,1, 0x18C5,30,
    0x4124,1, 0x6984,2, 0xBB29,5, 0x6984,1, 0xDC4D,1, 0xFE98,1, 0xF572,1, 0xDC4D,24,
    0xBB29,2, 0x6984,1, 0x4924,1, 0x4124,7, 0x28E5,1, 0x18C5,24, 0x4125,1, 0x6984,6,
    0xBB29,1, 0xF572,1, 0xDC4D,27, 0xBB29,1, 0x6984,8, 0x4125,1, 0x18C5,30, 0x4125,1,
    0xBB29,1, 0xF572,1, 0xFFFF,2, 0x1882,1, 0xDC4D,15, 0xFFFF,2, 0x1882,1, 0xDC4D,6,
    0xBB29,8, 0x6984,1, 0x69A5,1, 0x28E5,1, 0x18C5,29, 0x4125,1, 0xBB29,1, 0xF572,1,
    0xFFFF,2, 0x1882,1, 0xDC4D,15, 0xFFFF,2, 0x1882,1, 0xDC4D,6, 0xBB29,2, 0xDC4D,5,
    0xBB29,1, 0x6984,2, 0x4124,1, 0x18C5,29, 0x4125,1, 0xBB29,1, 0xF572,1, 0x1882,3,
    0xDC4D,15, 0x1882,3, 0xDC4D,6, 0xBB29,2, 0xDC4D,4, 0xBB29,1, 0x6984,3, 0x4124,1,
    0x18C5,29, 0x4125,1, 0xBB29,1, 0xF572,1, 0x1882,3, 0xDC4D,15, 0x1882,3, 0xDC4D,6,
    0xBB29,2, 0xDC4D,4, 0xBB29,1, 0x69A5,1, 0x4125,2, 0x28E5,1, 0x18C5,29, 0x4125,1,
    0xBB29,1, 0xF572,1, 0x1882,3, 0xDC4D,15, 0x1882,3, 0xDC4D,6, 0xBB29,2, 0xDC4D,4,
    0xBB29,1, 0x4125,1, 0x18C5,32, 0x4125,1, 0xBB29,1, 0xF572,1, 0x1882,3, 0xDC4D,15,
    0x1882,3, 0xDC4D,6, 0xBB29,2, 0xDC4D,4, 0xBB29,1, 0x4125,1, 0x18C5,32, 0x4125,1,
    0xBB29,1, 0xF572,1, 0xDC4D,27, 0xBB29,2, 0xDC4D,5, 0x7A48,1, 0x4125,2, 0x28E5,1,
    0x18C5,29, 0x4125,1, 0xBB29,1, 0xF572,1, 0xDC4D,27, 0xBB29,6, 0xDC4D,1, 0xBB29,1,
    0x6984,2, 0x4124,1, 0x18C5,29, 0x4125,1, 0xBB29,1, 0xF572,1, 0xDC4D,27, 0xBB29,9,
    0x6984,1, 0x4124,1, 0x18C5,29, 0x4125,1, 0xBB29,1, 0xF572,1, 0xDC4D,27, 0xBB29,1,
    0x6984,8, 0x69A5,1, 0x28E5,1, 0x18C5,29, 0x4125,1, 0xBB29,1, 0xF572,1, 0xDC4D,27,
    0xBB29,1, 0x6984,2, 0x5144,1, 0x4124,5, 0x28E5,1, 0x18C5,30, 0x4125,1, 0x6984,1,
    0xBB29,29, 0x6984,2, 0x4124,1, 0x18C5,36, 0x4125,1, 0x6984,1, 0xBB29,29, 0x6984,2,
    0x4124,1, 0x18C5,36, 0x4125,1, 0x6984,1, 0xBB29,29, 0x6984,2, 0x4124,1, 0x18C5,36,
    0x4125,1, 0x6984,32, 0x4124,1, 0x18C5,42, 0xBB29,2, 0x6984,1, 0x18C5,3, 0xBB29,2,
    0x6984,1, 0x18C5,9, 0xBB29,2, 0x6984,1, 0x18C5,3, 0xBB29,2, 0x6984,1, 0x18C5,43,
    0xBB29,2, 0x6984,1, 0x18C5,3, 0xBB29,2, 0x6984,1, 0x18C5,9, 0xBB29,2, 0x6984,1,
    0x18C5,3, 0xBB29,2, 0x6984,1, 0x18C5,43, 0xBB29,2, 0x6984,1, 0x18C5,3, 0xBB29,2,
    0x6984,1, 0x18C5,9, 0xBB29,2, 0x6984,1, 0x18C5,3, 0xBB29,2, 0x6984,1, 0x18C5,43,
    0xBB29,2, 0x6984,1, 0x18C5,3, 0xBB29,2, 0x6984,1, 0x18C5,9, 0xBB29,2, 0x6984,1,
    0x18C5,3, 0xBB29,2, 0x6984,1, 0x18C5,43, 0x6984,3, 0x18C5,3, 0x6984,3, 0x18C5,9,
    0x6984,3, 0x18C5,3, 0x6984,3, 0x18C5,43, 0x6984,3, 0x18C5,3, 0x6984,3, 0x18C5,9,
    0x6984,3, 0x18C5,3, 0x6984,3, 0x18C5,35, 0x10A4,1, 0x1084,7, 0x3904,3, 0x1084,3,
    0x3904,3, 0x1084,9, 0x3904,3, 0x1084,3, 0x3904,3, 0x1084,1, 0x10A4,1, 0x18C5,33,
    0x10A4,1, 0x1084,35, 0x10A4,1, 0x18C5,38, 0x18C6,1, 0x10A4,26, 0x18C6,1, 0x18C5,27,
    0x18C5,492, 0x2B72,6, 0x18C5,64, 0x463F,6, 0x18C5,64, 0x463F,6, 0x18C5,62, 0x2B72,2,
    0x463F,1, 0x2B72,3, 0x463F,2, 0x2B72,1, 0x18C5,61, 0x463F,3, 0x18C5,3, 0x463F,3,
    0x18C5,61, 0x463F,3, 0x18C5,3, 0x463F,3, 0x18C5,61, 0x2B72,3, 0x18C5,3, 0x463F,3,
    0x18C5,67, 0x463F,3, 0x18C5,66, 0x2B72,1, 0x463F,2, 0x2B72,1, 0x18C5,66, 0x463F,3,
    0x18C5,67, 0x463F,3, 0x18C5,65, 0x2B72,2, 0x463F,1, 0x2B72,2, 0x18C5,65, 0x463F,3,
    0x18C5,67, 0x463F,3, 0x18C5,67, 0x2B72,3, 0x4125,1, 0x6984,6, 0x4124,1, 0x18C5,59,
    0x2B72,3, 0x4125,1, 0x6984,6, 0x4124,1, 0x18C5,59, 0x463F,3, 0x6984,1, 0xDC4D,1,
    0xF572,4, 0xBB29,1, 0x4124,1, 0x18C5,59, 0x463F,3, 0x6984,2, 0xBB29,2, 0xDC4D,2,
    0xBB29,1, 0x4124,1, 0x18C5,59, 0x2B72,1, 0x43B2,1, 0xBB29,1, 0x6984,2, 0xBB29,2,
    0xDC4D,2, 0xBB29,1, 0x4124,1, 0x18C5,63, 0x4125,1, 0x6984,1, 0xBB29,1, 0xDC4D,2,
    0xBB29,1, 0x4124,1, 0x18C5,63, 0x4125,1, 0x6984,1, 0xBB29,1, 0xDC4D,2, 0xBB29,1,
    0x6984,30, 0x4125,1, 0x18C5,33, 0x4125,1, 0x6984,1, 0xBB29,1, 0xDC4D,2, 0xBB29,1,
    0x6984,30, 0x4125,1, 0x18C5,30, 0x4124,1, 0x6984,2, 0xBB29,1, 0xF572,1, 0xDC4D,3,
    0xBB29,2, 0xF572,26, 0xDC4D,1, 0xBB29,1, 0x6984,1, 0x4125,1, 0x18C5,30, 0x4124,1,
    0x6984,2, 0xBB29,5, 0x6984,1, 0xDC4D,1, 0xFE98,1, 0xF572,1, 0xDC4D,24, 0xBB29,2,
    0x6984,1, 0x4125,1, 0x18C5,30, 0x4124,1, 0x6984,2, 0xBB29,5, 0x6984,1, 0xDC4D,1,
    0xFE98,1, 0xF572,1, 0xDC4D,24, 0xBB29,2, 0x6984,1, 0x4924,1, 0x4124,7, 0x28E5,1,
    0x18C5,24, 0x4125,1, 0x6984,6, 0xBB29,1, 0xF572,1, 0xDC4D,27, 0xBB29,1, 0x6984,8,
    0x4125,1, 0x18C5,30, 0x4125,1, 0xBB29,1, 0xF572,1, 0xFFFF,2, 0x1882,1, 0xDC4D,15,
    0xFFFF,2, 0x1882,1, 0xDC4D,6, 0xBB29,8, 0x6984,1, 0x69A5,1, 0x28E5,1, 0x18C5,29,
    0x4125,1, 0xBB29,1, 0xF572,1, 0xFFFF,2, 0x1882,1, 0xDC4D,15, 0xFFFF,2, 0x1882,1,
    0xDC4D,6, 0xBB29,2, 0xDC4D,5, 0xBB29,1, 0x6984,2, 0x4124,1, 0x18C5,29, 0x4125,1,
    0xBB29,1, 0xF572,1, 0x1882,3, 0xDC4D,15, 0x1882,3, 0xDC4D,6, 0xBB29,2, 0xDC4D,4,
    0xBB29,1, 0x6984,3, 0x4124,1, 0x18C5,29, 0x4125,1, 0xBB29,1, 0xF572,1, 0x1882,3,
    0xDC4D,15, 0x1882,3, 0xDC4D,6, 0xBB29,2, 0xDC4D,4, 0xBB29,1, 0x69A5,1, 0x4125,2,
    0x28E5,1, 0x18C5,29, 0x4125,1, 0xBB29,1, 0xF572,1, 0x1882,3, 0xDC4D,15, 0x1882,3,
    0xDC4D,6, 0xBB29,2, 0xDC4D,4, 0xBB29,1, 0x4125,1, 0x18C5,32, 0x4125,1, 0xBB29,1,
    0xF572,1, 0x1882,3, 0xDC4D,15, 0x1882,3, 0xDC4D,6, 0xBB29,2, 0xDC4D,4, 0xBB29,1,
    0x4125,1, 0x18C5,32, 0x4125,1, 0xBB29,1, 0xF572,1, 0xDC4D,27, 0xBB29,2, 0xDC4D,5,
    0x7A48,1, 0x4125,2, 0x28E5,1, 0x18C5,29, 0x4125,1, 0xBB29,1, 0xF572,1, 0xDC4D,27,
    0xBB29,6, 0xDC4D,1, 0xBB29,1, 0x6984,2, 0x4124,1, 0x18C5,29, 0x4125,1, 0xBB29,1,
    0xF572,1, 0xDC4D,27, 0xBB29,9, 0x6984,1, 0x4124,1, 0x18C5,29, 0x4125,1, 0xBB29,1,
    0xF572,1, 0xDC4D,27, 0xBB29,1, 0x6984,8, 0x69A5,1, 0x28E5,1, 0x18C5,29, 0x4125,1,
    0xBB29,1, 0xF572,1, 0xDC4D,27, 0xBB29,1, 0x6984,2, 0x5144,1, 0x4124,5, 0x28E5,1,
    0x18C5,30, 0x4125,1, 0x6984,1, 0xBB29,29, 0x6984,2, 0x4124,1, 0x18C5,36, 0x4125,1,
    0x6984,1, 0xBB29,29, 0x6984,2, 0x4124,1, 0x18C5,36, 0x4125,1, 0x6984,1, 0xBB29,29,
    0x6984,2, 0x4124,1, 0x18C5,36, 0x4125,1, 0x6984,32, 0x4124,1, 0x18C5,42, 0xBB29,2,
    0x6984,1, 0x18C5,3, 0xBB29,2, 0x6984,1, 0x18C5,9, 0xBB29,2, 0x6984,1, 0x18C5,3,
    0xBB29,2, 0x6984,1, 0x18C5,43, 0xBB29,2, 0x6984,1, 0x18C5,3, 0xBB29,2, 0x6984,1,
    0x18C5,9, 0xBB29,2, 0x6984,1, 0x18C5,3, 0xBB29,2, 0x6984,1, 0x18C5,43, 0xBB29,2,
    0x6984,1, 0x18C5,3, 0xBB29,2, 0x6984,1, 0x18C5,9, 0xBB29,2, 0x6984,1, 0x18C5,3,
    0xBB29,2, 0x6984,1, 0x18C5,43, 0xBB29,2, 0x6984,1, 0x18C5,3, 0xBB29,2, 0x6984,1,
    0x18C5,9, 0xBB29,2, 0x6984,1, 0x18C5,3, 0xBB29,2, 0x6984,1, 0x18C5,43, 0x6984,3,
    0x18C5,3, 0x6984,3, 0x18C5,9, 0x6984,3, 0x18C5,3, 0x6984,3, 0x18C5,43, 0x6984,3,
    0x18C5,3, 0x6984,3, 0x18C5,9, 0x6984,3, 0x18C5,3, 0x6984,3, 0x18C5,35, 0x10A4,1,
    0x1084,7, 0x3904,3, 0x1084,3, 0x3904,3, 0x1084,9, 0x3904,3, 0x1084,3, 0x3904,3,
    0x1084,1, 0x10A4,1, 0x18C5,33, 0x10A4,1, 0x1084,35, 0x10A4,1, 0x18C5,38, 0x18C6,1,
    0x10A4,26, 0x18C6,1, 0x18C5,27, 0x18C5,492, 0x2B72,6, 0x18C5,64, 0x463F,6, 0x18C5,64,
    0x463F,6, 0x18C5,62, 0x2B72,2, 0x463F,1, 0x2B72,3, 0x463F,2, 0x2B72,1, 0x18C5,61,
    0x463F,3, 0x18C5,3, 0x463F,3, 0x18C5,61, 0x463F,3, 0x18C5,3, 0x463F,3, 0x18C5,61,
    0x2B72,3, 0x18C5,3, 0x463F,3, 0x18C5,67, 0x463F,3, 0x18C5,66, 0x2B72,1, 0x463F,2,
    0x2B72,1, 0x18C5,66, 0x463F,3, 0x18C5,67, 0x463F,3, 0x18C5,65, 0x2B72,2, 0x463F,1,
    0x2B72,2, 0x18C5,65, 0x463F,3, 0x18C5,67, 0x463F,3, 0x18C5,67, 0x2B72,3, 0x4125,1,
    0x6984,6, 0x4124,1, 0x18C5,59, 0x2B72,3, 0x4125,1, 0x6984,6, 0x4124,1, 0x18C5,59,
    0x463F,3, 0x6984,1, 0xDC4D,1, 0xF572,4, 0xBB29,1, 0x4124,1, 0x18C5,59, 0x463F,3,
    0x6984,2, 0xBB29,2, 0xDC4D,2, 0xBB29,1, 0x4124,1, 0x18C5,59, 0x2B72,1, 0x43B2,1,
    0xBB29,1, 0x6984,2, 0xBB29,2, 0xDC4D,2, 0xBB29,1, 0x4124,1, 0x18C5,63, 0x4125,1,
    0x6984,1, 0xBB29,1, 0xDC4D,2, 0xBB29,1, 0x4124,1, 0x18C5,63, 0x4125,1, 0x6984,1,
    0xBB29,1, 0xDC4D,2, 0xBB29,1, 0x6984,30, 0x4125,1, 0x18C5,33, 0x4125,1, 0x6984,1,
    0xBB29,1, 0xDC4D,2, 0xBB29,1, 0x6984,30, 0x4125,1, 0x18C5,30, 0x4124,1, 0x6984,2,
    0xBB29,1, 0xF572,1, 0xDC4D,3, 0xBB29,2, 0xF572,26, 0xDC4D,1, 0xBB29,1, 0x6984,1,
    0x4125,1, 0x18C5,30, 0x4124,1, 0x6984,2, 0xBB29,5, 0x6984,1, 0xDC4D,1, 0xFE98,1,
    0xF572,1, 0xDC4D,24, 0xBB29,2, 0x6984,1, 0x4125,1, 0x18C5,30, 0x4124,1, 0x6984,2,
    0xBB29,5, 0x6984,1, 0xDC4D,1, 0xFE98,1, 0xF572,1, 0xDC4D,24, 0xBB29,2, 0x6984,1,
    0x4924,1, 0x4124,7, 0x28E5,1, 0x18C5,24, 0x4125,1, 0x6984,6, 0xBB29,1, 0xF572,1,
    0xDC4D,27, 0xBB29,1, 0x6984,8, 0x4125,1, 0x18C5,30, 0x4125,1, 0xBB29,1, 0xF572,1,
    0xFFFF,2, 0x1882,1, 0xDC4D,15, 0xFFFF,2, 0x1882,1, 0xDC4D,6, 0xBB29,8, 0x6984,1,
    0x69A5,1, 0x28E5,1, 0x18C5,29, 0x4125,1, 0xBB29,1, 0xF572,1, 0xFFFF,2, 0x1882,1,
    0xDC4D,15, 0xFFFF,2, 0x1882,1, 0xDC4D,6, 0xBB29,2, 0xDC4D,5, 0xBB29,1, 0x6984,2,
    0x4124,1, 0x18C5,29, 0x4125,1, 0xBB29,1, 0xF572,1, 0x1882,3, 0xDC4D,15, 0x1882,3,
    0xDC4D,6, 0xBB29,2, 0xDC4D,4, 0xBB29,1, 0x6984,3, 0x4124,1, 0x18C5,29, 0x4125,1,
    0xBB29,1, 0xF572,1, 0x1882,3, 0xDC4D,15, 0x1882,3, 0xDC4D,6, 0xBB29,2, 0xDC4D,4,
    0xBB29,1, 0x69A5,1, 0x4125,2, 0x28E5,1, 0x18C5,29, 0x4125,1, 0xBB29,1, 0xF572,1,
    0x1882,3, 0xDC4D,15, 0x1882,3, 0xDC4D,6, 0xBB29,2, 0xDC4D,4, 0xBB29,1, 0x4125,1,
    0x18C5,32, 0x4125,1, 0xBB29,1, 0xF572,1, 0x1882,3, 0xDC4D,15, 0x1882,3, 0xDC4D,6,
    0xBB29,2, 0xDC4D,4, 0xBB29,1, 0x4125,1, 0x18C5,32, 0x4125,1, 0xBB29,1, 0xF572,1,
    0xDC4D,27, 0xBB29,2, 0xDC4D,5, 0x7A48,1, 0x4125,2, 0x28E5,1, 0x18C5,29, 0x4125,1,
    0xBB29,1, 0xF572,1, 0xDC4D,27, 0xBB29,6, 0xDC4D,1, 0xBB29,1, 0x6984,2, 0x4124,1,
    0x18C5,29, 0x4125,1, 0xBB29,1, 0xF572,1, 0xDC4D,27, 0xBB29,9, 0x6984,1, 0x4124,1,
    0x18C5,29, 0x4125,1, 0xBB29,1, 0xF572,1, 0xDC4D,27, 0xBB29,1, 0x6984,8, 0x69A5,1,
    0x28E5,1, 0x18C5,29, 0x4125,1, 0xBB29,1, 0xF572,1, 0xDC4D,27, 0xBB29,1, 0x6984,2,
    0x5144,1, 0x4124,5, 0x28E5,1, 0x18C5,30, 0x4125,1, 0x6984,1, 0xBB29,29, 0x6984,2,
    0x4124,1, 0x18C5,36, 0x4125,1, 0x6984,1, 0xBB29,29, 0x6984,2, 0x4124,1, 0x18C5,36,
    0x4125,1, 0x6984,1, 0xBB29,29, 0x6984,2, 0x4124,1, 0x18C5,36, 0x4125,1, 0x6984,32,
    0x4124,1, 0x18C5,42, 0xBB29,2, 0x6984,1, 0x18C5,3, 0xBB29,2, 0x6984,1, 0x18C5,9,
    0xBB29,2, 0x6984,1, 0x18C5,3, 0xBB29,2, 0x6984,1, 0x18C5,43, 0xBB29,2, 0x6984,1,
    0x18C5,3, 0xBB29,2, 0x6984,1, 0x18C5,9, 0xBB29,2, 0x6984,1, 0x18C5,3, 0xBB29,2,
    0x6984,1, 0x18C5,43, 0xBB29,2, 0x6984,1, 0x18C5,3, 0xBB29,2, 0x6984,1, 0x18C5,9,
    0xBB29,2, 0x6984,1, 0x18C5,3, 0xBB29,2, 0x6984,1, 0x18C5,43, 0xBB29,2, 0x6984,1,
    0x18C5,3, 0xBB29,2, 0x6984,1, 0x18C5,9, 0xBB29,2, 0x6984,1, 0x18C5,3, 0xBB29,2,
    0x6984,1, 0x18C5,43, 0x6984,3, 0x18C5,3, 0x6984,3, 0x18C5,9, 0x6984,3, 0x18C5,3,
    0x6984,3, 0x18C5,43, 0x6984,3, 0x18C5,3, 0x6984,3, 0x18C5,9, 0x6984,3, 0x18C5,3,
    0x6984,3, 0x18C5,35, 0x10A4,1, 0x1084,7, 0x3904,3, 0x1084,3, 0x3904,3, 0x1084,9,
    0x3904,3, 0x1084,3, 0x3904,3, 0x1084,1, 0x10A4,1, 0x18C5,33, 0x10A4,1, 0x1084,35,
    0x10A4,1, 0x18C5,38, 0x18C6,1, 0x10A4,26, 0x18C6,1, 0x18C5,27, 0x18C5,492, 0x2B72,6,
    0x18C5,64, 0x463F,6, 0x18C5,64, 0x463F,6, 0x18C5,62, 0x2B72,2, 0x463F,1, 0x2B72,3,
    0x463F,2, 0x2B72,1, 0x18C5,61, 0x463F,3, 0x18C5,3, 0x463F,3, 0x18C5,61, 0x463F,3,
    0x18C5,3, 0x463F,3, 0x18C5,61, 0x2B72,3, 0x18C5,3, 0x463F,3, 0x18C5,67, 0x463F,3,
    0x18C5,66, 0x2B72,1, 0x463F,2, 0x2B72,1, 0x18C5,66, 0x463F,3, 0x18C5,67, 0x463F,3,
    0x18C5,65, 0x2B72,2, 0x463F,1, 0x2B72,2, 0x18C5,65, 0x463F,3, 0x18C5,67, 0x463F,3,
    0x18C5,67, 0x2B72,3, 0x4125,1, 0x6984,6, 0x4124,1, 0x18C5,59, 0x2B72,3, 0x4125,1,
    0x6984,6, 0x4124,1, 0x18C5,59, 0x463F,3, 0x6984,1, 0xDC4D,1, 0xF572,4, 0xBB29,1,
    0x4124,1, 0x18C5,59, 0x463F,3, 0x6984,2, 0xBB29,2, 0xDC4D,2, 0xBB29,1, 0x4124,1,
    0x18C5,59, 0x2B72,1, 0x43B2,1, 0xBB29,1, 0x6984,2, 0xBB29,2, 0xDC4D,2, 0xBB29,1,
    0x4124,1, 0x18C5,63, 0x4125,1, 0x6984,1, 0xBB29,1, 0xDC4D,2, 0xBB29,1, 0x4124,1,
    0x18C5,63, 0x4125,1, 0x6984,1, 0xBB29,1, 0xDC4D,2, 0xBB29,1, 0x6984,30, 0x4125,1,
    0x18C5,33, 0x4125,1, 0x6984,1, 0xBB29,1, 0xDC4D,2, 0xBB29,1, 0x6984,30, 0x4125,1,
    0x18C5,30, 0x4124,1, 0x6984,2, 0xBB29,1, 0xF572,1, 0xDC4D,3, 0xBB29,2, 0xF572,26,
    0xDC4D,1, 0xBB29,1, 0x6984,1, 0x4125,1, 0x18C5,30, 0x4124,1, 0x6984,2, 0xBB29,5,
    0x6984,1, 0xDC4D,1, 0xFE98,1, 0xF572,1, 0xDC4D,24, 0xBB29,2, 0x6984,1, 0x4125,1,
    0x18C5,30, 0x4124,1, 0x6984,2, 0xBB29,5, 0x6984,1, 0xDC4D,1, 0xFE98,1, 0xF572,1,
    0xDC4D,24, 0xBB29,2, 0x6984,1, 0x4924,1, 0x4124,7, 0x28E5,1, 0x18C5,24, 0x4125,1,
    0x6984,6, 0xBB29,1, 0xF572,1, 0xDC4D,27, 0xBB29,1, 0x6984,8, 0x4125,1, 0x18C5,30,
    0x4125,1, 0xBB29,1, 0xF572,1, 0xFFFF,2, 0x1882,1, 0xDC4D,15, 0xFFFF,2, 0x1882,1,
    0xDC4D,6, 0xBB29,8, 0x6984,1, 0x69A5,1, 0x28E5,1, 0x18C5,29, 0x4125,1, 0xBB29,1,
    0xF572,1, 0xFFFF,2, 0x1882,1, 0xDC4D,15, 0xFFFF,2, 0x1882,1, 0xDC4D,6, 0xBB29,2,
    0xDC4D,5, 0xBB29,1, 0x6984,2, 0x4124,1, 0x18C5,29, 0x4125,1, 0xBB29,1, 0xF572,1,
    0x1882,3, 0xDC4D,15, 0x1882,3, 0xDC4D,6, 0xBB29,2, 0xDC4D,4, 0xBB29,1, 0x6984,3,
    0x4124,1, 0x18C5,29, 0x4125,1, 0xBB29,1, 0xF572,1, 0x1882,3, 0xDC4D,15, 0x1882,3,
    0xDC4D,6, 0xBB29,2, 0xDC4D,4, 0xBB29,1, 0x69A5,1, 0x4125,2, 0x28E5,1, 0x18C5,29,
    0x4125,1, 0xBB29,1, 0xF572,1, 0x1882,3, 0xDC4D,15, 0x1882,3, 0xDC4D,6, 0xBB29,2,
    0xDC4D,4, 0xBB29,1, 0x4125,1, 0x18C5,32, 0x4125,1, 0xBB29,1, 0xF572,1, 0x1882,3,
    0xDC4D,15, 0x1882,3, 0xDC4D,6, 0xBB29,2, 0xDC4D,4, 0xBB29,1, 0x4125,1, 0x18C5,32,
    0x4125,1, 0xBB29,1, 0xF572,1, 0xDC4D,27, 0xBB29,2, 0xDC4D,5, 0x7A48,1, 0x4125,2,
    0x28E5,1, 0x18C5,29, 0x4125,1, 0xBB29,1, 0xF572,1, 0xDC4D,27, 0xBB29,6, 0xDC4D,1,
    0xBB29,1, 0x6984,2, 0x4124,1, 0x18C5,29, 0x4125,1, 0xBB29,1, 0xF572,1, 0xDC4D,27,
    0xBB29,9, 0x6984,1, 0x4124,1, 0x18C5,29, 0x4125,1, 0xBB29,1, 0xF572,1, 0xDC4D,27,
    0xBB29,1, 0x6984,8, 0x69A5,1, 0x28E5,1, 0x18C5,29, 0x4125,1, 0xBB29,1, 0xF572,1,
    0xDC4D,27, 0xBB29,1, 0x6984,2, 0x5144,1, 0x4124,5, 0x28E5,1, 0x18C5,30, 0x4125,1,
    0x6984,1, 0xBB29,29, 0x6984,2, 0x4124,1, 0x18C5,36, 0x4125,1, 0x6984,1, 0xBB29,29,
    0x6984,2, 0x4124,1, 0x18C5,36, 0x4125,1, 0x6984,1, 0xBB29,29, 0x6984,2, 0x4124,1,
    0x18C5,36, 0x4125,1, 0x6984,32, 0x4124,1, 0x18C5,42, 0xBB29,2, 0x6984,1, 0x18C5,3,
    0xBB29,2, 0x6984,1, 0x18C5,9, 0xBB29,2, 0x6984,1, 0x18C5,3, 0xBB29,2, 0x6984,1,
    0x18C5,43, 0xBB29,2, 0x6984,1, 0x18C5,3, 0xBB29,2, 0x6984,1, 0x18C5,9, 0xBB29,2,
    0x6984,1, 0x18C5,3, 0xBB29,2, 0x6984,1, 0x18C5,43, 0xBB29,2, 0x6984,1, 0x18C5,3,
    0xBB29,2, 0x6984,1, 0x18C5,9, 0xBB29,2, 0x6984,1, 0x18C5,3, 0xBB29,2, 0x6984,1,
    0x18C5,43, 0xBB29,2, 0x6984,1, 0x18C5,3, 0xBB29,2, 0x6984,1, 0x18C5,9, 0xBB29,2,
    0x6984,1, 0x18C5,3, 0xBB29,2, 0x6984,1, 0x18C5,43, 0x6984,3, 0x18C5,3, 0x6984,3,
    0x18C5,9, 0x6984,3, 0x18C5,3, 0x6984,3, 0x18C5,43, 0x6984,3, 0x18C5,3, 0x6984,3,
    0x18C5,9, 0x6984,3, 0x18C5,3, 0x6984,3, 0x18C5,35, 0x10A4,1, 0x1084,7, 0x3904,3,
    0x1084,3, 0x3904,3, 0x1084,9, 0x3904,3, 0x1084,3, 0x3904,3, 0x1084,1, 0x10A4,1,
    0x18C5,33, 0x10A4,1, 0x1084,35, 0x10A4,1, 0x18C5,38, 0x18C6,1, 0x10A4,26, 0x18C6,1,
    0x18C5,27, 0x18C5,492, 0x2B72,6, 0x18C5,64, 0x463F,6, 0x18C5,64, 0x463F,6, 0x18C5,62,
    0x2B72,2, 0x463F,1, 0x2B72,3, 0x463F,2, 0x2B72,1, 0x18C5,61, 0x463F,3, 0x18C5,3,
    0x463F,3, 0x18C5,61, 0x463F,3, 0x18C5,3, 0x463F,3, 0x18C5,61, 0x2B72,3, 0x18C5,3,
    0x463F,3, 0x18C5,67, 0x463F,3, 0x18C5,66, 0x2B72,1, 0x463F,2, 0x2B72,1, 0x18C5,66,
    0x463F,3, 0x18C5,67, 0x463F,3, 0x18C5,65, 0x2B72,2, 0x463F,1, 0x2B72,2, 0x18C5,65,
    0x463F,3, 0x18C5,67, 0x463F,3, 0x18C5,67, 0x2B72,3, 0x4125,1, 0x6984,6, 0x4124,1,
    0x18C5,59, 0x2B72,3, 0x4125,1, 0x6984,6, 0x4124,1, 0x18C5,59, 0x463F,3, 0x6984,1,
    0xDC4D,1, 0xF572,4, 0xBB29,1, 0x4124,1, 0x18C5,59, 0x463F,3, 0x6984,2, 0xBB29,2,
    0xDC4D,2, 0xBB29,1, 0x4124,1, 0x18C5,59, 0x2B72,1, 0x43B2,1, 0xBB29,1, 0x6984,2,
    0xBB29,2, 0xDC4D,2, 0xBB29,1, 0x4124,1, 0x18C5,63, 0x4125,1, 0x6984,1, 0xBB29,1,
    0xDC4D,2, 0xBB29,1, 0x4124,1, 0x18C5,63, 0x4125,1, 0x6984,1, 0xBB29,1, 0xDC4D,2,
    0xBB29,1, 0x6984,30, 0x4125,1, 0x18C5,33, 0x4125,1, 0x6984,1, 0xBB29,1, 0xDC4D,2,
    0xBB29,1, 0x6984,30, 0x4125,1, 0x18C5,30, 0x4124,1, 0x6984,2, 0xBB29,1, 0xF572,1,
    0xDC4D,3, 0xBB29,2, 0xF572,26, 0xDC4D,1, 0xBB29,1, 0x6984,1, 0x4125,1, 0x18C5,30,
    0x4124,1, 0x6984,2, 0xBB29,5, 0x6984,1, 0xDC4D,1, 0xFE98,1, 0xF572,1, 0xDC4D,24,
    0xBB29,2, 0x6984,1, 0x4125,1, 0x18C5,30, 0x4124,1, 0x6984,2, 0xBB29,5, 0x6984,1,
    0xDC4D,1, 0xFE98,1, 0xF572,1, 0xDC4D,24, 0xBB29,2, 0x6984,1, 0x4924,1, 0x4124,7,
    0x28E5,1, 0x18C5,24, 0x4125,1, 0x6984,6, 0xBB29,1, 0xF572,1, 0xDC4D,27, 0xBB29,1,
    0x6984,8, 0x4125,1, 0x18C5,30, 0x4125,1, 0xBB29,1, 0xF572,1, 0xFFFF,2, 0x1882,1,
    0xDC4D,15, 0xFFFF,2, 0x1882,1, 0xDC4D,6, 0xBB29,8, 0x6984,1, 0x69A5,1, 0x28E5,1,
    0x18C5,29, 0x4125,1, 0xBB29,1, 0xF572,1, 0xFFFF,2, 0x1882,1, 0xDC4D,15, 0xFFFF,2,
    0x1882,1, 0xDC4D,6, 0xBB29,2, 0xDC4D,5, 0xBB29,1, 0x6984,2, 0x4124,1, 0x18C5,29,
    0x4125,1, 0xBB29,1, 0xF572,1, 0x1882,3, 0xDC4D,15, 0x1882,3, 0xDC4D,6, 0xBB29,2,
    0xDC4D,4, 0xBB29,1, 0x6984,3, 0x4124,1, 0x18C5,29, 0x4125,1, 0xBB29,1, 0xF572,1,
    0x1882,3, 0xDC4D,15, 0x1882,3, 0xDC4D,6, 0xBB29,2, 0xDC4D,4, 0xBB29,1, 0x69A5,1,
    0x4125,2, 0x28E5,1, 0x18C5,29, 0x4125,1, 0xBB29,1, 0xF572,1, 0x1882,3, 0xDC4D,15,
    0x1882,3, 0xDC4D,6, 0xBB29,2, 0xDC4D,4, 0xBB29,1, 0x4125,1, 0x18C5,32, 0x4125,1,
    0xBB29,1, 0xF572,1, 0x1882,3, 0xDC4D,15, 0x1882,3, 0xDC4D,6, 0xBB29,2, 0xDC4D,4,
    0xBB29,1, 0x4125,1, 0x18C5,32, 0x4125,1, 0xBB29,1, 0xF572,1, 0xDC4D,27, 0xBB29,2,
    0xDC4D,5, 0x7A48,1, 0x4125,2, 0x28E5,1, 0x18C5,29, 0x4125,1, 0xBB29,1, 0xF572,1,
    0xDC4D,27, 0xBB29,6, 0xDC4D,1, 0xBB29,1, 0x6984,2, 0x4124,1, 0x18C5,29, 0x4125,1,
    0xBB29,1, 0xF572,1, 0xDC4D,27, 0xBB29,9, 0x6984,1, 0x4124,1, 0x18C5,29, 0x4125,1,
    0xBB29,1, 0xF572,1, 0xDC4D,27, 0xBB29,1, 0x6984,8, 0x69A5,1, 0x28E5,1, 0x18C5,29,
    0x4125,1, 0xBB29,1, 0xF572,1, 0xDC4D,27, 0xBB29,1, 0x6984,2, 0x5144,1, 0x4124,5,
    0x28E5,1, 0x18C5,30, 0x4125,1, 0x6984,1, 0xBB29,29, 0x6984,2, 0x4124,1, 0x18C5,36,
    0x4125,1, 0x6984,1, 0xBB29,29, 0x6984,2, 0x4124,1, 0x18C5,36, 0x4125,1, 0x6984,1,
    0xBB29,29, 0x6984,2, 0x4124,1, 0x18C5,36, 0x4125,1, 0x6984,32, 0x4124,1, 0x18C5,42,
    0xBB29,2, 0x6984,1, 0x18C5,3, 0xBB29,2, 0x6984,1, 0x18C5,9, 0xBB29,2, 0x6984,1,
    0x18C5,3, 0xBB29,2, 0x6984,1, 0x18C5,43, 0xBB29,2, 0x6984,1, 0x18C5,3, 0xBB29,2,
    0x6984,1, 0x18C5,9, 0xBB29,2, 0x6984,1, 0x18C5,3, 0xBB29,2, 0x6984,1, 0x18C5,43,
    0xBB29,2, 0x6984,1, 0x18C5,3, 0xBB29,2, 0x6984,1, 0x18C5,9, 0xBB29,2, 0x6984,1,
    0x18C5,3, 0xBB29,2, 0x6984,1, 0x18C5,43, 0xBB29,2, 0x6984,1, 0x18C5,3, 0xBB29,2,
    0x6984,1, 0x18C5,9, 0xBB29,2, 0x6984,1, 0x18C5,3, 0xBB29,2, 0x6984,1, 0x18C5,43,
    0x6984,3, 0x18C5,3, 0x6984,3, 0x18C5,9, 0x6984,3, 0x18C5,3, 0x6984,3, 0x18C5,43,
    0x6984,3, 0x18C5,3, 0x6984,3, 0x18C5,9, 0x6984,3, 0x18C5,3, 0x6984,3, 0x18C5,35,
    0x10A4,1, 0x1084,7, 0x3904,3, 0x1084,3, 0x3904,3, 0x1084,9, 0x3904,3, 0x1084,3,
    0x3904,3, 0x1084,1, 0x10A4,1, 0x18C5,33, 0x10A4,1, 0x1084,35, 0x10A4,1, 0x18C5,38,
    0x18C6,1, 0x10A4,26, 0x18C6,1, 0x18C5,27, 0x18C5,282, 0x2B72,6, 0x18C5,64, 0x463F,6,
    0x18C5,64, 0x463F,6, 0x18C5,62, 0x2B72,2, 0x463F,1, 0x2B72,3, 0x463F,2, 0x2B72,1,
    0x18C5,61, 0x463F,3, 0x18C5,3, 0x463F,3, 0x18C5,61, 0x463F,3, 0x18C5,3, 0x463F,3,
    0x18C5,61, 0x2B72,3, 0x18C5,3, 0x463F,3, 0x18C5,67, 0x463F,3, 0x18C5,66, 0x2B72,1,
    0x463F,2, 0x2B72,1, 0x18C5,66, 0x463F,3, 0x18C5,67, 0x463F,3, 0x18C5,65, 0x2B72,2,
    0x463F,1, 0x2B72,2, 0x18C5,65, 0x463F,3, 0x18C5,67, 0x463F,3, 0x18C5,67, 0x2B72,3,
    0x18C5,67, 0x2B72,3, 0x18C5,67, 0x463F,3, 0x18C5,67, 0x463F,3, 0x4125,1, 0x6984,6,
    0x4124,1, 0x18C5,59, 0x2B72,3, 0x4125,1, 0x6984,6, 0x4124,1, 0x18C5,60, 0x4124,1,
    0x6984,2, 0xDC4D,1, 0xF572,4, 0xBB29,1, 0x4124,1, 0x18C5,60, 0x4124,1, 0x6984,3,
    0xBB29,2, 0xDC4D,2, 0xBB29,1, 0x4124,1, 0x18C5,60, 0x4124,1, 0x6984,3, 0xBB29,2,
    0xDC4D,2, 0xBB29,1, 0x4124,1, 0x18C5,63, 0x4125,1, 0x6984,1, 0xBB29,1, 0xDC4D,2,
    0xBB29,1, 0x4124,1, 0x18C5,63, 0x4125,1, 0x6984,1, 0xBB29,1, 0xDC4D,2, 0xBB29,1,
    0x6984,30, 0x4125,1, 0x18C5,33, 0x4125,1, 0x6984,1, 0xBB29,1, 0xDC4D,2, 0xBB29,1,
    0x6984,30, 0x4125,1, 0x18C5,30, 0x4124,1, 0x6984,2, 0xBB29,1, 0xF572,1, 0xDC4D,3,
    0xBB29,2, 0xF572,26, 0xDC4D,1, 0xBB29,1, 0x6984,1, 0x4125,1, 0x18C5,30, 0x4124,1,
    0x6984,2, 0xBB29,5, 0x6984,1, 0xDC4D,1, 0xFE98,1, 0xF572,1, 0xDC4D,24, 0xBB29,2,
    0x6984,1, 0x4125,1, 0x18C5,30, 0x4124,1, 0x6984,2, 0xBB29,5, 0x6984,1, 0xDC4D,1,
    0xFE98,1, 0xF572,1, 0xDC4D,24, 0xBB29,2, 0x6984,1, 0x4924,1, 0x4124,7, 0x28E5,1,
    0x18C5,24, 0x4125,1, 0x6984,6, 0xBB29,1, 0xF572,1, 0xDC4D,27, 0xBB29,1, 0x6984,8,
    0x4125,1, 0x18C5,30, 0x4125,1, 0xBB29,1, 0xF572,1, 0xFFFF,2, 0x1882,1, 0xDC4D,15,
    0xFFFF,2, 0x1882,1, 0xDC4D,6, 0xBB29,8, 0x6984,1, 0x69A5,1, 0x28E5,1, 0x18C5,29,
    0x4125,1, 0xBB29,1, 0xF572,1, 0xFFFF,2, 0x1882,1, 0xDC4D,15, 0xFFFF,2, 0x1882,1,
    0xDC4D,6, 0xBB29,2, 0xDC4D,5, 0xBB29,1, 0x6984,2, 0x4124,1, 0x18C5,29, 0x4125,1,
    0xBB29,1, 0xF572,1, 0x1882,3, 0xDC4D,15, 0x1882,3, 0xDC4D,6, 0xBB29,2, 0xDC4D,4,
    0xBB29,1, 0x6984,3, 0x4124,1, 0x18C5,29, 0x4125,1, 0xBB29,1, 0xF572,1, 0x1882,3,
    0xDC4D,15, 0x1882,3, 0xDC4D,6, 0xBB29,2, 0xDC4D,4, 0xBB29,1, 0x69A5,1, 0x4125,2,
    0x28E5,1, 0x18C5,29, 0x4125,1, 0xBB29,1, 0xF572,1, 0x1882,3, 0xDC4D,15, 0x1882,3,
    0xDC4D,6, 0xBB29,2, 0xDC4D,4, 0xBB29,1, 0x4125,1, 0x18C5,32, 0x4125,1, 0xBB29,1,
    0xF572,1, 0x1882,3, 0xDC4D,15, 0x1882,3, 0xDC4D,6, 0xBB29,2, 0xDC4D,4, 0xBB29,1,
    0x4125,1, 0x18C5,32, 0x4125,1, 0xBB29,1, 0xF572,1, 0xDC4D,27, 0xBB29,2, 0xDC4D,5,
    0x7A48,1, 0x4125,2, 0x28E5,1, 0x18C5,29, 0x4125,1, 0xBB29,1, 0xF572,1, 0xDC4D,27,
    0xBB29,6, 0xDC4D,1, 0xBB29,1, 0x6984,2, 0x4124,1, 0x18C5,29, 0x4125,1, 0xBB29,1,
    0xF572,1, 0xDC4D,27, 0xBB29,9, 0x6984,1, 0x4124,1, 0x18C5,29, 0x4125,1, 0xBB29,1,
    0xF572,1, 0xDC4D,27, 0xBB29,1, 0x6984,8, 0x69A5,1, 0x28E5,1, 0x18C5,29, 0x4125,1,
    0xBB29,1, 0xF572,1, 0xDC4D,27, 0xBB29,1, 0x6984,2, 0x5144,1, 0x4124,5, 0x28E5,1,
    0x18C5,30, 0x4125,1, 0x6984,1, 0xBB29,29, 0x6984,2, 0x4124,1, 0x18C5,36, 0x4125,1,
    0x6984,1, 0xBB29,29, 0x6984,2, 0x4124,1, 0x18C5,36, 0x4125,1, 0x6984,1, 0xBB29,29,
    0x6984,2, 0x4124,1, 0x18C5,36, 0x4125,1, 0x6984,32, 0x4124,1, 0x18C5,42, 0xBB29,2,
    0x6984,1, 0x18C5,3, 0xBB29,2, 0x6984,1, 0x18C5,9, 0xBB29,2, 0x6984,1, 0x18C5,3,
    0xBB29,2, 0x6984,1, 0x18C5,43, 0xBB29,2, 0x6984,1, 0x18C5,3, 0xBB29,2, 0x6984,1,
    0x18C5,9, 0xBB29,2, 0x6984,1, 0x18C5,3, 0xBB29,2, 0x6984,1, 0x18C5,43, 0xBB29,2,
    0x6984,1, 0x18C5,3, 0xBB29,2, 0x6984,1, 0x18C5,9, 0xBB29,2, 0x6984,1, 0x18C5,3,
    0xBB29,2, 0x6984,1, 0x18C5,43, 0xBB29,2, 0x6984,1, 0x18C5,3, 0xBB29,2, 0x6984,1,
    0x18C5,9, 0xBB29,2, 0x6984,1, 0x18C5,3, 0xBB29,2, 0x6984,1, 0x18C5,43, 0x6984,3,
    0x18C5,3, 0x6984,3, 0x18C5,9, 0x6984,3, 0x18C5,3, 0x6984,3, 0x18C5,43, 0x6984,3,
    0x18C5,3, 0x6984,3, 0x18C5,9, 0x6984,3, 0x18C5,3, 0x6984,3, 0x18C5,35, 0x10A4,1,
    0x1084,7, 0x3904,3, 0x1084,3, 0x3904,3, 0x1084,9, 0x3904,3, 0x1084,3, 0x3904,3,
    0x1084,1, 0x10A4,1, 0x18C5,33, 0x10A4,1, 0x1084,35, 0x10A4,1, 0x18C5,38, 0x18C6,1,
    0x10A4,26, 0x18C6,1, 0x18C5,27, 0x18C5,3, 0x2B72,1, 0x463F,2, 0x2B72,1, 0x18C5,66,
    0x2B72,1, 0x463F,2, 0x2B72,1, 0x18C5,64, 0x2B72,1, 0x463F,1, 0x2B72,1, 0x18C5,2,
    0x2B72,2, 0x18C5,68, 0x2B72,2, 0x18C5,68, 0x2B72,2, 0x18C5,66, 0x2B72,1, 0x463F,1,
    0x2B72,1, 0x18C5,66, 0x2B72,2, 0x18C5,68, 0x2B72,2, 0x18C5,138, 0x2B72,2, 0x18C5,68,
    0x2B72,2, 0x18C5,771, 0x4125,1, 0x6984,6, 0x4124,1, 0x18C5,62, 0x4125,1, 0x6984,6,
    0x4124,1, 0x18C5,60, 0x4124,1, 0x6984,2, 0xDC4D,1, 0xF572,4, 0xBB29,1, 0x4124,1,
    0x18C5,60, 0x4124,1, 0x6984,3, 0xBB29,2, 0xDC4D,2, 0xBB29,1, 0x4124,1, 0x18C5,60,
    0x4124,1, 0x6984,3, 0xBB29,2, 0xDC4D,2, 0xBB29,1, 0x4124,1, 0x18C5,63, 0x4125,1,
    0x6984,1, 0xBB29,1, 0xDC4D,2, 0xBB29,1, 0x4124,1, 0x18C5,63, 0x4125,1, 0x6984,1,
    0xBB29,1, 0xDC4D,2, 0xBB29,1, 0x6984,30, 0x4125,1, 0x18C5,33, 0x4125,1, 0x6984,1,
    0xBB29,1, 0xDC4D,2, 0xBB29,1, 0x6984,30, 0x4125,1, 0x18C5,30, 0x4124,1, 0x6984,2,
    0xBB29,1, 0xF572,1, 0xDC4D,3, 0xBB29,2, 0xF572,26, 0xDC4D,1, 0xBB29,1, 0x6984,1,
    0x4125,1, 0x18C5,30, 0x4124,1, 0x6984,2, 0xBB29,5, 0x6984,1, 0xDC4D,1, 0xFE98,1,
    0xF572,1, 0xDC4D,24, 0xBB29,2, 0x6984,1, 0x4125,1, 0x18C5,30, 0x4124,1, 0x6984,2,
    0xBB29,5, 0x6984,1, 0xDC4D,1, 0xFE98,1, 0xF572,1, 0xDC4D,24, 0xBB29,2, 0x6984,1,
    0x4924,1, 0x4124,7, 0x28E5,1, 0x18C5,24, 0x4125,1, 0x6984,6, 0xBB29,1, 0xF572,1,
    0xDC4D,27, 0xBB29,1, 0x6984,8, 0x4125,1, 0x18C5,30, 0x4125,1, 0xBB29,1, 0xF572,1,
    0xFFFF,2, 0x1882,1, 0xDC4D,15, 0xFFFF,2, 0x1882,1, 0xDC4D,6, 0xBB29,8, 0x6984,1,
    0x69A5,1, 0x28E5,1, 0x18C5,29, 0x4125,1, 0xBB29,1, 0xF572,1, 0xFFFF,2, 0x1882,1,
    0xDC4D,15, 0xFFFF,2, 0x1882,1, 0xDC4D,6, 0xBB29,2, 0xDC4D,5, 0xBB29,1, 0x6984,2,
    0x4124,1, 0x18C5,29, 0x4125,1, 0xBB29,1, 0xF572,1, 0x1882,3, 0xDC4D,15, 0x1882,3,
    0xDC4D,6, 0xBB29,2, 0xDC4D,4, 0xBB29,1, 0x6984,3, 0x4124,1, 0x18C5,29, 0x4125,1,
    0xBB29,1, 0xF572,1, 0x1882,3, 0xDC4D,15, 0x1882,3, 0xDC4D,6, 0xBB29,2, 0xDC4D,4,
    0xBB29,1, 0x69A5,1, 0x4125,2, 0x28E5,1, 0x18C5,29, 0x4125,1, 0xBB29,1, 0xF572,1,
    0x1882,3, 0xDC4D,15, 0x1882,3, 0xDC4D,6, 0xBB29,2, 0xDC4D,4, 0xBB29,1, 0x4125,1,
    0x18C5,32, 0x4125,1, 0xBB29,1, 0xF572,1, 0x1882,3, 0xDC4D,15, 0x1882,3, 0xDC4D,6,
    0xBB29,2, 0xDC4D,4, 0xBB29,1, 0x4125,1, 0x18C5,32, 0x4125,1, 0xBB29,1, 0xF572,1,
    0xDC4D,27, 0xBB29,2, 0xDC4D,5, 0x7A48,1, 0x4125,2, 0x28E5,1, 0x18C5,29, 0x4125,1,
    0xBB29,1, 0xF572,1, 0xDC4D,27, 0xBB29,6, 0xDC4D,1, 0xBB29,1, 0x6984,2, 0x4124,1,
    0x18C5,29, 0x4125,1, 0xBB29,1, 0xF572,1, 0xDC4D,27, 0xBB29,9, 0x6984,1, 0x4124,1,
    0x18C5,29, 0x4125,1, 0xBB29,1, 0xF572,1, 0xDC4D,27, 0xBB29,1, 0x6984,8, 0x69A5,1,
    0x28E5,1, 0x18C5,29, 0x4125,1, 0xBB29,1, 0xF572,1, 0xDC4D,27, 0xBB29,1, 0x6984,2,
    0x5144,1, 0x4124,5, 0x28E5,1, 0x18C5,30, 0x4125,1, 0x6984,1, 0xBB29,29, 0x6984,2,
    0x4124,1, 0x18C5,36, 0x4125,1, 0x6984,1, 0xBB29,29, 0x6984,2, 0x4124,1, 0x18C5,36,
    0x4125,1, 0x6984,1, 0xBB29,29, 0x6984,2, 0x4124,1, 0x18C5,36, 0x4125,1, 0x6984,32,
    0x4124,1, 0x18C5,42, 0xBB29,2, 0x6984,1, 0x18C5,3, 0xBB29,2, 0x6984,1, 0x18C5,9,
    0xBB29,2, 0x6984,1, 0x18C5,3, 0xBB29,2, 0x6984,1, 0x18C5,43, 0xBB29,2, 0x6984,1,
    0x18C5,3, 0xBB29,2, 0x6984,1, 0x18C5,9, 0xBB29,2, 0x6984,1, 0x18C5,3, 0xBB29,2,
    0x6984,1, 0x18C5,43, 0xBB29,2, 0x6984,1, 0x18C5,3, 0xBB29,2, 0x6984,1, 0x18C5,9,
    0xBB29,2, 0x6984,1, 0x18C5,3, 0xBB29,2, 0x6984,1, 0x18C5,43, 0xBB29,2, 0x6984,1,
    0x18C5,3, 0xBB29,2, 0x6984,1, 0x18C5,9, 0xBB29,2, 0x6984,1, 0x18C5,3, 0xBB29,2,
    0x6984,1, 0x18C5,43, 0x6984,3, 0x18C5,3, 0x6984,3, 0x18C5,9, 0x6984,3, 0x18C5,3,
    0x6984,3, 0x18C5,43, 0x6984,3, 0x18C5,3, 0x6984,3, 0x18C5,9, 0x6984,3, 0x18C5,3,
    0x6984,3, 0x18C5,35, 0x10A4,1, 0x1084,7, 0x3904,3, 0x1084,3, 0x3904,3, 0x1084,9,
    0x3904,3, 0x1084,3, 0x3904,3, 0x1084,1, 0x10A4,1, 0x18C5,33, 0x10A4,1, 0x1084,35,
    0x10A4,1, 0x18C5,38, 0x18C6,1, 0x10A4,26, 0x18C6,1, 0x18C5,27, 0x18C5,1476, 0x4125,1,
    0x6984,6, 0x4124,1, 0x18C5,62, 0x4125,1, 0x6984,6, 0x4124,1, 0x18C5,60, 0x4124,1,
    0x6984,2, 0xDC4D,1, 0xF572,4, 0xBB29,1, 0x4124,1, 0x18C5,60, 0x4124,1, 0x6984,3,
    0xBB29,2, 0xDC4D,2, 0xBB29,1, 0x4124,1, 0x18C5,60, 0x4124,1, 0x6984,3, 0xBB29,2,
    0xDC4D,2, 0xBB29,1, 0x4124,1, 0x18C5,63, 0x4125,1, 0x6984,1, 0xBB29,1, 0xDC4D,2,
    0xBB29,1, 0x4124,1, 0x18C5,63, 0x4125,1, 0x6984,1, 0xBB29,1, 0xDC4D,2, 0xBB29,1,
    0x6984,30, 0x4125,1, 0x18C5,33, 0x4125,1, 0x6984,1, 0xBB29,1, 0xDC4D,2, 0xBB29,1,
    0x6984,30, 0x4125,1, 0x18C5,30, 0x4124,1, 0x6984,2, 0xBB29,1, 0xF572,1, 0xDC4D,3,
    0xBB29,2, 0xF572,26, 0xDC4D,1, 0xBB29,1, 0x6984,1, 0x4125,1, 0x18C5,30, 0x4124,1,
    0x6984,2, 0xBB29,5, 0x6984,1, 0xDC4D,1, 0xFE98,1, 0xF572,1, 0xDC4D,24, 0xBB29,2,
    0x6984,1, 0x4125,1, 0x18C5,30, 0x4124,1, 0x6984,2, 0xBB29,5, 0x6984,1, 0xDC4D,1,
    0xFE98,1, 0xF572,1, 0xDC4D,24, 0xBB29,2, 0x6984,1, 0x4924,1, 0x4124,7, 0x28E5,1,
    0x18C5,24, 0x4125,1, 0x6984,6, 0xBB29,1, 0xF572,1, 0xDC4D,27, 0xBB29,1, 0x6984,8,
    0x4125,1, 0x18C5,30, 0x4125,1, 0xBB29,1, 0xF572,1, 0xFFFF,2, 0x1882,1, 0xDC4D,15,
    0xFFFF,2, 0x1882,1, 0xDC4D,6, 0xBB29,8, 0x6984,1, 0x69A5,1, 0x28E5,1, 0x18C5,29,
    0x4125,1, 0xBB29,1, 0xF572,1, 0xFFFF,2, 0x1882,1, 0xDC4D,15, 0xFFFF,2, 0x1882,1,
    0xDC4D,6, 0xBB29,2, 0xDC4D,5, 0xBB29,1, 0x6984,2, 0x4124,1, 0x18C5,29, 0x4125,1,
    0xBB29,1, 0xF572,1, 0x1882,3, 0xDC4D,15, 0x1882,3, 0xDC4D,6, 0xBB29,2, 0xDC4D,4,
    0xBB29,1, 0x6984,3, 0x4124,1, 0x18C5,29, 0x4125,1, 0xBB29,1, 0xF572,1, 0x1882,3,
    0xDC4D,15, 0x1882,3, 0xDC4D,6, 0xBB29,2, 0xDC4D,4, 0xBB29,1, 0x69A5,1, 0x4125,2,
    0x28E5,1, 0x18C5,29, 0x4125,1, 0xBB29,1, 0xF572,1, 0x1882,3, 0xDC4D,15, 0x1882,3,
    0xDC4D,6, 0xBB29,2, 0xDC4D,4, 0xBB29,1, 0x4125,1, 0x18C5,32, 0x4125,1, 0xBB29,1,
    0xF572,1, 0x1882,3, 0xDC4D,15, 0x1882,3, 0xDC4D,6, 0xBB29,2, 0xDC4D,4, 0xBB29,1,
    0x4125,1, 0x18C5,32, 0x4125,1, 0xBB29,1, 0xF572,1, 0xDC4D,27, 0xBB29,2, 0xDC4D,5,
    0x7A48,1, 0x4125,2, 0x28E5,1, 0x18C5,29, 0x4125,1, 0xBB29,1, 0xF572,1, 0xDC4D,27,
    0xBB29,6, 0xDC4D,1, 0xBB29,1, 0x6984,2, 0x4124,1, 0x18C5,29, 0x4125,1, 0xBB29,1,
    0xF572,1, 0xDC4D,27, 0xBB29,9, 0x6984,1, 0x4124,1, 0x18C5,29, 0x4125,1, 0xBB29,1,
    0xF572,1, 0xDC4D,27, 0xBB29,1, 0x6984,8, 0x69A5,1, 0x28E5,1, 0x18C5,29, 0x4125,1,
    0xBB29,1, 0xF572,1, 0xDC4D,27, 0xBB29,1, 0x6984,2, 0x5144,1, 0x4124,5, 0x28E5,1,
    0x18C5,30, 0x4125,1, 0x6984,1, 0xBB29,29, 0x6984,2, 0x4124,1, 0x18C5,36, 0x4125,1,
    0x6984,1, 0xBB29,29, 0x6984,2, 0x4124,1, 0x18C5,36, 0x4125,1, 0x6984,1, 0xBB29,29,
    0x6984,2, 0x4124,1, 0x18C5,36, 0x4125,1, 0x6984,32, 0x4124,1, 0x18C5,42, 0xBB29,2,
    0x6984,1, 0x18C5,3, 0xBB29,2, 0x6984,1, 0x18C5,9, 0xBB29,2, 0x6984,1, 0x18C5,3,
    0xBB29,2, 0x6984,1, 0x18C5,43, 0xBB29,2, 0x6984,1, 0x18C5,3, 0xBB29,2, 0x6984,1,
    0x18C5,9, 0xBB29,2, 0x6984,1, 0x18C5,3, 0xBB29,2, 0x6984,1, 0x18C5,43, 0xBB29,2,
    0x6984,1, 0x18C5,3, 0xBB29,2, 0x6984,1, 0x18C5,9, 0xBB29,2, 0x6984,1, 0x18C5,3,
    0xBB29,2, 0x6984,1, 0x18C5,43, 0xBB29,2, 0x6984,1, 0x18C5,3, 0xBB29,2, 0x6984,1,
    0x18C5,9, 0xBB29,2, 0x6984,1, 0x18C5,3, 0xBB29,2, 0x6984,1, 0x18C5,43, 0x6984,3,
    0x18C5,3, 0x6984,3, 0x18C5,9, 0x6984,3, 0x18C5,3, 0x6984,3, 0x18C5,43, 0x6984,3,
    0x18C5,3, 0x6984,3, 0x18C5,9, 0x6984,3, 0x18C5,3, 0x6984,3, 0x18C5,35, 0x10A4,1,
    0x1084,7, 0x3904,3, 0x1084,3, 0x3904,3, 0x1084,9, 0x3904,3, 0x1084,3, 0x3904,3,
    0x1084,1, 0x10A4,1, 0x18C5,33, 0x10A4,1, 0x1084,35, 0x10A4,1, 0x18C5,38, 0x18C6,1,
    0x10A4,26, 0x18C6,1, 0x18C5,27, 0x18C5,1479, 0x4125,1, 0x6984,6, 0x4124,1, 0x18C5,62,
    0x4125,1, 0x6984,6, 0x4124,1, 0x18C5,60, 0x4124,1, 0x6984,2, 0xDC4D,1, 0xF572,4,
    0xBB29,1, 0x4124,1, 0x18C5,60, 0x4124,1, 0x6984,3, 0xBB29,2, 0xDC4D,2, 0xBB29,1,
    0x4124,1, 0x18C5,60, 0x4124,1, 0x6984,3, 0xBB29,2, 0xDC4D,2, 0xBB29,1, 0x4124,1,
    0x18C5,63, 0x4125,1, 0x6984,1, 0xBB29,1, 0xDC4D,2, 0xBB29,1, 0x4124,1, 0x18C5,63,
    0x4125,1, 0x6984,1, 0xBB29,1, 0xDC4D,2, 0xBB29,1, 0x6984,30, 0x4125,1, 0x18C5,33,
    0x4125,1, 0x6984,1, 0xBB29,1, 0xDC4D,2, 0xBB29,1, 0x6984,30, 0x4125,1, 0x18C5,30,
    0x4124,1, 0x6984,2, 0xBB29,1, 0xF572,1, 0xDC4D,3, 0xBB29,2, 0xF572,26, 0xDC4D,1,
    0xBB29,1, 0x6984,1, 0x4125,1, 0x18C5,30, 0x4124,1, 0x6984,2, 0xBB29,5, 0x6984,1,
    0xDC4D,1, 0xFE98,1, 0xF572,1, 0xDC4D,24, 0xBB29,2, 0x6984,1, 0x4125,1, 0x18C5,30,
    0x4124,1, 0x6984,2, 0xBB29,5, 0x6984,1, 0xDC4D,1, 0xFE98,1, 0xF572,1, 0xDC4D,24,
    0xBB29,2, 0x6984,1, 0x4924,1, 0x4124,7, 0x28E5,1, 0x18C5,24, 0x4125,1, 0x6984,6,
    0xBB29,1, 0xF572,1, 0xDC4D,27, 0xBB29,1, 0x6984,8, 0x4125,1, 0x18C5,30, 0x4125,1,
    0xBB29,1, 0xF572,1, 0xDC4D,1, 0xFE98,1, 0xFFFF,1, 0xBB29,1, 0x6984,1, 0xDC4D,14,
    0xFE98,1, 0xFFFF,1, 0xBB29,1, 0x6984,1, 0xDC4D,4, 0xBB29,8, 0x6984,1, 0x69A5,1,
    0x28E5,1, 0x18C5,29, 0x4125,1, 0xBB29,1, 0xF572,1, 0xDC4D,1, 0xFE98,1, 0xFFFF,1,
    0xBB29,1, 0x6984,1, 0xDC4D,14, 0xFE98,1, 0xFFFF,1, 0xBB29,1, 0x6984,1, 0xDC4D,4,
    0xBB29,2, 0xDC4D,5, 0xBB29,1, 0x6984,2, 0x4124,1, 0x18C5,29, 0x4125,1, 0xBB29,1,
    0xF572,1, 0xDC4D,1, 0x6984,1, 0x1882,2, 0x6984,1, 0xDC4D,14, 0x6984,1, 0x1882,2,
    0x6984,1, 0xDC4D,4, 0xBB29,2, 0xDC4D,4, 0xBB29,1, 0x6984,3, 0x4124,1, 0x18C5,29,
    0x4125,1, 0xBB29,1, 0xF572,1, 0xDC4D,1, 0x6984,1, 0x1882,2, 0x6984,1, 0xDC4D,14,
    0x6984,1, 0x1882,2, 0x6984,1, 0xDC4D,4, 0xBB29,2, 0xDC4D,4, 0xBB29,1, 0x69A5,1,
    0x4125,2, 0x28E5,1, 0x18C5,29, 0x4125,1, 0xBB29,1, 0xF572,1, 0xDC4D,1, 0x6984,1,
    0x1882,2, 0x6984,1, 0xDC4D,14, 0x6984,1, 0x1882,2, 0x6984,1, 0xDC4D,4, 0xBB29,2,
    0xDC4D,4, 0xBB29,1, 0x4125,1, 0x18C5,32, 0x4125,1, 0xBB29,1, 0xF572,1, 0xDC4D,1,
    0x6984,1, 0x1882,2, 0x6984,1, 0xDC4D,14, 0x6984,1, 0x1882,2, 0x6984,1, 0xDC4D,4,
    0xBB29,2, 0xDC4D,4, 0xBB29,1, 0x4125,1, 0x18C5,32, 0x4125,1, 0xBB29,1, 0xF572,1,
    0xDC4D,27, 0xBB29,2, 0xDC4D,5, 0x7A48,1, 0x4125,2, 0x28E5,1, 0x18C5,29, 0x4125,1,
    0xBB29,1, 0xF572,1, 0xDC4D,27, 0xBB29,6, 0xDC4D,1, 0xBB29,1, 0x6984,2, 0x4124,1,
    0x18C5,29, 0x4125,1, 0xBB29,1, 0xF572,1, 0xDC4D,27, 0xBB29,9, 0x6984,1, 0x4124,1,
    0x18C5,29, 0x4125,1, 0xBB29,1, 0xF572,1, 0xDC4D,27, 0xBB29,1, 0x6984,8, 0x69A5,1,
    0x28E5,1, 0x18C5,29, 0x4125,1, 0xBB29,1, 0xF572,1, 0xDC4D,27, 0xBB29,1, 0x6984,2,
    0x5144,1, 0x4124,5, 0x28E5,1, 0x18C5,30, 0x4125,1, 0x6984,1, 0xBB29,29, 0x6984,2,
    0x4124,1, 0x18C5,36, 0x4125,1, 0x6984,1, 0xBB29,29, 0x6984,2, 0x4124,1, 0x18C5,36,
    0x4125,1, 0x6984,1, 0xBB29,29, 0x6984,2, 0x4124,1, 0x18C5,36, 0x4125,1, 0x6984,32,
    0x4124,1, 0x18C5,40, 0x69E7,1, 0xBB29,1, 0x6984,1, 0x4124,1, 0x18C5,2, 0x69E7,1,
    0xBB29,1, 0x6984,1, 0x4124,1, 0x18C5,8, 0x69E7,1, 0xBB29,1, 0x6984,1, 0x4124,1,
    0x18C5,2, 0x69E7,1, 0xBB29,1, 0x6984,1, 0x4124,1, 0x18C5,42, 0x69E7,1, 0xBB29,1,
    0x6984,1, 0x4124,1, 0x18C5,2, 0x69E7,1, 0xBB29,1, 0x6984,1, 0x4124,1, 0x18C5,8,
    0x69E7,1, 0xBB29,1, 0x6984,1, 0x4124,1, 0x18C5,2, 0x69E7,1, 0xBB29,1, 0x6984,1,
    0x4124,1, 0x18C5,42, 0x69E7,1, 0xBB29,1, 0x6984,1, 0x4124,1, 0x18C5,2, 0x69E7,1,
    0xBB29,1, 0x6984,1, 0x4124,1, 0x18C5,8, 0x69E7,1, 0xBB29,1, 0x6984,1, 0x4124,1,
    0x18C5,2, 0x69E7,1, 0xBB29,1, 0x6984,1, 0x4124,1, 0x18C5,42, 0x69E7,1, 0xBB29,1,
    0x6984,1, 0x4124,1, 0x18C5,2, 0x69E7,1, 0xBB29,1, 0x6984,1, 0x4124,1, 0x18C5,8,
    0x69E7,1, 0xBB29,1, 0x6984,1, 0x4124,1, 0x18C5,2, 0x69E7,1, 0xBB29,1, 0x6984,1,
    0x4124,1, 0x18C5,42, 0x5186,1, 0x6984,2, 0x4124,1, 0x18C5,2, 0x5186,1, 0x6984,2,
    0x4124,1, 0x18C5,8, 0x5186,1, 0x6984,2, 0x4124,1, 0x18C5,2, 0x5186,1, 0x6984,2,
    0x4124,1, 0x18C5,42, 0x4124,1, 0x6984,2, 0x4124,1, 0x18C5,2, 0x4124,1, 0x6984,2,
    0x4124,1, 0x18C5,8, 0x4124,1, 0x6984,2, 0x4124,1, 0x18C5,2, 0x4124,1, 0x6984,2,
    0x4124,1, 0x18C5,36, 0x10A4,1, 0x1084,5, 0x28C4,1, 0x3904,2, 0x28C4,1, 0x1084,2,
    0x28C4,1, 0x3904,2, 0x28C4,1, 0x1084,8, 0x28C4,1, 0x3904,2, 0x28C4,1, 0x1084,2,
    0x28C4,1, 0x3904,2, 0x28C4,1, 0x1084,2, 0x10A4,1, 0x18C5,33, 0x10A4,1, 0x1084,35,
    0x10A4,1, 0x18C5,38, 0x18C6,1, 0x10A4,26, 0x18C6,1, 0x18C5,24, 0x18C5,1482, 0x4125,1,
    0x6984,6, 0x4124,1, 0x18C5,62, 0x4125,1, 0x6984,6, 0x4124,1, 0x18C5,60, 0x4124,1,
    0x6984,2, 0xDC4D,1, 0xF572,4, 0xBB29,1, 0x4124,1, 0x18C5,60, 0x4124,1, 0x6984,3,
    0xBB29,2, 0xDC4D,2, 0xBB29,1, 0x4124,1, 0x18C5,60, 0x4124,1, 0x6984,3, 0xBB29,2,
    0xDC4D,2, 0xBB29,1, 0x4124,1, 0x18C5,63, 0x4125,1, 0x6984,1, 0xBB29,1, 0xDC4D,2,
    0xBB29,1, 0x4124,1, 0x18C5,63, 0x4125,1, 0x6984,1, 0xBB29,1, 0xDC4D,2, 0xBB29,1,
    0x6984,32, 0x18C5,32, 0x4125,1, 0x6984,1, 0xBB29,1, 0xDC4D,2, 0xBB29,1, 0x6984,32,
    0x18C5,29, 0x4124,1, 0x6984,2, 0xBB29,1, 0xF572,1, 0xDC4D,3, 0xBB29,1, 0x6984,1,
    0xF572,28, 0xDC4D,2, 0x6984,1, 0x18C5,29, 0x4124,1, 0x6984,2, 0xBB29,5, 0x6984,2,
    0xF572,1, 0xFE98,3, 0xDC4D,24, 0xBB29,2, 0x6984,1, 0x18C5,29, 0x4124,1, 0x6984,2,
    0xBB29,5, 0x6984,2, 0xF572,1, 0xFE98,3, 0xDC4D,24, 0xBB29,2, 0x6984,1, 0x4124,6,
    0x28E5,1, 0x18C5,24, 0x4125,1, 0x6984,7, 0xF572,1, 0xDC4D,27, 0xBB29,1, 0x6984,8,
    0x4125,1, 0x18C5,30, 0x6984,2, 0xF572,1, 0xDC4D,3, 0xFFFF,2, 0x1882,1, 0xDC4D,15,
    0xFFFF,2, 0x1882,1, 0xDC4D,3, 0xBB29,8, 0x6984,1, 0x69A5,1, 0x28E5,1, 0x18C5,29,
    0x6984,2, 0xF572,1, 0xDC4D,3, 0xFFFF,2, 0x1882,1, 0xDC4D,15, 0xFFFF,2, 0x1882,1,
    0xDC4D,3, 0xBB29,1, 0xDC4D,6, 0xBB29,1, 0x6984,2, 0x4124,1, 0x18C5,29, 0x6984,2,
    0xF572,1, 0xDC4D,3, 0x1882,3, 0xDC4D,15, 0x1882,3, 0xDC4D,3, 0xBB29,2, 0xDC4D,4,
    0xBB29,1, 0x6984,3, 0x4124,1, 0x18C5,29, 0x6984,2, 0xF572,1, 0xDC4D,3, 0x1882,3,
    0xDC4D,15, 0x1882,3, 0xDC4D,3, 0xBB29,2, 0xDC4D,4, 0xBB29,1, 0x69A5,1, 0x4125,2,
    0x28E5,1, 0x18C5,29, 0x6984,2, 0xF572,1, 0xDC4D,3, 0x1882,3, 0xDC4D,15, 0x1882,3,
    0xDC4D,3, 0xBB29,2, 0xDC4D,4, 0xBB29,1, 0x4125,1, 0x18C5,32, 0x6984,2, 0xF572,1,
    0xDC4D,3, 0x1882,3, 0xDC4D,15, 0x1882,3, 0xDC4D,3, 0xBB29,2, 0xDC4D,4, 0xBB29,1,
    0x4125,1, 0x18C5,32, 0x6984,2, 0xF572,1, 0xDC4D,27, 0xBB29,2, 0xDC4D,5, 0x7A48,1,
    0x4125,2, 0x28E5,1, 0x18C5,29, 0x6984,2, 0xF572,1, 0xDC4D,27, 0xBB29,6, 0xDC4D,1,
    0xBB29,1, 0x6984,2, 0x4124,1, 0x18C5,29, 0x6984,2, 0xF572,1, 0xDC4D,27, 0xBB29,9,
    0x6984,1, 0x4124,1, 0x18C5,29, 0x6984,2, 0xF572,1, 0xDC4D,27, 0xBB29,2, 0x6984,7,
    0x69A5,1, 0x28E5,1, 0x18C5,29, 0x6984,2, 0xF572,1, 0xDC4D,27, 0xBB29,2, 0x6984,1,
    0x4124,6, 0x28E5,1, 0x18C5,30, 0x6984,2, 0xDC4D,1, 0xBB29,29, 0x6984,1, 0x18C5,37,
    0x6984,2, 0xDC4D,1, 0xBB29,29, 0x6984,1, 0x18C5,37, 0x6984,2, 0xDC4D,1, 0xBB29,29,
    0x6984,1, 0x18C5,37, 0x6984,33, 0x18C5,40, 0xBB29,2, 0x6984,1, 0x18C5,3, 0xBB29,2,
    0x6984,1, 0x18C5,9, 0xBB29,2, 0x6984,1, 0x18C5,3, 0xBB29,2, 0x6984,1, 0x18C5,43,
    0xBB29,2, 0x6984,1, 0x18C5,3, 0xBB29,2, 0x6984,1, 0x18C5,9, 0xBB29,2, 0x6984,1,
    0x18C5,3, 0xBB29,2, 0x6984,1, 0x18C5,43, 0xBB29,2, 0x6984,1, 0x18C5,3, 0xBB29,2,
    0x6984,1, 0x18C5,9, 0xBB29,2, 0x6984,1, 0x18C5,3, 0xBB29,2, 0x6984,1, 0x18C5,43,
    0xBB29,2, 0x6984,1, 0x18C5,3, 0xBB29,2, 0x6984,1, 0x18C5,9, 0xBB29,2, 0x6984,1,
    0x18C5,3, 0xBB29,2, 0x6984,1, 0x18C5,43, 0x6984,3, 0x18C5,3, 0x6984,3, 0x18C5,9,
    0x6984,3, 0x18C5,3, 0x6984,3, 0x18C5,43, 0x6984,3, 0x18C5,3, 0x6984,3, 0x18C5,9,
    0x6984,3, 0x18C5,3, 0x6984,3, 0x18C5,38, 0x10A4,1, 0x1084,4, 0x3904,3, 0x1084,3,
    0x3904,3, 0x1084,9, 0x3904,3, 0x1084,3, 0x3904,3, 0x1084,4, 0x10A4,1, 0x18C5,33,
    0x10A4,1, 0x1084,35, 0x10A4,1, 0x18C5,38, 0x18C6,1, 0x10A4,26, 0x18C6,1, 0x18C5,21,
    0x18C5,1482, 0x4125,1, 0x6984,6, 0x4124,1, 0x18C5,62, 0x4125,1, 0x6984,6, 0x4124,1,
    0x18C5,60, 0x4124,1, 0x6984,2, 0xDC4D,1, 0xF572,4, 0xBB29,1, 0x4124,1, 0x18C5,60,
    0x4124,1, 0x6984,3, 0xBB29,2, 0xDC4D,2, 0xBB29,1, 0x4124,1, 0x18C5,60, 0x4124,1,
    0x6984,3, 0xBB29,2, 0xDC4D,2, 0xBB29,1, 0x4124,1, 0x18C5,63, 0x4125,1, 0x6984,1,
    0xBB29,1, 0xDC4D,2, 0xBB29,1, 0x4124,1, 0x18C5,63, 0x4125,1, 0x6984,1, 0xBB29,1,
    0xDC4D,2, 0xBB29,1, 0x6984,32, 0x18C5,32, 0x4125,1, 0x6984,1, 0xBB29,1, 0xDC4D,2,
    0xBB29,1, 0x6984,32, 0x18C5,29, 0x4124,1, 0x6984,2, 0xBB29,1, 0xF572,1, 0xDC4D,3,
    0xBB29,1, 0x6984,1, 0xF572,28, 0xDC4D,2, 0x6984,1, 0x18C5,29, 0x4124,1, 0x6984,2,
    0xBB29,5, 0x6984,2, 0xF572,1, 0xFE98,3, 0xDC4D,24, 0xBB29,2, 0x6984,1, 0x18C5,29,
    0x4124,1, 0x6984,2, 0xBB29,5, 0x6984,2, 0xF572,1, 0xFE98,3, 0xDC4D,24, 0xBB29,2,
    0x6984,1, 0x4124,6, 0x28E5,1, 0x18C5,24, 0x4125,1, 0x6984,7, 0xF572,1, 0xDC4D,27,
    0xBB29,1, 0x6984,8, 0x4125,1, 0x18C5,30, 0x6984,2, 0xF572,1, 0xDC4D,3, 0xFFFF,2,
    0x1882,1, 0xDC4D,15, 0xFFFF,2, 0x1882,1, 0xDC4D,3, 0xBB29,8, 0x6984,1, 0x69A5,1,
    0x28E5,1, 0x18C5,29, 0x6984,2, 0xF572,1, 0xDC4D,3, 0xFFFF,2, 0x1882,1, 0xDC4D,15,
    0xFFFF,2, 0x1882,1, 0xDC4D,3, 0xBB29,1, 0xDC4D,6, 0xBB29,1, 0x6984,2, 0x4124,1,
    0x18C5,29, 0x6984,2, 0xF572,1, 0xDC4D,3, 0x1882,3, 0xDC4D,15, 0x1882,3, 0xDC4D,3,
    0xBB29,2, 0xDC4D,4, 0xBB29,1, 0x6984,3, 0x4124,1, 0x18C5,29, 0x6984,2, 0xF572,1,
    0xDC4D,3, 0x1882,3, 0xDC4D,15, 0x1882,3, 0xDC4D,3, 0xBB29,2, 0xDC4D,4, 0xBB29,1,
    0x69A5,1, 0x4125,2, 0x28E5,1, 0x18C5,29, 0x6984,2, 0xF572,1, 0xDC4D,3, 0x1882,3,
    0xDC4D,15, 0x1882,3, 0xDC4D,3, 0xBB29,2, 0xDC4D,4, 0xBB29,1, 0x4125,1, 0x18C5,32,
    0x6984,2, 0xF572,1, 0xDC4D,3, 0x1882,3, 0xDC4D,15, 0x1882,3, 0xDC4D,3, 0xBB29,2,
    0xDC4D,4, 0xBB29,1, 0x4125,1, 0x18C5,32, 0x6984,2, 0xF572,1, 0xDC4D,27, 0xBB29,2,
    0xDC4D,5, 0x7A48,1, 0x4125,2, 0x28E5,1, 0x18C5,29, 0x6984,2, 0xF572,1, 0xDC4D,27,
    0xBB29,6, 0xDC4D,1, 0xBB29,1, 0x6984,2, 0x4124,1, 0x18C5,29, 0x6984,2, 0xF572,1,
    0xDC4D,27, 0xBB29,9, 0x6984,1, 0x4124,1, 0x18C5,29, 0x6984,2, 0xF572,1, 0xDC4D,27,
    0xBB29,2, 0x6984,7, 0x69A5,1, 0x28E5,1, 0x18C5,29, 0x6984,2, 0xF572,1, 0xDC4D,27,
    0xBB29,2, 0x6984,1, 0x4124,6, 0x28E5,1, 0x18C5,30, 0x6984,2, 0xDC4D,1, 0xBB29,29,
    0x6984,1, 0x18C5,37, 0x6984,2, 0xDC4D,1, 0xBB29,29, 0x6984,1, 0x18C5,37, 0x6984,2,
    0xDC4D,1, 0xBB29,29, 0x6984,1, 0x18C5,37, 0x6984,33, 0x18C5,40, 0xBB29,2, 0x6984,1,
    0x18C5,3, 0xBB29,2, 0x6984,1, 0x18C5,9, 0xBB29,2, 0x6984,1, 0x18C5,3, 0xBB29,2,
    0x6984,1, 0x18C5,43, 0xBB29,2, 0x6984,1, 0x18C5,3, 0xBB29,2, 0x6984,1, 0x18C5,9,
    0xBB29,2, 0x6984,1, 0x18C5,3, 0xBB29,2, 0x6984,1, 0x18C5,43, 0xBB29,2, 0x6984,1,
    0x18C5,3, 0xBB29,2, 0x6984,1, 0x18C5,9, 0xBB29,2, 0x6984,1, 0x18C5,3, 0xBB29,2,
    0x6984,1, 0x18C5,43, 0xBB29,2, 0x6984,1, 0x18C5,3, 0xBB29,2, 0x6984,1, 0x18C5,9,
    0xBB29,2, 0x6984,1, 0x18C5,3, 0xBB29,2, 0x6984,1, 0x18C5,43, 0x6984,3, 0x18C5,3,
    0x6984,3, 0x18C5,9, 0x6984,3, 0x18C5,3, 0x6984,3, 0x18C5,43, 0x6984,3, 0x18C5,3,
    0x6984,3, 0x18C5,9, 0x6984,3, 0x18C5,3, 0x6984,3, 0x18C5,38, 0x10A4,1, 0x1084,4,
    0x3904,3, 0x1084,3, 0x3904,3, 0x1084,9, 0x3904,3, 0x1084,3, 0x3904,3, 0x1084,4,
    0x10A4,1, 0x18C5,33, 0x10A4,1, 0x1084,35, 0x10A4,1, 0x18C5,38, 0x18C6,1, 0x10A4,26,
    0x18C6,1, 0x18C5,21, 0x18C5,1482, 0x4125,1, 0x6984,6, 0x4124,1, 0x18C5,62, 0x4125,1,
    0x6984,6, 0x4124,1, 0x18C5,60, 0x4124,1, 0x6984,2, 0xDC4D,1, 0xF572,4, 0xBB29,1,
    0x4124,1, 0x18C5,60, 0x4124,1, 0x6984,3, 0xBB29,2, 0xDC4D,2, 0xBB29,1, 0x4124,1,
    0x18C5,60, 0x4124,1, 0x6984,3, 0xBB29,2, 0xDC4D,2, 0xBB29,1, 0x4124,1, 0x18C5,63,
    0x4125,1, 0x6984,1, 0xBB29,1, 0xDC4D,2, 0xBB29,1, 0x4124,1, 0x18C5,63, 0x4125,1,
    0x6984,1, 0xBB29,1, 0xDC4D,2, 0xBB29,1, 0x6984,32, 0x18C5,32, 0x4125,1, 0x6984,1,
    0xBB29,1, 0xDC4D,2, 0xBB29,1, 0x6984,32, 0x18C5,29, 0x4124,1, 0x6984,2, 0xBB29,1,
    0xF572,1, 0xDC4D,3, 0xBB29,1, 0x6984,1, 0xF572,28, 0xDC4D,2, 0x6984,1, 0x18C5,29,
    0x4124,1, 0x6984,2, 0xBB29,5, 0x6984,2, 0xF572,1, 0xFE98,3, 0xDC4D,24, 0xBB29,2,
    0x6984,1, 0x18C5,29, 0x4124,1, 0x6984,2, 0xBB29,5, 0x6984,2, 0xF572,1, 0xFE98,3,
    0xDC4D,24, 0xBB29,2, 0x6984,1, 0x4124,6, 0x28E5,1, 0x18C5,24, 0x4125,1, 0x6984,7,
    0xF572,1, 0xDC4D,27, 0xBB29,1, 0x6984,8, 0x4125,1, 0x18C5,30, 0x6984,2, 0xF572,1,
    0xDC4D,3, 0xFFFF,2, 0x1882,1, 0xDC4D,15, 0xFFFF,2, 0x1882,1, 0xDC4D,3, 0xBB29,8,
    0x6984,1, 0x69A5,1, 0x28E5,1, 0x18C5,29, 0x6984,2, 0xF572,1, 0xDC4D,3, 0xFFFF,2,
    0x1882,1, 0xDC4D,15, 0xFFFF,2, 0x1882,1, 0xDC4D,3, 0xBB29,1, 0xDC4D,6, 0xBB29,1,
    0x6984,2, 0x4124,1, 0x18C5,29, 0x6984,2, 0xF572,1, 0xDC4D,3, 0x1882,3, 0xDC4D,15,
    0x1882,3, 0xDC4D,3, 0xBB29,2, 0xDC4D,4, 0xBB29,1, 0x6984,3, 0x4124,1, 0x18C5,29,
    0x6984,2, 0xF572,1, 0xDC4D,3, 0x1882,3, 0xDC4D,15, 0x1882,3, 0xDC4D,3, 0xBB29,2,
    0xDC4D,4, 0xBB29,1, 0x69A5,1, 0x4125,2, 0x28E5,1, 0x18C5,29, 0x6984,2, 0xF572,1,
    0xDC4D,3, 0x1882,3, 0xDC4D,15, 0x1882,3, 0xDC4D,3, 0xBB29,2, 0xDC4D,4, 0xBB29,1,
    0x4125,1, 0x18C5,32, 0x6984,2, 0xF572,1, 0xDC4D,3, 0x1882,3, 0xDC4D,15, 0x1882,3,
    0xDC4D,3, 0xBB29,2, 0xDC4D,4, 0xBB29,1, 0x4125,1, 0x18C5,32, 0x6984,2, 0xF572,1,
    0xDC4D,27, 0xBB29,2, 0xDC4D,5, 0x7A48,1, 0x4125,2, 0x28E5,1, 0x18C5,29, 0x6984,2,
    0xF572,1, 0xDC4D,27, 0xBB29,6, 0xDC4D,1, 0xBB29,1, 0x6984,2, 0x4124,1, 0x18C5,29,
    0x6984,2, 0xF572,1, 0xDC4D,27, 0xBB29,9, 0x6984,1, 0x4124,1, 0x18C5,29, 0x6984,2,
    0xF572,1, 0xDC4D,27, 0xBB29,2, 0x6984,7, 0x69A5,1, 0x28E5,1, 0x18C5,29, 0x6984,2,
    0xF572,1, 0xDC4D,27, 0xBB29,2, 0x6984,1, 0x4124,6, 0x28E5,1, 0x18C5,30, 0x6984,2,
    0xDC4D,1, 0xBB29,29, 0x6984,1, 0x18C5,37, 0x6984,2, 0xDC4D,1, 0xBB29,29, 0x6984,1,
    0x18C5,37, 0x6984,2, 0xDC4D,1, 0xBB29,29, 0x6984,1, 0x18C5,37, 0x6984,33, 0x18C5,40,
    0xBB29,2, 0x6984,1, 0x18C5,3, 0xBB29,2, 0x6984,1, 0x18C5,9, 0xBB29,2, 0x6984,1,
    0x18C5,3, 0xBB29,2, 0x6984,1, 0x18C5,43, 0xBB29,2, 0x6984,1, 0x18C5,3, 0xBB29,2,
    0x6984,1, 0x18C5,9, 0xBB29,2, 0x6984,1, 0x18C5,3, 0xBB29,2, 0x6984,1, 0x18C5,43,
    0xBB29,2, 0x6984,1, 0x18C5,3, 0xBB29,2, 0x6984,1, 0x18C5,9, 0xBB29,2, 0x6984,1,
    0x18C5,3, 0xBB29,2, 0x6984,1, 0x18C5,43, 0xBB29,2, 0x6984,1, 0x18C5,3, 0xBB29,2,
    0x6984,1, 0x18C5,9, 0xBB29,2, 0x6984,1, 0x18C5,3, 0xBB29,2, 0x6984,1, 0x18C5,43,
    0x6984,3, 0x18C5,3, 0x6984,3, 0x18C5,9, 0x6984,3, 0x18C5,3, 0x6984,3, 0x18C5,43,
    0x6984,3, 0x18C5,3, 0x6984,3, 0x18C5,9, 0x6984,3, 0x18C5,3, 0x6984,3, 0x18C5,38,
    0x10A4,1, 0x1084,4, 0x3904,3, 0x1084,3, 0x3904,3, 0x1084,9, 0x3904,3, 0x1084,3,
    0x3904,3, 0x1084,4, 0x10A4,1, 0x18C5,33, 0x10A4,1, 0x1084,35, 0x10A4,1, 0x18C5,38,
    0x18C6,1, 0x10A4,26, 0x18C6,1, 0x18C5,21, 0x18C5,1482, 0x4125,1, 0x6984,6, 0x4124,1,
    0x18C5,62, 0x4125,1, 0x6984,6, 0x4124,1, 0x18C5,60, 0x4124,1, 0x6984,2, 0xDC4D,1,
    0xF572,4, 0xBB29,1, 0x4124,1, 0x18C5,60, 0x4124,1, 0x6984,3, 0xBB29,2, 0xDC4D,2,
    0xBB29,1, 0x4124,1, 0x18C5,60, 0x4124,1, 0x6984,3, 0xBB29,2, 0xDC4D,2, 0xBB29,1,
    0x4124,1, 0x18C5,63, 0x4125,1, 0x6984,1, 0xBB29,1, 0xDC4D,2, 0xBB29,1, 0x4124,1,
    0x18C5,63, 0x4125,1, 0x6984,1, 0xBB29,1, 0xDC4D,2, 0xBB29,1, 0x6984,32, 0x18C5,32,
    0x4125,1, 0x6984,1, 0xBB29,1, 0xDC4D,2, 0xBB29,1, 0x6984,32, 0x18C5,29, 0x4124,1,
    0x6984,2, 0xBB29,1, 0xF572,1, 0xDC4D,3, 0xBB29,1, 0x6984,1, 0xF572,28, 0xDC4D,2,
    0x6984,1, 0x18C5,29, 0x4124,1, 0x6984,2, 0xBB29,5, 0x6984,2, 0xF572,1, 0xFE98,3,
    0xDC4D,24, 0xBB29,2, 0x6984,1, 0x18C5,29, 0x4124,1, 0x6984,2, 0xBB29,5, 0x6984,2,
    0xF572,1, 0xFE98,3, 0xDC4D,24, 0xBB29,2, 0x6984,1, 0x4124,6, 0x28E5,1, 0x18C5,24,
    0x4125,1, 0x6984,7, 0xF572,1, 0xDC4D,27, 0xBB29,1, 0x6984,8, 0x4125,1, 0x18C5,30,
    0x6984,2, 0xF572,1, 0xDC4D,3, 0xFFFF,2, 0x1882,1, 0xDC4D,15, 0xFFFF,2, 0x1882,1,
    0xDC4D,3, 0xBB29,8, 0x6984,1, 0x69A5,1, 0x28E5,1, 0x18C5,29, 0x6984,2, 0xF572,1,
    0xDC4D,3, 0xFFFF,2, 0x1882,1, 0xDC4D,15, 0xFFFF,2, 0x1882,1, 0xDC4D,3, 0xBB29,1,
    0xDC4D,6, 0xBB29,1, 0x6984,2, 0x4124,1, 0x18C5,29, 0x6984,2, 0xF572,1, 0xDC4D,3,
    0x1882,3, 0xDC4D,15, 0x1882,3, 0xDC4D,3, 0xBB29,2, 0xDC4D,4, 0xBB29,1, 0x6984,3,
    0x4124,1, 0x18C5,29, 0x6984,2, 0xF572,1, 0xDC4D,3, 0x1882,3, 0xDC4D,15, 0x1882,3,
    0xDC4D,3, 0xBB29,2, 0xDC4D,4, 0xBB29,1, 0x69A5,1, 0x4125,2, 0x28E5,1, 0x18C5,29,
    0x6984,2, 0xF572,1, 0xDC4D,3, 0x1882,3, 0xDC4D,15, 0x1882,3, 0xDC4D,3, 0xBB29,2,
    0xDC4D,4, 0xBB29,1, 0x4125,1, 0x18C5,32, 0x6984,2, 0xF572,1, 0xDC4D,3, 0x1882,3,
    0xDC4D,15, 0x1882,3, 0xDC4D,3, 0xBB29,2, 0xDC4D,4, 0xBB29,1, 0x4125,1, 0x18C5,32,
    0x6984,2, 0xF572,1, 0xDC4D,27, 0xBB29,2, 0xDC4D,5, 0x7A48,1, 0x4125,2, 0x28E5,1,
    0x18C5,29, 0x6984,2, 0xF572,1, 0xDC4D,27, 0xBB29,6, 0xDC4D,1, 0xBB29,1, 0x6984,2,
    0x4124,1, 0x18C5,29, 0x6984,2, 0xF572,1, 0xDC4D,27, 0xBB29,9, 0x6984,1, 0x4124,1,
    0x18C5,29, 0x6984,2, 0xF572,1, 0xDC4D,27, 0xBB29,2, 0x6984,7, 0x69A5,1, 0x28E5,1,
    0x18C5,29, 0x6984,2, 0xF572,1, 0xDC4D,27, 0xBB29,2, 0x6984,1, 0x4124,6, 0x28E5,1,
    0x18C5,30, 0x6984,2, 0xDC4D,1, 0xBB29,29, 0x6984,1, 0x18C5,37, 0x6984,2, 0xDC4D,1,
    0xBB29,29, 0x6984,1, 0x18C5,37, 0x6984,2, 0xDC4D,1, 0xBB29,29, 0x6984,1, 0x18C5,37,
    0x6984,33, 0x18C5,40, 0xBB29,2, 0x6984,1, 0x18C5,3, 0xBB29,2, 0x6984,1, 0x18C5,9,
    0xBB29,2, 0x6984,1, 0x18C5,3, 0xBB29,2, 0x6984,1, 0x18C5,43, 0xBB29,2, 0x6984,1,
    0x18C5,3, 0xBB29,2, 0x6984,1, 0x18C5,9, 0xBB29,2, 0x6984,1, 0x18C5,3, 0xBB29,2,
    0x6984,1, 0x18C5,43, 0xBB29,2, 0x6984,1, 0x18C5,3, 0xBB29,2, 0x6984,1, 0x18C5,9,
    0xBB29,2, 0x6984,1, 0x18C5,3, 0xBB29,2, 0x6984,1, 0x18C5,43, 0xBB29,2, 0x6984,1,
    0x18C5,3, 0xBB29,2, 0x6984,1, 0x18C5,9, 0xBB29,2, 0x6984,1, 0x18C5,3, 0xBB29,2,
    0x6984,1, 0x18C5,43, 0x6984,3, 0x18C5,3, 0x6984,3, 0x18C5,9, 0x6984,3, 0x18C5,3,
    0x6984,3, 0x18C5,43, 0x6984,3, 0x18C5,3, 0x6984,3, 0x18C5,9, 0x6984,3, 0x18C5,3,
    0x6984,3, 0x18C5,38, 0x10A4,1, 0x1084,4, 0x3904,3, 0x1084,3, 0x3904,3, 0x1084,9,
    0x3904,3, 0x1084,3, 0x3904,3, 0x1084,4, 0x10A4,1, 0x18C5,33, 0x10A4,1, 0x1084,35,
    0x10A4,1, 0x18C5,38, 0x18C6,1, 0x10A4,26, 0x18C6,1, 0x18C5,21, 0x18C5,1487, 0x6984,7,
    0x18C5,63, 0x6984,7, 0x18C5,61, 0x6984,2, 0xBB29,1, 0xF572,5, 0x6984,1, 0x18C5,61,
    0x6984,3, 0xBB29,2, 0xDC4D,3, 0x6984,1, 0x18C5,61, 0x6984,3, 0xBB29,2, 0xDC4D,3,
    0x6984,1, 0x18C5,64, 0x6984,2, 0xDC4D,3, 0x6984,1, 0x18C5,64, 0x6984,2, 0xDC4D,3,
    0x6984,1, 0x4125,1, 0x6984,32, 0x4124,1, 0x18C5,30, 0x6984,2, 0xDC4D,3, 0x6984,1,
    0x4125,1, 0x6984,32, 0x4124,1, 0x18C5,27, 0x6984,3, 0xF572,2, 0xDC4D,3, 0x6984,1,
    0x4125,1, 0xBB29,1, 0xF572,28, 0xDC4D,1, 0x6984,2, 0x4124,1, 0x18C5,27, 0x6984,2,
    0xBB29,6, 0x6984,1, 0x4125,1, 0xDC4D,1, 0xFE98,2, 0xF572,1, 0xDC4D,25, 0xBB29,1,
    0x6984,2, 0x4124,1, 0x18C5,27, 0x6984,2, 0xBB29,6, 0x6984,1, 0x4125,1, 0xDC4D,1,
    0xFE98,2, 0xF572,1, 0xDC4D,25, 0xBB29,1, 0x6984,2, 0x5144,1, 0x4124,4, 0x18C5,25,
    0x6984,7, 0xBB29,1, 0xDC4D,27, 0xBB29,2, 0x6984,8, 0x18C5,30, 0x4124,1, 0x6984,1,
    0xBB29,1, 0xDC4D,5, 0xFFFF,2, 0x1882,1, 0xDC4D,15, 0xFFFF,2, 0x1882,1, 0xDC4D,1,
    0xBB29,8, 0x6984,2, 0x4125,1, 0x18C5,29, 0x4124,1, 0x6984,1, 0xBB29,1, 0xDC4D,5,
    0xFFFF,2, 0x1882,1, 0xDC4D,15, 0xFFFF,2, 0x1882,1, 0xDC4D,1, 0xBB29,2, 0xDC4D,6,
    0x6984,3, 0x18C5,29, 0x4124,1, 0x6984,1, 0xBB29,1, 0xDC4D,5, 0x1882,3, 0xDC4D,15,
    0x1882,3, 0xDC4D,1, 0xBB29,2, 0xDC4D,5, 0xBB29,1, 0x6984,3, 0x18C5,29, 0x4124,1,
    0x6984,1, 0xBB29,1, 0xDC4D,5, 0x1882,3, 0xDC4D,15, 0x1882,3, 0xDC4D,1, 0xBB29,2,
    0xDC4D,5, 0x6984,1, 0x4125,3, 0x18C5,29, 0x4124,1, 0x6984,1, 0xBB29,1, 0xDC4D,5,
    0x1882,3, 0xDC4D,15, 0x1882,3, 0xDC4D,1, 0xBB29,2, 0xDC4D,5, 0x6984,1, 0x18C5,32,
    0x4124,1, 0x6984,1, 0xBB29,1, 0xDC4D,5, 0x1882,3, 0xDC4D,15, 0x1882,3, 0xDC4D,1,
    0xBB29,2, 0xDC4D,5, 0x6984,1, 0x18C5,32, 0x4124,1, 0x6984,1, 0xBB29,1, 0xDC4D,27,
    0xBB29,2, 0xDC4D,5, 0xBB29,1, 0x4125,3, 0x18C5,29, 0x4124,1, 0x6984,1, 0xBB29,1,
    0xDC4D,27, 0xBB29,7, 0xDC4D,1, 0x6984,3, 0x18C5,29, 0x4124,1, 0x6984,1, 0xBB29,1,
    0xDC4D,27, 0xBB29,10, 0x6984,1, 0x18C5,29, 0x4124,1, 0x6984,1, 0xBB29,1, 0xDC4D,27,
    0xBB29,2, 0x6984,8, 0x4125,1, 0x18C5,29, 0x5165,1, 0x6984,1, 0xBB29,1, 0xDC4D,27,
    0xBB29,2, 0x6984,1, 0x5144,1, 0x4124,6, 0x18C5,30, 0x69A5,1, 0x6984,2, 0xBB29,29,
    0x6984,1, 0x4125,1, 0x18C5,36, 0x69A5,1, 0x6984,2, 0xBB29,29, 0x6984,1, 0x4125,1,
    0x18C5,36, 0x69A5,1, 0x6984,2, 0xBB29,29, 0x6984,1, 0x4125,1, 0x18C5,36, 0x69A5,1,
    0x6984,32, 0x4125,1, 0x18C5,36, 0x69E7,1, 0xBB29,1, 0x6984,1, 0x4124,1, 0x18C5,2,
    0x69E7,1, 0xBB29,1, 0x6984,1, 0x4124,1, 0x18C5,8, 0x69E7,1, 0xBB29,1, 0x6984,1,
    0x4124,1, 0x18C5,2, 0x69E7,1, 0xBB29,1, 0x6984,1, 0x4124,1, 0x18C5,42, 0x69E7,1,
    0xBB29,1, 0x6984,1, 0x4124,1, 0x18C5,2, 0x69E7,1, 0xBB29,1, 0x6984,1, 0x4124,1,
    0x18C5,8, 0x69E7,1, 0xBB29,1, 0x6984,1, 0x4124,1, 0x18C5,2, 0x69E7,1, 0xBB29,1,
    0x6984,1, 0x4124,1, 0x18C5,42, 0x69E7,1, 0xBB29,1, 0x6984,1, 0x4124,1, 0x18C5,2,
    0x69E7,1, 0xBB29,1, 0x6984,1, 0x4124,1, 0x18C5,8, 0x69E7,1, 0xBB29,1, 0x6984,1,
    0x4124,1, 0x18C5,2, 0x69E7,1, 0xBB29,1, 0x6984,1, 0x4124,1, 0x18C5,42, 0x69E7,1,
    0xBB29,1, 0x6984,1, 0x4124,1, 0x18C5,2, 0x69E7,1, 0xBB29,1, 0x6984,1, 0x4124,1,
    0x18C5,8, 0x69E7,1, 0xBB29,1, 0x6984,1, 0x4124,1, 0x18C5,2, 0x69E7,1, 0xBB29,1,
    0x6984,1, 0x4124,1, 0x18C5,42, 0x5186,1, 0x6984,2, 0x4124,1, 0x18C5,2, 0x5186,1,
    0x6984,2, 0x4124,1, 0x18C5,8, 0x5186,1, 0x6984,2, 0x4124,1, 0x18C5,2, 0x5186,1,
    0x6984,2, 0x4124,1, 0x18C5,42, 0x4124,1, 0x6984,2, 0x4124,1, 0x18C5,2, 0x4124,1,
    0x6984,2, 0x4124,1, 0x18C5,8, 0x4124,1, 0x6984,2, 0x4124,1, 0x18C5,2, 0x4124,1,
    0x6984,2, 0x4124,1, 0x18C5,41, 0x1084,1, 0x28C4,1, 0x3904,2, 0x28C4,1, 0x1084,2,
    0x28C4,1, 0x3904,2, 0x28C4,1, 0x1084,8, 0x28C4,1, 0x3904,2, 0x28C4,1, 0x1084,2,
    0x28C4,1, 0x3904,2, 0x28C4,1, 0x1084,7, 0x18C5,34, 0x1084,36, 0x18C5,39, 0x10A4,27,
    0x18C5,17, 0x18C5,1488, 0x4125,1, 0x6984,6, 0x4124,1, 0x18C5,62, 0x4125,1, 0x6984,6,
    0x4124,1, 0x18C5,60, 0x4124,1, 0x6984,2, 0xDC4D,1, 0xF572,4, 0xBB29,1, 0x4124,1,
    0x18C5,60, 0x4124,1, 0x6984,3, 0xBB29,2, 0xDC4D,2, 0xBB29,1, 0x4124,1, 0x18C5,60,
    0x4124,1, 0x6984,3, 0xBB29,2, 0xDC4D,2, 0xBB29,1, 0x4124,1, 0x18C5,63, 0x4125,1,
    0x6984,1, 0xBB29,1, 0xDC4D,2, 0xBB29,1, 0x4124,1, 0x18C5,63, 0x4125,1, 0x6984,1,
    0xBB29,1, 0xDC4D,2, 0xBB29,1, 0x4124,1, 0x6984,33, 0x18C5,30, 0x4125,1, 0x6984,1,
    0xBB29,1, 0xDC4D,2, 0xBB29,1, 0x4124,1, 0x6984,33, 0x18C5,27, 0x4124,1, 0x6984,2,
    0xBB29,1, 0xF572,1, 0xDC4D,3, 0xBB29,1, 0x4124,1, 0x6984,1, 0xF572,29, 0xBB29,1,
    0x6984,2, 0x18C5,27, 0x4124,1, 0x6984,2, 0xBB29,5, 0x6984,1, 0x4124,1, 0x6984,1,
    0xFE98,3, 0xDC4D,26, 0xBB29,1, 0x6984,2, 0x18C5,27, 0x4124,1, 0x6984,2, 0xBB29,5,
    0x6984,1, 0x4124,1, 0x6984,1, 0xFE98,3, 0xDC4D,25, 0xBB29,1, 0x6984,3, 0x4124,4,
    0x28E5,1, 0x18C5,24, 0x4125,1, 0x6984,7, 0xF572,1, 0xDC4D,27, 0xBB29,1, 0x6984,8,
    0x4125,1, 0x18C5,30, 0x6984,2, 0xF572,1, 0xDC4D,27, 0xBB29,8, 0x6984,1, 0x69A5,1,
    0x28E5,1, 0x18C5,29, 0x6984,2, 0xF572,1, 0xDC4D,27, 0xBB29,1, 0xDC4D,6, 0xBB29,1,
    0x6984,2, 0x4124,1, 0x18C5,29, 0x6984,2, 0xF572,1, 0xDC4D,27, 0xBB29,2, 0xDC4D,4,
    0xBB29,1, 0x6984,3, 0x4124,1, 0x18C5,29, 0x6984,2, 0xF572,1, 0xDC4D,27, 0xBB29,2,
    0xDC4D,4, 0xBB29,1, 0x69A5,1, 0x4125,2, 0x28E5,1, 0x18C5,29, 0x6984,2, 0xF572,1,
    0xDC4D,6, 0x6984,3, 0xDC4D,15, 0x6984,3, 0xBB29,2, 0xDC4D,4, 0xBB29,1, 0x4125,1,
    0x18C5,32, 0x6984,2, 0xF572,1, 0xDC4D,6, 0x1882,3, 0xDC4D,15, 0x1882,3, 0xBB29,2,
    0xDC4D,4, 0xBB29,1, 0x4125,1, 0x18C5,32, 0x6984,2, 0xF572,1, 0xDC4D,6, 0x6984,3,
    0xDC4D,15, 0x6984,3, 0xBB29,2, 0xDC4D,5, 0x7A48,1, 0x4125,2, 0x28E5,1, 0x18C5,29,
    0x6984,2, 0xF572,1, 0xDC4D,27, 0xBB29,6, 0xDC4D,1, 0xBB29,1, 0x6984,2, 0x4124,1,
    0x18C5,29, 0x6984,2, 0xF572,1, 0xDC4D,27, 0xBB29,9, 0x6984,1, 0x4124,1, 0x18C5,29,
    0x6984,2, 0xF572,1, 0xDC4D,27, 0xBB29,2, 0x6984,7, 0x69A5,1, 0x28E5,1, 0x18C5,29,
    0x6984,2, 0xF572,1, 0xDC4D,27, 0xBB29,2, 0x6984,1, 0x4124,6, 0x28E5,1, 0x18C5,30,
    0x6984,2, 0xBB29,30, 0x6984,1, 0x18C5,37, 0x6984,2, 0xBB29,30, 0x6984,1, 0x18C5,37,
    0x6984,2, 0xBB29,30, 0x6984,1, 0x18C5,37, 0x6984,33, 0x18C5,37, 0xBB29,2, 0x6984,1,
    0x18C5,3, 0xBB29,2, 0x6984,1, 0x18C5,9, 0xBB29,2, 0x6984,1, 0x18C5,3, 0xBB29,2,
    0x6984,1, 0x18C5,43, 0xBB29,2, 0x6984,1, 0x18C5,3, 0xBB29,2, 0x6984,1, 0x18C5,9,
    0xBB29,2, 0x6984,1, 0x18C5,3, 0xBB29,2, 0x6984,1, 0x18C5,43, 0xBB29,2, 0x6984,1,
    0x18C5,3, 0xBB29,2, 0x6984,1, 0x18C5,9, 0xBB29,2, 0x6984,1, 0x18C5,3, 0xBB29,2,
    0x6984,1, 0x18C5,43, 0xBB29,2, 0x6984,1, 0x18C5,3, 0xBB29,2, 0x6984,1, 0x18C5,9,
    0xBB29,2, 0x6984,1, 0x18C5,3, 0xBB29,2, 0x6984,1, 0x18C5,43, 0x6984,3, 0x18C5,3,
    0x6984,3, 0x18C5,9, 0x6984,3, 0x18C5,3, 0x6984,3, 0x18C5,43, 0x6984,3, 0x18C5,3,
    0x6984,3, 0x18C5,9, 0x6984,3, 0x18C5,3, 0x6984,3, 0x18C5,41, 0x10A4,1, 0x1084,1,
    0x3904,3, 0x1084,3, 0x3904,3, 0x1084,9, 0x3904,3, 0x1084,3, 0x3904,3, 0x1084,7,
    0x10A4,1, 0x18C5,33, 0x10A4,1, 0x1084,35, 0x10A4,1, 0x18C5,38, 0x18C6,1, 0x10A4,26,
    0x18C6,1, 0x18C5,15, 0x18C5,1488, 0x4125,1, 0x6984,6, 0x4124,1, 0x18C5,62, 0x4125,1,
    0x6984,6, 0x4124,1, 0x18C5,60, 0x4124,1, 0x6984,2, 0xDC4D,1, 0xF572,4, 0xBB29,1,
    0x4124,1, 0x18C5,60, 0x4124,1, 0x6984,3, 0xBB29,2, 0xDC4D,2, 0xBB29,1, 0x4124,1,
    0x18C5,60, 0x4124,1, 0x6984,3, 0xBB29,2, 0xDC4D,2, 0xBB29,1, 0x4124,1, 0x18C5,63,
    0x4125,1, 0x6984,1, 0xBB29,1, 0xDC4D,2, 0xBB29,1, 0x4124,1, 0x18C5,63, 0x4125,1,
    0x6984,1, 0xBB29,1, 0xDC4D,2, 0xBB29,1, 0x4124,1, 0x6984,12, 0xFE00,3, 0x6984,18,
    0x18C5,30, 0x4125,1, 0x6984,1, 0xBB29,1, 0xDC4D,2, 0xBB29,1, 0x4124,1, 0x6984,12,
    0xFE00,3, 0x6984,18, 0x18C5,27, 0x4124,1, 0x6984,2, 0xBB29,1, 0xF572,1, 0xDC4D,3,
    0xBB29,1, 0x4124,1, 0x6984,1, 0xF572,9, 0xFE00,2, 0xF572,3, 0xFE00,1, 0xF572,14,
    0xBB29,1, 0x6984,2, 0x18C5,27, 0x4124,1, 0x6984,2, 0xBB29,5, 0x6984,1, 0x4124,1,
    0x6984,1, 0xFE98,3, 0xDC4D,11, 0xFE00,1, 0xDC4D,14, 0xBB29,1, 0x6984,2, 0x18C5,27,
    0x4124,1, 0x6984,2, 0xBB29,5, 0x6984,1, 0x4124,1, 0x6984,1, 0xFE98,3, 0xDC4D,11,
    0xFE00,1, 0xDC4D,13, 0xBB29,1, 0x6984,3, 0x4124,4, 0x28E5,1, 0x18C5,24, 0x4125,1,
    0x6984,7, 0xF572,1, 0xDC4D,12, 0xFE00,2, 0xDC4D,13, 0xBB29,1, 0x6984,8, 0x4125,1,
    0x18C5,30, 0x6984,2, 0xF572,1, 0xDC4D,6, 0xFFFF,2, 0x1882,1, 0xDC4D,2, 0xFE00,1,
    0xDC4D,12, 0xFFFF,2, 0x1882,1, 0xBB29,8, 0x6984,1, 0x69A5,1, 0x28E5,1, 0x18C5,29,
    0x6984,2, 0xF572,1, 0xDC4D,6, 0xFFFF,2, 0x1882,1, 0xDC4D,2, 0xFE00,1, 0xDC4D,12,
    0xFFFF,2, 0x1882,1, 0xBB29,1, 0xDC4D,6, 0xBB29,1, 0x6984,2, 0x4124,1, 0x18C5,29,
    0x6984,2, 0xF572,1, 0xDC4D,6, 0x1882,3, 0xDC4D,15, 0x1882,3, 0xBB29,2, 0xDC4D,4,
    0xBB29,1, 0x6984,3, 0x4124,1, 0x18C5,29, 0x6984,2, 0xF572,1, 0xDC4D,6, 0x1882,3,
    0xDC4D,2, 0xFE00,1, 0xDC4D,12, 0x1882,3, 0xBB29,2, 0xDC4D,4, 0xBB29,1, 0x69A5,1,
    0x4125,2, 0x28E5,1, 0x18C5,29, 0x6984,2, 0xF572,1, 0xDC4D,6, 0x1882,3, 0xDC4D,2,
    0xFE00,1, 0xDC4D,12, 0x1882,3, 0xBB29,2, 0xDC4D,4, 0xBB29,1, 0x4125,1, 0x18C5,32,
    0x6984,2, 0xF572,1, 0xDC4D,6, 0x1882,3, 0xDC4D,15, 0x1882,3, 0xBB29,2, 0xDC4D,4,
    0xBB29,1, 0x4125,1, 0x18C5,32, 0x6984,2, 0xF572,1, 0xDC4D,27, 0xBB29,2, 0xDC4D,5,
    0x7A48,1, 0x4125,2, 0x28E5,1, 0x18C5,29, 0x6984,2, 0xF572,1, 0xDC4D,27, 0xBB29,6,
    0xDC4D,1, 0xBB29,1, 0x6984,2, 0x4124,1, 0x18C5,29, 0x6984,2, 0xF572,1, 0xDC4D,27,
    0xBB29,9, 0x6984,1, 0x4124,1, 0x18C5,29, 0x6984,2, 0xF572,1, 0xDC4D,27, 0xBB29,2,
    0x6984,7, 0x69A5,1, 0x28E5,1, 0x18C5,29, 0x6984,2, 0xF572,1, 0xDC4D,27, 0xBB29,2,
    0x6984,1, 0x4124,6, 0x28E5,1, 0x18C5,30, 0x6984,2, 0xBB29,30, 0x6984,1, 0x18C5,37,
    0x6984,2, 0xBB29,30, 0x6984,1, 0x18C5,37, 0x6984,2, 0xBB29,30, 0x6984,1, 0x18C5,37,
    0x6984,33, 0x18C5,37, 0xBB29,2, 0x6984,1, 0x18C5,3, 0xBB29,2, 0x6984,1, 0x18C5,9,
    0xBB29,2, 0x6984,1, 0x18C5,3, 0xBB29,2, 0x6984,1, 0x18C5,43, 0xBB29,2, 0x6984,1,
    0x18C5,3, 0xBB29,2, 0x6984,1, 0x18C5,9, 0xBB29,2, 0x6984,1, 0x18C5,3, 0xBB29,2,
    0x6984,1, 0x18C5,43, 0xBB29,2, 0x6984,1, 0x18C5,3, 0xBB29,2, 0x6984,1, 0x18C5,9,
    0xBB29,2, 0x6984,1, 0x18C5,3, 0xBB29,2, 0x6984,1, 0x18C5,43, 0xBB29,2, 0x6984,1,
    0x18C5,3, 0xBB29,2, 0x6984,1, 0x18C5,9, 0xBB29,2, 0x6984,1, 0x18C5,3, 0xBB29,2,
    0x6984,1, 0x18C5,43, 0x6984,3, 0x18C5,3, 0x6984,3, 0x18C5,9, 0x6984,3, 0x18C5,3,
    0x6984,3, 0x18C5,43, 0x6984,3, 0x18C5,3, 0x6984,3, 0x18C5,9, 0x6984,3, 0x18C5,3,
    0x6984,3, 0x18C5,41, 0x10A4,1, 0x1084,1, 0x3904,3, 0x1084,3, 0x3904,3, 0x1084,9,
    0x3904,3, 0x1084,3, 0x3904,3, 0x1084,7, 0x10A4,1, 0x18C5,33, 0x10A4,1, 0x1084,35,
    0x10A4,1, 0x18C5,38, 0x18C6,1, 0x10A4,26, 0x18C6,1, 0x18C5,15, 0x18C5,1156, 0x5204,1,
    0x8B63,5, 0x5204,1, 0x18C5,63, 0x8B63,1, 0xFE00,5, 0x8B63,1, 0x18C5,63, 0x8B63,1,
    0xFE00,5, 0x8B63,1, 0x18C5,61, 0x5204,1, 0x8B63,1, 0xC4A2,2, 0x8B63,2, 0xC4A2,1,
    0xFE00,1, 0xC4A2,1, 0x5204,1, 0x18C5,60, 0x8B63,1, 0xFE00,2, 0x8B63,1, 0x18C5,2,
    0x8B63,1, 0xFE00,2, 0x8B63,1, 0x18C5,44, 0x4125,1, 0x6984,6, 0x4124,1, 0x18C5,8,
    0x8B63,1, 0xFE00,2, 0x8B63,1, 0x18C5,2, 0x8B63,1, 0xFE00,2, 0x8B63,1, 0x18C5,44,
    0x4125,1, 0x6984,6, 0x4124,1, 0x18C5,8, 0x5204,1, 0x8B63,2, 0x5204,1, 0x18C5,2,
    0x8B63,1, 0xFE00,2, 0x8B63,1, 0x18C5,42, 0x4124,1, 0x6984,2, 0xDC4D,1, 0xF572,4,
    0xBB29,1, 0x4124,1, 0x18C5,14, 0x8B63,1, 0xFE00,2, 0x8B63,1, 0x18C5,42, 0x4124,1,
    0x6984,3, 0xBB29,2, 0xDC4D,2, 0xBB29,1, 0x4124,1, 0x18C5,13, 0x5204,1, 0xC4A2,1,
    0xFE00,1, 0xC4A2,1, 0x5204,1, 0x18C5,42, 0x4124,1, 0x6984,3, 0xBB29,2, 0xDC4D,2,
    0xBB29,1, 0x4124,1, 0x18C5,13, 0x8B63,1, 0xFE00,2, 0x8B63,1, 0x18C5,46, 0x4125,1,
    0x6984,1, 0xBB29,1, 0xDC4D,2, 0xBB29,1, 0x4124,1, 0x18C5,13, 0x8B63,1, 0xFE00,2,
    0x8B63,1, 0x18C5,46, 0x4125,1, 0x6984,1, 0xBB29,1, 0xDC4D,2, 0xBB29,1, 0x4124,1,
    0x6984,12, 0xBB29,1, 0xFE00,2, 0xBB29,1, 0x6984,17, 0x18C5,30, 0x4125,1, 0x6984,1,
    0xBB29,1, 0xDC4D,2, 0xBB29,1, 0x4124,1, 0x6984,11, 0xBB29,1, 0xFE00,2, 0xBB29,1,
    0x6984,18, 0x18C5,27, 0x4124,1, 0x6984,2, 0xBB29,1, 0xF572,1, 0xDC4D,3, 0xBB29,1,
    0x4124,1, 0x6984,1, 0xF572,10, 0xDC4D,1, 0xFE00,2, 0xDC4D,1, 0xF572,15, 0xBB29,1,
    0x6984,2, 0x18C5,27, 0x4124,1, 0x6984,2, 0xBB29,5, 0x6984,1, 0x4124,1, 0x6984,1,
    0xFE98,3, 0xDC4D,8, 0xFE00,2, 0xDC4D,16, 0xBB29,1, 0x6984,2, 0x18C5,27, 0x4124,1,
    0x6984,2, 0xBB29,5, 0x6984,1, 0x4124,1, 0x6984,1, 0xFE98,3, 0xDC4D,8, 0xFE00,2,
    0xDC4D,15, 0xBB29,1, 0x6984,3, 0x4124,4, 0x28E5,1, 0x18C5,24, 0x4125,1, 0x6984,7,
    0xF572,1, 0xDC4D,10, 0xFE00,4, 0xDC4D,13, 0xBB29,1, 0x6984,8, 0x4125,1, 0x18C5,30,
    0x6984,2, 0xF572,1, 0xDC4D,6, 0xFFFF,2, 0x1882,1, 0xDC4D,1, 0xFE00,4, 0xDC4D,10,
    0xFFFF,2, 0x1882,1, 0xBB29,8, 0x6984,1, 0x69A5,1, 0x28E5,1, 0x18C5,29, 0x6984,2,
    0xF572,1, 0xDC4D,6, 0xFFFF,2, 0x1882,1, 0xDC4D,2, 0xFE00,2, 0xDC4D,11, 0xFFFF,2,
    0x1882,1, 0xBB29,1, 0xDC4D,6, 0xBB29,1, 0x6984,2, 0x4124,1, 0x18C5,29, 0x6984,2,
    0xF572,1, 0xDC4D,6, 0x1882,3, 0xDC4D,15, 0x1882,3, 0xBB29,2, 0xDC4D,4, 0xBB29,1,
    0x6984,3, 0x4124,1, 0x18C5,29, 0x6984,2, 0xF572,1, 0xDC4D,6, 0x1882,3, 0xDC4D,15,
    0x1882,3, 0xBB29,2, 0xDC4D,4, 0xBB29,1, 0x69A5,1, 0x4125,2, 0x28E5,1, 0x18C5,29,
    0x6984,2, 0xF572,1, 0xDC4D,6, 0x1882,3, 0xDC4D,15, 0x1882,3, 0xBB29,2, 0xDC4D,4,
    0xBB29,1, 0x4125,1, 0x18C5,32, 0x6984,2, 0xF572,1, 0xDC4D,6, 0x1882,3, 0xDC4D,15,
    0x1882,3, 0xBB29,2, 0xDC4D,4, 0xBB29,1, 0x4125,1, 0x18C5,32, 0x6984,2, 0xF572,1,
    0xDC4D,27, 0xBB29,2, 0xDC4D,5, 0x7A48,1, 0x4125,2, 0x28E5,1, 0x18C5,29, 0x6984,2,
    0xF572,1, 0xDC4D,27, 0xBB29,6, 0xDC4D,1, 0xBB29,1, 0x6984,2, 0x4124,1, 0x18C5,29,
    0x6984,2, 0xF572,1, 0xDC4D,27, 0xBB29,9, 0x6984,1, 0x4124,1, 0x18C5,29, 0x6984,2,
    0xF572,1, 0xDC4D,27, 0xBB29,2, 0x6984,7, 0x69A5,1, 0x28E5,1, 0x18C5,29, 0x6984,2,
    0xF572,1, 0xDC4D,27, 0xBB29,2, 0x6984,1, 0x4124,6, 0x28E5,1, 0x18C5,30, 0x6984,2,
    0xBB29,30, 0x6984,1, 0x18C5,37, 0x6984,2, 0xBB29,30, 0x6984,1, 0x18C5,37, 0x6984,2,
    0xBB29,30, 0x6984,1, 0x18C5,37, 0x6984,33, 0x18C5,37, 0xBB29,2, 0x6984,1, 0x18C5,3,
    0xBB29,2, 0x6984,1, 0x18C5,9, 0xBB29,2, 0x6984,1, 0x18C5,3, 0xBB29,2, 0x6984,1,
    0x18C5,43, 0xBB29,2, 0x6984,1, 0x18C5,3, 0xBB29,2, 0x6984,1, 0x18C5,9, 0xBB29,2,
    0x6984,1, 0x18C5,3, 0xBB29,2, 0x6984,1, 0x18C5,43, 0xBB29,2, 0x6984,1, 0x18C5,3,
    0xBB29,2, 0x6984,1, 0x18C5,9, 0xBB29,2, 0x6984,1, 0x18C5,3, 0xBB29,2, 0x6984,1,
    0x18C5,43, 0xBB29,2, 0x6984,1, 0x18C5,3, 0xBB29,2, 0x6984,1, 0x18C5,9, 0xBB29,2,
    0x6984,1, 0x18C5,3, 0xBB29,2, 0x6984,1, 0x18C5,43, 0x6984,3, 0x18C5,3, 0x6984,3,
    0x18C5,9, 0x6984,3, 0x18C5,3, 0x6984,3, 0x18C5,43, 0x6984,3, 0x18C5,3, 0x6984,3,
    0x18C5,9, 0x6984,3, 0x18C5,3, 0x6984,3, 0x18C5,41, 0x10A4,1, 0x1084,1, 0x3904,3,
    0x1084,3, 0x3904,3, 0x1084,9, 0x3904,3, 0x1084,3, 0x3904,3, 0x1084,7, 0x10A4,1,
    0x18C5,33, 0x10A4,1, 0x1084,35, 0x10A4,1, 0x18C5,38, 0x18C6,1, 0x10A4,26, 0x18C6,1,
    0x18C5,15, 0x18C5,526, 0x5204,1, 0x8B63,5, 0x5204,1, 0x18C5,63, 0x8B63,1, 0xFE00,5,
    0x8B63,1, 0x18C5,63, 0x8B63,1, 0xFE00,5, 0x8B63,1, 0x18C5,61, 0x5204,1, 0x8B63,1,
    0xC4A2,2, 0x8B63,2, 0xC4A2,1, 0xFE00,1, 0xC4A2,1, 0x5204,1, 0x18C5,60, 0x8B63,1,
    0xFE00,2, 0x8B63,1, 0x18C5,2, 0x8B63,1, 0xFE00,2, 0x8B63,1, 0x18C5,60, 0x8B63,1,
    0xFE00,2, 0x8B63,1, 0x18C5,2, 0x8B63,1, 0xFE00,2, 0x8B63,1, 0x18C5,60, 0x5204,1,
    0x8B63,2, 0x5204,1, 0x18C5,2, 0x8B63,1, 0xFE00,2, 0x8B63,1, 0x18C5,66, 0x8B63,1,
    0xFE00,2, 0x8B63,1, 0x18C5,65, 0x5204,1, 0xC4A2,1, 0xFE00,1, 0xC4A2,1, 0x5204,1,
    0x18C5,65, 0x8B63,1, 0xFE00,2, 0x8B63,1, 0x18C5,66, 0x8B63,1, 0xFE00,2, 0x8B63,1,
    0x18C5,64, 0x5204,1, 0x8B63,1, 0xC4A2,2, 0x8B63,1, 0x5204,1, 0x18C5,64, 0x8B63,1,
    0xFE00,2, 0x8B63,1, 0x18C5,66, 0x8B63,1, 0xFE00,2, 0x8B63,1, 0x18C5,47, 0x4125,1,
    0x6984,6, 0x4124,1, 0x18C5,11, 0x5204,1, 0x8B63,2, 0x5204,1, 0x18C5,47, 0x4125,1,
    0x6984,6, 0x4124,1, 0x18C5,11, 0x5204,1, 0x8B63,2, 0x5204,1, 0x18C5,45, 0x4124,1,
    0x6984,2, 0xDC4D,1, 0xF572,4, 0xBB29,1, 0x4124,1, 0x18C5,11, 0x8B63,1, 0xFE00,2,
    0x8B63,1, 0x18C5,45, 0x4124,1, 0x6984,3, 0xBB29,2, 0xDC4D,2, 0xBB29,1, 0x4124,1,
    0x18C5,11, 0x8B63,1, 0xFE00,2, 0x8B63,1, 0x18C5,45, 0x4124,1, 0x6984,3, 0xBB29,2,
    0xDC4D,2, 0xBB29,1, 0x4124,1, 0x18C5,11, 0x5204,1, 0x8B63,2, 0x5204,1, 0x18C5,48,
    0x4125,1, 0x6984,1, 0xBB29,1, 0xDC4D,2, 0xBB29,1, 0x4124,1, 0x18C5,63, 0x4125,1,
    0x6984,1, 0xBB29,1, 0xDC4D,2, 0xBB29,1, 0x4124,1, 0x6984,33, 0x18C5,30, 0x4125,1,
    0x6984,1, 0xBB29,1, 0xDC4D,2, 0xBB29,1, 0x4124,1, 0x6984,33, 0x18C5,27, 0x4124,1,
    0x6984,2, 0xBB29,1, 0xF572,1, 0xDC4D,3, 0xBB29,1, 0x4124,1, 0x6984,1, 0xF572,29,
    0xBB29,1, 0x6984,2, 0x18C5,27, 0x4124,1, 0x6984,2, 0xBB29,5, 0x6984,1, 0x4124,1,
    0x6984,1, 0xFE98,3, 0xDC4D,26, 0xBB29,1, 0x6984,2, 0x18C5,27, 0x4124,1, 0x6984,2,
    0xBB29,5, 0x6984,1, 0x4124,1, 0x6984,1, 0xFE98,3, 0xDC4D,25, 0xBB29,1, 0x6984,3,
    0x4124,4, 0x28E5,1, 0x18C5,24, 0x4125,1, 0x6984,7, 0xF572,1, 0xDC4D,27, 0xBB29,1,
    0x6984,8, 0x4125,1, 0x18C5,30, 0x6984,2, 0xF572,1, 0xDC4D,6, 0xFFFF,2, 0x1882,1,
    0xDC4D,15, 0xFFFF,2, 0x1882,1, 0xBB29,8, 0x6984,1, 0x69A5,1, 0x28E5,1, 0x18C5,29,
    0x6984,2, 0xF572,1, 0xDC4D,6, 0xFFFF,2, 0x1882,1, 0xDC4D,15, 0xFFFF,2, 0x1882,1,
    0xBB29,1, 0xDC4D,6, 0xBB29,1, 0x6984,2, 0x4124,1, 0x18C5,29, 0x6984,2, 0xF572,1,
    0xDC4D,6, 0x1882,3, 0xDC4D,15, 0x1882,3, 0xBB29,2, 0xDC4D,4, 0xBB29,1, 0x6984,3,
    0x4124,1, 0x18C5,29, 0x6984,2, 0xF572,1, 0xDC4D,6, 0x1882,3, 0xDC4D,15, 0x1882,3,
    0xBB29,2, 0xDC4D,4, 0xBB29,1, 0x69A5,1, 0x4125,2, 0x28E5,1, 0x18C5,29, 0x6984,2,
    0xF572,1, 0xDC4D,6, 0x1882,3, 0xDC4D,15, 0x1882,3, 0xBB29,2, 0xDC4D,4, 0xBB29,1,
    0x4125,1, 0x18C5,32, 0x6984,2, 0xF572,1, 0xDC4D,6, 0x1882,3, 0xDC4D,15, 0x1882,3,
    0xBB29,2, 0xDC4D,4, 0xBB29,1, 0x4125,1, 0x18C5,32, 0x6984,2, 0xF572,1, 0xDC4D,27,
    0xBB29,2, 0xDC4D,5, 0x7A48,1, 0x4125,2, 0x28E5,1, 0x18C5,29, 0x6984,2, 0xF572,1,
    0xDC4D,27, 0xBB29,6, 0xDC4D,1, 0xBB29,1, 0x6984,2, 0x4124,1, 0x18C5,29, 0x6984,2,
    0xF572,1, 0xDC4D,27, 0xBB29,9, 0x6984,1, 0x4124,1, 0x18C5,29, 0x6984,2, 0xF572,1,
    0xDC4D,27, 0xBB29,2, 0x6984,7, 0x69A5,1, 0x28E5,1, 0x18C5,29, 0x6984,2, 0xF572,1,
    0xDC4D,27, 0xBB29,2, 0x6984,1, 0x4124,6, 0x28E5,1, 0x18C5,30, 0x6984,2, 0xBB29,30,
    0x6984,1, 0x18C5,37, 0x6984,2, 0xBB29,30, 0x6984,1, 0x18C5,37, 0x6984,2, 0xBB29,30,
    0x6984,1, 0x18C5,37, 0x6984,33, 0x18C5,37, 0xBB29,2, 0x6984,1, 0x18C5,3, 0xBB29,2,
    0x6984,1, 0x18C5,9, 0xBB29,2, 0x6984,1, 0x18C5,3, 0xBB29,2, 0x6984,1, 0x18C5,43,
    0xBB29,2, 0x6984,1, 0x18C5,3, 0xBB29,2, 0x6984,1, 0x18C5,9, 0xBB29,2, 0x6984,1,
    0x18C5,3, 0xBB29,2, 0x6984,1, 0x18C5,43, 0xBB29,2, 0x6984,1, 0x18C5,3, 0xBB29,2,
    0x6984,1, 0x18C5,9, 0xBB29,2, 0x6984,1, 0x18C5,3, 0xBB29,2, 0x6984,1, 0x18C5,43,
    0xBB29,2, 0x6984,1, 0x18C5,3, 0xBB29,2, 0x6984,1, 0x18C5,9, 0xBB29,2, 0x6984,1,
    0x18C5,3, 0xBB29,2, 0x6984,1, 0x18C5,43, 0x6984,3, 0x18C5,3, 0x6984,3, 0x18C5,9,
    0x6984,3, 0x18C5,3, 0x6984,3, 0x18C5,43, 0x6984,3, 0x18C5,3, 0x6984,3, 0x18C5,9,
    0x6984,3, 0x18C5,3, 0x6984,3, 0x18C5,41, 0x10A4,1, 0x1084,1, 0x3904,3, 0x1084,3,
    0x3904,3, 0x1084,9, 0x3904,3, 0x1084,3, 0x3904,3, 0x1084,7, 0x10A4,1, 0x18C5,33,
    0x10A4,1, 0x1084,35, 0x10A4,1, 0x18C5,38, 0x18C6,1, 0x10A4,26, 0x18C6,1, 0x18C5,15,
    0x18C5,526, 0x5204,1, 0x8B63,5, 0x5204,1, 0x18C5,63, 0x8B63,1, 0xFE00,5, 0x8B63,1,
    0x18C5,63, 0x8B63,1, 0xFE00,5, 0x8B63,1, 0x18C5,61, 0x5204,1, 0x8B63,1, 0xC4A2,2,
    0x8B63,2, 0xC4A2,1, 0xFE00,1, 0xC4A2,1, 0x5204,1, 0x18C5,60, 0x8B63,1, 0xFE00,2,
    0x8B63,1, 0x18C5,2, 0x8B63,1, 0xFE00,2, 0x8B63,1, 0x18C5,60, 0x8B63,1, 0xFE00,2,
    0x8B63,1, 0x18C5,2, 0x8B63,1, 0xFE00,2, 0x8B63,1, 0x18C5,60, 0x5204,1, 0x8B63,2,
    0x5204,1, 0x18C5,2, 0x8B63,1, 0xFE00,2, 0x8B63,1, 0x18C5,66, 0x8B63,1, 0xFE00,2,
    0x8B63,1, 0x18C5,65, 0x5204,1, 0xC4A2,1, 0xFE00,1, 0xC4A2,1, 0x5204,1, 0x18C5,65,
    0x8B63,1, 0xFE00,2, 0x8B63,1, 0x18C5,66, 0x8B63,1, 0xFE00,2, 0x8B63,1, 0x18C5,64,
    0x5204,1, 0x8B63,1, 0xC4A2,2, 0x8B63,1, 0x5204,1, 0x18C5,64, 0x8B63,1, 0xFE00,2,
    0x8B63,1, 0x18C5,66, 0x8B63,1, 0xFE00,2, 0x8B63,1, 0x18C5,47, 0x4125,1, 0x6984,6,
    0x4124,1, 0x18C5,11, 0x5204,1, 0x8B63,2, 0x5204,1, 0x18C5,47, 0x4125,1, 0x6984,6,
    0x4124,1, 0x18C5,11, 0x5204,1, 0x8B63,2, 0x5204,1, 0x18C5,45, 0x4124,1, 0x6984,2,
    0xDC4D,1, 0xF572,4, 0xBB29,1, 0x4124,1, 0x18C5,11, 0x8B63,1, 0xFE00,2, 0x8B63,1,
    0x18C5,45, 0x4124,1, 0x6984,3, 0xBB29,2, 0xDC4D,2, 0xBB29,1, 0x4124,1, 0x18C5,11,
    0x8B63,1, 0xFE00,2, 0x8B63,1, 0x18C5,45, 0x4124,1, 0x6984,3, 0xBB29,2, 0xDC4D,2,
    0xBB29,1, 0x4124,1, 0x18C5,11, 0x5204,1, 0x8B63,2, 0x5204,1, 0x18C5,48, 0x4125,1,
    0x6984,1, 0xBB29,1, 0xDC4D,2, 0xBB29,1, 0x4124,1, 0x18C5,63, 0x4125,1, 0x6984,1,
    0xBB29,1, 0xDC4D,2, 0xBB29,1, 0x4124,1, 0x6984,33, 0x18C5,30, 0x4125,1, 0x6984,1,
    0xBB29,1, 0xDC4D,2, 0xBB29,1, 0x4124,1, 0x6984,33, 0x18C5,27, 0x4124,1, 0x6984,2,
    0xBB29,1, 0xF572,1, 0xDC4D,3, 0xBB29,1, 0x4124,1, 0x6984,1, 0xF572,29, 0xBB29,1,
    0x6984,2, 0x18C5,27, 0x4124,1, 0x6984,2, 0xBB29,5, 0x6984,1, 0x4124,1, 0x6984,1,
    0xFE98,3, 0xDC4D,26, 0xBB29,1, 0x6984,2, 0x18C5,27, 0x4124,1, 0x6984,2, 0xBB29,5,
    0x6984,1, 0x4124,1, 0x6984,1, 0xFE98,3, 0xDC4D,25, 0xBB29,1, 0x6984,3, 0x4124,4,
    0x28E5,1, 0x18C5,24, 0x4125,1, 0x6984,7, 0xF572,1, 0xDC4D,27, 0xBB29,1, 0x6984,8,
    0x4125,1, 0x18C5,30, 0x6984,2, 0xF572,1, 0xDC4D,6, 0xFFFF,2, 0x1882,1, 0xDC4D,15,
    0xFFFF,2, 0x1882,1, 0xBB29,8, 0x6984,1, 0x69A5,1, 0x28E5,1, 0x18C5,29, 0x6984,2,
    0xF572,1, 0xDC4D,6, 0xFFFF,2, 0x1882,1, 0xDC4D,15, 0xFFFF,2, 0x1882,1, 0xBB29,1,
    0xDC4D,6, 0xBB29,1, 0x6984,2, 0x4124,1, 0x18C5,29, 0x6984,2, 0xF572,1, 0xDC4D,6,
    0x1882,3, 0xDC4D,15, 0x1882,3, 0xBB29,2, 0xDC4D,4, 0xBB29,1, 0x6984,3, 0x4124,1,
    0x18C5,29, 0x6984,2, 0xF572,1, 0xDC4D,6, 0x1882,3, 0xDC4D,15, 0x1882,3, 0xBB29,2,
    0xDC4D,4, 0xBB29,1, 0x69A5,1, 0x4125,2, 0x28E5,1, 0x18C5,29, 0x6984,2, 0xF572,1,
    0xDC4D,6, 0x1882,3, 0xDC4D,15, 0x1882,3, 0xBB29,2, 0xDC4D,4, 0xBB29,1, 0x4125,1,
    0x18C5,32, 0x6984,2, 0xF572,1, 0xDC4D,6, 0x1882,3, 0xDC4D,15, 0x1882,3, 0xBB29,2,
    0xDC4D,4, 0xBB29,1, 0x4125,1, 0x18C5,32, 0x6984,2, 0xF572,1, 0xDC4D,27, 0xBB29,2,
    0xDC4D,5, 0x7A48,1, 0x4125,2, 0x28E5,1, 0x18C5,29, 0x6984,2, 0xF572,1, 0xDC4D,27,
    0xBB29,6, 0xDC4D,1, 0xBB29,1, 0x6984,2, 0x4124,1, 0x18C5,29, 0x6984,2, 0xF572,1,
    0xDC4D,27, 0xBB29,9, 0x6984,1, 0x4124,1, 0x18C5,29, 0x6984,2, 0xF572,1, 0xDC4D,27,
    0xBB29,2, 0x6984,7, 0x69A5,1, 0x28E5,1, 0x18C5,29, 0x6984,2, 0xF572,1, 0xDC4D,27,
    0xBB29,2, 0x6984,1, 0x4124,6, 0x28E5,1, 0x18C5,30, 0x6984,2, 0xBB29,30, 0x6984,1,
    0x18C5,37, 0x6984,2, 0xBB29,30, 0x6984,1, 0x18C5,37, 0x6984,2, 0xBB29,30, 0x6984,1,
    0x18C5,37, 0x6984,33, 0x18C5,37, 0xBB29,2, 0x6984,1, 0x18C5,3, 0xBB29,2, 0x6984,1,
    0x18C5,9, 0xBB29,2, 0x6984,1, 0x18C5,3, 0xBB29,2, 0x6984,1, 0x18C5,43, 0xBB29,2,
    0x6984,1, 0x18C5,3, 0xBB29,2, 0x6984,1, 0x18C5,9, 0xBB29,2, 0x6984,1, 0x18C5,3,
    0xBB29,2, 0x6984,1, 0x18C5,43, 0xBB29,2, 0x6984,1, 0x18C5,3, 0xBB29,2, 0x6984,1,
    0x18C5,9, 0xBB29,2, 0x6984,1, 0x18C5,3, 0xBB29,2, 0x6984,1, 0x18C5,43, 0xBB29,2,
    0x6984,1, 0x18C5,3, 0xBB29,2, 0x6984,1, 0x18C5,9, 0xBB29,2, 0x6984,1, 0x18C5,3,
    0xBB29,2, 0x6984,1, 0x18C5,43, 0x6984,3, 0x18C5,3, 0x6984,3, 0x18C5,9, 0x6984,3,
    0x18C5,3, 0x6984,3, 0x18C5,43, 0x6984,3, 0x18C5,3, 0x6984,3, 0x18C5,9, 0x6984,3,
    0x18C5,3, 0x6984,3, 0x18C5,41, 0x10A4,1, 0x1084,1, 0x3904,3, 0x1084,3, 0x3904,3,
    0x1084,9, 0x3904,3, 0x1084,3, 0x3904,3, 0x1084,7, 0x10A4,1, 0x18C5,33, 0x10A4,1,
    0x1084,35, 0x10A4,1, 0x18C5,38, 0x18C6,1, 0x10A4,26, 0x18C6,1, 0x18C5,15, 0x18C5,526,
    0x5204,1, 0x8B63,5, 0x5204,1, 0x18C5,63, 0x8B63,1, 0xFE00,5, 0x8B63,1, 0x18C5,63,
    0x8B63,1, 0xFE00,5, 0x8B63,1, 0x18C5,61, 0x5204,1, 0x8B63,1, 0xC4A2,2, 0x8B63,2,
    0xC4A2,1, 0xFE00,1, 0xC4A2,1, 0x5204,1, 0x18C5,60, 0x8B63,1, 0xFE00,2, 0x8B63,1,
    0x18C5,2, 0x8B63,1, 0xFE00,2, 0x8B63,1, 0x18C5,60, 0x8B63,1, 0xFE00,2, 0x8B63,1,
    0x18C5,2, 0x8B63,1, 0xFE00,2, 0x8B63,1, 0x18C5,60, 0x5204,1, 0x8B63,2, 0x5204,1,
    0x18C5,2, 0x8B63,1, 0xFE00,2, 0x8B63,1, 0x18C5,66, 0x8B63,1, 0xFE00,2, 0x8B63,1,
    0x18C5,65, 0x5204,1, 0xC4A2,1, 0xFE00,1, 0xC4A2,1, 0x5204,1, 0x18C5,65, 0x8B63,1,
    0xFE00,2, 0x8B63,1, 0x18C5,66, 0x8B63,1, 0xFE00,2, 0x8B63,1, 0x18C5,64, 0x5204,1,
    0x8B63,1, 0xC4A2,2, 0x8B63,1, 0x5204,1, 0x18C5,64, 0x8B63,1, 0xFE00,2, 0x8B63,1,
    0x18C5,66, 0x8B63,1, 0xFE00,2, 0x8B63,1, 0x18C5,47, 0x4125,1, 0x6984,6, 0x4124,1,
    0x18C5,11, 0x5204,1, 0x8B63,2, 0x5204,1, 0x18C5,47, 0x4125,1, 0x6984,6, 0x4124,1,
    0x18C5,11, 0x5204,1, 0x8B63,2, 0x5204,1, 0x18C5,45, 0x4124,1, 0x6984,2, 0xDC4D,1,
    0xF572,4, 0xBB29,1, 0x4124,1, 0x18C5,11, 0x8B63,1, 0xFE00,2, 0x8B63,1, 0x18C5,45,
    0x4124,1, 0x6984,3, 0xBB29,2, 0xDC4D,2, 0xBB29,1, 0x4124,1, 0x18C5,11, 0x8B63,1,
    0xFE00,2, 0x8B63,1, 0x18C5,45, 0x4124,1, 0x6984,3, 0xBB29,2, 0xDC4D,2, 0xBB29,1,
    0x4124,1, 0x18C5,11, 0x5204,1, 0x8B63,2, 0x5204,1, 0x18C5,48, 0x4125,1, 0x6984,1,
    0xBB29,1, 0xDC4D,2, 0xBB29,1, 0x4124,1, 0x18C5,63, 0x4125,1, 0x6984,1, 0xBB29,1,
    0xDC4D,2, 0xBB29,1, 0x4124,1, 0x6984,33, 0x18C5,30, 0x4125,1, 0x6984,1, 0xBB29,1,
    0xDC4D,2, 0xBB29,1, 0x4124,1, 0x6984,33, 0x18C5,27, 0x4124,1, 0x6984,2, 0xBB29,1,
    0xF572,1, 0xDC4D,3, 0xBB29,1, 0x4124,1, 0x6984,1, 0xF572,29, 0xBB29,1, 0x6984,2,
    0x18C5,27, 0x4124,1, 0x6984,2, 0xBB29,5, 0x6984,1, 0x4124,1, 0x6984,1, 0xFE98,3,
    0xDC4D,26, 0xBB29,1, 0x6984,2, 0x18C5,27, 0x4124,1, 0x6984,2, 0xBB29,5, 0x6984,1,
    0x4124,1, 0x6984,1, 0xFE98,3, 0xDC4D,25, 0xBB29,1, 0x6984,3, 0x4124,4, 0x28E5,1,
    0x18C5,24, 0x4125,1, 0x6984,7, 0xF572,1, 0xDC4D,27, 0xBB29,1, 0x6984,8, 0x4125,1,
    0x18C5,30, 0x6984,2, 0xF572,1, 0xDC4D,6, 0xFFFF,2, 0x1882,1, 0xDC4D,15, 0xFFFF,2,
    0x1882,1, 0xBB29,8, 0x6984,1, 0x69A5,1, 0x28E5,1, 0x18C5,29, 0x6984,2, 0xF572,1,
    0xDC4D,6, 0xFFFF,2, 0x1882,1, 0xDC4D,15, 0xFFFF,2, 0x1882,1, 0xBB29,1, 0xDC4D,6,
    0xBB29,1, 0x6984,2, 0x4124,1, 0x18C5,29, 0x6984,2, 0xF572,1, 0xDC4D,6, 0x1882,3,
    0xDC4D,15, 0x1882,3, 0xBB29,2, 0xDC4D,4, 0xBB29,1, 0x6984,3, 0x4124,1, 0x18C5,29,
    0x6984,2, 0xF572,1, 0xDC4D,6, 0x1882,3, 0xDC4D,15, 0x1882,3, 0xBB29,2, 0xDC4D,4,
    0xBB29,1, 0x69A5,1, 0x4125,2, 0x28E5,1, 0x18C5,29, 0x6984,2, 0xF572,1, 0xDC4D,6,
    0x1882,3, 0xDC4D,15, 0x1882,3, 0xBB29,2, 0xDC4D,4, 0xBB29,1, 0x4125,1, 0x18C5,32,
    0x6984,2, 0xF572,1, 0xDC4D,6, 0x1882,3, 0xDC4D,15, 0x1882,3, 0xBB29,2, 0xDC4D,4,
    0xBB29,1, 0x4125,1, 0x18C5,32, 0x6984,2, 0xF572,1, 0xDC4D,27, 0xBB29,2, 0xDC4D,5,
    0x7A48,1, 0x4125,2, 0x28E5,1, 0x18C5,29, 0x6984,2, 0xF572,1, 0xDC4D,27, 0xBB29,6,
    0xDC4D,1, 0xBB29,1, 0x6984,2, 0x4124,1, 0x18C5,29, 0x6984,2, 0xF572,1, 0xDC4D,27,
    0xBB29,9, 0x6984,1, 0x4124,1, 0x18C5,29, 0x6984,2, 0xF572,1, 0xDC4D,27, 0xBB29,2,
    0x6984,7, 0x69A5,1, 0x28E5,1, 0x18C5,29, 0x6984,2, 0xF572,1, 0xDC4D,27, 0xBB29,2,
    0x6984,1, 0x4124,6, 0x28E5,1, 0x18C5,30, 0x6984,2, 0xBB29,30, 0x6984,1, 0x18C5,37,
    0x6984,2, 0xBB29,30, 0x6984,1, 0x18C5,37, 0x6984,2, 0xBB29,30, 0x6984,1, 0x18C5,37,
    0x6984,33, 0x18C5,37, 0xBB29,2, 0x6984,1, 0x18C5,3, 0xBB29,2, 0x6984,1, 0x18C5,9,
    0xBB29,2, 0x6984,1, 0x18C5,3, 0xBB29,2, 0x6984,1, 0x18C5,43, 0xBB29,2, 0x6984,1,
    0x18C5,3, 0xBB29,2, 0x6984,1, 0x18C5,9, 0xBB29,2, 0x6984,1, 0x18C5,3, 0xBB29,2,
    0x6984,1, 0x18C5,43, 0xBB29,2, 0x6984,1, 0x18C5,3, 0xBB29,2, 0x6984,1, 0x18C5,9,
    0xBB29,2, 0x6984,1, 0x18C5,3, 0xBB29,2, 0x6984,1, 0x18C5,43, 0xBB29,2, 0x6984,1,
    0x18C5,3, 0xBB29,2, 0x6984,1, 0x18C5,9, 0xBB29,2, 0x6984,1, 0x18C5,3, 0xBB29,2,
    0x6984,1, 0x18C5,43, 0x6984,3, 0x18C5,3, 0x6984,3, 0x18C5,9, 0x6984,3, 0x18C5,3,
    0x6984,3, 0x18C5,43, 0x6984,3, 0x18C5,3, 0x6984,3, 0x18C5,9, 0x6984,3, 0x18C5,3,
    0x6984,3, 0x18C5,41, 0x10A4,1, 0x1084,1, 0x3904,3, 0x1084,3, 0x3904,3, 0x1084,9,
    0x3904,3, 0x1084,3, 0x3904,3, 0x1084,7, 0x10A4,1, 0x18C5,33, 0x10A4,1, 0x1084,35,
    0x10A4,1, 0x18C5,38, 0x18C6,1, 0x10A4,26, 0x18C6,1, 0x18C5,15, 0x18C5,526, 0x5204,1,
    0x8B63,5, 0x5204,1, 0x18C5,63, 0x8B63,1, 0xFE00,5, 0x8B63,1, 0x18C5,63, 0x8B63,1,
    0xFE00,5, 0x8B63,1, 0x18C5,61, 0x5204,1, 0x8B63,1, 0xC4A2,2, 0x8B63,2, 0xC4A2,1,
    0xFE00,1, 0xC4A2,1, 0x5204,1, 0x18C5,60, 0x8B63,1, 0xFE00,2, 0x8B63,1, 0x18C5,2,
    0x8B63,1, 0xFE00,2, 0x8B63,1, 0x18C5,60, 0x8B63,1, 0xFE00,2, 0x8B63,1, 0x18C5,2,
    0x8B63,1, 0xFE00,2, 0x8B63,1, 0x18C5,60, 0x5204,1, 0x8B63,2, 0x5204,1, 0x18C5,2,
    0x8B63,1, 0xFE00,2, 0x8B63,1, 0x18C5,66, 0x8B63,1, 0xFE00,2, 0x8B63,1, 0x18C5,65,
    0x5204,1, 0xC4A2,1, 0xFE00,1, 0xC4A2,1, 0x5204,1, 0x18C5,65, 0x8B63,1, 0xFE00,2,
    0x8B63,1, 0x18C5,66, 0x8B63,1, 0xFE00,2, 0x8B63,1, 0x18C5,64, 0x5204,1, 0x8B63,1,
    0xC4A2,2, 0x8B63,1, 0x5204,1, 0x18C5,64, 0x8B63,1, 0xFE00,2, 0x8B63,1, 0x18C5,66,
    0x8B63,1, 0xFE00,2, 0x8B63,1, 0x18C5,47, 0x4125,1, 0x6984,6, 0x4124,1, 0x18C5,11,
    0x5204,1, 0x8B63,2, 0x5204,1, 0x18C5,47, 0x4125,1, 0x6984,6, 0x4124,1, 0x18C5,11,
    0x5204,1, 0x8B63,2, 0x5204,1, 0x18C5,45, 0x4124,1, 0x6984,2, 0xDC4D,1, 0xF572,4,
    0xBB29,1, 0x4124,1, 0x18C5,11, 0x8B63,1, 0xFE00,2, 0x8B63,1, 0x18C5,45, 0x4124,1,
    0x6984,3, 0xBB29,2, 0xDC4D,2, 0xBB29,1, 0x4124,1, 0x18C5,11, 0x8B63,1, 0xFE00,2,
    0x8B63,1, 0x18C5,45, 0x4124,1, 0x6984,3, 0xBB29,2, 0xDC4D,2, 0xBB29,1, 0x4124,1,
    0x18C5,11, 0x5204,1, 0x8B63,2, 0x5204,1, 0x18C5,48, 0x4125,1, 0x6984,1, 0xBB29,1,
    0xDC4D,2, 0xBB29,1, 0x4124,1, 0x18C5,63, 0x4125,1, 0x6984,1, 0xBB29,1, 0xDC4D,2,
    0xBB29,1, 0x4124,1, 0x6984,33, 0x18C5,30, 0x4125,1, 0x6984,1, 0xBB29,1, 0xDC4D,2,
    0xBB29,1, 0x4124,1, 0x6984,33, 0x18C5,27, 0x4124,1, 0x6984,2, 0xBB29,1, 0xF572,1,
    0xDC4D,3, 0xBB29,1, 0x4124,1, 0x6984,1, 0xF572,29, 0xBB29,1, 0x6984,2, 0x18C5,27,
    0x4124,1, 0x6984,2, 0xBB29,5, 0x6984,1, 0x4124,1, 0x6984,1, 0xFE98,3, 0xDC4D,26,
    0xBB29,1, 0x6984,2, 0x18C5,27, 0x4124,1, 0x6984,2, 0xBB29,5, 0x6984,1, 0x4124,1,
    0x6984,1, 0xFE98,3, 0xDC4D,25, 0xBB29,1, 0x6984,3, 0x4124,4, 0x28E5,1, 0x18C5,24,
    0x4125,1, 0x6984,7, 0xF572,1, 0xDC4D,27, 0xBB29,1, 0x6984,8, 0x4125,1, 0x18C5,30,
    0x6984,2, 0xF572,1, 0xDC4D,6, 0xFFFF,2, 0x1882,1, 0xDC4D,15, 0xFFFF,2, 0x1882,1,
    0xBB29,8, 0x6984,1, 0x69A5,1, 0x28E5,1, 0x18C5,29, 0x6984,2, 0xF572,1, 0xDC4D,6,
    0xFFFF,2, 0x1882,1, 0xDC4D,15, 0xFFFF,2, 0x1882,1, 0xBB29,1, 0xDC4D,6, 0xBB29,1,
    0x6984,2, 0x4124,1, 0x18C5,29, 0x6984,2, 0xF572,1, 0xDC4D,6, 0x1882,3, 0xDC4D,15,
    0x1882,3, 0xBB29,2, 0xDC4D,4, 0xBB29,1, 0x6984,3, 0x4124,1, 0x18C5,29, 0x6984,2,
    0xF572,1, 0xDC4D,6, 0x1882,3, 0xDC4D,15, 0x1882,3, 0xBB29,2, 0xDC4D,4, 0xBB29,1,
    0x69A5,1, 0x4125,2, 0x28E5,1, 0x18C5,29, 0x6984,2, 0xF572,1, 0xDC4D,6, 0x1882,3,
    0xDC4D,15, 0x1882,3, 0xBB29,2, 0xDC4D,4, 0xBB29,1, 0x4125,1, 0x18C5,32, 0x6984,2,
    0xF572,1, 0xDC4D,6, 0x1882,3, 0xDC4D,15, 0x1882,3, 0xBB29,2, 0xDC4D,4, 0xBB29,1,
    0x4125,1, 0x18C5,32, 0x6984,2, 0xF572,1, 0xDC4D,27, 0xBB29,2, 0xDC4D,5, 0x7A48,1,
    0x4125,2, 0x28E5,1, 0x18C5,29, 0x6984,2, 0xF572,1, 0xDC4D,27, 0xBB29,6, 0xDC4D,1,
    0xBB29,1, 0x6984,2, 0x4124,1, 0x18C5,29, 0x6984,2, 0xF572,1, 0xDC4D,27, 0xBB29,9,
    0x6984,1, 0x4124,1, 0x18C5,29, 0x6984,2, 0xF572,1, 0xDC4D,27, 0xBB29,2, 0x6984,7,
    0x69A5,1, 0x28E5,1, 0x18C5,29, 0x6984,2, 0xF572,1, 0xDC4D,27, 0xBB29,2, 0x6984,1,
    0x4124,6, 0x28E5,1, 0x18C5,30, 0x6984,2, 0xBB29,30, 0x6984,1, 0x18C5,37, 0x6984,2,
    0xBB29,30, 0x6984,1, 0x18C5,37, 0x6984,2, 0xBB29,30, 0x6984,1, 0x18C5,37, 0x6984,33,
    0x18C5,37, 0xBB29,2, 0x6984,1, 0x18C5,3, 0xBB29,2, 0x6984,1, 0x18C5,9, 0xBB29,2,
    0x6984,1, 0x18C5,3, 0xBB29,2, 0x6984,1, 0x18C5,43, 0xBB29,2, 0x6984,1, 0x18C5,3,
    0xBB29,2, 0x6984,1, 0x18C5,9, 0xBB29,2, 0x6984,1, 0x18C5,3, 0xBB29,2, 0x6984,1,
    0x18C5,43, 0xBB29,2, 0x6984,1, 0x18C5,3, 0xBB29,2, 0x6984,1, 0x18C5,9, 0xBB29,2,
    0x6984,1, 0x18C5,3, 0xBB29,2, 0x6984,1, 0x18C5,43, 0xBB29,2, 0x6984,1, 0x18C5,3,
    0xBB29,2, 0x6984,1, 0x18C5,9, 0xBB29,2, 0x6984,1, 0x18C5,3, 0xBB29,2, 0x6984,1,
    0x18C5,43, 0x6984,3, 0x18C5,3, 0x6984,3, 0x18C5,9, 0x6984,3, 0x18C5,3, 0x6984,3,
    0x18C5,43, 0x6984,3, 0x18C5,3, 0x6984,3, 0x18C5,9, 0x6984,3, 0x18C5,3, 0x6984,3,
    0x18C5,41, 0x10A4,1, 0x1084,1, 0x3904,3, 0x1084,3, 0x3904,3, 0x1084,9, 0x3904,3,
    0x1084,3, 0x3904,3, 0x1084,7, 0x10A4,1, 0x18C5,33, 0x10A4,1, 0x1084,35, 0x10A4,1,
    0x18C5,38, 0x18C6,1, 0x10A4,26, 0x18C6,1, 0x18C5,15, 0x18C5,526, 0x5204,1, 0x8B63,5,
    0x5204,1, 0x18C5,63, 0x8B63,1, 0xFE00,5, 0x8B63,1, 0x18C5,63, 0x8B63,1, 0xFE00,5,
    0x8B63,1, 0x18C5,61, 0x5204,1, 0x8B63,1, 0xC4A2,2, 0x8B63,2, 0xC4A2,1, 0xFE00,1,
    0xC4A2,1, 0x5204,1, 0x18C5,60, 0x8B63,1, 0xFE00,2, 0x8B63,1, 0x18C5,2, 0x8B63,1,
    0xFE00,2, 0x8B63,1, 0x18C5,60, 0x8B63,1, 0xFE00,2, 0x8B63,1, 0x18C5,2, 0x8B63,1,
    0xFE00,2, 0x8B63,1, 0x18C5,60, 0x5204,1, 0x8B63,2, 0x5204,1, 0x18C5,2, 0x8B63,1,
    0xFE00,2, 0x8B63,1, 0x18C5,66, 0x8B63,1, 0xFE00,2, 0x8B63,1, 0x18C5,65, 0x5204,1,
    0xC4A2,1, 0xFE00,1, 0xC4A2,1, 0x5204,1, 0x18C5,65, 0x8B63,1, 0xFE00,2, 0x8B63,1,
    0x18C5,66, 0x8B63,1, 0xFE00,2, 0x8B63,1, 0x18C5,64, 0x5204,1, 0x8B63,1, 0xC4A2,2,
    0x8B63,1, 0x5204,1, 0x18C5,64, 0x8B63,1, 0xFE00,2, 0x8B63,1, 0x18C5,66, 0x8B63,1,
    0xFE00,2, 0x8B63,1, 0x18C5,47, 0x4125,1, 0x6984,6, 0x4124,1, 0x18C5,11, 0x5204,1,
    0x8B63,2, 0x5204,1, 0x18C5,47, 0x4125,1, 0x6984,6, 0x4124,1, 0x18C5,11, 0x5204,1,
    0x8B63,2, 0x5204,1, 0x18C5,45, 0x4124,1, 0x6984,2, 0xDC4D,1, 0xF572,4, 0xBB29,1,
    0x4124,1, 0x18C5,11, 0x8B63,1, 0xFE00,2, 0x8B63,1, 0x18C5,45, 0x4124,1, 0x6984,3,
    0xBB29,2, 0xDC4D,2, 0xBB29,1, 0x4124,1, 0x18C5,11, 0x8B63,1, 0xFE00,2, 0x8B63,1,
    0x18C5,45, 0x4124,1, 0x6984,3, 0xBB29,2, 0xDC4D,2, 0xBB29,1, 0x4124,1, 0x18C5,11,
    0x5204,1, 0x8B63,2, 0x5204,1, 0x18C5,48, 0x4125,1, 0x6984,1, 0xBB29,1, 0xDC4D,2,
    0xBB29,1, 0x4124,1, 0x18C5,63, 0x4125,1, 0x6984,1, 0xBB29,1, 0xDC4D,2, 0xBB29,1,
    0x4124,1, 0x6984,33, 0x18C5,30, 0x4125,1, 0x6984,1, 0xBB29,1, 0xDC4D,2, 0xBB29,1,
    0x4124,1, 0x6984,33, 0x18C5,27, 0x4124,1, 0x6984,2, 0xBB29,1, 0xF572,1, 0xDC4D,3,
    0xBB29,1, 0x4124,1, 0x6984,1, 0xF572,29, 0xBB29,1, 0x6984,2, 0x18C5,27, 0x4124,1,
    0x6984,2, 0xBB29,5, 0x6984,1, 0x4124,1, 0x6984,1, 0xFE98,3, 0xDC4D,26, 0xBB29,1,
    0x6984,2, 0x18C5,27, 0x4124,1, 0x6984,2, 0xBB29,5, 0x6984,1, 0x4124,1, 0x6984,1,
    0xFE98,3, 0xDC4D,25, 0xBB29,1, 0x6984,3, 0x4124,4, 0x28E5,1, 0x18C5,24, 0x4125,1,
    0x6984,7, 0xF572,1, 0xDC4D,27, 0xBB29,1, 0x6984,8, 0x4125,1, 0x18C5,30, 0x6984,2,
    0xF572,1, 0xDC4D,6, 0xFFFF,2, 0x1882,1, 0xDC4D,15, 0xFFFF,2, 0x1882,1, 0xBB29,8,
    0x6984,1, 0x69A5,1, 0x28E5,1, 0x18C5,29, 0x6984,2, 0xF572,1, 0xDC4D,6, 0xFFFF,2,
    0x1882,1, 0xDC4D,15, 0xFFFF,2, 0x1882,1, 0xBB29,1, 0xDC4D,6, 0xBB29,1, 0x6984,2,
    0x4124,1, 0x18C5,29, 0x6984,2, 0xF572,1, 0xDC4D,6, 0x1882,3, 0xDC4D,15, 0x1882,3,
    0xBB29,2, 0xDC4D,4, 0xBB29,1, 0x6984,3, 0x4124,1, 0x18C5,29, 0x6984,2, 0xF572,1,
    0xDC4D,6, 0x1882,3, 0xDC4D,15, 0x1882,3, 0xBB29,2, 0xDC4D,4, 0xBB29,1, 0x69A5,1,
    0x4125,2, 0x28E5,1, 0x18C5,29, 0x6984,2, 0xF572,1, 0xDC4D,6, 0x1882,3, 0xDC4D,15,
    0x1882,3, 0xBB29,2, 0xDC4D,4, 0xBB29,1, 0x4125,1, 0x18C5,32, 0x6984,2, 0xF572,1,
    0xDC4D,6, 0x1882,3, 0xDC4D,15, 0x1882,3, 0xBB29,2, 0xDC4D,4, 0xBB29,1, 0x4125,1,
    0x18C5,32, 0x6984,2, 0xF572,1, 0xDC4D,27, 0xBB29,2, 0xDC4D,5, 0x7A48,1, 0x4125,2,
    0x28E5,1, 0x18C5,29, 0x6984,2, 0xF572,1, 0xDC4D,27, 0xBB29,6, 0xDC4D,1, 0xBB29,1,
    0x6984,2, 0x4124,1, 0x18C5,29, 0x6984,2, 0xF572,1, 0xDC4D,27, 0xBB29,9, 0x6984,1,
    0x4124,1, 0x18C5,29, 0x6984,2, 0xF572,1, 0xDC4D,27, 0xBB29,2, 0x6984,7, 0x69A5,1,
    0x28E5,1, 0x18C5,29, 0x6984,2, 0xF572,1, 0xDC4D,27, 0xBB29,2, 0x6984,1, 0x4124,6,
    0x28E5,1, 0x18C5,30, 0x6984,2, 0xBB29,30, 0x6984,1, 0x18C5,37, 0x6984,2, 0xBB29,30,
    0x6984,1, 0x18C5,37, 0x6984,2, 0xBB29,30, 0x6984,1, 0x18C5,37, 0x6984,33, 0x18C5,37,
    0xBB29,2, 0x6984,1, 0x18C5,3, 0xBB29,2, 0x6984,1, 0x18C5,9, 0xBB29,2, 0x6984,1,
    0x18C5,3, 0xBB29,2, 0x6984,1, 0x18C5,43, 0xBB29,2, 0x6984,1, 0x18C5,3, 0xBB29,2,
    0x6984,1, 0x18C5,9, 0xBB29,2, 0x6984,1, 0x18C5,3, 0xBB29,2, 0x6984,1, 0x18C5,43,
    0xBB29,2, 0x6984,1, 0x18C5,3, 0xBB29,2, 0x6984,1, 0x18C5,9, 0xBB29,2, 0x6984,1,
    0x18C5,3, 0xBB29,2, 0x6984,1, 0x18C5,43, 0xBB29,2, 0x6984,1, 0x18C5,3, 0xBB29,2,
    0x6984,1, 0x18C5,9, 0xBB29,2, 0x6984,1, 0x18C5,3, 0xBB29,2, 0x6984,1, 0x18C5,43,
    0x6984,3, 0x18C5,3, 0x6984,3, 0x18C5,9, 0x6984,3, 0x18C5,3, 0x6984,3, 0x18C5,43,
    0x6984,3, 0x18C5,3, 0x6984,3, 0x18C5,9, 0x6984,3, 0x18C5,3, 0x6984,3, 0x18C5,41,
    0x10A4,1, 0x1084,1, 0x3904,3, 0x1084,3, 0x3904,3, 0x1084,9, 0x3904,3, 0x1084,3,
    0x3904,3, 0x1084,7, 0x10A4,1, 0x18C5,33, 0x10A4,1, 0x1084,35, 0x10A4,1, 0x18C5,38,
    0x18C6,1, 0x10A4,26, 0x18C6,1, 0x18C5,15, 0x18C5,316, 0x5204,1, 0x8B63,5, 0x5204,1,
    0x18C5,63, 0x8B63,1, 0xFE00,5, 0x8B63,1, 0x18C5,63, 0x8B63,1, 0xFE00,5, 0x8B63,1,
    0x18C5,61, 0x5204,1, 0x8B63,1, 0xC4A2,2, 0x8B63,2, 0xC4A2,1, 0xFE00,1, 0xC4A2,1,
    0x5204,1, 0x18C5,60, 0x8B63,1, 0xFE00,2, 0x8B63,1, 0x18C5,2, 0x8B63,1, 0xFE00,2,
    0x8B63,1, 0x18C5,60, 0x8B63,1, 0xFE00,2, 0x8B63,1, 0x18C5,2, 0x8B63,1, 0xFE00,2,
    0x8B63,1, 0x18C5,60, 0x5204,1, 0x8B63,2, 0x5204,1, 0x18C5,2, 0x8B63,1, 0xFE00,2,
    0x8B63,1, 0x18C5,66, 0x8B63,1, 0xFE00,2, 0x8B63,1, 0x18C5,65, 0x5204,1, 0xC4A2,1,
    0xFE00,1, 0xC4A2,1, 0x5204,1, 0x18C5,65, 0x8B63,1, 0xFE00,2, 0x8B63,1, 0x18C5,66,
    0x8B63,1, 0xFE00,2, 0x8B63,1, 0x18C5,64, 0x5204,1, 0x8B63,1, 0xC4A2,2, 0x8B63,1,
    0x5204,1, 0x18C5,64, 0x8B63,1, 0xFE00,2, 0x8B63,1, 0x18C5,66, 0x8B63,1, 0xFE00,2,
    0x8B63,1, 0x18C5,66, 0x5204,1, 0x8B63,2, 0x5204,1, 0x18C5,66, 0x5204,1, 0x8B63,2,
    0x5204,1, 0x18C5,66, 0x8B63,1, 0xFE00,2, 0x8B63,1, 0x18C5,47, 0x4125,1, 0x6984,6,
    0x4124,1, 0x18C5,11, 0x8B63,1, 0xFE00,2, 0x8B63,1, 0x18C5,47, 0x4125,1, 0x6984,6,
    0x4124,1, 0x18C5,11, 0x5204,1, 0x8B63,2, 0x5204,1, 0x18C5,45, 0x4124,1, 0x6984,2,
    0xDC4D,1, 0xF572,4, 0xBB29,1, 0x4124,1, 0x18C5,60, 0x4124,1, 0x6984,3, 0xBB29,2,
    0xDC4D,2, 0xBB29,1, 0x4124,1, 0x18C5,60, 0x4124,1, 0x6984,3, 0xBB29,2, 0xDC4D,2,
    0xBB29,1, 0x4124,1, 0x18C5,63, 0x4125,1, 0x6984,1, 0xBB29,1, 0xDC4D,2, 0xBB29,1,
    0x4124,1, 0x18C5,63, 0x4125,1, 0x6984,1, 0xBB29,1, 0xDC4D,2, 0xBB29,1, 0x4124,1,
    0x6984,33, 0x18C5,30, 0x4125,1, 0x6984,1, 0xBB29,1, 0xDC4D,2, 0xBB29,1, 0x4124,1,
    0x6984,33, 0x18C5,27, 0x4124,1, 0x6984,2, 0xBB29,1, 0xF572,1, 0xDC4D,3, 0xBB29,1,
    0x4124,1, 0x6984,1, 0xF572,29, 0xBB29,1, 0x6984,2, 0x18C5,27, 0x4124,1, 0x6984,2,
    0xBB29,5, 0x6984,1, 0x4124,1, 0x6984,1, 0xFE98,3, 0xDC4D,26, 0xBB29,1, 0x6984,2,
    0x18C5,27, 0x4124,1, 0x6984,2, 0xBB29,5, 0x6984,1, 0x4124,1, 0x6984,1, 0xFE98,3,
    0xDC4D,25, 0xBB29,1, 0x6984,3, 0x4124,4, 0x28E5,1, 0x18C5,24, 0x4125,1, 0x6984,7,
    0xF572,1, 0xDC4D,27, 0xBB29,1, 0x6984,8, 0x4125,1, 0x18C5,30, 0x6984,2, 0xF572,1,
    0xDC4D,6, 0xFFFF,2, 0x1882,1, 0xDC4D,15, 0xFFFF,2, 0x1882,1, 0xBB29,8, 0x6984,1,
    0x69A5,1, 0x28E5,1, 0x18C5,29, 0x6984,2, 0xF572,1, 0xDC4D,6, 0xFFFF,2, 0x1882,1,
    0xDC4D,15, 0xFFFF,2, 0x1882,1, 0xBB29,1, 0xDC4D,6, 0xBB29,1, 0x6984,2, 0x4124,1,
    0x18C5,29, 0x6984,2, 0xF572,1, 0xDC4D,6, 0x1882,3, 0xDC4D,15, 0x1882,3, 0xBB29,2,
    0xDC4D,4, 0xBB29,1, 0x6984,3, 0x4124,1, 0x18C5,29, 0x6984,2, 0xF572,1, 0xDC4D,6,
    0x1882,3, 0xDC4D,15, 0x1882,3, 0xBB29,2, 0xDC4D,4, 0xBB29,1, 0x69A5,1, 0x4125,2,
    0x28E5,1, 0x18C5,29, 0x6984,2, 0xF572,1, 0xDC4D,6, 0x1882,3, 0xDC4D,15, 0x1882,3,
    0xBB29,2, 0xDC4D,4, 0xBB29,1, 0x4125,1, 0x18C5,32, 0x6984,2, 0xF572,1, 0xDC4D,6,
    0x1882,3, 0xDC4D,15, 0x1882,3, 0xBB29,2, 0xDC4D,4, 0xBB29,1, 0x4125,1, 0x18C5,32,
    0x6984,2, 0xF572,1, 0xDC4D,27, 0xBB29,2, 0xDC4D,5, 0x7A48,1, 0x4125,2, 0x28E5,1,
    0x18C5,29, 0x6984,2, 0xF572,1, 0xDC4D,27, 0xBB29,6, 0xDC4D,1, 0xBB29,1, 0x6984,2,
    0x4124,1, 0x18C5,29, 0x6984,2, 0xF572,1, 0xDC4D,27, 0xBB29,9, 0x6984,1, 0x4124,1,
    0x18C5,29, 0x6984,2, 0xF572,1, 0xDC4D,27, 0xBB29,2, 0x6984,7, 0x69A5,1, 0x28E5,1,
    0x18C5,29, 0x6984,2, 0xF572,1, 0xDC4D,27, 0xBB29,2, 0x6984,1, 0x4124,6, 0x28E5,1,
    0x18C5,30, 0x6984,2, 0xBB29,30, 0x6984,1, 0x18C5,37, 0x6984,2, 0xBB29,30, 0x6984,1,
    0x18C5,37, 0x6984,2, 0xBB29,30, 0x6984,1, 0x18C5,37, 0x6984,33, 0x18C5,37, 0xBB29,2,
    0x6984,1, 0x18C5,3, 0xBB29,2, 0x6984,1, 0x18C5,9, 0xBB29,2, 0x6984,1, 0x18C5,3,
    0xBB29,2, 0x6984,1, 0x18C5,43, 0xBB29,2, 0x6984,1, 0x18C5,3, 0xBB29,2, 0x6984,1,
    0x18C5,9, 0xBB29,2, 0x6984,1, 0x18C5,3, 0xBB29,2, 0x6984,1, 0x18C5,43, 0xBB29,2,
    0x6984,1, 0x18C5,3, 0xBB29,2, 0x6984,1, 0x18C5,9, 0xBB29,2, 0x6984,1, 0x18C5,3,
    0xBB29,2, 0x6984,1, 0x18C5,43, 0xBB29,2, 0x6984,1, 0x18C5,3, 0xBB29,2, 0x6984,1,
    0x18C5,9, 0xBB29,2, 0x6984,1, 0x18C5,3, 0xBB29,2, 0x6984,1, 0x18C5,43, 0x6984,3,
    0x18C5,3, 0x6984,3, 0x18C5,9, 0x6984,3, 0x18C5,3, 0x6984,3, 0x18C5,43, 0x6984,3,
    0x18C5,3, 0x6984,3, 0x18C5,9, 0x6984,3, 0x18C5,3, 0x6984,3, 0x18C5,41, 0x10A4,1,
    0x1084,1, 0x3904,3, 0x1084,3, 0x3904,3, 0x1084,9, 0x3904,3, 0x1084,3, 0x3904,3,
    0x1084,7, 0x10A4,1, 0x18C5,33, 0x10A4,1, 0x1084,35, 0x10A4,1, 0x18C5,38, 0x18C6,1,
    0x10A4,26, 0x18C6,1, 0x18C5,15, 0x18C5,38, 0xFE00,3, 0x18C5,67, 0xFE00,3, 0x18C5,65,
    0xFE00,2, 0x18C5,3, 0xFE00,1, 0x18C5,69, 0xFE00,1, 0x18C5,69, 0xFE00,1, 0x18C5,67,
    0xFE00,2, 0x18C5,67, 0xFE00,1, 0x18C5,69, 0xFE00,1, 0x18C5,139, 0xFE00,1, 0x18C5,69,
    0xFE00,1, 0x18C5,749, 0x4125,1, 0x6984,6, 0x4124,1, 0x18C5,62, 0x4125,1, 0x6984,6,
    0x4124,1, 0x18C5,60, 0x4124,1, 0x6984,2, 0xDC4D,1, 0xF572,4, 0xBB29,1, 0x4124,1,
    0x18C5,60, 0x4124,1, 0x6984,3, 0xBB29,2, 0xDC4D,2, 0xBB29,1, 0x4124,1, 0x18C5,60,
    0x4124,1, 0x6984,3, 0xBB29,2, 0xDC4D,2, 0xBB29,1, 0x4124,1, 0x18C5,63, 0x4125,1,
    0x6984,1, 0xBB29,1, 0xDC4D,2, 0xBB29,1, 0x4124,1, 0x18C5,63, 0x4125,1, 0x6984,1,
    0xBB29,1, 0xDC4D,2, 0xBB29,1, 0x4124,1, 0x6984,33, 0x18C5,30, 0x4125,1, 0x6984,1,
    0xBB29,1, 0xDC4D,2, 0xBB29,1, 0x4124,1, 0x6984,33, 0x18C5,27, 0x4124,1, 0x6984,2,
    0xBB29,1, 0xF572,1, 0xDC4D,3, 0xBB29,1, 0x4124,1, 0x6984,1, 0xF572,29, 0xBB29,1,
    0x6984,2, 0x18C5,27, 0x4124,1, 0x6984,2, 0xBB29,5, 0x6984,1, 0x4124,1, 0x6984,1,
    0xFE98,3, 0xDC4D,26, 0xBB29,1, 0x6984,2, 0x18C5,27, 0x4124,1, 0x6984,2, 0xBB29,5,
    0x6984,1, 0x4124,1, 0x6984,1, 0xFE98,3, 0xDC4D,25, 0xBB29,1, 0x6984,3, 0x4124,4,
    0x28E5,1, 0x18C5,24, 0x4125,1, 0x6984,7, 0xF572,1, 0xDC4D,27, 0xBB29,1, 0x6984,8,
    0x4125,1, 0x18C5,30, 0x6984,2, 0xF572,1, 0xDC4D,6, 0xFFFF,2, 0x1882,1, 0xDC4D,15,
    0xFFFF,2, 0x1882,1, 0xBB29,8, 0x6984,1, 0x69A5,1, 0x28E5,1, 0x18C5,29, 0x6984,2,
    0xF572,1, 0xDC4D,6, 0xFFFF,2, 0x1882,1, 0xDC4D,15, 0xFFFF,2, 0x1882,1, 0xBB29,1,
    0xDC4D,6, 0xBB29,1, 0x6984,2, 0x4124,1, 0x18C5,29, 0x6984,2, 0xF572,1, 0xDC4D,6,
    0x1882,3, 0xDC4D,15, 0x1882,3, 0xBB29,2, 0xDC4D,4, 0xBB29,1, 0x6984,3, 0x4124,1,
    0x18C5,29, 0x6984,2, 0xF572,1, 0xDC4D,6, 0x1882,3, 0xDC4D,15, 0x1882,3, 0xBB29,2,
    0xDC4D,4, 0xBB29,1, 0x69A5,1, 0x4125,2, 0x28E5,1, 0x18C5,29, 0x6984,2, 0xF572,1,
    0xDC4D,6, 0x1882,3, 0xDC4D,15, 0x1882,3, 0xBB29,2, 0xDC4D,4, 0xBB29,1, 0x4125,1,
    0x18C5,32, 0x6984,2, 0xF572,1, 0xDC4D,6, 0x1882,3, 0xDC4D,15, 0x1882,3, 0xBB29,2,
    0xDC4D,4, 0xBB29,1, 0x4125,1, 0x18C5,32, 0x6984,2, 0xF572,1, 0xDC4D,27, 0xBB29,2,
    0xDC4D,5, 0x7A48,1, 0x4125,2, 0x28E5,1, 0x18C5,29, 0x6984,2, 0xF572,1, 0xDC4D,27,
    0xBB29,6, 0xDC4D,1, 0xBB29,1, 0x6984,2, 0x4124,1, 0x18C5,29, 0x6984,2, 0xF572,1,
    0xDC4D,27, 0xBB29,9, 0x6984,1, 0x4124,1, 0x18C5,29, 0x6984,2, 0xF572,1, 0xDC4D,27,
    0xBB29,2, 0x6984,7, 0x69A5,1, 0x28E5,1, 0x18C5,29, 0x6984,2, 0xF572,1, 0xDC4D,27,
    0xBB29,2, 0x6984,1, 0x4124,6, 0x28E5,1, 0x18C5,30, 0x6984,2, 0xBB29,30, 0x6984,1,
    0x18C5,37, 0x6984,2, 0xBB29,30, 0x6984,1, 0x18C5,37, 0x6984,2, 0xBB29,30, 0x6984,1,
    0x18C5,37, 0x6984,33, 0x18C5,37, 0xBB29,2, 0x6984,1, 0x18C5,3, 0xBB29,2, 0x6984,1,
    0x18C5,9, 0xBB29,2, 0x6984,1, 0x18C5,3, 0xBB29,2, 0x6984,1, 0x18C5,43, 0xBB29,2,
    0x6984,1, 0x18C5,3, 0xBB29,2, 0x6984,1, 0x18C5,9, 0xBB29,2, 0x6984,1, 0x18C5,3,
    0xBB29,2, 0x6984,1, 0x18C5,43, 0xBB29,2, 0x6984,1, 0x18C5,3, 0xBB29,2, 0x6984,1,
    0x18C5,9, 0xBB29,2, 0x6984,1, 0x18C5,3, 0xBB29,2, 0x6984,1, 0x18C5,43, 0xBB29,2,
    0x6984,1, 0x18C5,3, 0xBB29,2, 0x6984,1, 0x18C5,9, 0xBB29,2, 0x6984,1, 0x18C5,3,
    0xBB29,2, 0x6984,1, 0x18C5,43, 0x6984,3, 0x18C5,3, 0x6984,3, 0x18C5,9, 0x6984,3,
    0x18C5,3, 0x6984,3, 0x18C5,43, 0x6984,3, 0x18C5,3, 0x6984,3, 0x18C5,9, 0x6984,3,
    0x18C5,3, 0x6984,3, 0x18C5,41, 0x10A4,1, 0x1084,1, 0x3904,3, 0x1084,3, 0x3904,3,
    0x1084,9, 0x3904,3, 0x1084,3, 0x3904,3, 0x1084,7, 0x10A4,1, 0x18C5,33, 0x10A4,1,
    0x1084,35, 0x10A4,1, 0x18C5,38, 0x18C6,1, 0x10A4,26, 0x18C6,1, 0x18C5,15, 0x18C5,1488,
    0x4125,1, 0x6984,6, 0x4124,1, 0x18C5,62, 0x4125,1, 0x6984,6, 0x4124,1, 0x18C5,60,
    0x4124,1, 0x6984,2, 0xDC4D,1, 0xF572,4, 0xBB29,1, 0x4124,1, 0x18C5,60, 0x4124,1,
    0x6984,3, 0xBB29,2, 0xDC4D,2, 0xBB29,1, 0x4124,1, 0x18C5,60, 0x4124,1, 0x6984,3,
    0xBB29,2, 0xDC4D,2, 0xBB29,1, 0x4124,1, 0x18C5,63, 0x4125,1, 0x6984,1, 0xBB29,1,
    0xDC4D,2, 0xBB29,1, 0x4124,1, 0x18C5,63, 0x4125,1, 0x6984,1, 0xBB29,1, 0xDC4D,2,
    0xBB29,1, 0x4124,1, 0x6984,33, 0x18C5,30, 0x4125,1, 0x6984,1, 0xBB29,1, 0xDC4D,2,
    0xBB29,1, 0x4124,1, 0x6984,33, 0x18C5,27, 0x4124,1, 0x6984,2, 0xBB29,1, 0xF572,1,
    0xDC4D,3, 0xBB29,1, 0x4124,1, 0x6984,1, 0xF572,29, 0xBB29,1, 0x6984,2, 0x18C5,27,
    0x4124,1, 0x6984,2, 0xBB29,5, 0x6984,1, 0x4124,1, 0x6984,1, 0xFE98,3, 0xDC4D,26,
    0xBB29,1, 0x6984,2, 0x18C5,27, 0x4124,1, 0x6984,2, 0xBB29,5, 0x6984,1, 0x4124,1,
    0x6984,1, 0xFE98,3, 0xDC4D,25, 0xBB29,1, 0x6984,3, 0x4124,4, 0x28E5,1, 0x18C5,24,
    0x4125,1, 0x6984,7, 0xF572,1, 0xDC4D,27, 0xBB29,1, 0x6984,8, 0x4125,1, 0x18C5,30,
    0x6984,2, 0xF572,1, 0xDC4D,6, 0xFFFF,2, 0x1882,1, 0xDC4D,15, 0xFFFF,2, 0x1882,1,
    0xBB29,8, 0x6984,1, 0x69A5,1, 0x28E5,1, 0x18C5,29, 0x6984,2, 0xF572,1, 0xDC4D,6,
    0xFFFF,2, 0x1882,1, 0xDC4D,15, 0xFFFF,2, 0x1882,1, 0xBB29,1, 0xDC4D,6, 0xBB29,1,
    0x6984,2, 0x4124,1, 0x18C5,29, 0x6984,2, 0xF572,1, 0xDC4D,6, 0x1882,3, 0xDC4D,15,
    0x1882,3, 0xBB29,2, 0xDC4D,4, 0xBB29,1, 0x6984,3, 0x4124,1, 0x18C5,29, 0x6984,2,
    0xF572,1, 0xDC4D,6, 0x1882,3, 0xDC4D,15, 0x1882,3, 0xBB29,2, 0xDC4D,4, 0xBB29,1,
    0x69A5,1, 0x4125,2, 0x28E5,1, 0x18C5,29, 0x6984,2, 0xF572,1, 0xDC4D,6, 0x1882,3,
    0xDC4D,15, 0x1882,3, 0xBB29,2, 0xDC4D,4, 0xBB29,1, 0x4125,1, 0x18C5,32, 0x6984,2,
    0xF572,1, 0xDC4D,6, 0x1882,3, 0xDC4D,15, 0x1882,3, 0xBB29,2, 0xDC4D,4, 0xBB29,1,
    0x4125,1, 0x18C5,32, 0x6984,2, 0xF572,1, 0xDC4D,27, 0xBB29,2, 0xDC4D,5, 0x7A48,1,
    0x4125,2, 0x28E5,1, 0x18C5,29, 0x6984,2, 0xF572,1, 0xDC4D,27, 0xBB29,6, 0xDC4D,1,
    0xBB29,1, 0x6984,2, 0x4124,1, 0x18C5,29, 0x6984,2, 0xF572,1, 0xDC4D,27, 0xBB29,9,
    0x6984,1, 0x4124,1, 0x18C5,29, 0x6984,2, 0xF572,1, 0xDC4D,27, 0xBB29,2, 0x6984,7,
    0x69A5,1, 0x28E5,1, 0x18C5,29, 0x6984,2, 0xF572,1, 0xDC4D,27, 0xBB29,2, 0x6984,1,
    0x4124,6, 0x28E5,1, 0x18C5,30, 0x6984,2, 0xBB29,30, 0x6984,1, 0x18C5,37, 0x6984,2,
    0xBB29,30, 0x6984,1, 0x18C5,37, 0x6984,2, 0xBB29,30, 0x6984,1, 0x18C5,37, 0x6984,33,
    0x18C5,37, 0xBB29,2, 0x6984,1, 0x18C5,3, 0xBB29,2, 0x6984,1, 0x18C5,9, 0xBB29,2,
    0x6984,1, 0x18C5,3, 0xBB29,2, 0x6984,1, 0x18C5,43, 0xBB29,2, 0x6984,1, 0x18C5,3,
    0xBB29,2, 0x6984,1, 0x18C5,9, 0xBB29,2, 0x6984,1, 0x18C5,3, 0xBB29,2, 0x6984,1,
    0x18C5,43, 0xBB29,2, 0x6984,1, 0x18C5,3, 0xBB29,2, 0x6984,1, 0x18C5,9, 0xBB29,2,
    0x6984,1, 0x18C5,3, 0xBB29,2, 0x6984,1, 0x18C5,43, 0xBB29,2, 0x6984,1, 0x18C5,3,
    0xBB29,2, 0x6984,1, 0x18C5,9, 0xBB29,2, 0x6984,1, 0x18C5,3, 0xBB29,2, 0x6984,1,
    0x18C5,43, 0x6984,3, 0x18C5,3, 0x6984,3, 0x18C5,9, 0x6984,3, 0x18C5,3, 0x6984,3,
    0x18C5,43, 0x6984,3, 0x18C5,3, 0x6984,3, 0x18C5,9, 0x6984,3, 0x18C5,3, 0x6984,3,
    0x18C5,41, 0x10A4,1, 0x1084,1, 0x3904,3, 0x1084,3, 0x3904,3, 0x1084,9, 0x3904,3,
    0x1084,3, 0x3904,3, 0x1084,7, 0x10A4,1, 0x18C5,33, 0x10A4,1, 0x1084,35, 0x10A4,1,
    0x18C5,38, 0x18C6,1, 0x10A4,26, 0x18C6,1, 0x18C5,15, 0x18C5,1484, 0x6984,7, 0x18C5,63,
    0x6984,7, 0x18C5,61, 0x6984,2, 0xBB29,1, 0xF572,5, 0x6984,1, 0x18C5,61, 0x6984,3,
    0xBB29,2, 0xDC4D,3, 0x6984,1, 0x18C5,61, 0x6984,3, 0xBB29,2, 0xDC4D,3, 0x6984,1,
    0x18C5,64, 0x6984,2, 0xDC4D,3, 0x6984,1, 0x18C5,64, 0x6984,2, 0xDC4D,3, 0x6984,32,
    0x4124,1, 0x18C5,32, 0x6984,2, 0xDC4D,3, 0x6984,32, 0x4124,1, 0x18C5,29, 0x6984,3,
    0xF572,2, 0xDC4D,3, 0x6984,1, 0xBB29,1, 0xF572,27, 0xDC4D,2, 0xBB29,1, 0x4124,1,
    0x18C5,29, 0x6984,2, 0xBB29,6, 0x6984,1, 0xBB29,1, 0xF572,1, 0xFE98,2, 0xF572,1,
    0xDC4D,23, 0xBB29,2, 0x6984,1, 0x4124,1, 0x18C5,29, 0x6984,2, 0xBB29,6, 0x6984,1,
    0xBB29,1, 0xF572,1, 0xFE98,2, 0xF572,1, 0xDC4D,23, 0xBB29,2, 0x6984,1, 0x5144,1,
    0x4124,6, 0x18C5,25, 0x6984,7, 0xBB29,1, 0xDC4D,27, 0xBB29,2, 0x6984,8, 0x18C5,30,
    0x4124,1, 0x6984,1, 0xBB29,1, 0xDC4D,5, 0xFFFF,2, 0x1882,1, 0xDC4D,15, 0xFFFF,2,
    0x1882,1, 0xDC4D,1, 0xBB29,8, 0x6984,2, 0x4125,1, 0x18C5,29, 0x4124,1, 0x6984,1,
    0xBB29,1, 0xDC4D,5, 0xFFFF,2, 0x1882,1, 0xDC4D,15, 0xFFFF,2, 0x1882,1, 0xDC4D,1,
    0xBB29,2, 0xDC4D,6, 0x6984,3, 0x18C5,29, 0x4124,1, 0x6984,1, 0xBB29,1, 0xDC4D,5,
    0x1882,3, 0xDC4D,15, 0x1882,3, 0xDC4D,1, 0xBB29,2, 0xDC4D,5, 0xBB29,1, 0x6984,3,
    0x18C5,29, 0x4124,1, 0x6984,1, 0xBB29,1, 0xDC4D,5, 0x1882,3, 0xDC4D,15, 0x1882,3,
    0xDC4D,1, 0xBB29,2, 0xDC4D,5, 0x6984,1, 0x4125,3, 0x18C5,29, 0x4124,1, 0x6984,1,
    0xBB29,1, 0xDC4D,5, 0x1882,3, 0xDC4D,15, 0x1882,3, 0xDC4D,1, 0xBB29,2, 0xDC4D,5,
    0x6984,1, 0x18C5,32, 0x4124,1, 0x6984,1, 0xBB29,1, 0xDC4D,5, 0x1882,3, 0xDC4D,15,
    0x1882,3, 0xDC4D,1, 0xBB29,2, 0xDC4D,5, 0x6984,1, 0x18C5,32, 0x4124,1, 0x6984,1,
    0xBB29,1, 0xDC4D,27, 0xBB29,2, 0xDC4D,5, 0xBB29,1, 0x4125,3, 0x18C5,29, 0x4124,1,
    0x6984,1, 0xBB29,1, 0xDC4D,27, 0xBB29,7, 0xDC4D,1, 0x6984,3, 0x18C5,29, 0x4124,1,
    0x6984,1, 0xBB29,1, 0xDC4D,27, 0xBB29,10, 0x6984,1, 0x18C5,29, 0x4124,1, 0x6984,1,
    0xBB29,1, 0xDC4D,27, 0xBB29,2, 0x6984,8, 0x4125,1, 0x18C5,29, 0x4124,1, 0x6984,1,
    0xBB29,1, 0xDC4D,27, 0xBB29,2, 0x6984,1, 0x5144,1, 0x4124,6, 0x18C5,30, 0x4124,1,
    0x6984,1, 0xBB29,30, 0x6984,1, 0x4124,1, 0x18C5,36, 0x4124,1, 0x6984,1, 0xBB29,30,
    0x6984,1, 0x4124,1, 0x18C5,36, 0x4124,1, 0x6984,1, 0xBB29,30, 0x6984,1, 0x4124,1,
    0x18C5,36, 0x4124,1, 0x6984,32, 0x4124,1, 0x18C5,38, 0xBB29,2, 0x6984,1, 0x18C5,3,
    0xBB29,2, 0x6984,1, 0x18C5,9, 0xBB29,2, 0x6984,1, 0x18C5,3, 0xBB29,2, 0x6984,1,
    0x18C5,43, 0xBB29,2, 0x6984,1, 0x18C5,3, 0xBB29,2, 0x6984,1, 0x18C5,9, 0xBB29,2,
    0x6984,1, 0x18C5,3, 0xBB29,2, 0x6984,1, 0x18C5,43, 0xBB29,2, 0x6984,1, 0x18C5,3,
    0xBB29,2, 0x6984,1, 0x18C5,9, 0xBB29,2, 0x6984,1, 0x18C5,3, 0xBB29,2, 0x6984,1,
    0x18C5,43, 0xBB29,2, 0x6984,1, 0x18C5,3, 0xBB29,2, 0x6984,1, 0x18C5,9, 0xBB29,2,
    0x6984,1, 0x18C5,3, 0xBB29,2, 0x6984,1, 0x18C5,43, 0x6984,3, 0x18C5,3, 0x6984,3,
    0x18C5,9, 0x6984,3, 0x18C5,3, 0x6984,3, 0x18C5,43, 0x6984,3, 0x18C5,3, 0x6984,3,
    0x18C5,9, 0x6984,3, 0x18C5,3, 0x6984,3, 0x18C5,40, 0x1084,3, 0x3904,3, 0x1084,3,
    0x3904,3, 0x1084,9, 0x3904,3, 0x1084,3, 0x3904,3, 0x1084,6, 0x18C5,34, 0x1084,36,
    0x18C5,39, 0x10A4,27, 0x18C5,20, 0x18C5,1482, 0x4125,1, 0x6984,6, 0x4124,1, 0x18C5,62,
    0x4125,1, 0x6984,6, 0x4124,1, 0x18C5,60, 0x4124,1, 0x6984,2, 0xDC4D,1, 0xF572,4,
    0xBB29,1, 0x4124,1, 0x18C5,60, 0x4124,1, 0x6984,3, 0xBB29,2, 0xDC4D,2, 0xBB29,1,
    0x4124,1, 0x18C5,60, 0x4124,1, 0x6984,3, 0xBB29,2, 0xDC4D,2, 0xBB29,1, 0x4124,1,
    0x18C5,63, 0x4125,1, 0x6984,1, 0xBB29,1, 0xDC4D,2, 0xBB29,1, 0x4124,1, 0x18C5,63,
    0x4125,1, 0x6984,1, 0xBB29,1, 0xDC4D,2, 0xBB29,1, 0x6984,32, 0x18C5,32, 0x4125,1,
    0x6984,1, 0xBB29,1, 0xDC4D,2, 0xBB29,1, 0x6984,32, 0x18C5,29, 0x4124,1, 0x6984,2,
    0xBB29,1, 0xF572,1, 0xDC4D,3, 0xBB29,1, 0x6984,1, 0xF572,28, 0xDC4D,2, 0x6984,1,
    0x18C5,29, 0x4124,1, 0x6984,2, 0xBB29,5, 0x6984,2, 0xF572,1, 0xFE98,3, 0xDC4D,24,
    0xBB29,2, 0x6984,1, 0x18C5,29, 0x4124,1, 0x6984,2, 0xBB29,5, 0x6984,2, 0xF572,1,
    0xFE98,3, 0xDC4D,24, 0xBB29,2, 0x6984,1, 0x4124,6, 0x28E5,1, 0x18C5,24, 0x4125,1,
    0x6984,7, 0xF572,1, 0xDC4D,27, 0xBB29,1, 0x6984,8, 0x4125,1, 0x18C5,30, 0x6984,2,
    0xF572,1, 0xDC4D,3, 0xFFFF,2, 0x1882,1, 0xDC4D,15, 0xFFFF,2, 0x1882,1, 0xDC4D,3,
    0xBB29,8, 0x6984,1, 0x69A5,1, 0x28E5,1, 0x18C5,29, 0x6984,2, 0xF572,1, 0xDC4D,3,
    0xFFFF,2, 0x1882,1, 0xDC4D,15, 0xFFFF,2, 0x1882,1, 0xDC4D,3, 0xBB29,1, 0xDC4D,6,
    0xBB29,1, 0x6984,2, 0x4124,1, 0x18C5,29, 0x6984,2, 0xF572,1, 0xDC4D,3, 0x1882,3,
    0xDC4D,15, 0x1882,3, 0xDC4D,3, 0xBB29,2, 0xDC4D,4, 0xBB29,1, 0x6984,3, 0x4124,1,
    0x18C5,29, 0x6984,2, 0xF572,1, 0xDC4D,3, 0x1882,3, 0xDC4D,15, 0x1882,3, 0xDC4D,3,
    0xBB29,2, 0xDC4D,4, 0xBB29,1, 0x69A5,1, 0x4125,2, 0x28E5,1, 0x18C5,29, 0x6984,2,
    0xF572,1, 0xDC4D,3, 0x1882,3, 0xDC4D,15, 0x1882,3, 0xDC4D,3, 0xBB29,2, 0xDC4D,4,
    0xBB29,1, 0x4125,1, 0x18C5,32, 0x6984,2, 0xF572,1, 0xDC4D,3, 0x1882,3, 0xDC4D,15,
    0x1882,3, 0xDC4D,3, 0xBB29,2, 0xDC4D,4, 0xBB29,1, 0x4125,1, 0x18C5,32, 0x6984,2,
    0xF572,1, 0xDC4D,27, 0xBB29,2, 0xDC4D,5, 0x7A48,1, 0x4125,2, 0x28E5,1, 0x18C5,29,
    0x6984,2, 0xF572,1, 0xDC4D,27, 0xBB29,6, 0xDC4D,1, 0xBB29,1, 0x6984,2, 0x4124,1,
    0x18C5,29, 0x6984,2, 0xF572,1, 0xDC4D,27, 0xBB29,9, 0x6984,1, 0x4124,1, 0x18C5,29,
    0x6984,2, 0xF572,1, 0xDC4D,27, 0xBB29,2, 0x6984,7, 0x69A5,1, 0x28E5,1, 0x18C5,29,
    0x6984,2, 0xF572,1, 0xDC4D,27, 0xBB29,2, 0x6984,1, 0x4124,6, 0x28E5,1, 0x18C5,30,
    0x6984,2, 0xDC4D,1, 0xBB29,29, 0x6984,1, 0x18C5,37, 0x6984,2, 0xDC4D,1, 0xBB29,29,
    0x6984,1, 0x18C5,37, 0x6984,2, 0xDC4D,1, 0xBB29,29, 0x6984,1, 0x18C5,37, 0x6984,33,
    0x18C5,40, 0xBB29,2, 0x6984,1, 0x18C5,3, 0xBB29,2, 0x6984,1, 0x18C5,9, 0xBB29,2,
    0x6984,1, 0x18C5,3, 0xBB29,2, 0x6984,1, 0x18C5,43, 0xBB29,2, 0x6984,1, 0x18C5,3,
    0xBB29,2, 0x6984,1, 0x18C5,9, 0xBB29,2, 0x6984,1, 0x18C5,3, 0xBB29,2, 0x6984,1,
    0x18C5,43, 0xBB29,2, 0x6984,1, 0x18C5,3, 0xBB29,2, 0x6984,1, 0x18C5,9, 0xBB29,2,
    0x6984,1, 0x18C5,3, 0xBB29,2, 0x6984,1, 0x18C5,43, 0xBB29,2, 0x6984,1, 0x18C5,3,
    0xBB29,2, 0x6984,1, 0x18C5,9, 0xBB29,2, 0x6984,1, 0x18C5,3, 0xBB29,2, 0x6984,1,
    0x18C5,43, 0x6984,3, 0x18C5,3, 0x6984,3, 0x18C5,9, 0x6984,3, 0x18C5,3, 0x6984,3,
    0x18C5,43, 0x6984,3, 0x18C5,3, 0x6984,3, 0x18C5,9, 0x6984,3, 0x18C5,3, 0x6984,3,
    0x18C5,38, 0x10A4,1, 0x1084,4, 0x3904,3, 0x1084,3, 0x3904,3, 0x1084,9, 0x3904,3,
    0x1084,3, 0x3904,3, 0x1084,4, 0x10A4,1, 0x18C5,33, 0x10A4,1, 0x1084,35, 0x10A4,1,
    0x18C5,38, 0x18C6,1, 0x10A4,26, 0x18C6,1, 0x18C5,21, 0x18C5,1482, 0x4125,1, 0x6984,6,
    0x4124,1, 0x18C5,62, 0x4125,1, 0x6984,6, 0x4124,1, 0x18C5,60, 0x4124,1, 0x6984,2,
    0xDC4D,1, 0xF572,4, 0xBB29,1, 0x4124,1, 0x18C5,60, 0x4124,1, 0x6984,3, 0xBB29,2,
    0xDC4D,2, 0xBB29,1, 0x4124,1, 0x18C5,60, 0x4124,1, 0x6984,3, 0xBB29,2, 0xDC4D,2,
    0xBB29,1, 0x4124,1, 0x18C5,63, 0x4125,1, 0x6984,1, 0xBB29,1, 0xDC4D,2, 0xBB29,1,
    0x4124,1, 0x18C5,63, 0x4125,1, 0x6984,1, 0xBB29,1, 0xDC4D,2, 0xBB29,1, 0x6984,32,
    0x18C5,32, 0x4125,1, 0x6984,1, 0xBB29,1, 0xDC4D,2, 0xBB29,1, 0x6984,32, 0x18C5,29,
    0x4124,1, 0x6984,2, 0xBB29,1, 0xF572,1, 0xDC4D,3, 0xBB29,1, 0x6984,1, 0xF572,28,
    0xDC4D,2, 0x6984,1, 0x18C5,29, 0x4124,1, 0x6984,2, 0xBB29,5, 0x6984,2, 0xF572,1,
    0xFE98,3, 0xDC4D,24, 0xBB29,2, 0x6984,1, 0x18C5,29, 0x4124,1, 0x6984,2, 0xBB29,5,
    0x6984,2, 0xF572,1, 0xFE98,3, 0xDC4D,24, 0xBB29,2, 0x6984,1, 0x4124,6, 0x28E5,1,
    0x18C5,24, 0x4125,1, 0x6984,7, 0xF572,1, 0xDC4D,27, 0xBB29,1, 0x6984,8, 0x4125,1,
    0x18C5,30, 0x6984,2, 0xF572,1, 0xDC4D,3, 0xFFFF,2, 0x1882,1, 0xDC4D,15, 0xFFFF,2,
    0x1882,1, 0xDC4D,3, 0xBB29,8, 0x6984,1, 0x69A5,1, 0x28E5,1, 0x18C5,29, 0x6984,2,
    0xF572,1, 0xDC4D,3, 0xFFFF,2, 0x1882,1, 0xDC4D,15, 0xFFFF,2, 0x1882,1, 0xDC4D,3,
    0xBB29,1, 0xDC4D,6, 0xBB29,1, 0x6984,2, 0x4124,1, 0x18C5,29, 0x6984,2, 0xF572,1,
    0xDC4D,3, 0x1882,3, 0xDC4D,15, 0x1882,3, 0xDC4D,3, 0xBB29,2, 0xDC4D,4, 0xBB29,1,
    0x6984,3, 0x4124,1, 0x18C5,29, 0x6984,2, 0xF572,1, 0xDC4D,3, 0x1882,3, 0xDC4D,15,
    0x1882,3, 0xDC4D,3, 0xBB29,2, 0xDC4D,4, 0xBB29,1, 0x69A5,1, 0x4125,2, 0x28E5,1,
    0x18C5,29, 0x6984,2, 0xF572,1, 0xDC4D,3, 0x1882,3, 0xDC4D,15, 0x1882,3, 0xDC4D,3,
    0xBB29,2, 0xDC4D,4, 0xBB29,1, 0x4125,1, 0x18C5,32, 0x6984,2, 0xF572,1, 0xDC4D,3,
    0x1882,3, 0xDC4D,15, 0x1882,3, 0xDC4D,3, 0xBB29,2, 0xDC4D,4, 0xBB29,1, 0x4125,1,
    0x18C5,32, 0x6984,2, 0xF572,1, 0xDC4D,27, 0xBB29,2, 0xDC4D,5, 0x7A48,1, 0x4125,2,
    0x28E5,1, 0x18C5,29, 0x6984,2, 0xF572,1, 0xDC4D,27, 0xBB29,6, 0xDC4D,1, 0xBB29,1,
    0x6984,2, 0x4124,1, 0x18C5,29, 0x6984,2, 0xF572,1, 0xDC4D,27, 0xBB29,9, 0x6984,1,
    0x4124,1, 0x18C5,29, 0x6984,2, 0xF572,1, 0xDC4D,27, 0xBB29,2, 0x6984,7, 0x69A5,1,
    0x28E5,1, 0x18C5,29, 0x6984,2, 0xF572,1, 0xDC4D,27, 0xBB29,2, 0x6984,1, 0x4124,6,
    0x28E5,1, 0x18C5,30, 0x6984,2, 0xDC4D,1, 0xBB29,29, 0x6984,1, 0x18C5,37, 0x6984,2,
    0xDC4D,1, 0xBB29,29, 0x6984,1, 0x18C5,37, 0x6984,2, 0xDC4D,1, 0xBB29,29, 0x6984,1,
    0x18C5,37, 0x6984,33, 0x18C5,40, 0xBB29,2, 0x6984,1, 0x18C5,3, 0xBB29,2, 0x6984,1,
    0x18C5,9, 0xBB29,2, 0x6984,1, 0x18C5,3, 0xBB29,2, 0x6984,1, 0x18C5,43, 0xBB29,2,
    0x6984,1, 0x18C5,3, 0xBB29,2, 0x6984,1, 0x18C5,9, 0xBB29,2, 0x6984,1, 0x18C5,3,
    0xBB29,2, 0x6984,1, 0x18C5,43, 0xBB29,2, 0x6984,1, 0x18C5,3, 0xBB29,2, 0x6984,1,
    0x18C5,9, 0xBB29,2, 0x6984,1, 0x18C5,3, 0xBB29,2, 0x6984,1, 0x18C5,43, 0xBB29,2,
    0x6984,1, 0x18C5,3, 0xBB29,2, 0x6984,1, 0x18C5,9, 0xBB29,2, 0x6984,1, 0x18C5,3,
    0xBB29,2, 0x6984,1, 0x18C5,43, 0x6984,3, 0x18C5,3, 0x6984,3, 0x18C5,9, 0x6984,3,
    0x18C5,3, 0x6984,3, 0x18C5,43, 0x6984,3, 0x18C5,3, 0x6984,3, 0x18C5,9, 0x6984,3,
    0x18C5,3, 0x6984,3, 0x18C5,38, 0x10A4,1, 0x1084,4, 0x3904,3, 0x1084,3, 0x3904,3,
    0x1084,9, 0x3904,3, 0x1084,3, 0x3904,3, 0x1084,4, 0x10A4,1, 0x18C5,33, 0x10A4,1,
    0x1084,35, 0x10A4,1, 0x18C5,38, 0x18C6,1, 0x10A4,26, 0x18C6,1, 0x18C5,21, 0x18C5,1482,
    0x4125,1, 0x6984,6, 0x4124,1, 0x18C5,62, 0x4125,1, 0x6984,6, 0x4124,1, 0x18C5,60,
    0x4124,1, 0x6984,2, 0xDC4D,1, 0xF572,4, 0xBB29,1, 0x4124,1, 0x18C5,60, 0x4124,1,
    0x6984,3, 0xBB29,2, 0xDC4D,2, 0xBB29,1, 0x4124,1, 0x18C5,60, 0x4124,1, 0x6984,3,
    0xBB29,2, 0xDC4D,2, 0xBB29,1, 0x4124,1, 0x18C5,63, 0x4125,1, 0x6984,1, 0xBB29,1,
    0xDC4D,2, 0xBB29,1, 0x4124,1, 0x18C5,63, 0x4125,1, 0x6984,1, 0xBB29,1, 0xDC4D,2,
    0xBB29,1, 0x6984,32, 0x18C5,32, 0x4125,1, 0x6984,1, 0xBB29,1, 0xDC4D,2, 0xBB29,1,
    0x6984,32, 0x18C5,29, 0x4124,1, 0x6984,2, 0xBB29,1, 0xF572,1, 0xDC4D,3, 0xBB29,1,
    0x6984,1, 0xF572,28, 0xDC4D,2, 0x6984,1, 0x18C5,29, 0x4124,1, 0x6984,2, 0xBB29,5,
    0x6984,2, 0xF572,1, 0xFE98,3, 0xDC4D,24, 0xBB29,2, 0x6984,1, 0x18C5,29, 0x4124,1,
    0x6984,2, 0xBB29,5, 0x6984,2, 0xF572,1, 0xFE98,3, 0xDC4D,24, 0xBB29,2, 0x6984,1,
    0x4124,6, 0x28E5,1, 0x18C5,24, 0x4125,1, 0x6984,7, 0xF572,1, 0xDC4D,27, 0xBB29,1,
    0x6984,8, 0x4125,1, 0x18C5,30, 0x6984,2, 0xF572,1, 0xDC4D,3, 0xFFFF,2, 0x1882,1,
    0xDC4D,15, 0xFFFF,2, 0x1882,1, 0xDC4D,3, 0xBB29,8, 0x6984,1, 0x69A5,1, 0x28E5,1,
    0x18C5,29, 0x6984,2, 0xF572,1, 0xDC4D,3, 0xFFFF,2, 0x1882,1, 0xDC4D,15, 0xFFFF,2,
    0x1882,1, 0xDC4D,3, 0xBB29,1, 0xDC4D,6, 0xBB29,1, 0x6984,2, 0x4124,1, 0x18C5,29,
    0x6984,2, 0xF572,1, 0xDC4D,3, 0x1882,3, 0xDC4D,15, 0x1882,3, 0xDC4D,3, 0xBB29,2,
    0xDC4D,4, 0xBB29,1, 0x6984,3, 0x4124,1, 0x18C5,29, 0x6984,2, 0xF572,1, 0xDC4D,3,
    0x1882,3, 0xDC4D,15, 0x1882,3, 0xDC4D,3, 0xBB29,2, 0xDC4D,4, 0xBB29,1, 0x69A5,1,
    0x4125,2, 0x28E5,1, 0x18C5,29, 0x6984,2, 0xF572,1, 0xDC4D,3, 0x1882,3, 0xDC4D,15,
    0x1882,3, 0xDC4D,3, 0xBB29,2, 0xDC4D,4, 0xBB29,1, 0x4125,1, 0x18C5,32, 0x6984,2,
    0xF572,1, 0xDC4D,3, 0x1882,3, 0xDC4D,15, 0x1882,3, 0xDC4D,3, 0xBB29,2, 0xDC4D,4,
    0xBB29,1, 0x4125,1, 0x18C5,32, 0x6984,2, 0xF572,1, 0xDC4D,27, 0xBB29,2, 0xDC4D,5,
    0x7A48,1, 0x4125,2, 0x28E5,1, 0x18C5,29, 0x6984,2, 0xF572,1, 0xDC4D,27, 0xBB29,6,
    0xDC4D,1, 0xBB29,1, 0x6984,2, 0x4124,1, 0x18C5,29, 0x6984,2, 0xF572,1, 0xDC4D,27,
    0xBB29,9, 0x6984,1, 0x4124,1, 0x18C5,29, 0x6984,2, 0xF572,1, 0xDC4D,27, 0xBB29,2,
    0x6984,7, 0x69A5,1, 0x28E5,1, 0x18C5,29, 0x6984,2, 0xF572,1, 0xDC4D,27, 0xBB29,2,
    0x6984,1, 0x4124,6, 0x28E5,1, 0x18C5,30, 0x6984,2, 0xDC4D,1, 0xBB29,29, 0x6984,1,
    0x18C5,37, 0x6984,2, 0xDC4D,1, 0xBB29,29, 0x6984,1, 0x18C5,37, 0x6984,2, 0xDC4D,1,
    0xBB29,29, 0x6984,1, 0x18C5,37, 0x6984,33, 0x18C5,40, 0xBB29,2, 0x6984,1, 0x18C5,3,
    0xBB29,2, 0x6984,1, 0x18C5,9, 0xBB29,2, 0x6984,1, 0x18C5,3, 0xBB29,2, 0x6984,1,
    0x18C5,43, 0xBB29,2, 0x6984,1, 0x18C5,3, 0xBB29,2, 0x6984,1, 0x18C5,9, 0xBB29,2,
    0x6984,1, 0x18C5,3, 0xBB29,2, 0x6984,1, 0x18C5,43, 0xBB29,2, 0x6984,1, 0x18C5,3,
    0xBB29,2, 0x6984,1, 0x18C5,9, 0xBB29,2, 0x6984,1, 0x18C5,3, 0xBB29,2, 0x6984,1,
    0x18C5,43, 0xBB29,2, 0x6984,1, 0x18C5,3, 0xBB29,2, 0x6984,1, 0x18C5,9, 0xBB29,2,
    0x6984,1, 0x18C5,3, 0xBB29,2, 0x6984,1, 0x18C5,43, 0x6984,3, 0x18C5,3, 0x6984,3,
    0x18C5,9, 0x6984,3, 0x18C5,3, 0x6984,3, 0x18C5,43, 0x6984,3, 0x18C5,3, 0x6984,3,
    0x18C5,9, 0x6984,3, 0x18C5,3, 0x6984,3, 0x18C5,38, 0x10A4,1, 0x1084,4, 0x3904,3,
    0x1084,3, 0x3904,3, 0x1084,9, 0x3904,3, 0x1084,3, 0x3904,3, 0x1084,4, 0x10A4,1,
    0x18C5,33, 0x10A4,1, 0x1084,35, 0x10A4,1, 0x18C5,38, 0x18C6,1, 0x10A4,26, 0x18C6,1,
    0x18C5,21, 0x18C5,1482, 0x4125,1, 0x6984,6, 0x4124,1, 0x18C5,62, 0x4125,1, 0x6984,6,
    0x4124,1, 0x18C5,60, 0x4124,1, 0x6984,2, 0xDC4D,1, 0xF572,4, 0xBB29,1, 0x4124,1,
    0x18C5,60, 0x4124,1, 0x6984,3, 0xBB29,2, 0xDC4D,2, 0xBB29,1, 0x4124,1, 0x18C5,60,
    0x4124,1, 0x6984,3, 0xBB29,2, 0xDC4D,2, 0xBB29,1, 0x4124,1, 0x18C5,63, 0x4125,1,
    0x6984,1, 0xBB29,1, 0xDC4D,2, 0xBB29,1, 0x4124,1, 0x18C5,63, 0x4125,1, 0x6984,1,
    0xBB29,1, 0xDC4D,2, 0xBB29,1, 0x6984,32, 0x18C5,32, 0x4125,1, 0x6984,1, 0xBB29,1,
    0xDC4D,2, 0xBB29,1, 0x6984,32, 0x18C5,29, 0x4124,1, 0x6984,2, 0xBB29,1, 0xF572,1,
    0xDC4D,3, 0xBB29,1, 0x6984,1, 0xF572,28, 0xDC4D,2, 0x6984,1, 0x18C5,29, 0x4124,1,
    0x6984,2, 0xBB29,5, 0x6984,2, 0xF572,1, 0xFE98,3, 0xDC4D,24, 0xBB29,2, 0x6984,1,
    0x18C5,29, 0x4124,1, 0x6984,2, 0xBB29,5, 0x6984,2, 0xF572,1, 0xFE98,3, 0xDC4D,24,
    0xBB29,2, 0x6984,1, 0x4124,6, 0x28E5,1, 0x18C5,24, 0x4125,1, 0x6984,7, 0xF572,1,
    0xDC4D,27, 0xBB29,1, 0x6984,8, 0x4125,1, 0x18C5,30, 0x6984,2, 0xF572,1, 0xDC4D,27,
    0xBB29,8, 0x6984,1, 0x69A5,1, 0x28E5,1, 0x18C5,29, 0x6984,2, 0xF572,1, 0xDC4D,27,
    0xBB29,1, 0xDC4D,6, 0xBB29,1, 0x6984,2, 0x4124,1, 0x18C5,29, 0x6984,2, 0xF572,1,
    0xDC4D,27, 0xBB29,2, 0xDC4D,4, 0xBB29,1, 0x6984,3, 0x4124,1, 0x18C5,29, 0x6984,2,
    0xF572,1, 0xDC4D,27, 0xBB29,2, 0xDC4D,4, 0xBB29,1, 0x69A5,1, 0x4125,2, 0x28E5,1,
    0x18C5,29, 0x6984,2, 0xF572,1, 0xDC4D,3, 0x6984,3, 0xDC4D,15, 0x6984,3, 0xDC4D,3,
    0xBB29,2, 0xDC4D,4, 0xBB29,1, 0x4125,1, 0x18C5,32, 0x6984,2, 0xF572,1, 0xDC4D,3,
    0x1882,3, 0xDC4D,15, 0x1882,3, 0xDC4D,3, 0xBB29,2, 0xDC4D,4, 0xBB29,1, 0x4125,1,
    0x18C5,32, 0x6984,2, 0xF572,1, 0xDC4D,3, 0x6984,3, 0xDC4D,15, 0x6984,3, 0xDC4D,3,
    0xBB29,2, 0xDC4D,5, 0x7A48,1, 0x4125,2, 0x28E5,1, 0x18C5,29, 0x6984,2, 0xF572,1,
    0xDC4D,27, 0xBB29,6, 0xDC4D,1, 0xBB29,1, 0x6984,2, 0x4124,1, 0x18C5,29, 0x6984,2,
    0xF572,1, 0xDC4D,27, 0xBB29,9, 0x6984,1, 0x4124,1, 0x18C5,29, 0x6984,2, 0xF572,1,
    0xDC4D,27, 0xBB29,2, 0x6984,7, 0x69A5,1, 0x28E5,1, 0x18C5,29, 0x6984,2, 0xF572,1,
    0xDC4D,27, 0xBB29,2, 0x6984,1, 0x4124,6, 0x28E5,1, 0x18C5,30, 0x6984,2, 0xDC4D,1,
    0xBB29,29, 0x6984,1, 0x18C5,37, 0x6984,2, 0xDC4D,1, 0xBB29,29, 0x6984,1, 0x18C5,37,
    0x6984,2, 0xDC4D,1, 0xBB29,29, 0x6984,1, 0x18C5,37, 0x6984,33, 0x18C5,40, 0xBB29,2,
    0x6984,1, 0x18C5,3, 0xBB29,2, 0x6984,1, 0x18C5,9, 0xBB29,2, 0x6984,1, 0x18C5,3,
    0xBB29,2, 0x6984,1, 0x18C5,43, 0xBB29,2, 0x6984,1, 0x18C5,3, 0xBB29,2, 0x6984,1,
    0x18C5,9, 0xBB29,2, 0x6984,1, 0x18C5,3, 0xBB29,2, 0x6984,1, 0x18C5,43, 0xBB29,2,
    0x6984,1, 0x18C5,3, 0xBB29,2, 0x6984,1, 0x18C5,9, 0xBB29,2, 0x6984,1, 0x18C5,3,
    0xBB29,2, 0x6984,1, 0x18C5,43, 0xBB29,2, 0x6984,1, 0x18C5,3, 0xBB29,2, 0x6984,1,
    0x18C5,9, 0xBB29,2, 0x6984,1, 0x18C5,3, 0xBB29,2, 0x6984,1, 0x18C5,43, 0x6984,3,
    0x18C5,3, 0x6984,3, 0x18C5,9, 0x6984,3, 0x18C5,3, 0x6984,3, 0x18C5,43, 0x6984,3,
    0x18C5,3, 0x6984,3, 0x18C5,9, 0x6984,3, 0x18C5,3, 0x6984,3, 0x18C5,38, 0x10A4,1,
    0x1084,4, 0x3904,3, 0x1084,3, 0x3904,3, 0x1084,9, 0x3904,3, 0x1084,3, 0x3904,3,
    0x1084,4, 0x10A4,1, 0x18C5,33, 0x10A4,1, 0x1084,35, 0x10A4,1, 0x18C5,38, 0x18C6,1,
    0x10A4,26, 0x18C6,1, 0x18C5,21, 0x18C5,1482, 0x4125,1, 0x6984,6, 0x4124,1, 0x18C5,62,
    0x4125,1, 0x6984,6, 0x4124,1, 0x18C5,60, 0x4124,1, 0x6984,2, 0xDC4D,1, 0xF572,4,
    0xBB29,1, 0x4124,1, 0x18C5,60, 0x4124,1, 0x6984,3, 0xBB29,2, 0xDC4D,2, 0xBB29,1,
    0x4124,1, 0x18C5,60, 0x4124,1, 0x6984,3, 0xBB29,2, 0xDC4D,2, 0xBB29,1, 0x4124,1,
    0x18C5,63, 0x4125,1, 0x6984,1, 0xBB29,1, 0xDC4D,2, 0xBB29,1, 0x4124,1, 0x18C5,63,
    0x4125,1, 0x6984,1, 0xBB29,1, 0xDC4D,2, 0xBB29,1, 0x6984,32, 0x18C5,32, 0x4125,1,
    0x6984,1, 0xBB29,1, 0xDC4D,2, 0xBB29,1, 0x6984,32, 0x18C5,29, 0x4124,1, 0x6984,2,
    0xBB29,1, 0xF572,1, 0xDC4D,3, 0xBB29,1, 0x6984,1, 0xF572,28, 0xDC4D,2, 0x6984,1,
    0x18C5,29, 0x4124,1, 0x6984,2, 0xBB29,5, 0x6984,2, 0xF572,1, 0xFE98,3, 0xDC4D,24,
    0xBB29,2, 0x6984,1, 0x18C5,29, 0x4124,1, 0x6984,2, 0xBB29,5, 0x6984,2, 0xF572,1,
    0xFE98,3, 0xDC4D,24, 0xBB29,2, 0x6984,1, 0x4124,6, 0x28E5,1, 0x18C5,24, 0x4125,1,
    0x6984,7, 0xF572,1, 0xDC4D,27, 0xBB29,1, 0x6984,8, 0x4125,1, 0x18C5,30, 0x6984,2,
    0xF572,1, 0xDC4D,3, 0xFFFF,2, 0x1882,1, 0xDC4D,15, 0xFFFF,2, 0x1882,1, 0xDC4D,3,
    0xBB29,8, 0x6984,1, 0x69A5,1, 0x28E5,1, 0x18C5,29, 0x6984,2, 0xF572,1, 0xDC4D,3,
    0xFFFF,2, 0x1882,1, 0xDC4D,15, 0xFFFF,2, 0x1882,1, 0xDC4D,3, 0xBB29,1, 0xDC4D,6,
    0xBB29,1, 0x6984,2, 0x4124,1, 0x18C5,29, 0x6984,2, 0xF572,1, 0xDC4D,3, 0x1882,3,
    0xDC4D,15, 0x1882,3, 0xDC4D,3, 0xBB29,2, 0xDC4D,4, 0xBB29,1, 0x6984,3, 0x4124,1,
    0x18C5,29, 0x6984,2, 0xF572,1, 0xDC4D,3, 0x1882,3, 0xDC4D,15, 0x1882,3, 0xDC4D,3,
    0xBB29,2, 0xDC4D,4, 0xBB29,1, 0x69A5,1, 0x4125,2, 0x28E5,1, 0x18C5,29, 0x6984,2,
    0xF572,1, 0xDC4D,3, 0x1882,3, 0xDC4D,15, 0x1882,3, 0xDC4D,3, 0xBB29,2, 0xDC4D,4,
    0xBB29,1, 0x4125,1, 0x18C5,32, 0x6984,2, 0xF572,1, 0xDC4D,3, 0x1882,3, 0xDC4D,15,
    0x1882,3, 0xDC4D,3, 0xBB29,2, 0xDC4D,4, 0xBB29,1, 0x4125,1, 0x18C5,32, 0x6984,2,
    0xF572,1, 0xDC4D,27, 0xBB29,2, 0xDC4D,5, 0x7A48,1, 0x4125,2, 0x28E5,1, 0x18C5,29,
    0x6984,2, 0xF572,1, 0xDC4D,27, 0xBB29,6, 0xDC4D,1, 0xBB29,1, 0x6984,2, 0x4124,1,
    0x18C5,29, 0x6984,2, 0xF572,1, 0xDC4D,27, 0xBB29,9, 0x6984,1, 0x4124,1, 0x18C5,29,
    0x6984,2, 0xF572,1, 0xDC4D,27, 0xBB29,2, 0x6984,7, 0x69A5,1, 0x28E5,1, 0x18C5,29,
    0x6984,2, 0xF572,1, 0xDC4D,27, 0xBB29,2, 0x6984,1, 0x4124,6, 0x28E5,1, 0x18C5,30,
    0x6984,2, 0xDC4D,1, 0xBB29,29, 0x6984,1, 0x18C5,37, 0x6984,2, 0xDC4D,1, 0xBB29,29,
    0x6984,1, 0x18C5,37, 0x6984,2, 0xDC4D,1, 0xBB29,29, 0x6984,1, 0x18C5,37, 0x6984,33,
    0x18C5,40, 0xBB29,2, 0x6984,1, 0x18C5,3, 0xBB29,2, 0x6984,1, 0x18C5,9, 0xBB29,2,
    0x6984,1, 0x18C5,3, 0xBB29,2, 0x6984,1, 0x18C5,43, 0xBB29,2, 0x6984,1, 0x18C5,3,
    0xBB29,2, 0x6984,1, 0x18C5,9, 0xBB29,2, 0x6984,1, 0x18C5,3, 0xBB29,2, 0x6984,1,
    0x18C5,43, 0xBB29,2, 0x6984,1, 0x18C5,3, 0xBB29,2, 0x6984,1, 0x18C5,9, 0xBB29,2,
    0x6984,1, 0x18C5,3, 0xBB29,2, 0x6984,1, 0x18C5,43, 0xBB29,2, 0x6984,1, 0x18C5,3,
    0xBB29,2, 0x6984,1, 0x18C5,9, 0xBB29,2, 0x6984,1, 0x18C5,3, 0xBB29,2, 0x6984,1,
    0x18C5,43, 0x6984,3, 0x18C5,3, 0x6984,3, 0x18C5,9, 0x6984,3, 0x18C5,3, 0x6984,3,
    0x18C5,43, 0x6984,3, 0x18C5,3, 0x6984,3, 0x18C5,9, 0x6984,3, 0x18C5,3, 0x6984,3,
    0x18C5,38, 0x10A4,1, 0x1084,4, 0x3904,3, 0x1084,3, 0x3904,3, 0x1084,9, 0x3904,3,
    0x1084,3, 0x3904,3, 0x1084,4, 0x10A4,1, 0x18C5,33, 0x10A4,1, 0x1084,35, 0x10A4,1,
    0x18C5,38, 0x18C6,1, 0x10A4,26, 0x18C6,1, 0x18C5,21, 0x18C5,1482, 0x4125,1, 0x6984,6,
    0x4124,1, 0x18C5,62, 0x4125,1, 0x6984,6, 0x4124,1, 0x18C5,60, 0x4124,1, 0x6984,2,
    0xDC4D,1, 0xF572,4, 0xBB29,1, 0x4124,1, 0x18C5,60, 0x4124,1, 0x6984,3, 0xBB29,2,
    0xDC4D,2, 0xBB29,1, 0x4124,1, 0x18C5,60, 0x4124,1, 0x6984,3, 0xBB29,2, 0xDC4D,2,
    0xBB29,1, 0x4124,1, 0x18C5,63, 0x4125,1, 0x6984,1, 0xBB29,1, 0xDC4D,2, 0xBB29,1,
    0x4124,1, 0x18C5,63, 0x4125,1, 0x6984,1, 0xBB29,1, 0xDC4D,2, 0xBB29,1, 0x6984,32,
    0x18C5,32, 0x4125,1, 0x6984,1, 0xBB29,1, 0xDC4D,2, 0xBB29,1, 0x6984,32, 0x18C5,29,
    0x4124,1, 0x6984,2, 0xBB29,1, 0xF572,1, 0xDC4D,3, 0xBB29,1, 0x6984,1, 0xF572,28,
    0xDC4D,2, 0x6984,1, 0x18C5,29, 0x4124,1, 0x6984,2, 0xBB29,5, 0x6984,2, 0xF572,1,
    0xFE98,3, 0xDC4D,24, 0xBB29,2, 0x6984,1, 0x18C5,29, 0x4124,1, 0x6984,2, 0xBB29,5,
    0x6984,2, 0xF572,1, 0xFE98,3, 0xDC4D,24, 0xBB29,2, 0x6984,1, 0x4124,6, 0x28E5,1,
    0x18C5,24, 0x4125,1, 0x6984,7, 0xF572,1, 0xDC4D,27, 0xBB29,1, 0x6984,8, 0x4125,1,
    0x18C5,30, 0x6984,2, 0xF572,1, 0xDC4D,3, 0xFFFF,2, 0x1882,1, 0xDC4D,15, 0xFFFF,2,
    0x1882,1, 0xDC4D,3, 0xBB29,8, 0x6984,1, 0x69A5,1, 0x28E5,1, 0x18C5,29, 0x6984,2,
    0xF572,1, 0xDC4D,3, 0xFFFF,2, 0x1882,1, 0xDC4D,15, 0xFFFF,2, 0x1882,1, 0xDC4D,3,
    0xBB29,1, 0xDC4D,6, 0xBB29,1, 0x6984,2, 0x4124,1, 0x18C5,29, 0x6984,2, 0xF572,1,
    0xDC4D,3, 0x1882,3, 0xDC4D,15, 0x1882,3, 0xDC4D,3, 0xBB29,2, 0xDC4D,4, 0xBB29,1,
    0x6984,3, 0x4124,1, 0x18C5,29, 0x6984,2, 0xF572,1, 0xDC4D,3, 0x1882,3, 0xDC4D,15,
    0x1882,3, 0xDC4D,3, 0xBB29,2, 0xDC4D,4, 0xBB29,1, 0x69A5,1, 0x4125,2, 0x28E5,1,
    0x18C5,29, 0x6984,2, 0xF572,1, 0xDC4D,3, 0x1882,3, 0xDC4D,15, 0x1882,3, 0xDC4D,3,
    0xBB29,2, 0xDC4D,4, 0xBB29,1, 0x4125,1, 0x18C5,32, 0x6984,2, 0xF572,1, 0xDC4D,3,
    0x1882,3, 0xDC4D,15, 0x1882,3, 0xDC4D,3, 0xBB29,2, 0xDC4D,4, 0xBB29,1, 0x4125,1,
    0x18C5,32, 0x6984,2, 0xF572,1, 0xDC4D,27, 0xBB29,2, 0xDC4D,5, 0x7A48,1, 0x4125,2,
    0x28E5,1, 0x18C5,29, 0x6984,2, 0xF572,1, 0xDC4D,27, 0xBB29,6, 0xDC4D,1, 0xBB29,1,
    0x6984,2, 0x4124,1, 0x18C5,29, 0x6984,2, 0xF572,1, 0xDC4D,27, 0xBB29,9, 0x6984,1,
    0x4124,1, 0x18C5,29, 0x6984,2, 0xF572,1, 0xDC4D,27, 0xBB29,2, 0x6984,7, 0x69A5,1,
    0x28E5,1, 0x18C5,29, 0x6984,2, 0xF572,1, 0xDC4D,27, 0xBB29,2, 0x6984,1, 0x4124,6,
    0x28E5,1, 0x18C5,30, 0x6984,2, 0xDC4D,1, 0xBB29,29, 0x6984,1, 0x18C5,37, 0x6984,2,
    0xDC4D,1, 0xBB29,29, 0x6984,1, 0x18C5,37, 0x6984,2, 0xDC4D,1, 0xBB29,29, 0x6984,1,
    0x18C5,37, 0x6984,33, 0x18C5,40, 0xBB29,2, 0x6984,1, 0x18C5,3, 0xBB29,2, 0x6984,1,
    0x18C5,9, 0xBB29,2, 0x6984,1, 0x18C5,3, 0xBB29,2, 0x6984,1, 0x18C5,43, 0xBB29,2,
    0x6984,1, 0x18C5,3, 0xBB29,2, 0x6984,1, 0x18C5,9, 0xBB29,2, 0x6984,1, 0x18C5,3,
    0xBB29,2, 0x6984,1, 0x18C5,43, 0xBB29,2, 0x6984,1, 0x18C5,3, 0xBB29,2, 0x6984,1,
    0x18C5,9, 0xBB29,2, 0x6984,1, 0x18C5,3, 0xBB29,2, 0x6984,1, 0x18C5,43, 0xBB29,2,
    0x6984,1, 0x18C5,3, 0xBB29,2, 0x6984,1, 0x18C5,9, 0xBB29,2, 0x6984,1, 0x18C5,3,
    0xBB29,2, 0x6984,1, 0x18C5,43, 0x6984,3, 0x18C5,3, 0x6984,3, 0x18C5,9, 0x6984,3,
    0x18C5,3, 0x6984,3, 0x18C5,43, 0x6984,3, 0x18C5,3, 0x6984,3, 0x18C5,9, 0x6984,3,
    0x18C5,3, 0x6984,3, 0x18C5,38, 0x10A4,1, 0x1084,4, 0x3904,3, 0x1084,3, 0x3904,3,
    0x1084,9, 0x3904,3, 0x1084,3, 0x3904,3, 0x1084,4, 0x10A4,1, 0x18C5,33, 0x10A4,1,
    0x1084,35, 0x10A4,1, 0x18C5,38, 0x18C6,1, 0x10A4,26, 0x18C6,1, 0x18C5,21, 0x18C5,1482,
    0x4125,1, 0x6984,6, 0x4124,1, 0x18C5,62, 0x4125,1, 0x6984,6, 0x4124,1, 0x18C5,60,
    0x4124,1, 0x6984,2, 0xDC4D,1, 0xF572,4, 0xBB29,1, 0x4124,1, 0x18C5,60, 0x4124,1,
    0x6984,3, 0xBB29,2, 0xDC4D,2, 0xBB29,1, 0x4124,1, 0x18C5,60, 0x4124,1, 0x6984,3,
    0xBB29,2, 0xDC4D,2, 0xBB29,1, 0x4124,1, 0x18C5,63, 0x4125,1, 0x6984,1, 0xBB29,1,
    0xDC4D,2, 0xBB29,1, 0x4124,1, 0x18C5,63, 0x4125,1, 0x6984,1, 0xBB29,1, 0xDC4D,2,
    0xBB29,1, 0x6984,32, 0x18C5,32, 0x4125,1, 0x6984,1, 0xBB29,1, 0xDC4D,2, 0xBB29,1,
    0x6984,32, 0x18C5,29, 0x4124,1, 0x6984,2, 0xBB29,1, 0xF572,1, 0xDC4D,3, 0xBB29,1,
    0x6984,1, 0xF572,28, 0xDC4D,2, 0x6984,1, 0x18C5,29, 0x4124,1, 0x6984,2, 0xBB29,5,
    0x6984,2, 0xF572,1, 0xFE98,3, 0xDC4D,24, 0xBB29,2, 0x6984,1, 0x18C5,29, 0x4124,1,
    0x6984,2, 0xBB29,5, 0x6984,2, 0xF572,1, 0xFE98,3, 0xDC4D,24, 0xBB29,2, 0x6984,1,
    0x4124,6, 0x28E5,1, 0x18C5,24, 0x4125,1, 0x6984,7, 0xF572,1, 0xDC4D,27, 0xBB29,1,
    0x6984,8, 0x4125,1, 0x18C5,30, 0x6984,2, 0xF572,1, 0xDC4D,3, 0xFFFF,2, 0x1882,1,
    0xDC4D,15, 0xFFFF,2, 0x1882,1, 0xDC4D,3, 0xBB29,8, 0x6984,1, 0x69A5,1, 0x28E5,1,
    0x18C5,29, 0x6984,2, 0xF572,1, 0xDC4D,3, 0xFFFF,2, 0x1882,1, 0xDC4D,15, 0xFFFF,2,
    0x1882,1, 0xDC4D,3, 0xBB29,1, 0xDC4D,6, 0xBB29,1, 0x6984,2, 0x4124,1, 0x18C5,29,
    0x6984,2, 0xF572,1, 0xDC4D,3, 0x1882,3, 0xDC4D,15, 0x1882,3, 0xDC4D,3, 0xBB29,2,
    0xDC4D,4, 0xBB29,1, 0x6984,3, 0x4124,1, 0x18C5,29, 0x6984,2, 0xF572,1, 0xDC4D,3,
    0x1882,3, 0xDC4D,15, 0x1882,3, 0xDC4D,3, 0xBB29,2, 0xDC4D,4, 0xBB29,1, 0x69A5,1,
    0x4125,2, 0x28E5,1, 0x18C5,29, 0x6984,2, 0xF572,1, 0xDC4D,3, 0x1882,3, 0xDC4D,15,
    0x1882,3, 0xDC4D,3, 0xBB29,2, 0xDC4D,4, 0xBB29,1, 0x4125,1, 0x18C5,32, 0x6984,2,
    0xF572,1, 0xDC4D,3, 0x1882,3, 0xDC4D,15, 0x1882,3, 0xDC4D,3, 0xBB29,2, 0xDC4D,4,
    0xBB29,1, 0x4125,1, 0x18C5,32, 0x6984,2, 0xF572,1, 0xDC4D,27, 0xBB29,2, 0xDC4D,5,
    0x7A48,1, 0x4125,2, 0x28E5,1, 0x18C5,29, 0x6984,2, 0xF572,1, 0xDC4D,27, 0xBB29,6,
    0xDC4D,1, 0xBB29,1, 0x6984,2, 0x4124,1, 0x18C5,29, 0x6984,2, 0xF572,1, 0xDC4D,27,
    0xBB29,9, 0x6984,1, 0x4124,1, 0x18C5,29, 0x6984,2, 0xF572,1, 0xDC4D,27, 0xBB29,2,
    0x6984,7, 0x69A5,1, 0x28E5,1, 0x18C5,29, 0x6984,2, 0xF572,1, 0xDC4D,27, 0xBB29,2,
    0x6984,1, 0x4124,6, 0x28E5,1, 0x18C5,30, 0x6984,2, 0xDC4D,1, 0xBB29,29, 0x6984,1,
    0x18C5,37, 0x6984,2, 0xDC4D,1, 0xBB29,29, 0x6984,1, 0x18C5,37, 0x6984,2, 0xDC4D,1,
    0xBB29,29, 0x6984,1, 0x18C5,37, 0x6984,33, 0x18C5,40, 0xBB29,2, 0x6984,1, 0x18C5,3,
    0xBB29,2, 0x6984,1, 0x18C5,9, 0xBB29,2, 0x6984,1, 0x18C5,3, 0xBB29,2, 0x6984,1,
    0x18C5,43, 0xBB29,2, 0x6984,1, 0x18C5,3, 0xBB29,2, 0x6984,1, 0x18C5,9, 0xBB29,2,
    0x6984,1, 0x18C5,3, 0xBB29,2, 0x6984,1, 0x18C5,43, 0xBB29,2, 0x6984,1, 0x18C5,3,
    0xBB29,2, 0x6984,1, 0x18C5,9, 0xBB29,2, 0x6984,1, 0x18C5,3, 0xBB29,2, 0x6984,1,
    0x18C5,43, 0xBB29,2, 0x6984,1, 0x18C5,3, 0xBB29,2, 0x6984,1, 0x18C5,9, 0xBB29,2,
    0x6984,1, 0x18C5,3, 0xBB29,2, 0x6984,1, 0x18C5,43, 0x6984,3, 0x18C5,3, 0x6984,3,
    0x18C5,9, 0x6984,3, 0x18C5,3, 0x6984,3, 0x18C5,43, 0x6984,3, 0x18C5,3, 0x6984,3,
    0x18C5,9, 0x6984,3, 0x18C5,3, 0x6984,3, 0x18C5,38, 0x10A4,1, 0x1084,4, 0x3904,3,
    0x1084,3, 0x3904,3, 0x1084,9, 0x3904,3, 0x1084,3, 0x3904,3, 0x1084,4, 0x10A4,1,
    0x18C5,33, 0x10A4,1, 0x1084,35, 0x10A4,1, 0x18C5,38, 0x18C6,1, 0x10A4,26, 0x18C6,1,
    0x18C5,21, 0x18C5,1482, 0x4125,1, 0x6984,6, 0x4124,1, 0x18C5,62, 0x4125,1, 0x6984,6,
    0x4124,1, 0x18C5,60, 0x4124,1, 0x6984,2, 0xDC4D,1, 0xF572,4, 0xBB29,1, 0x4124,1,
    0x18C5,60, 0x4124,1, 0x6984,3, 0xBB29,2, 0xDC4D,2, 0xBB29,1, 0x4124,1, 0x18C5,60,
    0x4124,1, 0x6984,3, 0xBB29,2, 0xDC4D,2, 0xBB29,1, 0x4124,1, 0x18C5,63, 0x4125,1,
    0x6984,1, 0xBB29,1, 0xDC4D,2, 0xBB29,1, 0x4124,1, 0x18C5,63, 0x4125,1, 0x6984,1,
    0xBB29,1, 0xDC4D,2, 0xBB29,1, 0x6984,32, 0x18C5,32, 0x4125,1, 0x6984,1, 0xBB29,1,
    0xDC4D,2, 0xBB29,1, 0x6984,32, 0x18C5,29, 0x4124,1, 0x6984,2, 0xBB29,1, 0xF572,1,
    0xDC4D,3, 0xBB29,1, 0x6984,1, 0xF572,28, 0xDC4D,2, 0x6984,1, 0x18C5,29, 0x4124,1,
    0x6984,2, 0xBB29,5, 0x6984,2, 0xF572,1, 0xFE98,3, 0xDC4D,24, 0xBB29,2, 0x6984,1,
    0x18C5,29, 0x4124,1, 0x6984,2, 0xBB29,5, 0x6984,2, 0xF572,1, 0xFE98,3, 0xDC4D,24,
    0xBB29,2, 0x6984,1, 0x4124,6, 0x28E5,1, 0x18C5,24, 0x4125,1, 0x6984,7, 0xF572,1,
    0xDC4D,27, 0xBB29,1, 0x6984,8, 0x4125,1, 0x18C5,30, 0x6984,2, 0xF572,1, 0xDC4D,3,
    0xFFFF,2, 0x1882,1, 0xDC4D,15, 0xFFFF,2, 0x1882,1, 0xDC4D,3, 0xBB29,8, 0x6984,1,
    0x69A5,1, 0x28E5,1, 0x18C5,29, 0x6984,2, 0xF572,1, 0xDC4D,3, 0xFFFF,2, 0x1882,1,
    0xDC4D,15, 0xFFFF,2, 0x1882,1, 0xDC4D,3, 0xBB29,1, 0xDC4D,6, 0xBB29,1, 0x6984,2,
    0x4124,1, 0x18C5,29, 0x6984,2, 0xF572,1, 0xDC4D,3, 0x1882,3, 0xDC4D,15, 0x1882,3,
    0xDC4D,3, 0xBB29,2, 0xDC4D,4, 0xBB29,1, 0x6984,3, 0x4124,1, 0x18C5,29, 0x6984,2,
    0xF572,1, 0xDC4D,3, 0x1882,3, 0xDC4D,15, 0x1882,3, 0xDC4D,3, 0xBB29,2, 0xDC4D,4,
    0xBB29,1, 0x69A5,1, 0x4125,2, 0x28E5,1, 0x18C5,29, 0x6984,2, 0xF572,1, 0xDC4D,3,
    0x1882,3, 0xDC4D,15, 0x1882,3, 0xDC4D,3, 0xBB29,2, 0xDC4D,4, 0xBB29,1, 0x4125,1,
    0x18C5,32, 0x6984,2, 0xF572,1, 0xDC4D,3, 0x1882,3, 0xDC4D,15, 0x1882,3, 0xDC4D,3,
    0xBB29,2, 0xDC4D,4, 0xBB29,1, 0x4125,1, 0x18C5,32, 0x6984,2, 0xF572,1, 0xDC4D,27,
    0xBB29,2, 0xDC4D,5, 0x7A48,1, 0x4125,2, 0x28E5,1, 0x18C5,29, 0x6984,2, 0xF572,1,
    0xDC4D,27, 0xBB29,6, 0xDC4D,1, 0xBB29,1, 0x6984,2, 0x4124,1, 0x18C5,29, 0x6984,2,
    0xF572,1, 0xDC4D,27, 0xBB29,9, 0x6984,1, 0x4124,1, 0x18C5,29, 0x6984,2, 0xF572,1,
    0xDC4D,27, 0xBB29,2, 0x6984,7, 0x69A5,1, 0x28E5,1, 0x18C5,29, 0x6984,2, 0xF572,1,
    0xDC4D,27, 0xBB29,2, 0x6984,1, 0x4124,6, 0x28E5,1, 0x18C5,30, 0x6984,2, 0xDC4D,1,
    0xBB29,29, 0x6984,1, 0x18C5,37, 0x6984,2, 0xDC4D,1, 0xBB29,29, 0x6984,1, 0x18C5,37,
    0x6984,2, 0xDC4D,1, 0xBB29,29, 0x6984,1, 0x18C5,37, 0x6984,33, 0x18C5,40, 0xBB29,2,
    0x6984,1, 0x18C5,3, 0xBB29,2, 0x6984,1, 0x18C5,9, 0xBB29,2, 0x6984,1, 0x18C5,3,
    0xBB29,2, 0x6984,1, 0x18C5,43, 0xBB29,2, 0x6984,1, 0x18C5,3, 0xBB29,2, 0x6984,1,
    0x18C5,9, 0xBB29,2, 0x6984,1, 0x18C5,3, 0xBB29,2, 0x6984,1, 0x18C5,43, 0xBB29,2,
    0x6984,1, 0x18C5,3, 0xBB29,2, 0x6984,1, 0x18C5,9, 0xBB29,2, 0x6984,1, 0x18C5,3,
    0xBB29,2, 0x6984,1, 0x18C5,43, 0xBB29,2, 0x6984,1, 0x18C5,3, 0xBB29,2, 0x6984,1,
    0x18C5,9, 0xBB29,2, 0x6984,1, 0x18C5,3, 0xBB29,2, 0x6984,1, 0x18C5,43, 0x6984,3,
    0x18C5,3, 0x6984,3, 0x18C5,9, 0x6984,3, 0x18C5,3, 0x6984,3, 0x18C5,43, 0x6984,3,
    0x18C5,3, 0x6984,3, 0x18C5,9, 0x6984,3, 0x18C5,3, 0x6984,3, 0x18C5,38, 0x10A4,1,
    0x1084,4, 0x3904,3, 0x1084,3, 0x3904,3, 0x1084,9, 0x3904,3, 0x1084,3, 0x3904,3,
    0x1084,4, 0x10A4,1, 0x18C5,33, 0x10A4,1, 0x1084,35, 0x10A4,1, 0x18C5,38, 0x18C6,1,
    0x10A4,26, 0x18C6,1, 0x18C5,21, 0x18C5,1482, 0x4125,1, 0x6984,6, 0x4124,1, 0x18C5,62,
    0x4125,1, 0x6984,6, 0x4124,1, 0x18C5,60, 0x4124,1, 0x6984,2, 0xDC4D,1, 0xF572,4,
    0xBB29,1, 0x4124,1, 0x18C5,60, 0x4124,1, 0x6984,3, 0xBB29,2, 0xDC4D,2, 0xBB29,1,
    0x4124,1, 0x18C5,60, 0x4124,1, 0x6984,3, 0xBB29,2, 0xDC4D,2, 0xBB29,1, 0x4124,1,
    0x18C5,63, 0x4125,1, 0x6984,1, 0xBB29,1, 0xDC4D,2, 0xBB29,1, 0x4124,1, 0x18C5,63,
    0x4125,1, 0x6984,1, 0xBB29,1, 0xDC4D,2, 0xBB29,1, 0x6984,32, 0x18C5,32, 0x4125,1,
    0x6984,1, 0xBB29,1, 0xDC4D,2, 0xBB29,1, 0x6984,32, 0x18C5,29, 0x4124,1, 0x6984,2,
    0xBB29,1, 0xF572,1, 0xDC4D,3, 0xBB29,1, 0x6984,1, 0xF572,28, 0xDC4D,2, 0x6984,1,
    0x18C5,29, 0x4124,1, 0x6984,2, 0xBB29,5, 0x6984,2, 0xF572,1, 0xFE98,3, 0xDC4D,24,
    0xBB29,2, 0x6984,1, 0x18C5,29, 0x4124,1, 0x6984,2, 0xBB29,5, 0x6984,2, 0xF572,1,
    0xFE98,3, 0xDC4D,24, 0xBB29,2, 0x6984,1, 0x4124,6, 0x28E5,1, 0x18C5,24, 0x4125,1,
    0x6984,7, 0xF572,1, 0xDC4D,27, 0xBB29,1, 0x6984,8, 0x4125,1, 0x18C5,30, 0x6984,2,
    0xF572,1, 0xDC4D,3, 0xFFFF,2, 0x1882,1, 0xDC4D,15, 0xFFFF,2, 0x1882,1, 0xDC4D,3,
    0xBB29,8, 0x6984,1, 0x69A5,1, 0x28E5,1, 0x18C5,29, 0x6984,2, 0xF572,1, 0xDC4D,3,
    0xFFFF,2, 0x1882,1, 0xDC4D,15, 0xFFFF,2, 0x1882,1, 0xDC4D,3, 0xBB29,1, 0xDC4D,6,
    0xBB29,1, 0x6984,2, 0x4124,1, 0x18C5,29, 0x6984,2, 0xF572,1, 0xDC4D,3, 0x1882,3,
    0xDC4D,15, 0x1882,3, 0xDC4D,3, 0xBB29,2, 0xDC4D,4, 0xBB29,1, 0x6984,3, 0x4124,1,
    0x18C5,29, 0x6984,2, 0xF572,1, 0xDC4D,3, 0x1882,3, 0xDC4D,15, 0x1882,3, 0xDC4D,3,
    0xBB29,2, 0xDC4D,4, 0xBB29,1, 0x69A5,1, 0x4125,2, 0x28E5,1, 0x18C5,29, 0x6984,2,
    0xF572,1, 0xDC4D,3, 0x1882,3, 0xDC4D,15, 0x1882,3, 0xDC4D,3, 0xBB29,2, 0xDC4D,4,
    0xBB29,1, 0x4125,1, 0x18C5,32, 0x6984,2, 0xF572,1, 0xDC4D,3, 0x1882,3, 0xDC4D,15,
    0x1882,3, 0xDC4D,3, 0xBB29,2, 0xDC4D,4, 0xBB29,1, 0x4125,1, 0x18C5,32, 0x6984,2,
    0xF572,1, 0xDC4D,27, 0xBB29,2, 0xDC4D,5, 0x7A48,1, 0x4125,2, 0x28E5,1, 0x18C5,29,
    0x6984,2, 0xF572,1, 0xDC4D,27, 0xBB29,6, 0xDC4D,1, 0xBB29,1, 0x6984,2, 0x4124,1,
    0x18C5,29, 0x6984,2, 0xF572,1, 0xDC4D,27, 0xBB29,9, 0x6984,1, 0x4124,1, 0x18C5,29,
    0x6984,2, 0xF572,1, 0xDC4D,27, 0xBB29,2, 0x6984,7, 0x69A5,1, 0x28E5,1, 0x18C5,29,
    0x6984,2, 0xF572,1, 0xDC4D,27, 0xBB29,2, 0x6984,1, 0x4124,6, 0x28E5,1, 0x18C5,30,
    0x6984,2, 0xDC4D,1, 0xBB29,29, 0x6984,1, 0x18C5,37, 0x6984,2, 0xDC4D,1, 0xBB29,29,
    0x6984,1, 0x18C5,37, 0x6984,2, 0xDC4D,1, 0xBB29,29, 0x6984,1, 0x18C5,37, 0x6984,33,
    0x18C5,40, 0xBB29,2, 0x6984,1, 0x18C5,3, 0xBB29,2, 0x6984,1, 0x18C5,9, 0xBB29,2,
    0x6984,1, 0x18C5,3, 0xBB29,2, 0x6984,1, 0x18C5,43, 0xBB29,2, 0x6984,1, 0x18C5,3,
    0xBB29,2, 0x6984,1, 0x18C5,9, 0xBB29,2, 0x6984,1, 0x18C5,3, 0xBB29,2, 0x6984,1,
    0x18C5,43, 0xBB29,2, 0x6984,1, 0x18C5,3, 0xBB29,2, 0x6984,1, 0x18C5,9, 0xBB29,2,
    0x6984,1, 0x18C5,3, 0xBB29,2, 0x6984,1, 0x18C5,43, 0xBB29,2, 0x6984,1, 0x18C5,3,
    0xBB29,2, 0x6984,1, 0x18C5,9, 0xBB29,2, 0x6984,1, 0x18C5,3, 0xBB29,2, 0x6984,1,
    0x18C5,43, 0x6984,3, 0x18C5,3, 0x6984,3, 0x18C5,9, 0x6984,3, 0x18C5,3, 0x6984,3,
    0x18C5,43, 0x6984,3, 0x18C5,3, 0x6984,3, 0x18C5,9, 0x6984,3, 0x18C5,3, 0x6984,3,
    0x18C5,38, 0x10A4,1, 0x1084,4, 0x3904,3, 0x1084,3, 0x3904,3, 0x1084,9, 0x3904,3,
    0x1084,3, 0x3904,3, 0x1084,4, 0x10A4,1, 0x18C5,33, 0x10A4,1, 0x1084,35, 0x10A4,1,
    0x18C5,38, 0x18C6,1, 0x10A4,26, 0x18C6,1, 0x18C5,21, 0x18C5,1482, 0x4125,1, 0x6984,6,
    0x4124,1, 0x18C5,62, 0x4125,1, 0x6984,6, 0x4124,1, 0x18C5,60, 0x4124,1, 0x6984,2,
    0xDC4D,1, 0xF572,4, 0xBB29,1, 0x4124,1, 0x18C5,60, 0x4124,1, 0x6984,3, 0xBB29,2,
    0xDC4D,2, 0xBB29,1, 0x4124,1, 0x18C5,60, 0x4124,1, 0x6984,3, 0xBB29,2, 0xDC4D,2,
    0xBB29,1, 0x4124,1, 0x18C5,63, 0x4125,1, 0x6984,1, 0xBB29,1, 0xDC4D,2, 0xBB29,1,
    0x4124,1, 0x18C5,63, 0x4125,1, 0x6984,1, 0xBB29,1, 0xDC4D,2, 0xBB29,1, 0x6984,32,
    0x18C5,32, 0x4125,1, 0x6984,1, 0xBB29,1, 0xDC4D,2, 0xBB29,1, 0x6984,32, 0x18C5,29,
    0x4124,1, 0x6984,2, 0xBB29,1, 0xF572,1, 0xDC4D,3, 0xBB29,1, 0x6984,1, 0xF572,28,
    0xDC4D,2, 0x6984,1, 0x18C5,29, 0x4124,1, 0x6984,2, 0xBB29,5, 0x6984,2, 0xF572,1,
    0xFE98,3, 0xDC4D,24, 0xBB29,2, 0x6984,1, 0x18C5,29, 0x4124,1, 0x6984,2, 0xBB29,5,
    0x6984,2, 0xF572,1, 0xFE98,3, 0xDC4D,24, 0xBB29,2, 0x6984,1, 0x4124,6, 0x28E5,1,
    0x18C5,24, 0x4125,1, 0x6984,7, 0xF572,1, 0xDC4D,27, 0xBB29,1, 0x6984,8, 0x4125,1,
    0x18C5,30, 0x6984,2, 0xF572,1, 0xDC4D,3, 0xFFFF,2, 0x1882,1, 0xDC4D,15, 0xFFFF,2,
    0x1882,1, 0xDC4D,3, 0xBB29,8, 0x6984,1, 0x69A5,1, 0x28E5,1, 0x18C5,29, 0x6984,2,
    0xF572,1, 0xDC4D,3, 0xFFFF,2, 0x1882,1, 0xDC4D,15, 0xFFFF,2, 0x1882,1, 0xDC4D,3,
    0xBB29,1, 0xDC4D,6, 0xBB29,1, 0x6984,2, 0x4124,1, 0x18C5,29, 0x6984,2, 0xF572,1,
    0xDC4D,3, 0x1882,3, 0xDC4D,15, 0x1882,3, 0xDC4D,3, 0xBB29,2, 0xDC4D,4, 0xBB29,1,
    0x6984,3, 0x4124,1, 0x18C5,29, 0x6984,2, 0xF572,1, 0xDC4D,3, 0x1882,3, 0xDC4D,15,
    0x1882,3, 0xDC4D,3, 0xBB29,2, 0xDC4D,4, 0xBB29,1, 0x69A5,1, 0x4125,2, 0x28E5,1,
    0x18C5,29, 0x6984,2, 0xF572,1, 0xDC4D,3, 0x1882,3, 0xDC4D,15, 0x1882,3, 0xDC4D,3,
    0xBB29,2, 0xDC4D,4, 0xBB29,1, 0x4125,1, 0x18C5,32, 0x6984,2, 0xF572,1, 0xDC4D,3,
    0x1882,3, 0xDC4D,15, 0x1882,3, 0xDC4D,3, 0xBB29,2, 0xDC4D,4, 0xBB29,1, 0x4125,1,
    0x18C5,32, 0x6984,2, 0xF572,1, 0xDC4D,27, 0xBB29,2, 0xDC4D,5, 0x7A48,1, 0x4125,2,
    0x28E5,1, 0x18C5,29, 0x6984,2, 0xF572,1, 0xDC4D,27, 0xBB29,6, 0xDC4D,1, 0xBB29,1,
    0x6984,2, 0x4124,1, 0x18C5,29, 0x6984,2, 0xF572,1, 0xDC4D,27, 0xBB29,9, 0x6984,1,
    0x4124,1, 0x18C5,29, 0x6984,2, 0xF572,1, 0xDC4D,27, 0xBB29,2, 0x6984,7, 0x69A5,1,
    0x28E5,1, 0x18C5,29, 0x6984,2, 0xF572,1, 0xDC4D,27, 0xBB29,2, 0x6984,1, 0x4124,6,
    0x28E5,1, 0x18C5,30, 0x6984,2, 0xDC4D,1, 0xBB29,29, 0x6984,1, 0x18C5,37, 0x6984,2,
    0xDC4D,1, 0xBB29,29, 0x6984,1, 0x18C5,37, 0x6984,2, 0xDC4D,1, 0xBB29,29, 0x6984,1,
    0x18C5,37, 0x6984,33, 0x18C5,40, 0xBB29,2, 0x6984,1, 0x18C5,3, 0xBB29,2, 0x6984,1,
    0x18C5,9, 0xBB29,2, 0x6984,1, 0x18C5,3, 0xBB29,2, 0x6984,1, 0x18C5,43, 0xBB29,2,
    0x6984,1, 0x18C5,3, 0xBB29,2, 0x6984,1, 0x18C5,9, 0xBB29,2, 0x6984,1, 0x18C5,3,
    0xBB29,2, 0x6984,1, 0x18C5,43, 0xBB29,2, 0x6984,1, 0x18C5,3, 0xBB29,2, 0x6984,1,
    0x18C5,9, 0xBB29,2, 0x6984,1, 0x18C5,3, 0xBB29,2, 0x6984,1, 0x18C5,43, 0xBB29,2,
    0x6984,1, 0x18C5,3, 0xBB29,2, 0x6984,1, 0x18C5,9, 0xBB29,2, 0x6984,1, 0x18C5,3,
    0xBB29,2, 0x6984,1, 0x18C5,43, 0x6984,3, 0x18C5,3, 0x6984,3, 0x18C5,9, 0x6984,3,
    0x18C5,3, 0x6984,3, 0x18C5,43, 0x6984,3, 0x18C5,3, 0x6984,3, 0x18C5,9, 0x6984,3,
    0x18C5,3, 0x6984,3, 0x18C5,38, 0x10A4,1, 0x1084,4, 0x3904,3, 0x1084,3, 0x3904,3,
    0x1084,9, 0x3904,3, 0x1084,3, 0x3904,3, 0x1084,4, 0x10A4,1, 0x18C5,33, 0x10A4,1,
    0x1084,35, 0x10A4,1, 0x18C5,38, 0x18C6,1, 0x10A4,26, 0x18C6,1, 0x18C5,21, 0x18C5,1482,
    0x4125,1, 0x6984,6, 0x4124,1, 0x18C5,62, 0x4125,1, 0x6984,6, 0x4124,1, 0x18C5,60,
    0x4124,1, 0x6984,2, 0xDC4D,1, 0xF572,4, 0xBB29,1, 0x4124,1, 0x18C5,60, 0x4124,1,
    0x6984,3, 0xBB29,2, 0xDC4D,2, 0xBB29,1, 0x4124,1, 0x18C5,60, 0x4124,1, 0x6984,3,
    0xBB29,2, 0xDC4D,2, 0xBB29,1, 0x4124,1, 0x18C5,63, 0x4125,1, 0x6984,1, 0xBB29,1,
    0xDC4D,2, 0xBB29,1, 0x4124,1, 0x18C5,63, 0x4125,1, 0x6984,1, 0xBB29,1, 0xDC4D,2,
    0xBB29,1, 0x6984,32, 0x18C5,32, 0x4125,1, 0x6984,1, 0xBB29,1, 0xDC4D,2, 0xBB29,1,
    0x6984,32, 0x18C5,29, 0x4124,1, 0x6984,2, 0xBB29,1, 0xF572,1, 0xDC4D,3, 0xBB29,1,
    0x6984,1, 0xF572,28, 0xDC4D,2, 0x6984,1, 0x18C5,29, 0x4124,1, 0x6984,2, 0xBB29,5,
    0x6984,2, 0xF572,1, 0xFE98,3, 0xDC4D,24, 0xBB29,2, 0x6984,1, 0x18C5,29, 0x4124,1,
    0x6984,2, 0xBB29,5, 0x6984,2, 0xF572,1, 0xFE98,3, 0xDC4D,24, 0xBB29,2, 0x6984,1,
    0x4124,6, 0x28E5,1, 0x18C5,24, 0x4125,1, 0x6984,7, 0xF572,1, 0xDC4D,27, 0xBB29,1,
    0x6984,8, 0x4125,1, 0x18C5,30, 0x6984,2, 0xF572,1, 0xDC4D,3, 0xFFFF,2, 0x1882,1,
    0xDC4D,15, 0xFFFF,2, 0x1882,1, 0xDC4D,3, 0xBB29,8, 0x6984,1, 0x69A5,1, 0x28E5,1,
    0x18C5,29, 0x6984,2, 0xF572,1, 0xDC4D,3, 0xFFFF,2, 0x1882,1, 0xDC4D,15, 0xFFFF,2,
    0x1882,1, 0xDC4D,3, 0xBB29,1, 0xDC4D,6, 0xBB29,1, 0x6984,2, 0x4124,1, 0x18C5,29,
    0x6984,2, 0xF572,1, 0xDC4D,3, 0x1882,3, 0xDC4D,15, 0x1882,3, 0xDC4D,3, 0xBB29,2,
    0xDC4D,4, 0xBB29,1, 0x6984,3, 0x4124,1, 0x18C5,29, 0x6984,2, 0xF572,1, 0xDC4D,3,
    0x1882,3, 0xDC4D,15, 0x1882,3, 0xDC4D,3, 0xBB29,2, 0xDC4D,4, 0xBB29,1, 0x69A5,1,
    0x4125,2, 0x28E5,1, 0x18C5,29, 0x6984,2, 0xF572,1, 0xDC4D,3, 0x1882,3, 0xDC4D,15,
    0x1882,3, 0xDC4D,3, 0xBB29,2, 0xDC4D,4, 0xBB29,1, 0x4125,1, 0x18C5,32, 0x6984,2,
    0xF572,1, 0xDC4D,3, 0x1882,3, 0xDC4D,15, 0x1882,3, 0xDC4D,3, 0xBB29,2, 0xDC4D,4,
    0xBB29,1, 0x4125,1, 0x18C5,32, 0x6984,2, 0xF572,1, 0xDC4D,27, 0xBB29,2, 0xDC4D,5,
    0x7A48,1, 0x4125,2, 0x28E5,1, 0x18C5,29, 0x6984,2, 0xF572,1, 0xDC4D,27, 0xBB29,6,
    0xDC4D,1, 0xBB29,1, 0x6984,2, 0x4124,1, 0x18C5,29, 0x6984,2, 0xF572,1, 0xDC4D,27,
    0xBB29,9, 0x6984,1, 0x4124,1, 0x18C5,29, 0x6984,2, 0xF572,1, 0xDC4D,27, 0xBB29,2,
    0x6984,7, 0x69A5,1, 0x28E5,1, 0x18C5,29, 0x6984,2, 0xF572,1, 0xDC4D,27, 0xBB29,2,
    0x6984,1, 0x4124,6, 0x28E5,1, 0x18C5,30, 0x6984,2, 0xDC4D,1, 0xBB29,29, 0x6984,1,
    0x18C5,37, 0x6984,2, 0xDC4D,1, 0xBB29,29, 0x6984,1, 0x18C5,37, 0x6984,2, 0xDC4D,1,
    0xBB29,29, 0x6984,1, 0x18C5,37, 0x6984,33, 0x18C5,40, 0xBB29,2, 0x6984,1, 0x18C5,3,
    0xBB29,2, 0x6984,1, 0x18C5,9, 0xBB29,2, 0x6984,1, 0x18C5,3, 0xBB29,2, 0x6984,1,
    0x18C5,43, 0xBB29,2, 0x6984,1, 0x18C5,3, 0xBB29,2, 0x6984,1, 0x18C5,9, 0xBB29,2,
    0x6984,1, 0x18C5,3, 0xBB29,2, 0x6984,1, 0x18C5,43, 0xBB29,2, 0x6984,1, 0x18C5,3,
    0xBB29,2, 0x6984,1, 0x18C5,9, 0xBB29,2, 0x6984,1, 0x18C5,3, 0xBB29,2, 0x6984,1,
    0x18C5,43, 0xBB29,2, 0x6984,1, 0x18C5,3, 0xBB29,2, 0x6984,1, 0x18C5,9, 0xBB29,2,
    0x6984,1, 0x18C5,3, 0xBB29,2, 0x6984,1, 0x18C5,43, 0x6984,3, 0x18C5,3, 0x6984,3,
    0x18C5,9, 0x6984,3, 0x18C5,3, 0x6984,3, 0x18C5,43, 0x6984,3, 0x18C5,3, 0x6984,3,
    0x18C5,9, 0x6984,3, 0x18C5,3, 0x6984,3, 0x18C5,38, 0x10A4,1, 0x1084,4, 0x3904,3,
    0x1084,3, 0x3904,3, 0x1084,9, 0x3904,3, 0x1084,3, 0x3904,3, 0x1084,4, 0x10A4,1,
    0x18C5,33, 0x10A4,1, 0x1084,35, 0x10A4,1, 0x18C5,38, 0x18C6,1, 0x10A4,26, 0x18C6,1,
    0x18C5,21, 0x18C5,1482, 0x4125,1, 0x6984,6, 0x4124,1, 0x18C5,62, 0x4125,1, 0x6984,6,
    0x4124,1, 0x18C5,60, 0x4124,1, 0x6984,2, 0xDC4D,1, 0xF572,4, 0xBB29,1, 0x4124,1,
    0x18C5,60, 0x4124,1, 0x6984,3, 0xBB29,2, 0xDC4D,2, 0xBB29,1, 0x4124,1, 0x18C5,60,
    0x4124,1, 0x6984,3, 0xBB29,2, 0xDC4D,2, 0xBB29,1, 0x4124,1, 0x18C5,63, 0x4125,1,
    0x6984,1, 0xBB29,1, 0xDC4D,2, 0xBB29,1, 0x4124,1, 0x18C5,63, 0x4125,1, 0x6984,1,
    0xBB29,1, 0xDC4D,2, 0xBB29,1, 0x6984,32, 0x18C5,32, 0x4125,1, 0x6984,1, 0xBB29,1,
    0xDC4D,2, 0xBB29,1, 0x6984,32, 0x18C5,29, 0x4124,1, 0x6984,2, 0xBB29,1, 0xF572,1,
    0xDC4D,3, 0xBB29,1, 0x6984,1, 0xF572,28, 0xDC4D,2, 0x6984,1, 0x18C5,29, 0x4124,1,
    0x6984,2, 0xBB29,5, 0x6984,2, 0xF572,1, 0xFE98,3, 0xDC4D,24, 0xBB29,2, 0x6984,1,
    0x18C5,29, 0x4124,1, 0x6984,2, 0xBB29,5, 0x6984,2, 0xF572,1, 0xFE98,3, 0xDC4D,24,
    0xBB29,2, 0x6984,1, 0x4124,6, 0x28E5,1, 0x18C5,24, 0x4125,1, 0x6984,7, 0xF572,1,
    0xDC4D,27, 0xBB29,1, 0x6984,8, 0x4125,1, 0x18C5,30, 0x6984,2, 0xF572,1, 0xDC4D,3,
    0xFFFF,2, 0x1882,1, 0xDC4D,15, 0xFFFF,2, 0x1882,1, 0xDC4D,3, 0xBB29,8, 0x6984,1,
    0x69A5,1, 0x28E5,1, 0x18C5,29, 0x6984,2, 0xF572,1, 0xDC4D,3, 0xFFFF,2, 0x1882,1,
    0xDC4D,15, 0xFFFF,2, 0x1882,1, 0xDC4D,3, 0xBB29,1, 0xDC4D,6, 0xBB29,1, 0x6984,2,
    0x4124,1, 0x18C5,29, 0x6984,2, 0xF572,1, 0xDC4D,3, 0x1882,3, 0xDC4D,15, 0x1882,3,
    0xDC4D,3, 0xBB29,2, 0xDC4D,4, 0xBB29,1, 0x6984,3, 0x4124,1, 0x18C5,29, 0x6984,2,
    0xF572,1, 0xDC4D,3, 0x1882,3, 0xDC4D,15, 0x1882,3, 0xDC4D,3, 0xBB29,2, 0xDC4D,4,
    0xBB29,1, 0x69A5,1, 0x4125,2, 0x28E5,1, 0x18C5,29, 0x6984,2, 0xF572,1, 0xDC4D,3,
    0x1882,3, 0xDC4D,15, 0x1882,3, 0xDC4D,3, 0xBB29,2, 0xDC4D,4, 0xBB29,1, 0x4125,1,
    0x18C5,32, 0x6984,2, 0xF572,1, 0xDC4D,3, 0x1882,3, 0xDC4D,15, 0x1882,3, 0xDC4D,3,
    0xBB29,2, 0xDC4D,4, 0xBB29,1, 0x4125,1, 0x18C5,32, 0x6984,2, 0xF572,1, 0xDC4D,27,
    0xBB29,2, 0xDC4D,5, 0x7A48,1, 0x4125,2, 0x28E5,1, 0x18C5,29, 0x6984,2, 0xF572,1,
    0xDC4D,27, 0xBB29,6, 0xDC4D,1, 0xBB29,1, 0x6984,2, 0x4124,1, 0x18C5,29, 0x6984,2,
    0xF572,1, 0xDC4D,27, 0xBB29,9, 0x6984,1, 0x4124,1, 0x18C5,29, 0x6984,2, 0xF572,1,
    0xDC4D,27, 0xBB29,2, 0x6984,7, 0x69A5,1, 0x28E5,1, 0x18C5,29, 0x6984,2, 0xF572,1,
    0xDC4D,27, 0xBB29,2, 0x6984,1, 0x4124,6, 0x28E5,1, 0x18C5,30, 0x6984,2, 0xDC4D,1,
    0xBB29,29, 0x6984,1, 0x18C5,37, 0x6984,2, 0xDC4D,1, 0xBB29,29, 0x6984,1, 0x18C5,37,
    0x6984,2, 0xDC4D,1, 0xBB29,29, 0x6984,1, 0x18C5,37, 0x6984,33, 0x18C5,40, 0xBB29,2,
    0x6984,1, 0x18C5,3, 0xBB29,2, 0x6984,1, 0x18C5,9, 0xBB29,2, 0x6984,1, 0x18C5,3,
    0xBB29,2, 0x6984,1, 0x18C5,43, 0xBB29,2, 0x6984,1, 0x18C5,3, 0xBB29,2, 0x6984,1,
    0x18C5,9, 0xBB29,2, 0x6984,1, 0x18C5,3, 0xBB29,2, 0x6984,1, 0x18C5,43, 0xBB29,2,
    0x6984,1, 0x18C5,3, 0xBB29,2, 0x6984,1, 0x18C5,9, 0xBB29,2, 0x6984,1, 0x18C5,3,
    0xBB29,2, 0x6984,1, 0x18C5,43, 0xBB29,2, 0x6984,1, 0x18C5,3, 0xBB29,2, 0x6984,1,
    0x18C5,9, 0xBB29,2, 0x6984,1, 0x18C5,3, 0xBB29,2, 0x6984,1, 0x18C5,43, 0x6984,3,
    0x18C5,3, 0x6984,3, 0x18C5,9, 0x6984,3, 0x18C5,3, 0x6984,3, 0x18C5,43, 0x6984,3,
    0x18C5,3, 0x6984,3, 0x18C5,9, 0x6984,3, 0x18C5,3, 0x6984,3, 0x18C5,38, 0x10A4,1,
    0x1084,4, 0x3904,3, 0x1084,3, 0x3904,3, 0x1084,9, 0x3904,3, 0x1084,3, 0x3904,3,
    0x1084,4, 0x10A4,1, 0x18C5,33, 0x10A4,1, 0x1084,35, 0x10A4,1, 0x18C5,38, 0x18C6,1,
    0x10A4,26, 0x18C6,1, 0x18C5,21,
};

#endif // CONFUSED_FRAMES_H
