#ifndef IDLE_FRAMES_H
#define IDLE_FRAMES_H

/**
 * Auto-generated by png2rgb565.py (RLE compressed, auto-cropped)
 * 96 frame(s), 62x41 pixels
 * Raw: 488,064 bytes, RLE: 111,716 bytes (4x compression)
 * Transparent key: 0x18C5
 */

#include <stdint.h>

#define IDLE_WIDTH  62
#define IDLE_HEIGHT 41
#define IDLE_FRAME_COUNT 96
#define IDLE_TRANSPARENT_KEY 0x18C5

static const uint32_t idle_frame_offsets[97] = {
    0, 592, 1184, 1776, 2368, 2960, 3460, 4012,
    4564, 5116, 5668, 6218, 6754, 7290, 7826, 8362,
    8942, 9522, 10102, 10682, 11236, 11816, 12396, 12976,
    13506, 14098, 14650, 15202, 15752, 16302, 16888, 17546,
    18180, 18838, 19472, 20160, 20800, 21392, 21984, 22514,
    23094, 23674, 24254, 24834, 25388, 25924, 26460, 26996,
    27532, 28068, 28666, 29216, 29766, 30318, 30910, 31502,
    32126, 32790, 33454, 34032, 34756, 35474, 36146, 36974,
    37758, 38486, 39070, 39726, 40168, 40680, 41192, 41664,
    42156, 42694, 43286, 43878, 44470, 45062, 45654, 46246,
    46838, 47430, 48022, 48522, 49074, 49626, 50178, 50730,
    51282, 51834, 52386, 52938, 53490, 54082, 54674, 55266,
    55858,
};

static const uint16_t idle_rle_data[] = {
    0x18C5,696, 0x6984,33, 0x18C5,29, 0x6984,33, 0x18C5,29, 0x6984,2, 0xF572,28, 0xDC4D,2,
    0x6984,1, 0x18C5,29, 0x6984,2, 0xF572,1, 0xFE98,3, 0xDC4D,24, 0xBB29,2, 0x6984,1,
    0x18C5,23, 0x28E5,1, 0x4124,5, 0x6984,2, 0xF572,1, 0xFE98,3, 0xDC4D,24, 0xBB29,2,
    0x6984,1, 0x4124,6, 0x28E5,1, 0x18C5,16, 0x4125,1, 0x6984,7, 0xF572,1, 0xDC4D,27,
    0xBB29,1, 0x6984,8, 0x4125,1, 0x18C5,14, 0x28E5,1, 0x4125,1, 0x69A5,1, 0xBB29,7,
    0xF572,1, 0xDC4D,3, 0xFFFF,2, 0x1882,1, 0xDC4D,15, 0xFFFF,2, 0x1882,1, 0xDC4D,3,
    0xBB29,8, 0x6984,1, 0x69A5,1, 0x28E5,1, 0x18C5,13, 0x4124,1, 0x6984,2, 0xBB29,1,
    0xDC4D,5, 0xBB29,1, 0xF572,1, 0xDC4D,3, 0xFFFF,2, 0x1882,1, 0xDC4D,15, 0xFFFF,2,
    0x1882,1, 0xDC4D,3, 0xBB29,1, 0xDC4D,6, 0xBB29,1, 0x6984,2, 0x4124,1, 0x18C5,13,
    0x4124,1, 0x6984,3, 0xBB29,2, 0xDC4D,3, 0xBB29,1, 0xF572,1, 0xDC4D,3, 0x1882,3,
    0xDC4D,15, 0x1882,3, 0xDC4D,3, 0xBB29,2, 0xDC4D,4, 0xBB29,1, 0x6984,3, 0x4124,1,
    0x18C5,13, 0x28E5,1, 0x4125,2, 0x69A5,1, 0x6984,1, 0xBB29,1, 0xDC4D,3, 0xBB29,1,
    0xF572,1, 0xDC4D,3, 0x1882,3, 0xDC4D,15, 0x1882,3, 0xDC4D,3, 0xBB29,2, 0xDC4D,4,
    0xBB29,1, 0x69A5,1, 0x4125,2, 0x28E5,1, 0x18C5,16, 0x4125,1, 0x6984,1, 0xBB29,1,
    0xDC4D,3, 0xBB29,1, 0xF572,1, 0xDC4D,3, 0x1882,3, 0xDC4D,15, 0x1882,3, 0xDC4D,3,
    0xBB29,2, 0xDC4D,4, 0xBB29,1, 0x4125,1, 0x18C5,19, 0x4125,1, 0x6984,1, 0xBB29,1,
    0xDC4D,3, 0xBB29,1, 0xF572,1, 0xDC4D,3, 0x1882,3, 0xDC4D,15, 0x1882,3, 0xDC4D,3,
    0xBB29,2, 0xDC4D,4, 0xBB29,1, 0x4125,1, 0x18C5,16, 0x28E5,1, 0x4125,2, 0x7A48,1,
    0xBB29,1, 0xDC4D,4, 0xBB29,1, 0xF572,1, 0xDC4D,27, 0xBB29,2, 0xDC4D,5, 0x7A48,1,
    0x4125,2, 0x28E5,1, 0x18C5,13, 0x4124,1, 0x6984,2, 0xBB29,1, 0xDC4D,2, 0xBB29,4,
    0xF572,1, 0xDC4D,27, 0xBB29,6, 0xDC4D,1, 0xBB29,1, 0x6984,2, 0x4124,1, 0x18C5,13,
    0x4124,1, 0x6984,2, 0xBB29,6, 0x6984,1, 0xF572,1, 0xDC4D,27, 0xBB29,9, 0x6984,1,
    0x4124,1, 0x18C5,13, 0x28E5,1, 0x4125,1, 0x69A5,1, 0x6984,7, 0xF572,1, 0xDC4D,27,
    0xBB29,2, 0x6984,7, 0x69A5,1, 0x28E5,1, 0x18C5,15, 0x28E5,1, 0x4124,5, 0x6984,2,
    0xF572,1, 0xDC4D,27, 0xBB29,2, 0x6984,1, 0x4124,6, 0x28E5,1, 0x18C5,22, 0x6984,2,
    0xDC4D,1, 0xBB29,29, 0x6984,1, 0x18C5,29, 0x6984,2, 0xDC4D,1, 0xBB29,29, 0x6984,1,
    0x18C5,29, 0x6984,2, 0xDC4D,1, 0xBB29,29, 0x6984,1, 0x18C5,29, 0x6984,33, 0x18C5,32,
    0xBB29,2, 0x6984,1, 0x18C5,3, 0xBB29,2, 0x6984,1, 0x18C5,9, 0xBB29,2, 0x6984,1,
    0x18C5,3, 0xBB29,2, 0x6984,1, 0x18C5,35, 0xBB29,2, 0x6984,1, 0x18C5,3, 0xBB29,2,
    0x6984,1, 0x18C5,9, 0xBB29,2, 0x6984,1, 0x18C5,3, 0xBB29,2, 0x6984,1, 0x18C5,35,
    0xBB29,2, 0x6984,1, 0x18C5,3, 0xBB29,2, 0x6984,1, 0x18C5,9, 0xBB29,2, 0x6984,1,
    0x18C5,3, 0xBB29,2, 0x6984,1, 0x18C5,35, 0xBB29,2, 0x6984,1, 0x18C5,3, 0xBB29,2,
    0x6984,1, 0x18C5,9, 0xBB29,2, 0x6984,1, 0x18C5,3, 0xBB29,2, 0x6984,1, 0x18C5,35,
    0xBB29,2, 0x6984,1, 0x18C5,3, 0xBB29,2, 0x6984,1, 0x18C5,9, 0xBB29,2, 0x6984,1,
    0x18C5,3, 0xBB29,2, 0x6984,1, 0x18C5,35, 0x6984,3, 0x18C5,3, 0x6984,3, 0x18C5,9,
    0x6984,3, 0x18C5,3, 0x6984,3, 0x18C5,30, 0x10A4,1, 0x1084,35, 0x10A4,1, 0x18C5,25,
    0x10A4,1, 0x1084,35, 0x10A4,1, 0x18C5,30, 0x18C6,1, 0x10A4,26, 0x18C6,1, 0x18C5,17,
    0x18C5,696, 0x6984,33, 0x18C5,29, 0x6984,33, 0x18C5,29, 0x6984,2, 0xF572,28, 0xDC4D,2,
    0x6984,1, 0x18C5,29, 0x6984,2, 0xF572,1, 0xFE98,3, 0xDC4D,24, 0xBB29,2, 0x6984,1,
    0x18C5,23, 0x28E5,1, 0x4124,5, 0x6984,2, 0xF572,1, 0xFE98,3, 0xDC4D,24, 0xBB29,2,
    0x6984,1, 0x4124,6, 0x28E5,1, 0x18C5,16, 0x4125,1, 0x6984,7, 0xF572,1, 0xDC4D,27,
    0xBB29,1, 0x6984,8, 0x4125,1, 0x18C5,14, 0x28E5,1, 0x4125,1, 0x69A5,1, 0xBB29,7,
    0xF572,1, 0xDC4D,3, 0xFFFF,2, 0x1882,1, 0xDC4D,15, 0xFFFF,2, 0x1882,1, 0xDC4D,3,
    0xBB29,8, 0x6984,1, 0x69A5,1, 0x28E5,1, 0x18C5,13, 0x4124,1, 0x6984,2, 0xBB29,1,
    0xDC4D,5, 0xBB29,1, 0xF572,1, 0xDC4D,3, 0xFFFF,2, 0x1882,1, 0xDC4D,15, 0xFFFF,2,
    0x1882,1, 0xDC4D,3, 0xBB29,1, 0xDC4D,6, 0xBB29,1, 0x6984,2, 0x4124,1, 0x18C5,13,
    0x4124,1, 0x6984,3, 0xBB29,2, 0xDC4D,3, 0xBB29,1, 0xF572,1, 0xDC4D,3, 0x1882,3,
    0xDC4D,15, 0x1882,3, 0xDC4D,3, 0xBB29,2, 0xDC4D,4, 0xBB29,1, 0x6984,3, 0x4124,1,
    0x18C5,13, 0x28E5,1, 0x4125,2, 0x69A5,1, 0x6984,1, 0xBB29,1, 0xDC4D,3, 0xBB29,1,
    0xF572,1, 0xDC4D,3, 0x1882,3, 0xDC4D,15, 0x1882,3, 0xDC4D,3, 0xBB29,2, 0xDC4D,4,
    0xBB29,1, 0x69A5,1, 0x4125,2, 0x28E5,1, 0x18C5,16, 0x4125,1, 0x6984,1, 0xBB29,1,
    0xDC4D,3, 0xBB29,1, 0xF572,1, 0xDC4D,3, 0x1882,3, 0xDC4D,15, 0x1882,3, 0xDC4D,3,
    0xBB29,2, 0xDC4D,4, 0xBB29,1, 0x4125,1, 0x18C5,19, 0x4125,1, 0x6984,1, 0xBB29,1,
    0xDC4D,3, 0xBB29,1, 0xF572,1, 0xDC4D,3, 0x1882,3, 0xDC4D,15, 0x1882,3, 0xDC4D,3,
    0xBB29,2, 0xDC4D,4, 0xBB29,1, 0x4125,1, 0x18C5,16, 0x28E5,1, 0x4125,2, 0x7A48,1,
    0xBB29,1, 0xDC4D,4, 0xBB29,1, 0xF572,1, 0xDC4D,27, 0xBB29,2, 0xDC4D,5, 0x7A48,1,
    0x4125,2, 0x28E5,1, 0x18C5,13, 0x4124,1, 0x6984,2, 0xBB29,1, 0xDC4D,2, 0xBB29,4,
    0xF572,1, 0xDC4D,27, 0xBB29,6, 0xDC4D,1, 0xBB29,1, 0x6984,2, 0x4124,1, 0x18C5,13,
    0x4124,1, 0x6984,2, 0xBB29,6, 0x6984,1, 0xF572,1, 0xDC4D,27, 0xBB29,9, 0x6984,1,
    0x4124,1, 0x18C5,13, 0x28E5,1, 0x4125,1, 0x69A5,1, 0x6984,7, 0xF572,1, 0xDC4D,27,
    0xBB29,2, 0x6984,7, 0x69A5,1, 0x28E5,1, 0x18C5,15, 0x28E5,1, 0x4124,5, 0x6984,2,
    0xF572,1, 0xDC4D,27, 0xBB29,2, 0x6984,1, 0x4124,6, 0x28E5,1, 0x18C5,22, 0x6984,2,
    0xDC4D,1, 0xBB29,29, 0x6984,1, 0x18C5,29, 0x6984,2, 0xDC4D,1, 0xBB29,29, 0x6984,1,
    0x18C5,29, 0x6984,2, 0xDC4D,1, 0xBB29,29, 0x6984,1, 0x18C5,29, 0x6984,33, 0x18C5,32,
    0xBB29,2, 0x6984,1, 0x18C5,3, 0xBB29,2, 0x6984,1, 0x18C5,9, 0xBB29,2, 0x6984,1,
    0x18C5,3, 0xBB29,2, 0x6984,1, 0x18C5,35, 0xBB29,2, 0x6984,1, 0x18C5,3, 0xBB29,2,
    0x6984,1, 0x18C5,9, 0xBB29,2, 0x6984,1, 0x18C5,3, 0xBB29,2, 0x6984,1, 0x18C5,35,
    0xBB29,2, 0x6984,1, 0x18C5,3, 0xBB29,2, 0x6984,1, 0x18C5,9, 0xBB29,2, 0x6984,1,
    0x18C5,3, 0xBB29,2, 0x6984,1, 0x18C5,35, 0xBB29,2, 0x6984,1, 0x18C5,3, 0xBB29,2,
    0x6984,1, 0x18C5,9, 0xBB29,2, 0x6984,1, 0x18C5,3, 0xBB29,2, 0x6984,1, 0x18C5,35,
    0xBB29,2, 0x6984,1, 0x18C5,3, 0xBB29,2, 0x6984,1, 0x18C5,9, 0xBB29,2, 0x6984,1,
    0x18C5,3, 0xBB29,2, 0x6984,1, 0x18C5,35, 0x6984,3, 0x18C5,3, 0x6984,3, 0x18C5,9,
    0x6984,3, 0x18C5,3, 0x6984,3, 0x18C5,30, 0x10A4,1, 0x1084,35, 0x10A4,1, 0x18C5,25,
    0x10A4,1, 0x1084,35, 0x10A4,1, 0x18C5,30, 0x18C6,1, 0x10A4,26, 0x18C6,1, 0x18C5,17,
    0x18C5,696, 0x6984,33, 0x18C5,29, 0x6984,33, 0x18C5,29, 0x6984,2, 0xF572,28, 0xDC4D,2,
    0x6984,1, 0x18C5,29, 0x6984,2, 0xF572,1, 0xFE98,3, 0xDC4D,24, 0xBB29,2, 0x6984,1,
    0x18C5,23, 0x28E5,1, 0x4124,5, 0x6984,2, 0xF572,1, 0xFE98,3, 0xDC4D,24, 0xBB29,2,
    0x6984,1, 0x4124,6, 0x28E5,1, 0x18C5,16, 0x4125,1, 0x6984,7, 0xF572,1, 0xDC4D,27,
    0xBB29,1, 0x6984,8, 0x4125,1, 0x18C5,14, 0x28E5,1, 0x4125,1, 0x69A5,1, 0xBB29,7,
    0xF572,1, 0xDC4D,3, 0xFFFF,2, 0x1882,1, 0xDC4D,15, 0xFFFF,2, 0x1882,1, 0xDC4D,3,
    0xBB29,8, 0x6984,1, 0x69A5,1, 0x28E5,1, 0x18C5,13, 0x4124,1, 0x6984,2, 0xBB29,1,
    0xDC4D,5, 0xBB29,1, 0xF572,1, 0xDC4D,3, 0xFFFF,2, 0x1882,1, 0xDC4D,15, 0xFFFF,2,
    0x1882,1, 0xDC4D,3, 0xBB29,1, 0xDC4D,6, 0xBB29,1, 0x6984,2, 0x4124,1, 0x18C5,13,
    0x4124,1, 0x6984,3, 0xBB29,2, 0xDC4D,3, 0xBB29,1, 0xF572,1, 0xDC4D,3, 0x1882,3,
    0xDC4D,15, 0x1882,3, 0xDC4D,3, 0xBB29,2, 0xDC4D,4, 0xBB29,1, 0x6984,3, 0x4124,1,
    0x18C5,13, 0x28E5,1, 0x4125,2, 0x69A5,1, 0x6984,1, 0xBB29,1, 0xDC4D,3, 0xBB29,1,
    0xF572,1, 0xDC4D,3, 0x1882,3, 0xDC4D,15, 0x1882,3, 0xDC4D,3, 0xBB29,2, 0xDC4D,4,
    0xBB29,1, 0x69A5,1, 0x4125,2, 0x28E5,1, 0x18C5,16, 0x4125,1, 0x6984,1, 0xBB29,1,
    0xDC4D,3, 0xBB29,1, 0xF572,1, 0xDC4D,3, 0x1882,3, 0xDC4D,15, 0x1882,3, 0xDC4D,3,
    0xBB29,2, 0xDC4D,4, 0xBB29,1, 0x4125,1, 0x18C5,19, 0x4125,1, 0x6984,1, 0xBB29,1,
    0xDC4D,3, 0xBB29,1, 0xF572,1, 0xDC4D,3, 0x1882,3, 0xDC4D,15, 0x1882,3, 0xDC4D,3,
    0xBB29,2, 0xDC4D,4, 0xBB29,1, 0x4125,1, 0x18C5,16, 0x28E5,1, 0x4125,2, 0x7A48,1,
    0xBB29,1, 0xDC4D,4, 0xBB29,1, 0xF572,1, 0xDC4D,27, 0xBB29,2, 0xDC4D,5, 0x7A48,1,
    0x4125,2, 0x28E5,1, 0x18C5,13, 0x4124,1, 0x6984,2, 0xBB29,1, 0xDC4D,2, 0xBB29,4,
    0xF572,1, 0xDC4D,27, 0xBB29,6, 0xDC4D,1, 0xBB29,1, 0x6984,2, 0x4124,1, 0x18C5,13,
    0x4124,1, 0x6984,2, 0xBB29,6, 0x6984,1, 0xF572,1, 0xDC4D,27, 0xBB29,9, 0x6984,1,
    0x4124,1, 0x18C5,13, 0x28E5,1, 0x4125,1, 0x69A5,1, 0x6984,7, 0xF572,1, 0xDC4D,27,
    0xBB29,2, 0x6984,7, 0x69A5,1, 0x28E5,1, 0x18C5,15, 0x28E5,1, 0x4124,5, 0x6984,2,
    0xF572,1, 0xDC4D,27, 0xBB29,2, 0x6984,1, 0x4124,6, 0x28E5,1, 0x18C5,22, 0x6984,2,
    0xDC4D,1, 0xBB29,29, 0x6984,1, 0x18C5,29, 0x6984,2, 0xDC4D,1, 0xBB29,29, 0x6984,1,
    0x18C5,29, 0x6984,2, 0xDC4D,1, 0xBB29,29, 0x6984,1, 0x18C5,29, 0x6984,33, 0x18C5,32,
    0xBB29,2, 0x6984,1, 0x18C5,3, 0xBB29,2, 0x6984,1, 0x18C5,9, 0xBB29,2, 0x6984,1,
    0x18C5,3, 0xBB29,2, 0x6984,1, 0x18C5,35, 0xBB29,2, 0x6984,1, 0x18C5,3, 0xBB29,2,
    0x6984,1, 0x18C5,9, 0xBB29,2, 0x6984,1, 0x18C5,3, 0xBB29,2, 0x6984,1, 0x18C5,35,
    0xBB29,2, 0x6984,1, 0x18C5,3, 0xBB29,2, 0x6984,1, 0x18C5,9, 0xBB29,2, 0x6984,1,
    0x18C5,3, 0xBB29,2, 0x6984,1, 0x18C5,35, 0xBB29,2, 0x6984,1, 0x18C5,3, 0xBB29,2,
    0x6984,1, 0x18C5,9, 0xBB29,2, 0x6984,1, 0x18C5,3, 0xBB29,2, 0x6984,1, 0x18C5,35,
    0xBB29,2, 0x6984,1, 0x18C5,3, 0xBB29,2, 0x6984,1, 0x18C5,9, 0xBB29,2, 0x6984,1,
    0x18C5,3, 0xBB29,2, 0x6984,1, 0x18C5,35, 0x6984,3, 0x18C5,3, 0x6984,3, 0x18C5,9,
    0x6984,3, 0x18C5,3, 0x6984,3, 0x18C5,30, 0x10A4,1, 0x1084,35, 0x10A4,1, 0x18C5,25,
    0x10A4,1, 0x1084,35, 0x10A4,1, 0x18C5,30, 0x18C6,1, 0x10A4,26, 0x18C6,1, 0x18C5,17,
    0x18C5,696, 0x6984,33, 0x18C5,29, 0x6984,33, 0x18C5,29, 0x6984,2, 0xF572,28, 0xDC4D,2,
    0x6984,1, 0x18C5,29, 0x6984,2, 0xF572,1, 0xFE98,3, 0xDC4D,24, 0xBB29,2, 0x6984,1,
    0x18C5,23, 0x28E5,1, 0x4124,5, 0x6984,2, 0xF572,1, 0xFE98,3, 0xDC4D,24, 0xBB29,2,
    0x6984,1, 0x4124,6, 0x28E5,1, 0x18C5,16, 0x4125,1, 0x6984,7, 0xF572,1, 0xDC4D,27,
    0xBB29,1, 0x6984,8, 0x4125,1, 0x18C5,14, 0x28E5,1, 0x4125,1, 0x69A5,1, 0xBB29,7,
    0xF572,1, 0xDC4D,3, 0xFFFF,2, 0x1882,1, 0xDC4D,15, 0xFFFF,2, 0x1882,1, 0xDC4D,3,
    0xBB29,8, 0x6984,1, 0x69A5,1, 0x28E5,1, 0x18C5,13, 0x4124,1, 0x6984,2, 0xBB29,1,
    0xDC4D,5, 0xBB29,1, 0xF572,1, 0xDC4D,3, 0xFFFF,2, 0x1882,1, 0xDC4D,15, 0xFFFF,2,
    0x1882,1, 0xDC4D,3, 0xBB29,1, 0xDC4D,6, 0xBB29,1, 0x6984,2, 0x4124,1, 0x18C5,13,
    0x4124,1, 0x6984,3, 0xBB29,2, 0xDC4D,3, 0xBB29,1, 0xF572,1, 0xDC4D,3, 0x1882,3,
    0xDC4D,15, 0x1882,3, 0xDC4D,3, 0xBB29,2, 0xDC4D,4, 0xBB29,1, 0x6984,3, 0x4124,1,
    0x18C5,13, 0x28E5,1, 0x4125,2, 0x69A5,1, 0x6984,1, 0xBB29,1, 0xDC4D,3, 0xBB29,1,
    0xF572,1, 0xDC4D,3, 0x1882,3, 0xDC4D,15, 0x1882,3, 0xDC4D,3, 0xBB29,2, 0xDC4D,4,
    0xBB29,1, 0x69A5,1, 0x4125,2, 0x28E5,1, 0x18C5,16, 0x4125,1, 0x6984,1, 0xBB29,1,
    0xDC4D,3, 0xBB29,1, 0xF572,1, 0xDC4D,3, 0x1882,3, 0xDC4D,15, 0x1882,3, 0xDC4D,3,
    0xBB29,2, 0xDC4D,4, 0xBB29,1, 0x4125,1, 0x18C5,19, 0x4125,1, 0x6984,1, 0xBB29,1,
    0xDC4D,3, 0xBB29,1, 0xF572,1, 0xDC4D,3, 0x1882,3, 0xDC4D,15, 0x1882,3, 0xDC4D,3,
    0xBB29,2, 0xDC4D,4, 0xBB29,1, 0x4125,1, 0x18C5,16, 0x28E5,1, 0x4125,2, 0x7A48,1,
    0xBB29,1, 0xDC4D,4, 0xBB29,1, 0xF572,1, 0xDC4D,27, 0xBB29,2, 0xDC4D,5, 0x7A48,1,
    0x4125,2, 0x28E5,1, 0x18C5,13, 0x4124,1, 0x6984,2, 0xBB29,1, 0xDC4D,2, 0xBB29,4,
    0xF572,1, 0xDC4D,27, 0xBB29,6, 0xDC4D,1, 0xBB29,1, 0x6984,2, 0x4124,1, 0x18C5,13,
    0x4124,1, 0x6984,2, 0xBB29,6, 0x6984,1, 0xF572,1, 0xDC4D,27, 0xBB29,9, 0x6984,1,
    0x4124,1, 0x18C5,13, 0x28E5,1, 0x4125,1, 0x69A5,1, 0x6984,7, 0xF572,1, 0xDC4D,27,
    0xBB29,2, 0x6984,7, 0x69A5,1, 0x28E5,1, 0x18C5,15, 0x28E5,1, 0x4124,5, 0x6984,2,
    0xF572,1, 0xDC4D,27, 0xBB29,2, 0x6984,1, 0x4124,6, 0x28E5,1, 0x18C5,22, 0x6984,2,
    0xDC4D,1, 0xBB29,29, 0x6984,1, 0x18C5,29, 0x6984,2, 0xDC4D,1, 0xBB29,29, 0x6984,1,
    0x18C5,29, 0x6984,2, 0xDC4D,1, 0xBB29,29, 0x6984,1, 0x18C5,29, 0x6984,33, 0x18C5,32,
    0xBB29,2, 0x6984,1, 0x18C5,3, 0xBB29,2, 0x6984,1, 0x18C5,9, 0xBB29,2, 0x6984,1,
    0x18C5,3, 0xBB29,2, 0x6984,1, 0x18C5,35, 0xBB29,2, 0x6984,1, 0x18C5,3, 0xBB29,2,
    0x6984,1, 0x18C5,9, 0xBB29,2, 0x6984,1, 0x18C5,3, 0xBB29,2, 0x6984,1, 0x18C5,35,
    0xBB29,2, 0x6984,1, 0x18C5,3, 0xBB29,2, 0x6984,1, 0x18C5,9, 0xBB29,2, 0x6984,1,
    0x18C5,3, 0xBB29,2, 0x6984,1, 0x18C5,35, 0xBB29,2, 0x6984,1, 0x18C5,3, 0xBB29,2,
    0x6984,1, 0x18C5,9, 0xBB29,2, 0x6984,1, 0x18C5,3, 0xBB29,2, 0x6984,1, 0x18C5,35,
    0xBB29,2, 0x6984,1, 0x18C5,3, 0xBB29,2, 0x6984,1, 0x18C5,9, 0xBB29,2, 0x6984,1,
    0x18C5,3, 0xBB29,2, 0x6984,1, 0x18C5,35, 0x6984,3, 0x18C5,3, 0x6984,3, 0x18C5,9,
    0x6984,3, 0x18C5,3, 0x6984,3, 0x18C5,30, 0x10A4,1, 0x1084,35, 0x10A4,1, 0x18C5,25,
    0x10A4,1, 0x1084,35, 0x10A4,1, 0x18C5,30, 0x18C6,1, 0x10A4,26, 0x18C6,1, 0x18C5,17,
    0x18C5,696, 0x6984,33, 0x18C5,29, 0x6984,33, 0x18C5,29, 0x6984,2, 0xF572,28, 0xDC4D,2,
    0x6984,1, 0x18C5,29, 0x6984,2, 0xF572,1, 0xFE98,3, 0xDC4D,24, 0xBB29,2, 0x6984,1,
    0x18C5,23, 0x28E5,1, 0x4124,5, 0x6984,2, 0xF572,1, 0xFE98,3, 0xDC4D,24, 0xBB29,2,
    0x6984,1, 0x4124,6, 0x28E5,1, 0x18C5,16, 0x4125,1, 0x6984,7, 0xF572,1, 0xDC4D,27,
    0xBB29,1, 0x6984,8, 0x4125,1, 0x18C5,14, 0x28E5,1, 0x4125,1, 0x69A5,1, 0xBB29,7,
    0xF572,1, 0xDC4D,3, 0xFFFF,2, 0x1882,1, 0xDC4D,15, 0xFFFF,2, 0x1882,1, 0xDC4D,3,
    0xBB29,8, 0x6984,1, 0x69A5,1, 0x28E5,1, 0x18C5,13, 0x4124,1, 0x6984,2, 0xBB29,1,
    0xDC4D,5, 0xBB29,1, 0xF572,1, 0xDC4D,3, 0xFFFF,2, 0x1882,1, 0xDC4D,15, 0xFFFF,2,
    0x1882,1, 0xDC4D,3, 0xBB29,1, 0xDC4D,6, 0xBB29,1, 0x6984,2, 0x4124,1, 0x18C5,13,
    0x4124,1, 0x6984,3, 0xBB29,2, 0xDC4D,3, 0xBB29,1, 0xF572,1, 0xDC4D,3, 0x1882,3,
    0xDC4D,15, 0x1882,3, 0xDC4D,3, 0xBB29,2, 0xDC4D,4, 0xBB29,1, 0x6984,3, 0x4124,1,
    0x18C5,13, 0x28E5,1, 0x4125,2, 0x69A5,1, 0x6984,1, 0xBB29,1, 0xDC4D,3, 0xBB29,1,
    0xF572,1, 0xDC4D,3, 0x1882,3, 0xDC4D,15, 0x1882,3, 0xDC4D,3, 0xBB29,2, 0xDC4D,4,
    0xBB29,1, 0x69A5,1, 0x4125,2, 0x28E5,1, 0x18C5,16, 0x4125,1, 0x6984,1, 0xBB29,1,
    0xDC4D,3, 0xBB29,1, 0xF572,1, 0xDC4D,3, 0x1882,3, 0xDC4D,15, 0x1882,3, 0xDC4D,3,
    0xBB29,2, 0xDC4D,4, 0xBB29,1, 0x4125,1, 0x18C5,19, 0x4125,1, 0x6984,1, 0xBB29,1,
    0xDC4D,3, 0xBB29,1, 0xF572,1, 0xDC4D,3, 0x1882,3, 0xDC4D,15, 0x1882,3, 0xDC4D,3,
    0xBB29,2, 0xDC4D,4, 0xBB29,1, 0x4125,1, 0x18C5,16, 0x28E5,1, 0x4125,2, 0x7A48,1,
    0xBB29,1, 0xDC4D,4, 0xBB29,1, 0xF572,1, 0xDC4D,27, 0xBB29,2, 0xDC4D,5, 0x7A48,1,
    0x4125,2, 0x28E5,1, 0x18C5,13, 0x4124,1, 0x6984,2, 0xBB29,1, 0xDC4D,2, 0xBB29,4,
    0xF572,1, 0xDC4D,27, 0xBB29,6, 0xDC4D,1, 0xBB29,1, 0x6984,2, 0x4124,1, 0x18C5,13,
    0x4124,1, 0x6984,2, 0xBB29,6, 0x6984,1, 0xF572,1, 0xDC4D,27, 0xBB29,9, 0x6984,1,
    0x4124,1, 0x18C5,13, 0x28E5,1, 0x4125,1, 0x69A5,1, 0x6984,7, 0xF572,1, 0xDC4D,27,
    0xBB29,2, 0x6984,7, 0x69A5,1, 0x28E5,1, 0x18C5,15, 0x28E5,1, 0x4124,5, 0x6984,2,
    0xF572,1, 0xDC4D,27, 0xBB29,2, 0x6984,1, 0x4124,6, 0x28E5,1, 0x18C5,22, 0x6984,2,
    0xDC4D,1, 0xBB29,29, 0x6984,1, 0x18C5,29, 0x6984,2, 0xDC4D,1, 0xBB29,29, 0x6984,1,
    0x18C5,29, 0x6984,2, 0xDC4D,1, 0xBB29,29, 0x6984,1, 0x18C5,29, 0x6984,33, 0x18C5,32,
    0xBB29,2, 0x6984,1, 0x18C5,3, 0xBB29,2, 0x6984,1, 0x18C5,9, 0xBB29,2, 0x6984,1,
    0x18C5,3, 0xBB29,2, 0x6984,1, 0x18C5,35, 0xBB29,2, 0x6984,1, 0x18C5,3, 0xBB29,2,
    0x6984,1, 0x18C5,9, 0xBB29,2, 0x6984,1, 0x18C5,3, 0xBB29,2, 0x6984,1, 0x18C5,35,
    0xBB29,2, 0x6984,1, 0x18C5,3, 0xBB29,2, 0x6984,1, 0x18C5,9, 0xBB29,2, 0x6984,1,
    0x18C5,3, 0xBB29,2, 0x6984,1, 0x18C5,35, 0xBB29,2, 0x6984,1, 0x18C5,3, 0xBB29,2,
    0x6984,1, 0x18C5,9, 0xBB29,2, 0x6984,1, 0x18C5,3, 0xBB29,2, 0x6984,1, 0x18C5,35,
    0xBB29,2, 0x6984,1, 0x18C5,3, 0xBB29,2, 0x6984,1, 0x18C5,9, 0xBB29,2, 0x6984,1,
    0x18C5,3, 0xBB29,2, 0x6984,1, 0x18C5,35, 0x6984,3, 0x18C5,3, 0x6984,3, 0x18C5,9,
    0x6984,3, 0x18C5,3, 0x6984,3, 0x18C5,30, 0x10A4,1, 0x1084,35, 0x10A4,1, 0x18C5,25,
    0x10A4,1, 0x1084,35, 0x10A4,1, 0x18C5,30, 0x18C6,1, 0x10A4,26, 0x18C6,1, 0x18C5,17,
    0x18C5,758, 0x4124,33, 0x18C5,29, 0x6984,33, 0x18C5,29, 0x6984,2, 0xBB29,30, 0x6984,1,
    0x18C5,29, 0x6984,2, 0xF572,4, 0xDC4D,24, 0xBB29,2, 0x6984,1, 0x18C5,29, 0x6984,2,
    0xF572,1, 0xFE98,3, 0xDC4D,24, 0xBB29,2, 0x6984,1, 0x18C5,23, 0x4125,1, 0x6984,7,
    0xF572,4, 0xDC4D,24, 0xBB29,1, 0x6984,8, 0x4125,1, 0x18C5,16, 0x4125,1, 0x6984,7,
    0xF572,1, 0xDC4D,27, 0xBB29,1, 0x6984,8, 0x4125,1, 0x18C5,14, 0x4124,1, 0x6984,2,
    0xDC4D,1, 0xF572,5, 0xBB29,1, 0xF572,1, 0xDC4D,27, 0xBB29,1, 0xDC4D,1, 0xF572,5,
    0xDC4D,1, 0xBB29,1, 0x6984,1, 0x4124,1, 0x18C5,13, 0x4124,1, 0x6984,3, 0xBB29,2,
    0xDC4D,3, 0xBB29,1, 0xF572,1, 0xDC4D,27, 0xBB29,2, 0xDC4D,4, 0xBB29,1, 0x6984,3,
    0x4124,1, 0x18C5,13, 0x4124,1, 0x6984,3, 0xBB29,2, 0xDC4D,3, 0xBB29,1, 0xF572,1,
    0xDC4D,27, 0xBB29,2, 0xDC4D,4, 0xBB29,1, 0x6984,3, 0x4124,1, 0x18C5,16, 0x4125,1,
    0x6984,1, 0xBB29,1, 0xDC4D,3, 0xBB29,1, 0xF572,1, 0xDC4D,27, 0xBB29,2, 0xDC4D,4,
    0xBB29,1, 0x4125,1, 0x18C5,19, 0x4125,1, 0x6984,1, 0xBB29,1, 0xDC4D,3, 0xBB29,1,
    0xF572,1, 0xDC4D,3, 0x1882,3, 0xDC4D,15, 0x1882,3, 0xDC4D,3, 0xBB29,2, 0xDC4D,4,
    0xBB29,1, 0x4125,1, 0x18C5,19, 0x4125,1, 0x6984,1, 0xBB29,1, 0xDC4D,3, 0xBB29,1,
    0xF572,1, 0xDC4D,3, 0x1882,3, 0xDC4D,15, 0x1882,3, 0xDC4D,3, 0xBB29,2, 0xDC4D,4,
    0xBB29,1, 0x4125,1, 0x18C5,16, 0x4124,1, 0x6984,2, 0xBB29,1, 0xF572,1, 0xDC4D,4,
    0xBB29,1, 0xF572,1, 0xDC4D,27, 0xBB29,2, 0xDC4D,5, 0xBB29,1, 0x6984,2, 0x4124,1,
    0x18C5,13, 0x4124,1, 0x6984,2, 0xBB29,6, 0x6984,1, 0xF572,1, 0xDC4D,27, 0xBB29,9,
    0x6984,1, 0x4124,1, 0x18C5,13, 0x4124,1, 0x6984,2, 0xBB29,6, 0x6984,1, 0xF572,1,
    0xDC4D,27, 0xBB29,9, 0x6984,1, 0x4124,1, 0x18C5,15, 0x4125,1, 0x6984,7, 0xF572,1,
    0xDC4D,27, 0xBB29,1, 0x6984,8, 0x4125,1, 0x18C5,22, 0x6984,2, 0xDC4D,1, 0xBB29,29,
    0x6984,1, 0x18C5,29, 0x6984,2, 0xDC4D,1, 0xBB29,29, 0x6984,1, 0x18C5,29, 0x6984,2,
    0xDC4D,1, 0xBB29,29, 0x6984,1, 0x18C5,29, 0x6984,2, 0xBB29,1, 0x6984,30, 0x18C5,29,
    0x4124,3, 0x6984,3, 0x4124,3, 0x6984,3, 0x4124,9, 0x6984,3, 0x4124,3, 0x6984,3,
    0x4124,3, 0x18C5,32, 0xBB29,2, 0x6984,1, 0x18C5,3, 0xBB29,2, 0x6984,1, 0x18C5,9,
    0xBB29,2, 0x6984,1, 0x18C5,3, 0xBB29,2, 0x6984,1, 0x18C5,35, 0xBB29,2, 0x6984,1,
    0x18C5,3, 0xBB29,2, 0x6984,1, 0x18C5,9, 0xBB29,2, 0x6984,1, 0x18C5,3, 0xBB29,2,
    0x6984,1, 0x18C5,35, 0xBB29,2, 0x6984,1, 0x18C5,3, 0xBB29,2, 0x6984,1, 0x18C5,9,
    0xBB29,2, 0x6984,1, 0x18C5,3, 0xBB29,2, 0x6984,1, 0x18C5,35, 0x6984,3, 0x18C5,3,
    0x6984,3, 0x18C5,9, 0x6984,3, 0x18C5,3, 0x6984,3, 0x18C5,30, 0x10A4,1, 0x1084,35,
    0x10A4,1, 0x18C5,25, 0x10A4,1, 0x1084,35, 0x10A4,1, 0x18C5,30, 0x18C6,1, 0x10A4,26,
    0x18C6,1, 0x18C5,17, 0x18C5,758, 0x4124,33, 0x18C5,29, 0x6984,33, 0x18C5,29, 0x6984,2,
    0xBB29,30, 0x6984,1, 0x18C5,29, 0x6984,2, 0xF572,4, 0xDC4D,24, 0xBB29,2, 0x6984,1,
    0x18C5,29, 0x6984,2, 0xF572,1, 0xFE98,3, 0xDC4D,24, 0xBB29,2, 0x6984,1, 0x18C5,23,
    0x4125,1, 0x6984,7, 0xF572,4, 0xDC4D,24, 0xBB29,1, 0x6984,8, 0x4125,1, 0x18C5,16,
    0x4125,1, 0x6984,7, 0xF572,1, 0xDC4D,3, 0xFE98,2, 0x6984,1, 0xDC4D,15, 0xFE98,2,
    0x6984,1, 0xDC4D,3, 0xBB29,1, 0x6984,8, 0x4125,1, 0x18C5,14, 0x4124,1, 0x6984,2,
    0xDC4D,1, 0xF572,5, 0xBB29,1, 0xF572,1, 0xDC4D,3, 0xFFFF,2, 0x1882,1, 0xDC4D,15,
    0xFFFF,2, 0x1882,1, 0xDC4D,3, 0xBB29,1, 0xDC4D,1, 0xF572,5, 0xDC4D,1, 0xBB29,1,
    0x6984,1, 0x4124,1, 0x18C5,13, 0x4124,1, 0x6984,3, 0xBB29,2, 0xDC4D,3, 0xBB29,1,
    0xF572,1, 0xDC4D,3, 0xBB29,2, 0x1882,1, 0xDC4D,15, 0xBB29,2, 0x1882,1, 0xDC4D,3,
    0xBB29,2, 0xDC4D,4, 0xBB29,1, 0x6984,3, 0x4124,1, 0x18C5,13, 0x4124,1, 0x6984,3,
    0xBB29,2, 0xDC4D,3, 0xBB29,1, 0xF572,1, 0xDC4D,3, 0x1882,3, 0xDC4D,15, 0x1882,3,
    0xDC4D,3, 0xBB29,2, 0xDC4D,4, 0xBB29,1, 0x6984,3, 0x4124,1, 0x18C5,16, 0x4125,1,
    0x6984,1, 0xBB29,1, 0xDC4D,3, 0xBB29,1, 0xF572,1, 0xDC4D,3, 0x1882,3, 0xDC4D,15,
    0x1882,3, 0xDC4D,3, 0xBB29,2, 0xDC4D,4, 0xBB29,1, 0x4125,1, 0x18C5,19, 0x4125,1,
    0x6984,1, 0xBB29,1, 0xDC4D,3, 0xBB29,1, 0xF572,1, 0xDC4D,3, 0x1882,3, 0xDC4D,15,
    0x1882,3, 0xDC4D,3, 0xBB29,2, 0xDC4D,4, 0xBB29,1, 0x4125,1, 0x18C5,19, 0x4125,1,
    0x6984,1, 0xBB29,1, 0xDC4D,3, 0xBB29,1, 0xF572,1, 0xDC4D,3, 0x6984,3, 0xDC4D,15,
    0x6984,3, 0xDC4D,3, 0xBB29,2, 0xDC4D,4, 0xBB29,1, 0x4125,1, 0x18C5,16, 0x4124,1,
    0x6984,2, 0xBB29,1, 0xF572,1, 0xDC4D,4, 0xBB29,1, 0xF572,1, 0xDC4D,27, 0xBB29,2,
    0xDC4D,5, 0xBB29,1, 0x6984,2, 0x4124,1, 0x18C5,13, 0x4124,1, 0x6984,2, 0xBB29,6,
    0x6984,1, 0xF572,1, 0xDC4D,27, 0xBB29,9, 0x6984,1, 0x4124,1, 0x18C5,13, 0x4124,1,
    0x6984,2, 0xBB29,6, 0x6984,1, 0xF572,1, 0xDC4D,27, 0xBB29,9, 0x6984,1, 0x4124,1,
    0x18C5,15, 0x4125,1, 0x6984,7, 0xF572,1, 0xDC4D,27, 0xBB29,1, 0x6984,8, 0x4125,1,
    0x18C5,22, 0x6984,2, 0xDC4D,1, 0xBB29,29, 0x6984,1, 0x18C5,29, 0x6984,2, 0xDC4D,1,
    0xBB29,29, 0x6984,1, 0x18C5,29, 0x6984,2, 0xDC4D,1, 0xBB29,29, 0x6984,1, 0x18C5,29,
    0x6984,2, 0xBB29,1, 0x6984,30, 0x18C5,29, 0x4124,3, 0x6984,3, 0x4124,3, 0x6984,3,
    0x4124,9, 0x6984,3, 0x4124,3, 0x6984,3, 0x4124,3, 0x18C5,32, 0xBB29,2, 0x6984,1,
    0x18C5,3, 0xBB29,2, 0x6984,1, 0x18C5,9, 0xBB29,2, 0x6984,1, 0x18C5,3, 0xBB29,2,
    0x6984,1, 0x18C5,35, 0xBB29,2, 0x6984,1, 0x18C5,3, 0xBB29,2, 0x6984,1, 0x18C5,9,
    0xBB29,2, 0x6984,1, 0x18C5,3, 0xBB29,2, 0x6984,1, 0x18C5,35, 0xBB29,2, 0x6984,1,
    0x18C5,3, 0xBB29,2, 0x6984,1, 0x18C5,9, 0xBB29,2, 0x6984,1, 0x18C5,3, 0xBB29,2,
    0x6984,1, 0x18C5,35, 0x6984,3, 0x18C5,3, 0x6984,3, 0x18C5,9, 0x6984,3, 0x18C5,3,
    0x6984,3, 0x18C5,30, 0x10A4,1, 0x1084,35, 0x10A4,1, 0x18C5,25, 0x10A4,1, 0x1084,35,
    0x10A4,1, 0x18C5,30, 0x18C6,1, 0x10A4,26, 0x18C6,1, 0x18C5,17, 0x18C5,758, 0x4124,33,
    0x18C5,29, 0x6984,33, 0x18C5,29, 0x6984,2, 0xBB29,30, 0x6984,1, 0x18C5,29, 0x6984,2,
    0xF572,4, 0xDC4D,24, 0xBB29,2, 0x6984,1, 0x18C5,29, 0x6984,2, 0xF572,1, 0xFE98,3,
    0xDC4D,24, 0xBB29,2, 0x6984,1, 0x18C5,23, 0x4125,1, 0x6984,7, 0xF572,4, 0xDC4D,24,
    0xBB29,1, 0x6984,8, 0x4125,1, 0x18C5,16, 0x4125,1, 0x6984,7, 0xF572,1, 0xDC4D,3,
    0xFE98,2, 0x6984,1, 0xDC4D,15, 0xFE98,2, 0x6984,1, 0xDC4D,3, 0xBB29,1, 0x6984,8,
    0x4125,1, 0x18C5,14, 0x4124,1, 0x6984,2, 0xDC4D,1, 0xF572,5, 0xBB29,1, 0xF572,1,
    0xDC4D,3, 0xFFFF,2, 0x1882,1, 0xDC4D,15, 0xFFFF,2, 0x1882,1, 0xDC4D,3, 0xBB29,1,
    0xDC4D,1, 0xF572,5, 0xDC4D,1, 0xBB29,1, 0x6984,1, 0x4124,1, 0x18C5,13, 0x4124,1,
    0x6984,3, 0xBB29,2, 0xDC4D,3, 0xBB29,1, 0xF572,1, 0xDC4D,3, 0xBB29,2, 0x1882,1,
    0xDC4D,15, 0xBB29,2, 0x1882,1, 0xDC4D,3, 0xBB29,2, 0xDC4D,4, 0xBB29,1, 0x6984,3,
    0x4124,1, 0x18C5,13, 0x4124,1, 0x6984,3, 0xBB29,2, 0xDC4D,3, 0xBB29,1, 0xF572,1,
    0xDC4D,3, 0x1882,3, 0xDC4D,15, 0x1882,3, 0xDC4D,3, 0xBB29,2, 0xDC4D,4, 0xBB29,1,
    0x6984,3, 0x4124,1, 0x18C5,16, 0x4125,1, 0x6984,1, 0xBB29,1, 0xDC4D,3, 0xBB29,1,
    0xF572,1, 0xDC4D,3, 0x1882,3, 0xDC4D,15, 0x1882,3, 0xDC4D,3, 0xBB29,2, 0xDC4D,4,
    0xBB29,1, 0x4125,1, 0x18C5,19, 0x4125,1, 0x6984,1, 0xBB29,1, 0xDC4D,3, 0xBB29,1,
    0xF572,1, 0xDC4D,3, 0x1882,3, 0xDC4D,15, 0x1882,3, 0xDC4D,3, 0xBB29,2, 0xDC4D,4,
    0xBB29,1, 0x4125,1, 0x18C5,19, 0x4125,1, 0x6984,1, 0xBB29,1, 0xDC4D,3, 0xBB29,1,
    0xF572,1, 0xDC4D,3, 0x6984,3, 0xDC4D,15, 0x6984,3, 0xDC4D,3, 0xBB29,2, 0xDC4D,4,
    0xBB29,1, 0x4125,1, 0x18C5,16, 0x4124,1, 0x6984,2, 0xBB29,1, 0xF572,1, 0xDC4D,4,
    0xBB29,1, 0xF572,1, 0xDC4D,27, 0xBB29,2, 0xDC4D,5, 0xBB29,1, 0x6984,2, 0x4124,1,
    0x18C5,13, 0x4124,1, 0x6984,2, 0xBB29,6, 0x6984,1, 0xF572,1, 0xDC4D,27, 0xBB29,9,
    0x6984,1, 0x4124,1, 0x18C5,13, 0x4124,1, 0x6984,2, 0xBB29,6, 0x6984,1, 0xF572,1,
    0xDC4D,27, 0xBB29,9, 0x6984,1, 0x4124,1, 0x18C5,15, 0x4125,1, 0x6984,7, 0xF572,1,
    0xDC4D,27, 0xBB29,1, 0x6984,8, 0x4125,1, 0x18C5,22, 0x6984,2, 0xDC4D,1, 0xBB29,29,
    0x6984,1, 0x18C5,29, 0x6984,2, 0xDC4D,1, 0xBB29,29, 0x6984,1, 0x18C5,29, 0x6984,2,
    0xDC4D,1, 0xBB29,29, 0x6984,1, 0x18C5,29, 0x6984,2, 0xBB29,1, 0x6984,30, 0x18C5,29,
    0x4124,3, 0x6984,3, 0x4124,3, 0x6984,3, 0x4124,9, 0x6984,3, 0x4124,3, 0x6984,3,
    0x4124,3, 0x18C5,32, 0xBB29,2, 0x6984,1, 0x18C5,3, 0xBB29,2, 0x6984,1, 0x18C5,9,
    0xBB29,2, 0x6984,1, 0x18C5,3, 0xBB29,2, 0x6984,1, 0x18C5,35, 0xBB29,2, 0x6984,1,
    0x18C5,3, 0xBB29,2, 0x6984,1, 0x18C5,9, 0xBB29,2, 0x6984,1, 0x18C5,3, 0xBB29,2,
    0x6984,1, 0x18C5,35, 0xBB29,2, 0x6984,1, 0x18C5,3, 0xBB29,2, 0x6984,1, 0x18C5,9,
    0xBB29,2, 0x6984,1, 0x18C5,3, 0xBB29,2, 0x6984,1, 0x18C5,35, 0x6984,3, 0x18C5,3,
    0x6984,3, 0x18C5,9, 0x6984,3, 0x18C5,3, 0x6984,3, 0x18C5,30, 0x10A4,1, 0x1084,35,
    0x10A4,1, 0x18C5,25, 0x10A4,1, 0x1084,35, 0x10A4,1, 0x18C5,30, 0x18C6,1, 0x10A4,26,
    0x18C6,1, 0x18C5,17, 0x18C5,758, 0x4124,33, 0x18C5,29, 0x6984,33, 0x18C5,29, 0x6984,2,
    0xBB29,30, 0x6984,1, 0x18C5,29, 0x6984,2, 0xF572,4, 0xDC4D,24, 0xBB29,2, 0x6984,1,
    0x18C5,29, 0x6984,2, 0xF572,1, 0xFE98,3, 0xDC4D,24, 0xBB29,2, 0x6984,1, 0x18C5,23,
    0x4125,1, 0x6984,7, 0xF572,4, 0xDC4D,24, 0xBB29,1, 0x6984,8, 0x4125,1, 0x18C5,16,
    0x4125,1, 0x6984,7, 0xF572,1, 0xDC4D,3, 0xFE98,2, 0x6984,1, 0xDC4D,15, 0xFE98,2,
    0x6984,1, 0xDC4D,3, 0xBB29,1, 0x6984,8, 0x4125,1, 0x18C5,14, 0x4124,1, 0x6984,2,
    0xDC4D,1, 0xF572,5, 0xBB29,1, 0xF572,1, 0xDC4D,3, 0xFFFF,2, 0x1882,1, 0xDC4D,15,
    0xFFFF,2, 0x1882,1, 0xDC4D,3, 0xBB29,1, 0xDC4D,1, 0xF572,5, 0xDC4D,1, 0xBB29,1,
    0x6984,1, 0x4124,1, 0x18C5,13, 0x4124,1, 0x6984,3, 0xBB29,2, 0xDC4D,3, 0xBB29,1,
    0xF572,1, 0xDC4D,3, 0xBB29,2, 0x1882,1, 0xDC4D,15, 0xBB29,2, 0x1882,1, 0xDC4D,3,
    0xBB29,2, 0xDC4D,4, 0xBB29,1, 0x6984,3, 0x4124,1, 0x18C5,13, 0x4124,1, 0x6984,3,
    0xBB29,2, 0xDC4D,3, 0xBB29,1, 0xF572,1, 0xDC4D,3, 0x1882,3, 0xDC4D,15, 0x1882,3,
    0xDC4D,3, 0xBB29,2, 0xDC4D,4, 0xBB29,1, 0x6984,3, 0x4124,1, 0x18C5,16, 0x4125,1,
    0x6984,1, 0xBB29,1, 0xDC4D,3, 0xBB29,1, 0xF572,1, 0xDC4D,3, 0x1882,3, 0xDC4D,15,
    0x1882,3, 0xDC4D,3, 0xBB29,2, 0xDC4D,4, 0xBB29,1, 0x4125,1, 0x18C5,19, 0x4125,1,
    0x6984,1, 0xBB29,1, 0xDC4D,3, 0xBB29,1, 0xF572,1, 0xDC4D,3, 0x1882,3, 0xDC4D,15,
    0x1882,3, 0xDC4D,3, 0xBB29,2, 0xDC4D,4, 0xBB29,1, 0x4125,1, 0x18C5,19, 0x4125,1,
    0x6984,1, 0xBB29,1, 0xDC4D,3, 0xBB29,1, 0xF572,1, 0xDC4D,3, 0x6984,3, 0xDC4D,15,
    0x6984,3, 0xDC4D,3, 0xBB29,2, 0xDC4D,4, 0xBB29,1, 0x4125,1, 0x18C5,16, 0x4124,1,
    0x6984,2, 0xBB29,1, 0xF572,1, 0xDC4D,4, 0xBB29,1, 0xF572,1, 0xDC4D,27, 0xBB29,2,
    0xDC4D,5, 0xBB29,1, 0x6984,2, 0x4124,1, 0x18C5,13, 0x4124,1, 0x6984,2, 0xBB29,6,
    0x6984,1, 0xF572,1, 0xDC4D,27, 0xBB29,9, 0x6984,1, 0x4124,1, 0x18C5,13, 0x4124,1,
    0x6984,2, 0xBB29,6, 0x6984,1, 0xF572,1, 0xDC4D,27, 0xBB29,9, 0x6984,1, 0x4124,1,
    0x18C5,15, 0x4125,1, 0x6984,7, 0xF572,1, 0xDC4D,27, 0xBB29,1, 0x6984,8, 0x4125,1,
    0x18C5,22, 0x6984,2, 0xDC4D,1, 0xBB29,29, 0x6984,1, 0x18C5,29, 0x6984,2, 0xDC4D,1,
    0xBB29,29, 0x6984,1, 0x18C5,29, 0x6984,2, 0xDC4D,1, 0xBB29,29, 0x6984,1, 0x18C5,29,
    0x6984,2, 0xBB29,1, 0x6984,30, 0x18C5,29, 0x4124,3, 0x6984,3, 0x4124,3, 0x6984,3,
    0x4124,9, 0x6984,3, 0x4124,3, 0x6984,3, 0x4124,3, 0x18C5,32, 0xBB29,2, 0x6984,1,
    0x18C5,3, 0xBB29,2, 0x6984,1, 0x18C5,9, 0xBB29,2, 0x6984,1, 0x18C5,3, 0xBB29,2,
    0x6984,1, 0x18C5,35, 0xBB29,2, 0x6984,1, 0x18C5,3, 0xBB29,2, 0x6984,1, 0x18C5,9,
    0xBB29,2, 0x6984,1, 0x18C5,3, 0xBB29,2, 0x6984,1, 0x18C5,35, 0xBB29,2, 0x6984,1,
    0x18C5,3, 0xBB29,2, 0x6984,1, 0x18C5,9, 0xBB29,2, 0x6984,1, 0x18C5,3, 0xBB29,2,
    0x6984,1, 0x18C5,35, 0x6984,3, 0x18C5,3, 0x6984,3, 0x18C5,9, 0x6984,3, 0x18C5,3,
    0x6984,3, 0x18C5,30, 0x10A4,1, 0x1084,35, 0x10A4,1, 0x18C5,25, 0x10A4,1, 0x1084,35,
    0x10A4,1, 0x18C5,30, 0x18C6,1, 0x10A4,26, 0x18C6,1, 0x18C5,17, 0x18C5,758, 0x4124,33,
    0x18C5,29, 0x6984,33, 0x18C5,29, 0x6984,2, 0xBB29,30, 0x6984,1, 0x18C5,29, 0x6984,2,
    0xF572,4, 0xDC4D,24, 0xBB29,2, 0x6984,1, 0x18C5,29, 0x6984,2, 0xF572,1, 0xFE98,3,
    0xDC4D,24, 0xBB29,2, 0x6984,1, 0x18C5,23, 0x4125,1, 0x6984,7, 0xF572,4, 0xDC4D,24,
    0xBB29,1, 0x6984,8, 0x4125,1, 0x18C5,16, 0x4125,1, 0x6984,7, 0xF572,1, 0xDC4D,3,
    0xFE98,2, 0x6984,1, 0xDC4D,15, 0xFE98,2, 0x6984,1, 0xDC4D,3, 0xBB29,1, 0x6984,8,
    0x4125,1, 0x18C5,14, 0x4124,1, 0x6984,2, 0xDC4D,1, 0xF572,5, 0xBB29,1, 0xF572,1,
    0xDC4D,3, 0xFFFF,2, 0x1882,1, 0xDC4D,15, 0xFFFF,2, 0x1882,1, 0xDC4D,3, 0xBB29,1,
    0xDC4D,1, 0xF572,5, 0xDC4D,1, 0xBB29,1, 0x6984,1, 0x4124,1, 0x18C5,13, 0x4124,1,
    0x6984,3, 0xBB29,2, 0xDC4D,3, 0xBB29,1, 0xF572,1, 0xDC4D,3, 0xBB29,2, 0x1882,1,
    0xDC4D,15, 0xBB29,2, 0x1882,1, 0xDC4D,3, 0xBB29,2, 0xDC4D,4, 0xBB29,1, 0x6984,3,
    0x4124,1, 0x18C5,13, 0x4124,1, 0x6984,3, 0xBB29,2, 0xDC4D,3, 0xBB29,1, 0xF572,1,
    0xDC4D,3, 0x1882,3, 0xDC4D,15, 0x1882,3, 0xDC4D,3, 0xBB29,2, 0xDC4D,4, 0xBB29,1,
    0x6984,3, 0x4124,1, 0x18C5,16, 0x4125,1, 0x6984,1, 0xBB29,1, 0xDC4D,3, 0xBB29,1,
    0xF572,1, 0xDC4D,3, 0x1882,3, 0xDC4D,15, 0x1882,3, 0xDC4D,3, 0xBB29,2, 0xDC4D,4,
    0xBB29,1, 0x4125,1, 0x18C5,19, 0x4125,1, 0x6984,1, 0xBB29,1, 0xDC4D,3, 0xBB29,1,
    0xF572,1, 0xDC4D,3, 0x1882,3, 0xDC4D,15, 0x1882,3, 0xDC4D,3, 0xBB29,2, 0xDC4D,4,
    0xBB29,1, 0x4125,1, 0x18C5,19, 0x4125,1, 0x6984,1, 0xBB29,1, 0xDC4D,3, 0xBB29,1,
    0xF572,1, 0xDC4D,3, 0x6984,3, 0xDC4D,15, 0x6984,3, 0xDC4D,3, 0xBB29,2, 0xDC4D,4,
    0xBB29,1, 0x4125,1, 0x18C5,16, 0x4124,1, 0x6984,2, 0xBB29,1, 0xF572,1, 0xDC4D,4,
    0xBB29,1, 0xF572,1, 0xDC4D,27, 0xBB29,2, 0xDC4D,5, 0xBB29,1, 0x6984,2, 0x4124,1,
    0x18C5,13, 0x4124,1, 0x6984,2, 0xBB29,6, 0x6984,1, 0xF572,1, 0xDC4D,27, 0xBB29,9,
    0x6984,1, 0x4124,1, 0x18C5,13, 0x4124,1, 0x6984,2, 0xBB29,6, 0x6984,1, 0xF572,1,
    0xDC4D,27, 0xBB29,9, 0x6984,1, 0x4124,1, 0x18C5,15, 0x4125,1, 0x6984,7, 0xF572,1,
    0xDC4D,27, 0xBB29,1, 0x6984,8, 0x4125,1, 0x18C5,22, 0x6984,2, 0xDC4D,1, 0xBB29,29,
    0x6984,1, 0x18C5,29, 0x6984,2, 0xDC4D,1, 0xBB29,29, 0x6984,1, 0x18C5,29, 0x6984,2,
    0xDC4D,1, 0xBB29,29, 0x6984,1, 0x18C5,29, 0x6984,2, 0xBB29,1, 0x6984,30, 0x18C5,29,
    0x4124,3, 0x6984,3, 0x4124,3, 0x6984,3, 0x4124,9, 0x6984,3, 0x4124,3, 0x6984,3,
    0x4124,3, 0x18C5,32, 0xBB29,2, 0x6984,1, 0x18C5,3, 0xBB29,2, 0x6984,1, 0x18C5,9,
    0xBB29,2, 0x6984,1, 0x18C5,3, 0xBB29,2, 0x6984,1, 0x18C5,35, 0xBB29,2, 0x6984,1,
    0x18C5,3, 0xBB29,2, 0x6984,1, 0x18C5,9, 0xBB29,2, 0x6984,1, 0x18C5,3, 0xBB29,2,
    0x6984,1, 0x18C5,35, 0xBB29,2, 0x6984,1, 0x18C5,3, 0xBB29,2, 0x6984,1, 0x18C5,9,
    0xBB29,2, 0x6984,1, 0x18C5,3, 0xBB29,2, 0x6984,1, 0x18C5,35, 0x6984,3, 0x18C5,3,
    0x6984,3, 0x18C5,9, 0x6984,3, 0x18C5,3, 0x6984,3, 0x18C5,30, 0x10A4,1, 0x1084,35,
    0x10A4,1, 0x18C5,25, 0x10A4,1, 0x1084,35, 0x10A4,1, 0x18C5,30, 0x18C6,1, 0x10A4,26,
    0x18C6,1, 0x18C5,17, 0x18C5,759, 0x28E5,1, 0x4124,32, 0x28E5,1, 0x18C5,28, 0x4124,1,
    0x6984,32, 0x4124,1, 0x18C5,28, 0x4124,1, 0x6984,1, 0xBB29,30, 0x6984,1, 0x4124,1,
    0x18C5,28, 0x4124,1, 0x6984,1, 0xBB29,1, 0xF572,4, 0xDC4D,24, 0xBB29,2, 0x4124,1,
    0x18C5,28, 0x4124,1, 0x6984,1, 0xBB29,1, 0xF572,1, 0xFE98,2, 0xF572,1, 0xDC4D,23,
    0xBB29,2, 0x6984,1, 0x4124,1, 0x18C5,23, 0x6984,7, 0xBB29,1, 0xF572,4, 0xDC4D,23,
    0xBB29,2, 0x6984,8, 0x18C5,17, 0x6984,7, 0xBB29,1, 0xDC4D,3, 0xF572,1, 0xFE98,1,
    0xDC4D,1, 0xBB29,1, 0xDC4D,14, 0xF572,1, 0xFE98,1, 0xDC4D,1, 0xBB29,1, 0xDC4D,2,
    0xBB29,2, 0x6984,8, 0x18C5,15, 0x6984,2, 0xBB29,1, 0xF572,6, 0xBB29,1, 0xDC4D,3,
    0xFE98,1, 0xFFFF,1, 0xBB29,1, 0x6984,1, 0xDC4D,14, 0xFE98,1, 0xFFFF,1, 0xBB29,1,
    0x6984,1, 0xDC4D,2, 0xBB29,2, 0xF572,6, 0xBB29,2, 0x6984,1, 0x18C5,14, 0x6984,3,
    0xBB29,2, 0xDC4D,4, 0xBB29,1, 0xDC4D,4, 0xBB29,1, 0x6984,2, 0xDC4D,15, 0xBB29,1,
    0x6984,2, 0xDC4D,2, 0xBB29,2, 0xDC4D,5, 0xBB29,1, 0x6984,3, 0x18C5,14, 0x6984,3,
    0xBB29,2, 0xDC4D,4, 0xBB29,1, 0xDC4D,3, 0x6984,1, 0x1882,2, 0x6984,1, 0xDC4D,14,
    0x6984,1, 0x1882,2, 0x6984,1, 0xDC4D,2, 0xBB29,2, 0xDC4D,5, 0xBB29,1, 0x6984,3,
    0x18C5,17, 0x6984,2, 0xDC4D,4, 0xBB29,1, 0xDC4D,3, 0x6984,1, 0x1882,2, 0x6984,1,
    0xDC4D,14, 0x6984,1, 0x1882,2, 0x6984,1, 0xDC4D,2, 0xBB29,2, 0xDC4D,5, 0x6984,1,
    0x18C5,20, 0x6984,2, 0xDC4D,4, 0xBB29,1, 0xDC4D,3, 0x6984,1, 0x1882,2, 0x6984,1,
    0xDC4D,14, 0x6984,1, 0x1882,2, 0x6984,1, 0xDC4D,2, 0xBB29,2, 0xDC4D,5, 0x6984,1,
    0x18C5,20, 0x6984,2, 0xDC4D,4, 0xBB29,1, 0xDC4D,3, 0xBB29,1, 0x6984,2, 0xBB29,1,
    0xDC4D,14, 0xBB29,1, 0x6984,2, 0xBB29,1, 0xDC4D,2, 0xBB29,2, 0xDC4D,5, 0x6984,1,
    0x18C5,17, 0x6984,3, 0xF572,2, 0xDC4D,4, 0xBB29,1, 0xDC4D,27, 0xBB29,2, 0xDC4D,5,
    0xF572,1, 0x6984,3, 0x18C5,14, 0x6984,2, 0xBB29,8, 0xDC4D,27, 0xBB29,10, 0x6984,1,
    0x18C5,14, 0x6984,2, 0xBB29,8, 0xDC4D,27, 0xBB29,10, 0x6984,1, 0x18C5,16, 0x6984,7,
    0xBB29,1, 0xDC4D,27, 0xBB29,2, 0x6984,8, 0x18C5,22, 0x4124,1, 0x6984,1, 0xBB29,1,
    0xDC4D,1, 0xBB29,28, 0x6984,1, 0x4124,1, 0x18C5,28, 0x4124,1, 0x6984,1, 0xBB29,30,
    0x6984,1, 0x4124,1, 0x18C5,28, 0x4124,1, 0x6984,1, 0xBB29,30, 0x6984,1, 0x4124,1,
    0x18C5,28, 0x4124,1, 0x6984,2, 0xBB29,1, 0x6984,29, 0x4124,1, 0x18C5,28, 0x28E5,1,
    0x4124,1, 0x6984,3, 0x4124,3, 0x6984,3, 0x4124,9, 0x6984,3, 0x4124,3, 0x6984,3,
    0x4124,4, 0x28E5,1, 0x18C5,30, 0xBB29,2, 0x6984,1, 0x18C5,3, 0xBB29,2, 0x6984,1,
    0x18C5,9, 0xBB29,2, 0x6984,1, 0x18C5,3, 0xBB29,2, 0x6984,1, 0x18C5,35, 0xBB29,2,
    0x6984,1, 0x18C5,3, 0xBB29,2, 0x6984,1, 0x18C5,9, 0xBB29,2, 0x6984,1, 0x18C5,3,
    0xBB29,2, 0x6984,1, 0x18C5,35, 0xBB29,2, 0x6984,1, 0x18C5,3, 0xBB29,2, 0x6984,1,
    0x18C5,9, 0xBB29,2, 0x6984,1, 0x18C5,3, 0xBB29,2, 0x6984,1, 0x18C5,35, 0x6984,3,
    0x18C5,3, 0x6984,3, 0x18C5,9, 0x6984,3, 0x18C5,3, 0x6984,3, 0x18C5,32, 0x1084,36,
    0x18C5,26, 0x1084,36, 0x18C5,31, 0x10A4,27, 0x18C5,16, 0x18C5,761, 0x4124,33, 0x18C5,29,
    0x6984,33, 0x18C5,29, 0x6984,2, 0xBB29,30, 0x6984,1, 0x18C5,29, 0x6984,2, 0xF572,4,
    0xDC4D,24, 0xBB29,2, 0x6984,1, 0x18C5,29, 0x6984,2, 0xF572,1, 0xFE98,3, 0xDC4D,24,
    0xBB29,2, 0x6984,1, 0x18C5,23, 0x4125,1, 0x6984,7, 0xF572,4, 0xDC4D,24, 0xBB29,1,
    0x6984,8, 0x4125,1, 0x18C5,16, 0x4125,1, 0x6984,7, 0xF572,1, 0xDC4D,6, 0xFE98,2,
    0x6984,1, 0xDC4D,15, 0xFE98,2, 0x6984,1, 0xBB29,1, 0x6984,8, 0x4125,1, 0x18C5,14,
    0x4124,1, 0x6984,2, 0xDC4D,1, 0xF572,5, 0xBB29,1, 0xF572,1, 0xDC4D,6, 0xFFFF,2,
    0x1882,1, 0xDC4D,15, 0xFFFF,2, 0x1882,1, 0xBB29,1, 0xDC4D,1, 0xF572,5, 0xDC4D,1,
    0xBB29,1, 0x6984,1, 0x4124,1, 0x18C5,13, 0x4124,1, 0x6984,3, 0xBB29,2, 0xDC4D,3,
    0xBB29,1, 0xF572,1, 0xDC4D,6, 0xBB29,2, 0x1882,1, 0xDC4D,15, 0xBB29,2, 0x1882,1,
    0xBB29,2, 0xDC4D,4, 0xBB29,1, 0x6984,3, 0x4124,1, 0x18C5,13, 0x4124,1, 0x6984,3,
    0xBB29,2, 0xDC4D,3, 0xBB29,1, 0xF572,1, 0xDC4D,6, 0x1882,3, 0xDC4D,15, 0x1882,3,
    0xBB29,2, 0xDC4D,4, 0xBB29,1, 0x6984,3, 0x4124,1, 0x18C5,16, 0x4125,1, 0x6984,1,
    0xBB29,1, 0xDC4D,3, 0xBB29,1, 0xF572,1, 0xDC4D,6, 0x1882,3, 0xDC4D,15, 0x1882,3,
    0xBB29,2, 0xDC4D,4, 0xBB29,1, 0x4125,1, 0x18C5,19, 0x4125,1, 0x6984,1, 0xBB29,1,
    0xDC4D,3, 0xBB29,1, 0xF572,1, 0xDC4D,6, 0x1882,3, 0xDC4D,15, 0x1882,3, 0xBB29,2,
    0xDC4D,4, 0xBB29,1, 0x4125,1, 0x18C5,19, 0x4125,1, 0x6984,1, 0xBB29,1, 0xDC4D,3,
    0xBB29,1, 0xF572,1, 0xDC4D,6, 0x6984,3, 0xDC4D,15, 0x6984,3, 0xBB29,2, 0xDC4D,4,
    0xBB29,1, 0x4125,1, 0x18C5,16, 0x4124,1, 0x6984,2, 0xBB29,1, 0xF572,1, 0xDC4D,4,
    0xBB29,1, 0xF572,1, 0xDC4D,27, 0xBB29,2, 0xDC4D,5, 0xBB29,1, 0x6984,2, 0x4124,1,
    0x18C5,13, 0x4124,1, 0x6984,2, 0xBB29,6, 0x6984,1, 0xF572,1, 0xDC4D,27, 0xBB29,9,
    0x6984,1, 0x4124,1, 0x18C5,13, 0x4124,1, 0x6984,2, 0xBB29,6, 0x6984,1, 0xF572,1,
    0xDC4D,27, 0xBB29,9, 0x6984,1, 0x4124,1, 0x18C5,15, 0x4125,1, 0x6984,7, 0xF572,1,
    0xDC4D,27, 0xBB29,1, 0x6984,8, 0x4125,1, 0x18C5,22, 0x6984,2, 0xDC4D,1, 0xBB29,29,
    0x6984,1, 0x18C5,29, 0x6984,2, 0xDC4D,1, 0xBB29,29, 0x6984,1, 0x18C5,29, 0x6984,2,
    0xDC4D,1, 0xBB29,29, 0x6984,1, 0x18C5,29, 0x6984,2, 0xBB29,1, 0x6984,30, 0x18C5,29,
    0x6984,3, 0x4124,3, 0x6984,3, 0x4124,9, 0x6984,3, 0x4124,3, 0x6984,3, 0x4124,6,
    0x18C5,29, 0xBB29,2, 0x6984,1, 0x18C5,3, 0xBB29,2, 0x6984,1, 0x18C5,9, 0xBB29,2,
    0x6984,1, 0x18C5,3, 0xBB29,2, 0x6984,1, 0x18C5,35, 0xBB29,2, 0x6984,1, 0x18C5,3,
    0xBB29,2, 0x6984,1, 0x18C5,9, 0xBB29,2, 0x6984,1, 0x18C5,3, 0xBB29,2, 0x6984,1,
    0x18C5,35, 0xBB29,2, 0x6984,1, 0x18C5,3, 0xBB29,2, 0x6984,1, 0x18C5,9, 0xBB29,2,
    0x6984,1, 0x18C5,3, 0xBB29,2, 0x6984,1, 0x18C5,35, 0x6984,3, 0x18C5,3, 0x6984,3,
    0x18C5,9, 0x6984,3, 0x18C5,3, 0x6984,3, 0x18C5,33, 0x10A4,1, 0x1084,35, 0x10A4,1,
    0x18C5,25, 0x10A4,1, 0x1084,35, 0x10A4,1, 0x18C5,30, 0x18C6,1, 0x10A4,26, 0x18C6,1,
    0x18C5,14, 0x18C5,761, 0x4124,33, 0x18C5,29, 0x6984,33, 0x18C5,29, 0x6984,2, 0xBB29,30,
    0x6984,1, 0x18C5,29, 0x6984,2, 0xF572,4, 0xDC4D,24, 0xBB29,2, 0x6984,1, 0x18C5,29,
    0x6984,2, 0xF572,1, 0xFE98,3, 0xDC4D,24, 0xBB29,2, 0x6984,1, 0x18C5,23, 0x4125,1,
    0x6984,7, 0xF572,4, 0xDC4D,24, 0xBB29,1, 0x6984,8, 0x4125,1, 0x18C5,16, 0x4125,1,
    0x6984,7, 0xF572,1, 0xDC4D,6, 0xFE98,2, 0x6984,1, 0xDC4D,15, 0xFE98,2, 0x6984,1,
    0xBB29,1, 0x6984,8, 0x4125,1, 0x18C5,14, 0x4124,1, 0x6984,2, 0xDC4D,1, 0xF572,5,
    0xBB29,1, 0xF572,1, 0xDC4D,6, 0xFFFF,2, 0x1882,1, 0xDC4D,15, 0xFFFF,2, 0x1882,1,
    0xBB29,1, 0xDC4D,1, 0xF572,5, 0xDC4D,1, 0xBB29,1, 0x6984,1, 0x4124,1, 0x18C5,13,
    0x4124,1, 0x6984,3, 0xBB29,2, 0xDC4D,3, 0xBB29,1, 0xF572,1, 0xDC4D,6, 0xBB29,2,
    0x1882,1, 0xDC4D,15, 0xBB29,2, 0x1882,1, 0xBB29,2, 0xDC4D,4, 0xBB29,1, 0x6984,3,
    0x4124,1, 0x18C5,13, 0x4124,1, 0x6984,3, 0xBB29,2, 0xDC4D,3, 0xBB29,1, 0xF572,1,
    0xDC4D,6, 0x1882,3, 0xDC4D,15, 0x1882,3, 0xBB29,2, 0xDC4D,4, 0xBB29,1, 0x6984,3,
    0x4124,1, 0x18C5,16, 0x4125,1, 0x6984,1, 0xBB29,1, 0xDC4D,3, 0xBB29,1, 0xF572,1,
    0xDC4D,6, 0x1882,3, 0xDC4D,15, 0x1882,3, 0xBB29,2, 0xDC4D,4, 0xBB29,1, 0x4125,1,
    0x18C5,19, 0x4125,1, 0x6984,1, 0xBB29,1, 0xDC4D,3, 0xBB29,1, 0xF572,1, 0xDC4D,6,
    0x1882,3, 0xDC4D,15, 0x1882,3, 0xBB29,2, 0xDC4D,4, 0xBB29,1, 0x4125,1, 0x18C5,19,
    0x4125,1, 0x6984,1, 0xBB29,1, 0xDC4D,3, 0xBB29,1, 0xF572,1, 0xDC4D,6, 0x6984,3,
    0xDC4D,15, 0x6984,3, 0xBB29,2, 0xDC4D,4, 0xBB29,1, 0x4125,1, 0x18C5,16, 0x4124,1,
    0x6984,2, 0xBB29,1, 0xF572,1, 0xDC4D,4, 0xBB29,1, 0xF572,1, 0xDC4D,27, 0xBB29,2,
    0xDC4D,5, 0xBB29,1, 0x6984,2, 0x4124,1, 0x18C5,13, 0x4124,1, 0x6984,2, 0xBB29,6,
    0x6984,1, 0xF572,1, 0xDC4D,27, 0xBB29,9, 0x6984,1, 0x4124,1, 0x18C5,13, 0x4124,1,
    0x6984,2, 0xBB29,6, 0x6984,1, 0xF572,1, 0xDC4D,27, 0xBB29,9, 0x6984,1, 0x4124,1,
    0x18C5,15, 0x4125,1, 0x6984,7, 0xF572,1, 0xDC4D,27, 0xBB29,1, 0x6984,8, 0x4125,1,
    0x18C5,22, 0x6984,2, 0xDC4D,1, 0xBB29,29, 0x6984,1, 0x18C5,29, 0x6984,2, 0xDC4D,1,
    0xBB29,29, 0x6984,1, 0x18C5,29, 0x6984,2, 0xDC4D,1, 0xBB29,29, 0x6984,1, 0x18C5,29,
    0x6984,2, 0xBB29,1, 0x6984,30, 0x18C5,29, 0x6984,3, 0x4124,3, 0x6984,3, 0x4124,9,
    0x6984,3, 0x4124,3, 0x6984,3, 0x4124,6, 0x18C5,29, 0xBB29,2, 0x6984,1, 0x18C5,3,
    0xBB29,2, 0x6984,1, 0x18C5,9, 0xBB29,2, 0x6984,1, 0x18C5,3, 0xBB29,2, 0x6984,1,
    0x18C5,35, 0xBB29,2, 0x6984,1, 0x18C5,3, 0xBB29,2, 0x6984,1, 0x18C5,9, 0xBB29,2,
    0x6984,1, 0x18C5,3, 0xBB29,2, 0x6984,1, 0x18C5,35, 0xBB29,2, 0x6984,1, 0x18C5,3,
    0xBB29,2, 0x6984,1, 0x18C5,9, 0xBB29,2, 0x6984,1, 0x18C5,3, 0xBB29,2, 0x6984,1,
    0x18C5,35, 0x6984,3, 0x18C5,3, 0x6984,3, 0x18C5,9, 0x6984,3, 0x18C5,3, 0x6984,3,
    0x18C5,33, 0x10A4,1, 0x1084,35, 0x10A4,1, 0x18C5,25, 0x10A4,1, 0x1084,35, 0x10A4,1,
    0x18C5,30, 0x18C6,1, 0x10A4,26, 0x18C6,1, 0x18C5,14, 0x18C5,761, 0x4124,33, 0x18C5,29,
    0x6984,33, 0x18C5,29, 0x6984,2, 0xBB29,30, 0x6984,1, 0x18C5,29, 0x6984,2, 0xF572,4,
    0xDC4D,24, 0xBB29,2, 0x6984,1, 0x18C5,29, 0x6984,2, 0xF572,1, 0xFE98,3, 0xDC4D,24,
    0xBB29,2, 0x6984,1, 0x18C5,23, 0x4125,1, 0x6984,7, 0xF572,4, 0xDC4D,24, 0xBB29,1,
    0x6984,8, 0x4125,1, 0x18C5,16, 0x4125,1, 0x6984,7, 0xF572,1, 0xDC4D,6, 0xFE98,2,
    0x6984,1, 0xDC4D,15, 0xFE98,2, 0x6984,1, 0xBB29,1, 0x6984,8, 0x4125,1, 0x18C5,14,
    0x4124,1, 0x6984,2, 0xDC4D,1, 0xF572,5, 0xBB29,1, 0xF572,1, 0xDC4D,6, 0xFFFF,2,
    0x1882,1, 0xDC4D,15, 0xFFFF,2, 0x1882,1, 0xBB29,1, 0xDC4D,1, 0xF572,5, 0xDC4D,1,
    0xBB29,1, 0x6984,1, 0x4124,1, 0x18C5,13, 0x4124,1, 0x6984,3, 0xBB29,2, 0xDC4D,3,
    0xBB29,1, 0xF572,1, 0xDC4D,6, 0xBB29,2, 0x1882,1, 0xDC4D,15, 0xBB29,2, 0x1882,1,
    0xBB29,2, 0xDC4D,4, 0xBB29,1, 0x6984,3, 0x4124,1, 0x18C5,13, 0x4124,1, 0x6984,3,
    0xBB29,2, 0xDC4D,3, 0xBB29,1, 0xF572,1, 0xDC4D,6, 0x1882,3, 0xDC4D,15, 0x1882,3,
    0xBB29,2, 0xDC4D,4, 0xBB29,1, 0x6984,3, 0x4124,1, 0x18C5,16, 0x4125,1, 0x6984,1,
    0xBB29,1, 0xDC4D,3, 0xBB29,1, 0xF572,1, 0xDC4D,6, 0x1882,3, 0xDC4D,15, 0x1882,3,
    0xBB29,2, 0xDC4D,4, 0xBB29,1, 0x4125,1, 0x18C5,19, 0x4125,1, 0x6984,1, 0xBB29,1,
    0xDC4D,3, 0xBB29,1, 0xF572,1, 0xDC4D,6, 0x1882,3, 0xDC4D,15, 0x1882,3, 0xBB29,2,
    0xDC4D,4, 0xBB29,1, 0x4125,1, 0x18C5,19, 0x4125,1, 0x6984,1, 0xBB29,1, 0xDC4D,3,
    0xBB29,1, 0xF572,1, 0xDC4D,6, 0x6984,3, 0xDC4D,15, 0x6984,3, 0xBB29,2, 0xDC4D,4,
    0xBB29,1, 0x4125,1, 0x18C5,16, 0x4124,1, 0x6984,2, 0xBB29,1, 0xF572,1, 0xDC4D,4,
    0xBB29,1, 0xF572,1, 0xDC4D,27, 0xBB29,2, 0xDC4D,5, 0xBB29,1, 0x6984,2, 0x4124,1,
    0x18C5,13, 0x4124,1, 0x6984,2, 0xBB29,6, 0x6984,1, 0xF572,1, 0xDC4D,27, 0xBB29,9,
    0x6984,1, 0x4124,1, 0x18C5,13, 0x4124,1, 0x6984,2, 0xBB29,6, 0x6984,1, 0xF572,1,
    0xDC4D,27, 0xBB29,9, 0x6984,1, 0x4124,1, 0x18C5,15, 0x4125,1, 0x6984,7, 0xF572,1,
    0xDC4D,27, 0xBB29,1, 0x6984,8, 0x4125,1, 0x18C5,22, 0x6984,2, 0xDC4D,1, 0xBB29,29,
    0x6984,1, 0x18C5,29, 0x6984,2, 0xDC4D,1, 0xBB29,29, 0x6984,1, 0x18C5,29, 0x6984,2,
    0xDC4D,1, 0xBB29,29, 0x6984,1, 0x18C5,29, 0x6984,2, 0xBB29,1, 0x6984,30, 0x18C5,29,
    0x6984,3, 0x4124,3, 0x6984,3, 0x4124,9, 0x6984,3, 0x4124,3, 0x6984,3, 0x4124,6,
    0x18C5,29, 0xBB29,2, 0x6984,1, 0x18C5,3, 0xBB29,2, 0x6984,1, 0x18C5,9, 0xBB29,2,
    0x6984,1, 0x18C5,3, 0xBB29,2, 0x6984,1, 0x18C5,35, 0xBB29,2, 0x6984,1, 0x18C5,3,
    0xBB29,2, 0x6984,1, 0x18C5,9, 0xBB29,2, 0x6984,1, 0x18C5,3, 0xBB29,2, 0x6984,1,
    0x18C5,35, 0xBB29,2, 0x6984,1, 0x18C5,3, 0xBB29,2, 0x6984,1, 0x18C5,9, 0xBB29,2,
    0x6984,1, 0x18C5,3, 0xBB29,2, 0x6984,1, 0x18C5,35, 0x6984,3, 0x18C5,3, 0x6984,3,
    0x18C5,9, 0x6984,3, 0x18C5,3, 0x6984,3, 0x18C5,33, 0x10A4,1, 0x1084,35, 0x10A4,1,
    0x18C5,25, 0x10A4,1, 0x1084,35, 0x10A4,1, 0x18C5,30, 0x18C6,1, 0x10A4,26, 0x18C6,1,
    0x18C5,14, 0x18C5,761, 0x4124,33, 0x18C5,29, 0x6984,33, 0x18C5,29, 0x6984,2, 0xBB29,30,
    0x6984,1, 0x18C5,29, 0x6984,2, 0xF572,4, 0xDC4D,24, 0xBB29,2, 0x6984,1, 0x18C5,29,
    0x6984,2, 0xF572,1, 0xFE98,3, 0xDC4D,24, 0xBB29,2, 0x6984,1, 0x18C5,23, 0x4125,1,
    0x6984,7, 0xF572,4, 0xDC4D,24, 0xBB29,1, 0x6984,8, 0x4125,1, 0x18C5,16, 0x4125,1,
    0x6984,7, 0xF572,1, 0xDC4D,6, 0xFE98,2, 0x6984,1, 0xDC4D,15, 0xFE98,2, 0x6984,1,
    0xBB29,1, 0x6984,8, 0x4125,1, 0x18C5,14, 0x4124,1, 0x6984,2, 0xDC4D,1, 0xF572,5,
    0xBB29,1, 0xF572,1, 0xDC4D,6, 0xFFFF,2, 0x1882,1, 0xDC4D,15, 0xFFFF,2, 0x1882,1,
    0xBB29,1, 0xDC4D,1, 0xF572,5, 0xDC4D,1, 0xBB29,1, 0x6984,1, 0x4124,1, 0x18C5,13,
    0x4124,1, 0x6984,3, 0xBB29,2, 0xDC4D,3, 0xBB29,1, 0xF572,1, 0xDC4D,6, 0xBB29,2,
    0x1882,1, 0xDC4D,15, 0xBB29,2, 0x1882,1, 0xBB29,2, 0xDC4D,4, 0xBB29,1, 0x6984,3,
    0x4124,1, 0x18C5,13, 0x4124,1, 0x6984,3, 0xBB29,2, 0xDC4D,3, 0xBB29,1, 0xF572,1,
    0xDC4D,6, 0x1882,3, 0xDC4D,15, 0x1882,3, 0xBB29,2, 0xDC4D,4, 0xBB29,1, 0x6984,3,
    0x4124,1, 0x18C5,16, 0x4125,1, 0x6984,1, 0xBB29,1, 0xDC4D,3, 0xBB29,1, 0xF572,1,
    0xDC4D,6, 0x1882,3, 0xDC4D,15, 0x1882,3, 0xBB29,2, 0xDC4D,4, 0xBB29,1, 0x4125,1,
    0x18C5,19, 0x4125,1, 0x6984,1, 0xBB29,1, 0xDC4D,3, 0xBB29,1, 0xF572,1, 0xDC4D,6,
    0x1882,3, 0xDC4D,15, 0x1882,3, 0xBB29,2, 0xDC4D,4, 0xBB29,1, 0x4125,1, 0x18C5,19,
    0x4125,1, 0x6984,1, 0xBB29,1, 0xDC4D,3, 0xBB29,1, 0xF572,1, 0xDC4D,6, 0x6984,3,
    0xDC4D,15, 0x6984,3, 0xBB29,2, 0xDC4D,4, 0xBB29,1, 0x4125,1, 0x18C5,16, 0x4124,1,
    0x6984,2, 0xBB29,1, 0xF572,1, 0xDC4D,4, 0xBB29,1, 0xF572,1, 0xDC4D,27, 0xBB29,2,
    0xDC4D,5, 0xBB29,1, 0x6984,2, 0x4124,1, 0x18C5,13, 0x4124,1, 0x6984,2, 0xBB29,6,
    0x6984,1, 0xF572,1, 0xDC4D,27, 0xBB29,9, 0x6984,1, 0x4124,1, 0x18C5,13, 0x4124,1,
    0x6984,2, 0xBB29,6, 0x6984,1, 0xF572,1, 0xDC4D,27, 0xBB29,9, 0x6984,1, 0x4124,1,
    0x18C5,15, 0x4125,1, 0x6984,7, 0xF572,1, 0xDC4D,27, 0xBB29,1, 0x6984,8, 0x4125,1,
    0x18C5,22, 0x6984,2, 0xDC4D,1, 0xBB29,29, 0x6984,1, 0x18C5,29, 0x6984,2, 0xDC4D,1,
    0xBB29,29, 0x6984,1, 0x18C5,29, 0x6984,2, 0xDC4D,1, 0xBB29,29, 0x6984,1, 0x18C5,29,
    0x6984,2, 0xBB29,1, 0x6984,30, 0x18C5,29, 0x6984,3, 0x4124,3, 0x6984,3, 0x4124,9,
    0x6984,3, 0x4124,3, 0x6984,3, 0x4124,6, 0x18C5,29, 0xBB29,2, 0x6984,1, 0x18C5,3,
    0xBB29,2, 0x6984,1, 0x18C5,9, 0xBB29,2, 0x6984,1, 0x18C5,3, 0xBB29,2, 0x6984,1,
    0x18C5,35, 0xBB29,2, 0x6984,1, 0x18C5,3, 0xBB29,2, 0x6984,1, 0x18C5,9, 0xBB29,2,
    0x6984,1, 0x18C5,3, 0xBB29,2, 0x6984,1, 0x18C5,35, 0xBB29,2, 0x6984,1, 0x18C5,3,
    0xBB29,2, 0x6984,1, 0x18C5,9, 0xBB29,2, 0x6984,1, 0x18C5,3, 0xBB29,2, 0x6984,1,
    0x18C5,35, 0x6984,3, 0x18C5,3, 0x6984,3, 0x18C5,9, 0x6984,3, 0x18C5,3, 0x6984,3,
    0x18C5,33, 0x10A4,1, 0x1084,35, 0x10A4,1, 0x18C5,25, 0x10A4,1, 0x1084,35, 0x10A4,1,
    0x18C5,30, 0x18C6,1, 0x10A4,26, 0x18C6,1, 0x18C5,14, 0x18C5,699, 0x6984,33, 0x18C5,29,
    0x6984,33, 0x18C5,29, 0x6984,2, 0xF572,28, 0xDC4D,2, 0x6984,1, 0x18C5,29, 0x6984,2,
    0xF572,1, 0xFE98,3, 0xDC4D,24, 0xBB29,2, 0x6984,1, 0x18C5,23, 0x28E5,1, 0x4124,5,
    0x6984,2, 0xF572,1, 0xFE98,3, 0xDC4D,24, 0xBB29,2, 0x6984,1, 0x4124,6, 0x28E5,1,
    0x18C5,16, 0x4125,1, 0x6984,7, 0xF572,1, 0xDC4D,27, 0xBB29,1, 0x6984,8, 0x4125,1,
    0x18C5,14, 0x28E5,1, 0x4125,1, 0x69A5,1, 0xBB29,7, 0xF572,1, 0xDC4D,6, 0xFFFF,2,
    0x1882,1, 0xDC4D,15, 0xFFFF,2, 0x1882,1, 0xBB29,8, 0x6984,1, 0x69A5,1, 0x28E5,1,
    0x18C5,13, 0x4124,1, 0x6984,2, 0xBB29,1, 0xDC4D,5, 0xBB29,1, 0xF572,1, 0xDC4D,6,
    0xFFFF,2, 0x1882,1, 0xDC4D,15, 0xFFFF,2, 0x1882,1, 0xBB29,1, 0xDC4D,6, 0xBB29,1,
    0x6984,2, 0x4124,1, 0x18C5,13, 0x4124,1, 0x6984,3, 0xBB29,2, 0xDC4D,3, 0xBB29,1,
    0xF572,1, 0xDC4D,6, 0x1882,3, 0xDC4D,15, 0x1882,3, 0xBB29,2, 0xDC4D,4, 0xBB29,1,
    0x6984,3, 0x4124,1, 0x18C5,13, 0x28E5,1, 0x4125,2, 0x69A5,1, 0x6984,1, 0xBB29,1,
    0xDC4D,3, 0xBB29,1, 0xF572,1, 0xDC4D,6, 0x1882,3, 0xDC4D,15, 0x1882,3, 0xBB29,2,
    0xDC4D,4, 0xBB29,1, 0x69A5,1, 0x4125,2, 0x28E5,1, 0x18C5,16, 0x4125,1, 0x6984,1,
    0xBB29,1, 0xDC4D,3, 0xBB29,1, 0xF572,1, 0xDC4D,6, 0x1882,3, 0xDC4D,15, 0x1882,3,
    0xBB29,2, 0xDC4D,4, 0xBB29,1, 0x4125,1, 0x18C5,19, 0x4125,1, 0x6984,1, 0xBB29,1,
    0xDC4D,3, 0xBB29,1, 0xF572,1, 0xDC4D,6, 0x1882,3, 0xDC4D,15, 0x1882,3, 0xBB29,2,
    0xDC4D,4, 0xBB29,1, 0x4125,1, 0x18C5,16, 0x28E5,1, 0x4125,2, 0x7A48,1, 0xBB29,1,
    0xDC4D,4, 0xBB29,1, 0xF572,1, 0xDC4D,27, 0xBB29,2, 0xDC4D,5, 0x7A48,1, 0x4125,2,
    0x28E5,1, 0x18C5,13, 0x4124,1, 0x6984,2, 0xBB29,1, 0xDC4D,2, 0xBB29,4, 0xF572,1,
    0xDC4D,27, 0xBB29,6, 0xDC4D,1, 0xBB29,1, 0x6984,2, 0x4124,1, 0x18C5,13, 0x4124,1,
    0x6984,2, 0xBB29,6, 0x6984,1, 0xF572,1, 0xDC4D,27, 0xBB29,9, 0x6984,1, 0x4124,1,
    0x18C5,13, 0x28E5,1, 0x4125,1, 0x69A5,1, 0x6984,7, 0xF572,1, 0xDC4D,27, 0xBB29,2,
    0x6984,7, 0x69A5,1, 0x28E5,1, 0x18C5,15, 0x28E5,1, 0x4124,5, 0x6984,2, 0xF572,1,
    0xDC4D,27, 0xBB29,2, 0x6984,1, 0x4124,6, 0x28E5,1, 0x18C5,22, 0x6984,2, 0xDC4D,1,
    0xBB29,29, 0x6984,1, 0x18C5,29, 0x6984,2, 0xDC4D,1, 0xBB29,29, 0x6984,1, 0x18C5,29,
    0x6984,2, 0xDC4D,1, 0xBB29,29, 0x6984,1, 0x18C5,29, 0x6984,33, 0x18C5,29, 0xBB29,2,
    0x6984,1, 0x18C5,3, 0xBB29,2, 0x6984,1, 0x18C5,9, 0xBB29,2, 0x6984,1, 0x18C5,3,
    0xBB29,2, 0x6984,1, 0x18C5,35, 0xBB29,2, 0x6984,1, 0x18C5,3, 0xBB29,2, 0x6984,1,
    0x18C5,9, 0xBB29,2, 0x6984,1, 0x18C5,3, 0xBB29,2, 0x6984,1, 0x18C5,35, 0xBB29,2,
    0x6984,1, 0x18C5,3, 0xBB29,2, 0x6984,1, 0x18C5,9, 0xBB29,2, 0x6984,1, 0x18C5,3,
    0xBB29,2, 0x6984,1, 0x18C5,35, 0xBB29,2, 0x6984,1, 0x18C5,3, 0xBB29,2, 0x6984,1,
    0x18C5,9, 0xBB29,2, 0x6984,1, 0x18C5,3, 0xBB29,2, 0x6984,1, 0x18C5,35, 0xBB29,2,
    0x6984,1, 0x18C5,3, 0xBB29,2, 0x6984,1, 0x18C5,9, 0xBB29,2, 0x6984,1, 0x18C5,3,
    0xBB29,2, 0x6984,1, 0x18C5,35, 0x6984,3, 0x18C5,3, 0x6984,3, 0x18C5,9, 0x6984,3,
    0x18C5,3, 0x6984,3, 0x18C5,33, 0x10A4,1, 0x1084,35, 0x10A4,1, 0x18C5,25, 0x10A4,1,
    0x1084,35, 0x10A4,1, 0x18C5,30, 0x18C6,1, 0x10A4,26, 0x18C6,1, 0x18C5,14, 0x18C5,699,
    0x6984,33, 0x18C5,29, 0x6984,33, 0x18C5,29, 0x6984,2, 0xF572,28, 0xDC4D,2, 0x6984,1,
    0x18C5,29, 0x6984,2, 0xF572,1, 0xFE98,3, 0xDC4D,24, 0xBB29,2, 0x6984,1, 0x18C5,23,
    0x28E5,1, 0x4124,5, 0x6984,2, 0xF572,1, 0xFE98,3, 0xDC4D,24, 0xBB29,2, 0x6984,1,
    0x4124,6, 0x28E5,1, 0x18C5,16, 0x4125,1, 0x6984,7, 0xF572,1, 0xDC4D,27, 0xBB29,1,
    0x6984,8, 0x4125,1, 0x18C5,14, 0x28E5,1, 0x4125,1, 0x69A5,1, 0xBB29,7, 0xF572,1,
    0xDC4D,6, 0xFFFF,2, 0x1882,1, 0xDC4D,15, 0xFFFF,2, 0x1882,1, 0xBB29,8, 0x6984,1,
    0x69A5,1, 0x28E5,1, 0x18C5,13, 0x4124,1, 0x6984,2, 0xBB29,1, 0xDC4D,5, 0xBB29,1,
    0xF572,1, 0xDC4D,6, 0xFFFF,2, 0x1882,1, 0xDC4D,15, 0xFFFF,2, 0x1882,1, 0xBB29,1,
    0xDC4D,6, 0xBB29,1, 0x6984,2, 0x4124,1, 0x18C5,13, 0x4124,1, 0x6984,3, 0xBB29,2,
    0xDC4D,3, 0xBB29,1, 0xF572,1, 0xDC4D,6, 0x1882,3, 0xDC4D,15, 0x1882,3, 0xBB29,2,
    0xDC4D,4, 0xBB29,1, 0x6984,3, 0x4124,1, 0x18C5,13, 0x28E5,1, 0x4125,2, 0x69A5,1,
    0x6984,1, 0xBB29,1, 0xDC4D,3, 0xBB29,1, 0xF572,1, 0xDC4D,6, 0x1882,3, 0xDC4D,15,
    0x1882,3, 0xBB29,2, 0xDC4D,4, 0xBB29,1, 0x69A5,1, 0x4125,2, 0x28E5,1, 0x18C5,16,
    0x4125,1, 0x6984,1, 0xBB29,1, 0xDC4D,3, 0xBB29,1, 0xF572,1, 0xDC4D,6, 0x1882,3,
    0xDC4D,15, 0x1882,3, 0xBB29,2, 0xDC4D,4, 0xBB29,1, 0x4125,1, 0x18C5,19, 0x4125,1,
    0x6984,1, 0xBB29,1, 0xDC4D,3, 0xBB29,1, 0xF572,1, 0xDC4D,6, 0x1882,3, 0xDC4D,15,
    0x1882,3, 0xBB29,2, 0xDC4D,4, 0xBB29,1, 0x4125,1, 0x18C5,16, 0x28E5,1, 0x4125,2,
    0x7A48,1, 0xBB29,1, 0xDC4D,4, 0xBB29,1, 0xF572,1, 0xDC4D,27, 0xBB29,2, 0xDC4D,5,
    0x7A48,1, 0x4125,2, 0x28E5,1, 0x18C5,13, 0x4124,1, 0x6984,2, 0xBB29,1, 0xDC4D,2,
    0xBB29,4, 0xF572,1, 0xDC4D,27, 0xBB29,6, 0xDC4D,1, 0xBB29,1, 0x6984,2, 0x4124,1,
    0x18C5,13, 0x4124,1, 0x6984,2, 0xBB29,6, 0x6984,1, 0xF572,1, 0xDC4D,27, 0xBB29,9,
    0x6984,1, 0x4124,1, 0x18C5,13, 0x28E5,1, 0x4125,1, 0x69A5,1, 0x6984,7, 0xF572,1,
    0xDC4D,27, 0xBB29,2, 0x6984,7, 0x69A5,1, 0x28E5,1, 0x18C5,15, 0x28E5,1, 0x4124,5,
    0x6984,2, 0xF572,1, 0xDC4D,27, 0xBB29,2, 0x6984,1, 0x4124,6, 0x28E5,1, 0x18C5,22,
    0x6984,2, 0xDC4D,1, 0xBB29,29, 0x6984,1, 0x18C5,29, 0x6984,2, 0xDC4D,1, 0xBB29,29,
    0x6984,1, 0x18C5,29, 0x6984,2, 0xDC4D,1, 0xBB29,29, 0x6984,1, 0x18C5,29, 0x6984,33,
    0x18C5,29, 0xBB29,2, 0x6984,1, 0x18C5,3, 0xBB29,2, 0x6984,1, 0x18C5,9, 0xBB29,2,
    0x6984,1, 0x18C5,3, 0xBB29,2, 0x6984,1, 0x18C5,35, 0xBB29,2, 0x6984,1, 0x18C5,3,
    0xBB29,2, 0x6984,1, 0x18C5,9, 0xBB29,2, 0x6984,1, 0x18C5,3, 0xBB29,2, 0x6984,1,
    0x18C5,35, 0xBB29,2, 0x6984,1, 0x18C5,3, 0xBB29,2, 0x6984,1, 0x18C5,9, 0xBB29,2,
    0x6984,1, 0x18C5,3, 0xBB29,2, 0x6984,1, 0x18C5,35, 0xBB29,2, 0x6984,1, 0x18C5,3,
    0xBB29,2, 0x6984,1, 0x18C5,9, 0xBB29,2, 0x6984,1, 0x18C5,3, 0xBB29,2, 0x6984,1,
    0x18C5,35, 0xBB29,2, 0x6984,1, 0x18C5,3, 0xBB29,2, 0x6984,1, 0x18C5,9, 0xBB29,2,
    0x6984,1, 0x18C5,3, 0xBB29,2, 0x6984,1, 0x18C5,35, 0x6984,3, 0x18C5,3, 0x6984,3,
    0x18C5,9, 0x6984,3, 0x18C5,3, 0x6984,3, 0x18C5,33, 0x10A4,1, 0x1084,35, 0x10A4,1,
    0x18C5,25, 0x10A4,1, 0x1084,35, 0x10A4,1, 0x18C5,30, 0x18C6,1, 0x10A4,26, 0x18C6,1,
    0x18C5,14, 0x18C5,699, 0x6984,33, 0x18C5,29, 0x6984,33, 0x18C5,29, 0x6984,2, 0xF572,28,
    0xDC4D,2, 0x6984,1, 0x18C5,29, 0x6984,2, 0xF572,1, 0xFE98,3, 0xDC4D,24, 0xBB29,2,
    0x6984,1, 0x18C5,23, 0x28E5,1, 0x4124,5, 0x6984,2, 0xF572,1, 0xFE98,3, 0xDC4D,24,
    0xBB29,2, 0x6984,1, 0x4124,6, 0x28E5,1, 0x18C5,16, 0x4125,1, 0x6984,7, 0xF572,1,
    0xDC4D,27, 0xBB29,1, 0x6984,8, 0x4125,1, 0x18C5,14, 0x28E5,1, 0x4125,1, 0x69A5,1,
    0xBB29,7, 0xF572,1, 0xDC4D,6, 0xFFFF,2, 0x1882,1, 0xDC4D,15, 0xFFFF,2, 0x1882,1,
    0xBB29,8, 0x6984,1, 0x69A5,1, 0x28E5,1, 0x18C5,13, 0x4124,1, 0x6984,2, 0xBB29,1,
    0xDC4D,5, 0xBB29,1, 0xF572,1, 0xDC4D,6, 0xFFFF,2, 0x1882,1, 0xDC4D,15, 0xFFFF,2,
    0x1882,1, 0xBB29,1, 0xDC4D,6, 0xBB29,1, 0x6984,2, 0x4124,1, 0x18C5,13, 0x4124,1,
    0x6984,3, 0xBB29,2, 0xDC4D,3, 0xBB29,1, 0xF572,1, 0xDC4D,6, 0x1882,3, 0xDC4D,15,
    0x1882,3, 0xBB29,2, 0xDC4D,4, 0xBB29,1, 0x6984,3, 0x4124,1, 0x18C5,13, 0x28E5,1,
    0x4125,2, 0x69A5,1, 0x6984,1, 0xBB29,1, 0xDC4D,3, 0xBB29,1, 0xF572,1, 0xDC4D,6,
    0x1882,3, 0xDC4D,15, 0x1882,3, 0xBB29,2, 0xDC4D,4, 0xBB29,1, 0x69A5,1, 0x4125,2,
    0x28E5,1, 0x18C5,16, 0x4125,1, 0x6984,1, 0xBB29,1, 0xDC4D,3, 0xBB29,1, 0xF572,1,
    0xDC4D,6, 0x1882,3, 0xDC4D,15, 0x1882,3, 0xBB29,2, 0xDC4D,4, 0xBB29,1, 0x4125,1,
    0x18C5,19, 0x4125,1, 0x6984,1, 0xBB29,1, 0xDC4D,3, 0xBB29,1, 0xF572,1, 0xDC4D,6,
    0x1882,3, 0xDC4D,15, 0x1882,3, 0xBB29,2, 0xDC4D,4, 0xBB29,1, 0x4125,1, 0x18C5,16,
    0x28E5,1, 0x4125,2, 0x7A48,1, 0xBB29,1, 0xDC4D,4, 0xBB29,1, 0xF572,1, 0xDC4D,27,
    0xBB29,2, 0xDC4D,5, 0x7A48,1, 0x4125,2, 0x28E5,1, 0x18C5,13, 0x4124,1, 0x6984,2,
    0xBB29,1, 0xDC4D,2, 0xBB29,4, 0xF572,1, 0xDC4D,27, 0xBB29,6, 0xDC4D,1, 0xBB29,1,
    0x6984,2, 0x4124,1, 0x18C5,13, 0x4124,1, 0x6984,2, 0xBB29,6, 0x6984,1, 0xF572,1,
    0xDC4D,27, 0xBB29,9, 0x6984,1, 0x4124,1, 0x18C5,13, 0x28E5,1, 0x4125,1, 0x69A5,1,
    0x6984,7, 0xF572,1, 0xDC4D,27, 0xBB29,2, 0x6984,7, 0x69A5,1, 0x28E5,1, 0x18C5,15,
    0x28E5,1, 0x4124,5, 0x6984,2, 0xF572,1, 0xDC4D,27, 0xBB29,2, 0x6984,1, 0x4124,6,
    0x28E5,1, 0x18C5,22, 0x6984,2, 0xDC4D,1, 0xBB29,29, 0x6984,1, 0x18C5,29, 0x6984,2,
    0xDC4D,1, 0xBB29,29, 0x6984,1, 0x18C5,29, 0x6984,2, 0xDC4D,1, 0xBB29,29, 0x6984,1,
    0x18C5,29, 0x6984,33, 0x18C5,29, 0xBB29,2, 0x6984,1, 0x18C5,3, 0xBB29,2, 0x6984,1,
    0x18C5,9, 0xBB29,2, 0x6984,1, 0x18C5,3, 0xBB29,2, 0x6984,1, 0x18C5,35, 0xBB29,2,
    0x6984,1, 0x18C5,3, 0xBB29,2, 0x6984,1, 0x18C5,9, 0xBB29,2, 0x6984,1, 0x18C5,3,
    0xBB29,2, 0x6984,1, 0x18C5,35, 0xBB29,2, 0x6984,1, 0x18C5,3, 0xBB29,2, 0x6984,1,
    0x18C5,9, 0xBB29,2, 0x6984,1, 0x18C5,3, 0xBB29,2, 0x6984,1, 0x18C5,35, 0xBB29,2,
    0x6984,1, 0x18C5,3, 0xBB29,2, 0x6984,1, 0x18C5,9, 0xBB29,2, 0x6984,1, 0x18C5,3,
    0xBB29,2, 0x6984,1, 0x18C5,35, 0xBB29,2, 0x6984,1, 0x18C5,3, 0xBB29,2, 0x6984,1,
    0x18C5,9, 0xBB29,2, 0x6984,1, 0x18C5,3, 0xBB29,2, 0x6984,1, 0x18C5,35, 0x6984,3,
    0x18C5,3, 0x6984,3, 0x18C5,9, 0x6984,3, 0x18C5,3, 0x6984,3, 0x18C5,33, 0x10A4,1,
    0x1084,35, 0x10A4,1, 0x18C5,25, 0x10A4,1, 0x1084,35, 0x10A4,1, 0x18C5,30, 0x18C6,1,
    0x10A4,26, 0x18C6,1, 0x18C5,14, 0x18C5,699, 0x6984,33, 0x18C5,29, 0x6984,33, 0x18C5,29,
    0x6984,2, 0xF572,28, 0xDC4D,2, 0x6984,1, 0x18C5,29, 0x6984,2, 0xF572,1, 0xFE98,3,
    0xDC4D,24, 0xBB29,2, 0x6984,1, 0x18C5,23, 0x28E5,1, 0x4124,5, 0x6984,2, 0xF572,1,
    0xFE98,3, 0xDC4D,24, 0xBB29,2, 0x6984,1, 0x4124,6, 0x28E5,1, 0x18C5,16, 0x4125,1,
    0x6984,7, 0xF572,1, 0xDC4D,27, 0xBB29,1, 0x6984,8, 0x4125,1, 0x18C5,14, 0x28E5,1,
    0x4125,1, 0x69A5,1, 0xBB29,7, 0xF572,1, 0xDC4D,6, 0xFFFF,2, 0x1882,1, 0xDC4D,15,
    0xFFFF,2, 0x1882,1, 0xBB29,8, 0x6984,1, 0x69A5,1, 0x28E5,1, 0x18C5,13, 0x4124,1,
    0x6984,2, 0xBB29,1, 0xDC4D,5, 0xBB29,1, 0xF572,1, 0xDC4D,6, 0xFFFF,2, 0x1882,1,
    0xDC4D,15, 0xFFFF,2, 0x1882,1, 0xBB29,1, 0xDC4D,6, 0xBB29,1, 0x6984,2, 0x4124,1,
    0x18C5,13, 0x4124,1, 0x6984,3, 0xBB29,2, 0xDC4D,3, 0xBB29,1, 0xF572,1, 0xDC4D,6,
    0x1882,3, 0xDC4D,15, 0x1882,3, 0xBB29,2, 0xDC4D,4, 0xBB29,1, 0x6984,3, 0x4124,1,
    0x18C5,13, 0x28E5,1, 0x4125,2, 0x69A5,1, 0x6984,1, 0xBB29,1, 0xDC4D,3, 0xBB29,1,
    0xF572,1, 0xDC4D,6, 0x1882,3, 0xDC4D,15, 0x1882,3, 0xBB29,2, 0xDC4D,4, 0xBB29,1,
    0x69A5,1, 0x4125,2, 0x28E5,1, 0x18C5,16, 0x4125,1, 0x6984,1, 0xBB29,1, 0xDC4D,3,
    0xBB29,1, 0xF572,1, 0xDC4D,6, 0x1882,3, 0xDC4D,15, 0x1882,3, 0xBB29,2, 0xDC4D,4,
    0xBB29,1, 0x4125,1, 0x18C5,19, 0x4125,1, 0x6984,1, 0xBB29,1, 0xDC4D,3, 0xBB29,1,
    0xF572,1, 0xDC4D,6, 0x1882,3, 0xDC4D,15, 0x1882,3, 0xBB29,2, 0xDC4D,4, 0xBB29,1,
    0x4125,1, 0x18C5,16, 0x28E5,1, 0x4125,2, 0x7A48,1, 0xBB29,1, 0xDC4D,4, 0xBB29,1,
    0xF572,1, 0xDC4D,27, 0xBB29,2, 0xDC4D,5, 0x7A48,1, 0x4125,2, 0x28E5,1, 0x18C5,13,
    0x4124,1, 0x6984,2, 0xBB29,1, 0xDC4D,2, 0xBB29,4, 0xF572,1, 0xDC4D,27, 0xBB29,6,
    0xDC4D,1, 0xBB29,1, 0x6984,2, 0x4124,1, 0x18C5,13, 0x4124,1, 0x6984,2, 0xBB29,6,
    0x6984,1, 0xF572,1, 0xDC4D,27, 0xBB29,9, 0x6984,1, 0x4124,1, 0x18C5,13, 0x28E5,1,
    0x4125,1, 0x69A5,1, 0x6984,7, 0xF572,1, 0xDC4D,27, 0xBB29,2, 0x6984,7, 0x69A5,1,
    0x28E5,1, 0x18C5,15, 0x28E5,1, 0x4124,5, 0x6984,2, 0xF572,1, 0xDC4D,27, 0xBB29,2,
    0x6984,1, 0x4124,6, 0x28E5,1, 0x18C5,22, 0x6984,2, 0xDC4D,1, 0xBB29,29, 0x6984,1,
    0x18C5,29, 0x6984,2, 0xDC4D,1, 0xBB29,29, 0x6984,1, 0x18C5,29, 0x6984,2, 0xDC4D,1,
    0xBB29,29, 0x6984,1, 0x18C5,29, 0x6984,33, 0x18C5,29, 0xBB29,2, 0x6984,1, 0x18C5,3,
    0xBB29,2, 0x6984,1, 0x18C5,9, 0xBB29,2, 0x6984,1, 0x18C5,3, 0xBB29,2, 0x6984,1,
    0x18C5,35, 0xBB29,2, 0x6984,1, 0x18C5,3, 0xBB29,2, 0x6984,1, 0x18C5,9, 0xBB29,2,
    0x6984,1, 0x18C5,3, 0xBB29,2, 0x6984,1, 0x18C5,35, 0xBB29,2, 0x6984,1, 0x18C5,3,
    0xBB29,2, 0x6984,1, 0x18C5,9, 0xBB29,2, 0x6984,1, 0x18C5,3, 0xBB29,2, 0x6984,1,
    0x18C5,35, 0xBB29,2, 0x6984,1, 0x18C5,3, 0xBB29,2, 0x6984,1, 0x18C5,9, 0xBB29,2,
    0x6984,1, 0x18C5,3, 0xBB29,2, 0x6984,1, 0x18C5,35, 0xBB29,2, 0x6984,1, 0x18C5,3,
    0xBB29,2, 0x6984,1, 0x18C5,9, 0xBB29,2, 0x6984,1, 0x18C5,3, 0xBB29,2, 0x6984,1,
    0x18C5,35, 0x6984,3, 0x18C5,3, 0x6984,3, 0x18C5,9, 0x6984,3, 0x18C5,3, 0x6984,3,
    0x18C5,33, 0x10A4,1, 0x1084,35, 0x10A4,1, 0x18C5,25, 0x10A4,1, 0x1084,35, 0x10A4,1,
    0x18C5,30, 0x18C6,1, 0x10A4,26, 0x18C6,1, 0x18C5,14, 0x18C5,699, 0x6984,33, 0x18C5,29,
    0x6984,33, 0x18C5,29, 0x6984,2, 0xF572,28, 0xDC4D,2, 0x6984,1, 0x18C5,29, 0x6984,2,
    0xF572,1, 0xFE98,3, 0xDC4D,24, 0xBB29,2, 0x6984,1, 0x18C5,23, 0x28E5,1, 0x4124,5,
    0x6984,2, 0xF572,1, 0xFE98,3, 0xDC4D,24, 0xBB29,2, 0x6984,1, 0x4124,6, 0x28E5,1,
    0x18C5,16, 0x4125,1, 0x6984,7, 0xF572,1, 0xDC4D,27, 0xBB29,1, 0x6984,8, 0x4125,1,
    0x18C5,14, 0x28E5,1, 0x4125,1, 0x69A5,1, 0xBB29,7, 0xF572,1, 0xDC4D,27, 0xBB29,8,
    0x6984,1, 0x69A5,1, 0x28E5,1, 0x18C5,13, 0x4124,1, 0x6984,2, 0xBB29,1, 0xDC4D,5,
    0xBB29,1, 0xF572,1, 0xDC4D,27, 0xBB29,1, 0xDC4D,6, 0xBB29,1, 0x6984,2, 0x4124,1,
    0x18C5,13, 0x4124,1, 0x6984,3, 0xBB29,2, 0xDC4D,3, 0xBB29,1, 0xF572,1, 0xDC4D,27,
    0xBB29,2, 0xDC4D,4, 0xBB29,1, 0x6984,3, 0x4124,1, 0x18C5,13, 0x28E5,1, 0x4125,2,
    0x69A5,1, 0x6984,1, 0xBB29,1, 0xDC4D,3, 0xBB29,1, 0xF572,1, 0xDC4D,27, 0xBB29,2,
    0xDC4D,4, 0xBB29,1, 0x69A5,1, 0x4125,2, 0x28E5,1, 0x18C5,16, 0x4125,1, 0x6984,1,
    0xBB29,1, 0xDC4D,3, 0xBB29,1, 0xF572,1, 0xDC4D,6, 0x6984,3, 0xDC4D,15, 0x6984,3,
    0xBB29,2, 0xDC4D,4, 0xBB29,1, 0x4125,1, 0x18C5,19, 0x4125,1, 0x6984,1, 0xBB29,1,
    0xDC4D,3, 0xBB29,1, 0xF572,1, 0xDC4D,6, 0x1882,3, 0xDC4D,15, 0x1882,3, 0xBB29,2,
    0xDC4D,4, 0xBB29,1, 0x4125,1, 0x18C5,16, 0x28E5,1, 0x4125,2, 0x7A48,1, 0xBB29,1,
    0xDC4D,4, 0xBB29,1, 0xF572,1, 0xDC4D,6, 0x6984,3, 0xDC4D,15, 0x6984,3, 0xBB29,2,
    0xDC4D,5, 0x7A48,1, 0x4125,2, 0x28E5,1, 0x18C5,13, 0x4124,1, 0x6984,2, 0xBB29,1,
    0xDC4D,2, 0xBB29,4, 0xF572,1, 0xDC4D,27, 0xBB29,6, 0xDC4D,1, 0xBB29,1, 0x6984,2,
    0x4124,1, 0x18C5,13, 0x4124,1, 0x6984,2, 0xBB29,6, 0x6984,1, 0xF572,1, 0xDC4D,27,
    0xBB29,9, 0x6984,1, 0x4124,1, 0x18C5,13, 0x28E5,1, 0x4125,1, 0x69A5,1, 0x6984,7,
    0xF572,1, 0xDC4D,27, 0xBB29,2, 0x6984,7, 0x69A5,1, 0x28E5,1, 0x18C5,15, 0x28E5,1,
    0x4124,5, 0x6984,2, 0xF572,1, 0xDC4D,27, 0xBB29,2, 0x6984,1, 0x4124,6, 0x28E5,1,
    0x18C5,22, 0x6984,2, 0xDC4D,1, 0xBB29,29, 0x6984,1, 0x18C5,29, 0x6984,2, 0xDC4D,1,
    0xBB29,29, 0x6984,1, 0x18C5,29, 0x6984,2, 0xDC4D,1, 0xBB29,29, 0x6984,1, 0x18C5,29,
    0x6984,33, 0x18C5,29, 0xBB29,2, 0x6984,1, 0x18C5,3, 0xBB29,2, 0x6984,1, 0x18C5,9,
    0xBB29,2, 0x6984,1, 0x18C5,3, 0xBB29,2, 0x6984,1, 0x18C5,35, 0xBB29,2, 0x6984,1,
    0x18C5,3, 0xBB29,2, 0x6984,1, 0x18C5,9, 0xBB29,2, 0x6984,1, 0x18C5,3, 0xBB29,2,
    0x6984,1, 0x18C5,35, 0xBB29,2, 0x6984,1, 0x18C5,3, 0xBB29,2, 0x6984,1, 0x18C5,9,
    0xBB29,2, 0x6984,1, 0x18C5,3, 0xBB29,2, 0x6984,1, 0x18C5,35, 0xBB29,2, 0x6984,1,
    0x18C5,3, 0xBB29,2, 0x6984,1, 0x18C5,9, 0xBB29,2, 0x6984,1, 0x18C5,3, 0xBB29,2,
    0x6984,1, 0x18C5,35, 0xBB29,2, 0x6984,1, 0x18C5,3, 0xBB29,2, 0x6984,1, 0x18C5,9,
    0xBB29,2, 0x6984,1, 0x18C5,3, 0xBB29,2, 0x6984,1, 0x18C5,35, 0x6984,3, 0x18C5,3,
    0x6984,3, 0x18C5,9, 0x6984,3, 0x18C5,3, 0x6984,3, 0x18C5,33, 0x10A4,1, 0x1084,35,
    0x10A4,1, 0x18C5,25, 0x10A4,1, 0x1084,35, 0x10A4,1, 0x18C5,30, 0x18C6,1, 0x10A4,26,
    0x18C6,1, 0x18C5,14, 0x18C5,699, 0x6984,33, 0x18C5,29, 0x6984,33, 0x18C5,29, 0x6984,2,
    0xF572,28, 0xDC4D,2, 0x6984,1, 0x18C5,29, 0x6984,2, 0xF572,1, 0xFE98,3, 0xDC4D,24,
    0xBB29,2, 0x6984,1, 0x18C5,23, 0x28E5,1, 0x4124,5, 0x6984,2, 0xF572,1, 0xFE98,3,
    0xDC4D,24, 0xBB29,2, 0x6984,1, 0x4124,6, 0x28E5,1, 0x18C5,16, 0x4125,1, 0x6984,7,
    0xF572,1, 0xDC4D,27, 0xBB29,1, 0x6984,8, 0x4125,1, 0x18C5,14, 0x28E5,1, 0x4125,1,
    0x69A5,1, 0xBB29,7, 0xF572,1, 0xDC4D,6, 0xFFFF,2, 0x1882,1, 0xDC4D,15, 0xFFFF,2,
    0x1882,1, 0xBB29,8, 0x6984,1, 0x69A5,1, 0x28E5,1, 0x18C5,13, 0x4124,1, 0x6984,2,
    0xBB29,1, 0xDC4D,5, 0xBB29,1, 0xF572,1, 0xDC4D,6, 0xFFFF,2, 0x1882,1, 0xDC4D,15,
    0xFFFF,2, 0x1882,1, 0xBB29,1, 0xDC4D,6, 0xBB29,1, 0x6984,2, 0x4124,1, 0x18C5,13,
    0x4124,1, 0x6984,3, 0xBB29,2, 0xDC4D,3, 0xBB29,1, 0xF572,1, 0xDC4D,6, 0x1882,3,
    0xDC4D,15, 0x1882,3, 0xBB29,2, 0xDC4D,4, 0xBB29,1, 0x6984,3, 0x4124,1, 0x18C5,13,
    0x28E5,1, 0x4125,2, 0x69A5,1, 0x6984,1, 0xBB29,1, 0xDC4D,3, 0xBB29,1, 0xF572,1,
    0xDC4D,6, 0x1882,3, 0xDC4D,15, 0x1882,3, 0xBB29,2, 0xDC4D,4, 0xBB29,1, 0x69A5,1,
    0x4125,2, 0x28E5,1, 0x18C5,16, 0x4125,1, 0x6984,1, 0xBB29,1, 0xDC4D,3, 0xBB29,1,
    0xF572,1, 0xDC4D,6, 0x1882,3, 0xDC4D,15, 0x1882,3, 0xBB29,2, 0xDC4D,4, 0xBB29,1,
    0x4125,1, 0x18C5,19, 0x4125,1, 0x6984,1, 0xBB29,1, 0xDC4D,3, 0xBB29,1, 0xF572,1,
    0xDC4D,6, 0x1882,3, 0xDC4D,15, 0x1882,3, 0xBB29,2, 0xDC4D,4, 0xBB29,1, 0x4125,1,
    0x18C5,16, 0x28E5,1, 0x4125,2, 0x7A48,1, 0xBB29,1, 0xDC4D,4, 0xBB29,1, 0xF572,1,
    0xDC4D,27, 0xBB29,2, 0xDC4D,5, 0x7A48,1, 0x4125,2, 0x28E5,1, 0x18C5,13, 0x4124,1,
    0x6984,2, 0xBB29,1, 0xDC4D,2, 0xBB29,4, 0xF572,1, 0xDC4D,27, 0xBB29,6, 0xDC4D,1,
    0xBB29,1, 0x6984,2, 0x4124,1, 0x18C5,13, 0x4124,1, 0x6984,2, 0xBB29,6, 0x6984,1,
    0xF572,1, 0xDC4D,27, 0xBB29,9, 0x6984,1, 0x4124,1, 0x18C5,13, 0x28E5,1, 0x4125,1,
    0x69A5,1, 0x6984,7, 0xF572,1, 0xDC4D,27, 0xBB29,2, 0x6984,7, 0x69A5,1, 0x28E5,1,
    0x18C5,15, 0x28E5,1, 0x4124,5, 0x6984,2, 0xF572,1, 0xDC4D,27, 0xBB29,2, 0x6984,1,
    0x4124,6, 0x28E5,1, 0x18C5,22, 0x6984,2, 0xDC4D,1, 0xBB29,29, 0x6984,1, 0x18C5,29,
    0x6984,2, 0xDC4D,1, 0xBB29,29, 0x6984,1, 0x18C5,29, 0x6984,2, 0xDC4D,1, 0xBB29,29,
    0x6984,1, 0x18C5,29, 0x6984,33, 0x18C5,29, 0xBB29,2, 0x6984,1, 0x18C5,3, 0xBB29,2,
    0x6984,1, 0x18C5,9, 0xBB29,2, 0x6984,1, 0x18C5,3, 0xBB29,2, 0x6984,1, 0x18C5,35,
    0xBB29,2, 0x6984,1, 0x18C5,3, 0xBB29,2, 0x6984,1, 0x18C5,9, 0xBB29,2, 0x6984,1,
    0x18C5,3, 0xBB29,2, 0x6984,1, 0x18C5,35, 0xBB29,2, 0x6984,1, 0x18C5,3, 0xBB29,2,
    0x6984,1, 0x18C5,9, 0xBB29,2, 0x6984,1, 0x18C5,3, 0xBB29,2, 0x6984,1, 0x18C5,35,
    0xBB29,2, 0x6984,1, 0x18C5,3, 0xBB29,2, 0x6984,1, 0x18C5,9, 0xBB29,2, 0x6984,1,
    0x18C5,3, 0xBB29,2, 0x6984,1, 0x18C5,35, 0xBB29,2, 0x6984,1, 0x18C5,3, 0xBB29,2,
    0x6984,1, 0x18C5,9, 0xBB29,2, 0x6984,1, 0x18C5,3, 0xBB29,2, 0x6984,1, 0x18C5,35,
    0x6984,3, 0x18C5,3, 0x6984,3, 0x18C5,9, 0x6984,3, 0x18C5,3, 0x6984,3, 0x18C5,33,
    0x10A4,1, 0x1084,35, 0x10A4,1, 0x18C5,25, 0x10A4,1, 0x1084,35, 0x10A4,1, 0x18C5,30,
    0x18C6,1, 0x10A4,26, 0x18C6,1, 0x18C5,14, 0x18C5,699, 0x6984,33, 0x18C5,29, 0x6984,33,
    0x18C5,29, 0x6984,2, 0xF572,28, 0xDC4D,2, 0x6984,1, 0x18C5,29, 0x6984,2, 0xF572,1,
    0xFE98,3, 0xDC4D,24, 0xBB29,2, 0x6984,1, 0x18C5,23, 0x28E5,1, 0x4124,5, 0x6984,2,
    0xF572,1, 0xFE98,3, 0xDC4D,24, 0xBB29,2, 0x6984,1, 0x4124,6, 0x28E5,1, 0x18C5,16,
    0x4125,1, 0x6984,7, 0xF572,1, 0xDC4D,27, 0xBB29,1, 0x6984,8, 0x4125,1, 0x18C5,14,
    0x28E5,1, 0x4125,1, 0x69A5,1, 0xBB29,7, 0xF572,1, 0xDC4D,6, 0xFFFF,2, 0x1882,1,
    0xDC4D,15, 0xFFFF,2, 0x1882,1, 0xBB29,8, 0x6984,1, 0x69A5,1, 0x28E5,1, 0x18C5,13,
    0x4124,1, 0x6984,2, 0xBB29,1, 0xDC4D,5, 0xBB29,1, 0xF572,1, 0xDC4D,6, 0xFFFF,2,
    0x1882,1, 0xDC4D,15, 0xFFFF,2, 0x1882,1, 0xBB29,1, 0xDC4D,6, 0xBB29,1, 0x6984,2,
    0x4124,1, 0x18C5,13, 0x4124,1, 0x6984,3, 0xBB29,2, 0xDC4D,3, 0xBB29,1, 0xF572,1,
    0xDC4D,6, 0x1882,3, 0xDC4D,15, 0x1882,3, 0xBB29,2, 0xDC4D,4, 0xBB29,1, 0x6984,3,
    0x4124,1, 0x18C5,13, 0x28E5,1, 0x4125,2, 0x69A5,1, 0x6984,1, 0xBB29,1, 0xDC4D,3,
    0xBB29,1, 0xF572,1, 0xDC4D,6, 0x1882,3, 0xDC4D,15, 0x1882,3, 0xBB29,2, 0xDC4D,4,
    0xBB29,1, 0x69A5,1, 0x4125,2, 0x28E5,1, 0x18C5,16, 0x4125,1, 0x6984,1, 0xBB29,1,
    0xDC4D,3, 0xBB29,1, 0xF572,1, 0xDC4D,6, 0x1882,3, 0xDC4D,15, 0x1882,3, 0xBB29,2,
    0xDC4D,4, 0xBB29,1, 0x4125,1, 0x18C5,19, 0x4125,1, 0x6984,1, 0xBB29,1, 0xDC4D,3,
    0xBB29,1, 0xF572,1, 0xDC4D,6, 0x1882,3, 0xDC4D,15, 0x1882,3, 0xBB29,2, 0xDC4D,4,
    0xBB29,1, 0x4125,1, 0x18C5,16, 0x28E5,1, 0x4125,2, 0x7A48,1, 0xBB29,1, 0xDC4D,4,
    0xBB29,1, 0xF572,1, 0xDC4D,27, 0xBB29,2, 0xDC4D,5, 0x7A48,1, 0x4125,2, 0x28E5,1,
    0x18C5,13, 0x4124,1, 0x6984,2, 0xBB29,1, 0xDC4D,2, 0xBB29,4, 0xF572,1, 0xDC4D,27,
    0xBB29,6, 0xDC4D,1, 0xBB29,1, 0x6984,2, 0x4124,1, 0x18C5,13, 0x4124,1, 0x6984,2,
    0xBB29,6, 0x6984,1, 0xF572,1, 0xDC4D,27, 0xBB29,9, 0x6984,1, 0x4124,1, 0x18C5,13,
    0x28E5,1, 0x4125,1, 0x69A5,1, 0x6984,7, 0xF572,1, 0xDC4D,27, 0xBB29,2, 0x6984,7,
    0x69A5,1, 0x28E5,1, 0x18C5,15, 0x28E5,1, 0x4124,5, 0x6984,2, 0xF572,1, 0xDC4D,27,
    0xBB29,2, 0x6984,1, 0x4124,6, 0x28E5,1, 0x18C5,22, 0x6984,2, 0xDC4D,1, 0xBB29,29,
    0x6984,1, 0x18C5,29, 0x6984,2, 0xDC4D,1, 0xBB29,29, 0x6984,1, 0x18C5,29, 0x6984,2,
    0xDC4D,1, 0xBB29,29, 0x6984,1, 0x18C5,29, 0x6984,33, 0x18C5,29, 0xBB29,2, 0x6984,1,
    0x18C5,3, 0xBB29,2, 0x6984,1, 0x18C5,9, 0xBB29,2, 0x6984,1, 0x18C5,3, 0xBB29,2,
    0x6984,1, 0x18C5,35, 0xBB29,2, 0x6984,1, 0x18C5,3, 0xBB29,2, 0x6984,1, 0x18C5,9,
    0xBB29,2, 0x6984,1, 0x18C5,3, 0xBB29,2, 0x6984,1, 0x18C5,35, 0xBB29,2, 0x6984,1,
    0x18C5,3, 0xBB29,2, 0x6984,1, 0x18C5,9, 0xBB29,2, 0x6984,1, 0x18C5,3, 0xBB29,2,
    0x6984,1, 0x18C5,35, 0xBB29,2, 0x6984,1, 0x18C5,3, 0xBB29,2, 0x6984,1, 0x18C5,9,
    0xBB29,2, 0x6984,1, 0x18C5,3, 0xBB29,2, 0x6984,1, 0x18C5,35, 0xBB29,2, 0x6984,1,
    0x18C5,3, 0xBB29,2, 0x6984,1, 0x18C5,9, 0xBB29,2, 0x6984,1, 0x18C5,3, 0xBB29,2,
    0x6984,1, 0x18C5,35, 0x6984,3, 0x18C5,3, 0x6984,3, 0x18C5,9, 0x6984,3, 0x18C5,3,
    0x6984,3, 0x18C5,33, 0x10A4,1, 0x1084,35, 0x10A4,1, 0x18C5,25, 0x10A4,1, 0x1084,35,
    0x10A4,1, 0x18C5,30, 0x18C6,1, 0x10A4,26, 0x18C6,1, 0x18C5,14, 0x18C5,699, 0x6984,33,
    0x18C5,29, 0x6984,33, 0x18C5,29, 0x6984,2, 0xF572,28, 0xDC4D,2, 0x6984,1, 0x18C5,29,
    0x6984,2, 0xF572,1, 0xFE98,3, 0xDC4D,24, 0xBB29,2, 0x6984,1, 0x18C5,23, 0x28E5,1,
    0x4124,5, 0x6984,2, 0xF572,1, 0xFE98,3, 0xDC4D,24, 0xBB29,2, 0x6984,1, 0x4124,6,
    0x28E5,1, 0x18C5,16, 0x4125,1, 0x6984,7, 0xF572,1, 0xDC4D,27, 0xBB29,1, 0x6984,8,
    0x4125,1, 0x18C5,14, 0x28E5,1, 0x4125,1, 0x69A5,1, 0xBB29,7, 0xF572,1, 0xDC4D,6,
    0xFFFF,2, 0x1882,1, 0xDC4D,15, 0xFFFF,2, 0x1882,1, 0xBB29,8, 0x6984,1, 0x69A5,1,
    0x28E5,1, 0x18C5,13, 0x4124,1, 0x6984,2, 0xBB29,1, 0xDC4D,5, 0xBB29,1, 0xF572,1,
    0xDC4D,6, 0xFFFF,2, 0x1882,1, 0xDC4D,15, 0xFFFF,2, 0x1882,1, 0xBB29,1, 0xDC4D,6,
    0xBB29,1, 0x6984,2, 0x4124,1, 0x18C5,13, 0x4124,1, 0x6984,3, 0xBB29,2, 0xDC4D,3,
    0xBB29,1, 0xF572,1, 0xDC4D,6, 0x1882,3, 0xDC4D,15, 0x1882,3, 0xBB29,2, 0xDC4D,4,
    0xBB29,1, 0x6984,3, 0x4124,1, 0x18C5,13, 0x28E5,1, 0x4125,2, 0x69A5,1, 0x6984,1,
    0xBB29,1, 0xDC4D,3, 0xBB29,1, 0xF572,1, 0xDC4D,6, 0x1882,3, 0xDC4D,15, 0x1882,3,
    0xBB29,2, 0xDC4D,4, 0xBB29,1, 0x69A5,1, 0x4125,2, 0x28E5,1, 0x18C5,16, 0x4125,1,
    0x6984,1, 0xBB29,1, 0xDC4D,3, 0xBB29,1, 0xF572,1, 0xDC4D,6, 0x1882,3, 0xDC4D,15,
    0x1882,3, 0xBB29,2, 0xDC4D,4, 0xBB29,1, 0x4125,1, 0x18C5,19, 0x4125,1, 0x6984,1,
    0xBB29,1, 0xDC4D,3, 0xBB29,1, 0xF572,1, 0xDC4D,6, 0x1882,3, 0xDC4D,15, 0x1882,3,
    0xBB29,2, 0xDC4D,4, 0xBB29,1, 0x4125,1, 0x18C5,16, 0x28E5,1, 0x4125,2, 0x7A48,1,
    0xBB29,1, 0xDC4D,4, 0xBB29,1, 0xF572,1, 0xDC4D,27, 0xBB29,2, 0xDC4D,5, 0x7A48,1,
    0x4125,2, 0x28E5,1, 0x18C5,13, 0x4124,1, 0x6984,2, 0xBB29,1, 0xDC4D,2, 0xBB29,4,
    0xF572,1, 0xDC4D,27, 0xBB29,6, 0xDC4D,1, 0xBB29,1, 0x6984,2, 0x4124,1, 0x18C5,13,
    0x4124,1, 0x6984,2, 0xBB29,6, 0x6984,1, 0xF572,1, 0xDC4D,27, 0xBB29,9, 0x6984,1,
    0x4124,1, 0x18C5,13, 0x28E5,1, 0x4125,1, 0x69A5,1, 0x6984,7, 0xF572,1, 0xDC4D,27,
    0xBB29,2, 0x6984,7, 0x69A5,1, 0x28E5,1, 0x18C5,15, 0x28E5,1, 0x4124,5, 0x6984,2,
    0xF572,1, 0xDC4D,27, 0xBB29,2, 0x6984,1, 0x4124,6, 0x28E5,1, 0x18C5,22, 0x6984,2,
    0xDC4D,1, 0xBB29,29, 0x6984,1, 0x18C5,29, 0x6984,2, 0xDC4D,1, 0xBB29,29, 0x6984,1,
    0x18C5,29, 0x6984,2, 0xDC4D,1, 0xBB29,29, 0x6984,1, 0x18C5,29, 0x6984,33, 0x18C5,29,
    0xBB29,2, 0x6984,1, 0x18C5,3, 0xBB29,2, 0x6984,1, 0x18C5,9, 0xBB29,2, 0x6984,1,
    0x18C5,3, 0xBB29,2, 0x6984,1, 0x18C5,35, 0xBB29,2, 0x6984,1, 0x18C5,3, 0xBB29,2,
    0x6984,1, 0x18C5,9, 0xBB29,2, 0x6984,1, 0x18C5,3, 0xBB29,2, 0x6984,1, 0x18C5,35,
    0xBB29,2, 0x6984,1, 0x18C5,3, 0xBB29,2, 0x6984,1, 0x18C5,9, 0xBB29,2, 0x6984,1,
    0x18C5,3, 0xBB29,2, 0x6984,1, 0x18C5,35, 0xBB29,2, 0x6984,1, 0x18C5,3, 0xBB29,2,
    0x6984,1, 0x18C5,9, 0xBB29,2, 0x6984,1, 0x18C5,3, 0xBB29,2, 0x6984,1, 0x18C5,35,
    0xBB29,2, 0x6984,1, 0x18C5,3, 0xBB29,2, 0x6984,1, 0x18C5,9, 0xBB29,2, 0x6984,1,
    0x18C5,3, 0xBB29,2, 0x6984,1, 0x18C5,35, 0x6984,3, 0x18C5,3, 0x6984,3, 0x18C5,9,
    0x6984,3, 0x18C5,3, 0x6984,3, 0x18C5,33, 0x10A4,1, 0x1084,35, 0x10A4,1, 0x18C5,25,
    0x10A4,1, 0x1084,35, 0x10A4,1, 0x18C5,30, 0x18C6,1, 0x10A4,26, 0x18C6,1, 0x18C5,14,
    0x18C5,697, 0x4124,1, 0x6984,32, 0x4124,1, 0x18C5,28, 0x4124,1, 0x6984,32, 0x4124,1,
    0x18C5,28, 0x4124,1, 0x6984,1, 0xBB29,1, 0xF572,27, 0xDC4D,2, 0xBB29,1, 0x4124,1,
    0x18C5,28, 0x4124,1, 0x6984,1, 0xBB29,1, 0xF572,1, 0xFE98,2, 0xF572,1, 0xDC4D,23,
    0xBB29,2, 0x6984,1, 0x4124,1, 0x18C5,23, 0x4124,5, 0x5144,1, 0x6984,1, 0xBB29,1,
    0xF572,1, 0xFE98,2, 0xF572,1, 0xDC4D,23, 0xBB29,2, 0x6984,1, 0x5144,1, 0x4124,6,
    0x18C5,17, 0x6984,7, 0xBB29,1, 0xDC4D,27, 0xBB29,2, 0x6984,8, 0x18C5,15, 0x4125,2,
    0x6984,1, 0xBB29,7, 0xDC4D,5, 0xFFFF,2, 0x1882,1, 0xDC4D,15, 0xFFFF,2, 0x1882,1,
    0xDC4D,1, 0xBB29,8, 0x6984,2, 0x4125,1, 0x18C5,14, 0x6984,3, 0xDC4D,6, 0xBB29,1,
    0xDC4D,5, 0xFFFF,2, 0x1882,1, 0xDC4D,15, 0xFFFF,2, 0x1882,1, 0xDC4D,1, 0xBB29,2,
    0xDC4D,6, 0x6984,3, 0x18C5,14, 0x6984,3, 0xBB29,2, 0xDC4D,4, 0xBB29,1, 0xDC4D,5,
    0x1882,3, 0xDC4D,15, 0x1882,3, 0xDC4D,1, 0xBB29,2, 0xDC4D,5, 0xBB29,1, 0x6984,3,
    0x18C5,14, 0x4125,3, 0x6984,2, 0xDC4D,4, 0xBB29,1, 0xDC4D,5, 0x1882,3, 0xDC4D,15,
    0x1882,3, 0xDC4D,1, 0xBB29,2, 0xDC4D,5, 0x6984,1, 0x4125,3, 0x18C5,17, 0x6984,2,
    0xDC4D,4, 0xBB29,1, 0xDC4D,5, 0x1882,3, 0xDC4D,15, 0x1882,3, 0xDC4D,1, 0xBB29,2,
    0xDC4D,5, 0x6984,1, 0x18C5,20, 0x6984,2, 0xDC4D,4, 0xBB29,1, 0xDC4D,5, 0x1882,3,
    0xDC4D,15, 0x1882,3, 0xDC4D,1, 0xBB29,2, 0xDC4D,5, 0x6984,1, 0x18C5,17, 0x4125,3,
    0xBB29,2, 0xDC4D,4, 0xBB29,1, 0xDC4D,27, 0xBB29,2, 0xDC4D,5, 0xBB29,1, 0x4125,3,
    0x18C5,14, 0x6984,3, 0xDC4D,2, 0xBB29,5, 0xDC4D,27, 0xBB29,7, 0xDC4D,1, 0x6984,3,
    0x18C5,14, 0x6984,2, 0xBB29,8, 0xDC4D,27, 0xBB29,10, 0x6984,1, 0x18C5,14, 0x4125,2,
    0x6984,7, 0xBB29,1, 0xDC4D,27, 0xBB29,2, 0x6984,8, 0x4125,1, 0x18C5,16, 0x4124,5,
    0x5144,1, 0x6984,1, 0xBB29,1, 0xDC4D,27, 0xBB29,2, 0x6984,1, 0x5144,1, 0x4124,6,
    0x18C5,22, 0x4124,1, 0x6984,1, 0xBB29,30, 0x6984,1, 0x4124,1, 0x18C5,28, 0x4124,1,
    0x6984,1, 0xBB29,30, 0x6984,1, 0x4124,1, 0x18C5,28, 0x4124,1, 0x6984,1, 0xBB29,30,
    0x6984,1, 0x4124,1, 0x18C5,28, 0x4124,1, 0x6984,32, 0x4124,1, 0x18C5,30, 0xBB29,2,
    0x6984,1, 0x18C5,3, 0xBB29,2, 0x6984,1, 0x18C5,9, 0xBB29,2, 0x6984,1, 0x18C5,3,
    0xBB29,2, 0x6984,1, 0x18C5,35, 0xBB29,2, 0x6984,1, 0x18C5,3, 0xBB29,2, 0x6984,1,
    0x18C5,9, 0xBB29,2, 0x6984,1, 0x18C5,3, 0xBB29,2, 0x6984,1, 0x18C5,35, 0xBB29,2,
    0x6984,1, 0x18C5,3, 0xBB29,2, 0x6984,1, 0x18C5,9, 0xBB29,2, 0x6984,1, 0x18C5,3,
    0xBB29,2, 0x6984,1, 0x18C5,35, 0xBB29,2, 0x6984,1, 0x18C5,3, 0xBB29,2, 0x6984,1,
    0x18C5,9, 0xBB29,2, 0x6984,1, 0x18C5,3, 0xBB29,2, 0x6984,1, 0x18C5,35, 0xBB29,2,
    0x6984,1, 0x18C5,3, 0xBB29,2, 0x6984,1, 0x18C5,9, 0xBB29,2, 0x6984,1, 0x18C5,3,
    0xBB29,2, 0x6984,1, 0x18C5,35, 0x6984,3, 0x18C5,3, 0x6984,3, 0x18C5,9, 0x6984,3,
    0x18C5,3, 0x6984,3, 0x18C5,32, 0x1084,36, 0x18C5,26, 0x1084,36, 0x18C5,31, 0x10A4,27,
    0x18C5,16, 0x18C5,696, 0x6984,33, 0x18C5,29, 0x6984,33, 0x18C5,29, 0x6984,2, 0xF572,28,
    0xDC4D,2, 0x6984,1, 0x18C5,29, 0x6984,2, 0xF572,1, 0xFE98,3, 0xDC4D,24, 0xBB29,2,
    0x6984,1, 0x18C5,23, 0x28E5,1, 0x4124,5, 0x6984,2, 0xF572,1, 0xFE98,3, 0xDC4D,24,
    0xBB29,2, 0x6984,1, 0x4124,6, 0x28E5,1, 0x18C5,16, 0x4125,1, 0x6984,7, 0xF572,1,
    0xDC4D,27, 0xBB29,1, 0x6984,8, 0x4125,1, 0x18C5,14, 0x28E5,1, 0x4125,1, 0x69A5,1,
    0xBB29,7, 0xF572,1, 0xDC4D,3, 0xFFFF,2, 0x1882,1, 0xDC4D,15, 0xFFFF,2, 0x1882,1,
    0xDC4D,3, 0xBB29,8, 0x6984,1, 0x69A5,1, 0x28E5,1, 0x18C5,13, 0x4124,1, 0x6984,2,
    0xBB29,1, 0xDC4D,5, 0xBB29,1, 0xF572,1, 0xDC4D,3, 0xFFFF,2, 0x1882,1, 0xDC4D,15,
    0xFFFF,2, 0x1882,1, 0xDC4D,3, 0xBB29,1, 0xDC4D,6, 0xBB29,1, 0x6984,2, 0x4124,1,
    0x18C5,13, 0x4124,1, 0x6984,3, 0xBB29,2, 0xDC4D,3, 0xBB29,1, 0xF572,1, 0xDC4D,3,
    0x1882,3, 0xDC4D,15, 0x1882,3, 0xDC4D,3, 0xBB29,2, 0xDC4D,4, 0xBB29,1, 0x6984,3,
    0x4124,1, 0x18C5,13, 0x28E5,1, 0x4125,2, 0x69A5,1, 0x6984,1, 0xBB29,1, 0xDC4D,3,
    0xBB29,1, 0xF572,1, 0xDC4D,3, 0x1882,3, 0xDC4D,15, 0x1882,3, 0xDC4D,3, 0xBB29,2,
    0xDC4D,4, 0xBB29,1, 0x69A5,1, 0x4125,2, 0x28E5,1, 0x18C5,16, 0x4125,1, 0x6984,1,
    0xBB29,1, 0xDC4D,3, 0xBB29,1, 0xF572,1, 0xDC4D,3, 0x1882,3, 0xDC4D,15, 0x1882,3,
    0xDC4D,3, 0xBB29,2, 0xDC4D,4, 0xBB29,1, 0x4125,1, 0x18C5,19, 0x4125,1, 0x6984,1,
    0xBB29,1, 0xDC4D,3, 0xBB29,1, 0xF572,1, 0xDC4D,3, 0x1882,3, 0xDC4D,15, 0x1882,3,
    0xDC4D,3, 0xBB29,2, 0xDC4D,4, 0xBB29,1, 0x4125,1, 0x18C5,16, 0x28E5,1, 0x4125,2,
    0x7A48,1, 0xBB29,1, 0xDC4D,4, 0xBB29,1, 0xF572,1, 0xDC4D,27, 0xBB29,2, 0xDC4D,5,
    0x7A48,1, 0x4125,2, 0x28E5,1, 0x18C5,13, 0x4124,1, 0x6984,2, 0xBB29,1, 0xDC4D,2,
    0xBB29,4, 0xF572,1, 0xDC4D,27, 0xBB29,6, 0xDC4D,1, 0xBB29,1, 0x6984,2, 0x4124,1,
    0x18C5,13, 0x4124,1, 0x6984,2, 0xBB29,6, 0x6984,1, 0xF572,1, 0xDC4D,27, 0xBB29,9,
    0x6984,1, 0x4124,1, 0x18C5,13, 0x28E5,1, 0x4125,1, 0x69A5,1, 0x6984,7, 0xF572,1,
    0xDC4D,27, 0xBB29,2, 0x6984,7, 0x69A5,1, 0x28E5,1, 0x18C5,15, 0x28E5,1, 0x4124,5,
    0x6984,2, 0xF572,1, 0xDC4D,27, 0xBB29,2, 0x6984,1, 0x4124,6, 0x28E5,1, 0x18C5,22,
    0x6984,2, 0xDC4D,1, 0xBB29,29, 0x6984,1, 0x18C5,29, 0x6984,2, 0xDC4D,1, 0xBB29,29,
    0x6984,1, 0x18C5,29, 0x6984,2, 0xDC4D,1, 0xBB29,29, 0x6984,1, 0x18C5,29, 0x6984,33,
    0x18C5,32, 0xBB29,2, 0x6984,1, 0x18C5,3, 0xBB29,2, 0x6984,1, 0x18C5,9, 0xBB29,2,
    0x6984,1, 0x18C5,3, 0xBB29,2, 0x6984,1, 0x18C5,35, 0xBB29,2, 0x6984,1, 0x18C5,3,
    0xBB29,2, 0x6984,1, 0x18C5,9, 0xBB29,2, 0x6984,1, 0x18C5,3, 0xBB29,2, 0x6984,1,
    0x18C5,35, 0xBB29,2, 0x6984,1, 0x18C5,3, 0xBB29,2, 0x6984,1, 0x18C5,9, 0xBB29,2,
    0x6984,1, 0x18C5,3, 0xBB29,2, 0x6984,1, 0x18C5,35, 0xBB29,2, 0x6984,1, 0x18C5,3,
    0xBB29,2, 0x6984,1, 0x18C5,9, 0xBB29,2, 0x6984,1, 0x18C5,3, 0xBB29,2, 0x6984,1,
    0x18C5,35, 0xBB29,2, 0x6984,1, 0x18C5,3, 0xBB29,2, 0x6984,1, 0x18C5,9, 0xBB29,2,
    0x6984,1, 0x18C5,3, 0xBB29,2, 0x6984,1, 0x18C5,35, 0x6984,3, 0x18C5,3, 0x6984,3,
    0x18C5,9, 0x6984,3, 0x18C5,3, 0x6984,3, 0x18C5,30, 0x10A4,1, 0x1084,35, 0x10A4,1,
    0x18C5,25, 0x10A4,1, 0x1084,35, 0x10A4,1, 0x18C5,30, 0x18C6,1, 0x10A4,26, 0x18C6,1,
    0x18C5,17, 0x18C5,758, 0x4124,33, 0x18C5,29, 0x6984,33, 0x18C5,29, 0x6984,2, 0xBB29,30,
    0x6984,1, 0x18C5,29, 0x6984,2, 0xF572,4, 0xDC4D,24, 0xBB29,2, 0x6984,1, 0x18C5,29,
    0x6984,2, 0xF572,1, 0xFE98,3, 0xDC4D,24, 0xBB29,2, 0x6984,1, 0x18C5,23, 0x4125,1,
    0x6984,7, 0xF572,4, 0xDC4D,24, 0xBB29,1, 0x6984,8, 0x4125,1, 0x18C5,16, 0x4125,1,
    0x6984,7, 0xF572,1, 0xDC4D,3, 0xFE98,2, 0x6984,1, 0xDC4D,15, 0xFE98,2, 0x6984,1,
    0xDC4D,3, 0xBB29,1, 0x6984,8, 0x4125,1, 0x18C5,14, 0x4124,1, 0x6984,2, 0xDC4D,1,
    0xF572,5, 0xBB29,1, 0xF572,1, 0xDC4D,3, 0xFFFF,2, 0x1882,1, 0xDC4D,15, 0xFFFF,2,
    0x1882,1, 0xDC4D,3, 0xBB29,1, 0xDC4D,1, 0xF572,5, 0xDC4D,1, 0xBB29,1, 0x6984,1,
    0x4124,1, 0x18C5,13, 0x4124,1, 0x6984,3, 0xBB29,2, 0xDC4D,3, 0xBB29,1, 0xF572,1,
    0xDC4D,3, 0xBB29,2, 0x1882,1, 0xDC4D,15, 0xBB29,2, 0x1882,1, 0xDC4D,3, 0xBB29,2,
    0xDC4D,4, 0xBB29,1, 0x6984,3, 0x4124,1, 0x18C5,13, 0x4124,1, 0x6984,3, 0xBB29,2,
    0xDC4D,3, 0xBB29,1, 0xF572,1, 0xDC4D,3, 0x1882,3, 0xDC4D,15, 0x1882,3, 0xDC4D,3,
    0xBB29,2, 0xDC4D,4, 0xBB29,1, 0x6984,3, 0x4124,1, 0x18C5,16, 0x4125,1, 0x6984,1,
    0xBB29,1, 0xDC4D,3, 0xBB29,1, 0xF572,1, 0xDC4D,3, 0x1882,3, 0xDC4D,15, 0x1882,3,
    0xDC4D,3, 0xBB29,2, 0xDC4D,4, 0xBB29,1, 0x4125,1, 0x18C5,19, 0x4125,1, 0x6984,1,
    0xBB29,1, 0xDC4D,3, 0xBB29,1, 0xF572,1, 0xDC4D,3, 0x1882,3, 0xDC4D,15, 0x1882,3,
    0xDC4D,3, 0xBB29,2, 0xDC4D,4, 0xBB29,1, 0x4125,1, 0x18C5,19, 0x4125,1, 0x6984,1,
    0xBB29,1, 0xDC4D,3, 0xBB29,1, 0xF572,1, 0xDC4D,3, 0x6984,3, 0xDC4D,15, 0x6984,3,
    0xDC4D,3, 0xBB29,2, 0xDC4D,4, 0xBB29,1, 0x4125,1, 0x18C5,16, 0x4124,1, 0x6984,2,
    0xBB29,1, 0xF572,1, 0xDC4D,4, 0xBB29,1, 0xF572,1, 0xDC4D,27, 0xBB29,2, 0xDC4D,5,
    0xBB29,1, 0x6984,2, 0x4124,1, 0x18C5,13, 0x4124,1, 0x6984,2, 0xBB29,6, 0x6984,1,
    0xF572,1, 0xDC4D,27, 0xBB29,9, 0x6984,1, 0x4124,1, 0x18C5,13, 0x4124,1, 0x6984,2,
    0xBB29,6, 0x6984,1, 0xF572,1, 0xDC4D,27, 0xBB29,9, 0x6984,1, 0x4124,1, 0x18C5,15,
    0x4125,1, 0x6984,7, 0xF572,1, 0xDC4D,27, 0xBB29,1, 0x6984,8, 0x4125,1, 0x18C5,22,
    0x6984,2, 0xDC4D,1, 0xBB29,29, 0x6984,1, 0x18C5,29, 0x6984,2, 0xDC4D,1, 0xBB29,29,
    0x6984,1, 0x18C5,29, 0x6984,2, 0xDC4D,1, 0xBB29,29, 0x6984,1, 0x18C5,29, 0x6984,2,
    0xBB29,1, 0x6984,30, 0x18C5,29, 0x4124,3, 0x6984,3, 0x4124,3, 0x6984,3, 0x4124,9,
    0x6984,3, 0x4124,3, 0x6984,3, 0x4124,3, 0x18C5,32, 0xBB29,2, 0x6984,1, 0x18C5,3,
    0xBB29,2, 0x6984,1, 0x18C5,9, 0xBB29,2, 0x6984,1, 0x18C5,3, 0xBB29,2, 0x6984,1,
    0x18C5,35, 0xBB29,2, 0x6984,1, 0x18C5,3, 0xBB29,2, 0x6984,1, 0x18C5,9, 0xBB29,2,
    0x6984,1, 0x18C5,3, 0xBB29,2, 0x6984,1, 0x18C5,35, 0xBB29,2, 0x6984,1, 0x18C5,3,
    0xBB29,2, 0x6984,1, 0x18C5,9, 0xBB29,2, 0x6984,1, 0x18C5,3, 0xBB29,2, 0x6984,1,
    0x18C5,35, 0x6984,3, 0x18C5,3, 0x6984,3, 0x18C5,9, 0x6984,3, 0x18C5,3, 0x6984,3,
    0x18C5,30, 0x10A4,1, 0x1084,35, 0x10A4,1, 0x18C5,25, 0x10A4,1, 0x1084,35, 0x10A4,1,
    0x18C5,30, 0x18C6,1, 0x10A4,26, 0x18C6,1, 0x18C5,17, 0x18C5,758, 0x4124,33, 0x18C5,29,
    0x6984,33, 0x18C5,29, 0x6984,2, 0xBB29,30, 0x6984,1, 0x18C5,29, 0x6984,2, 0xF572,4,
    0xDC4D,24, 0xBB29,2, 0x6984,1, 0x18C5,29, 0x6984,2, 0xF572,1, 0xFE98,3, 0xDC4D,24,
    0xBB29,2, 0x6984,1, 0x18C5,23, 0x4125,1, 0x6984,7, 0xF572,4, 0xDC4D,24, 0xBB29,1,
    0x6984,8, 0x4125,1, 0x18C5,16, 0x4125,1, 0x6984,7, 0xF572,1, 0xDC4D,3, 0xFE98,2,
    0x6984,1, 0xDC4D,15, 0xFE98,2, 0x6984,1, 0xDC4D,3, 0xBB29,1, 0x6984,8, 0x4125,1,
    0x18C5,14, 0x4124,1, 0x6984,2, 0xDC4D,1, 0xF572,5, 0xBB29,1, 0xF572,1, 0xDC4D,3,
    0xFFFF,2, 0x1882,1, 0xDC4D,15, 0xFFFF,2, 0x1882,1, 0xDC4D,3, 0xBB29,1, 0xDC4D,1,
    0xF572,5, 0xDC4D,1, 0xBB29,1, 0x6984,1, 0x4124,1, 0x18C5,13, 0x4124,1, 0x6984,3,
    0xBB29,2, 0xDC4D,3, 0xBB29,1, 0xF572,1, 0xDC4D,3, 0xBB29,2, 0x1882,1, 0xDC4D,15,
    0xBB29,2, 0x1882,1, 0xDC4D,3, 0xBB29,2, 0xDC4D,4, 0xBB29,1, 0x6984,3, 0x4124,1,
    0x18C5,13, 0x4124,1, 0x6984,3, 0xBB29,2, 0xDC4D,3, 0xBB29,1, 0xF572,1, 0xDC4D,3,
    0x1882,3, 0xDC4D,15, 0x1882,3, 0xDC4D,3, 0xBB29,2, 0xDC4D,4, 0xBB29,1, 0x6984,3,
    0x4124,1, 0x18C5,16, 0x4125,1, 0x6984,1, 0xBB29,1, 0xDC4D,3, 0xBB29,1, 0xF572,1,
    0xDC4D,3, 0x1882,3, 0xDC4D,15, 0x1882,3, 0xDC4D,3, 0xBB29,2, 0xDC4D,4, 0xBB29,1,
    0x4125,1, 0x18C5,19, 0x4125,1, 0x6984,1, 0xBB29,1, 0xDC4D,3, 0xBB29,1, 0xF572,1,
    0xDC4D,3, 0x1882,3, 0xDC4D,15, 0x1882,3, 0xDC4D,3, 0xBB29,2, 0xDC4D,4, 0xBB29,1,
    0x4125,1, 0x18C5,19, 0x4125,1, 0x6984,1, 0xBB29,1, 0xDC4D,3, 0xBB29,1, 0xF572,1,
    0xDC4D,3, 0x6984,3, 0xDC4D,15, 0x6984,3, 0xDC4D,3, 0xBB29,2, 0xDC4D,4, 0xBB29,1,
    0x4125,1, 0x18C5,16, 0x4124,1, 0x6984,2, 0xBB29,1, 0xF572,1, 0xDC4D,4, 0xBB29,1,
    0xF572,1, 0xDC4D,27, 0xBB29,2, 0xDC4D,5, 0xBB29,1, 0x6984,2, 0x4124,1, 0x18C5,13,
    0x4124,1, 0x6984,2, 0xBB29,6, 0x6984,1, 0xF572,1, 0xDC4D,27, 0xBB29,9, 0x6984,1,
    0x4124,1, 0x18C5,13, 0x4124,1, 0x6984,2, 0xBB29,6, 0x6984,1, 0xF572,1, 0xDC4D,27,
    0xBB29,9, 0x6984,1, 0x4124,1, 0x18C5,15, 0x4125,1, 0x6984,7, 0xF572,1, 0xDC4D,27,
    0xBB29,1, 0x6984,8, 0x4125,1, 0x18C5,22, 0x6984,2, 0xDC4D,1, 0xBB29,29, 0x6984,1,
    0x18C5,29, 0x6984,2, 0xDC4D,1, 0xBB29,29, 0x6984,1, 0x18C5,29, 0x6984,2, 0xDC4D,1,
    0xBB29,29, 0x6984,1, 0x18C5,29, 0x6984,2, 0xBB29,1, 0x6984,30, 0x18C5,29, 0x4124,3,
    0x6984,3, 0x4124,3, 0x6984,3, 0x4124,9, 0x6984,3, 0x4124,3, 0x6984,3, 0x4124,3,
    0x18C5,32, 0xBB29,2, 0x6984,1, 0x18C5,3, 0xBB29,2, 0x6984,1, 0x18C5,9, 0xBB29,2,
    0x6984,1, 0x18C5,3, 0xBB29,2, 0x6984,1, 0x18C5,35, 0xBB29,2, 0x6984,1, 0x18C5,3,
    0xBB29,2, 0x6984,1, 0x18C5,9, 0xBB29,2, 0x6984,1, 0x18C5,3, 0xBB29,2, 0x6984,1,
    0x18C5,35, 0xBB29,2, 0x6984,1, 0x18C5,3, 0xBB29,2, 0x6984,1, 0x18C5,9, 0xBB29,2,
    0x6984,1, 0x18C5,3, 0xBB29,2, 0x6984,1, 0x18C5,35, 0x6984,3, 0x18C5,3, 0x6984,3,
    0x18C5,9, 0x6984,3, 0x18C5,3, 0x6984,3, 0x18C5,30, 0x10A4,1, 0x1084,35, 0x10A4,1,
    0x18C5,25, 0x10A4,1, 0x1084,35, 0x10A4,1, 0x18C5,30, 0x18C6,1, 0x10A4,26, 0x18C6,1,
    0x18C5,17, 0x18C5,759, 0x28E5,1, 0x4124,32, 0x28E5,1, 0x18C5,28, 0x4124,1, 0x6984,32,
    0x4124,1, 0x18C5,28, 0x4124,1, 0x6984,1, 0xBB29,30, 0x6984,1, 0x4124,1, 0x18C5,28,
    0x4124,1, 0x6984,1, 0xBB29,1, 0xF572,4, 0xDC4D,24, 0xBB29,2, 0x4124,1, 0x18C5,28,
    0x4124,1, 0x6984,1, 0xBB29,1, 0xF572,1, 0xFE98,2, 0xF572,1, 0xDC4D,23, 0xBB29,2,
    0x6984,1, 0x4124,1, 0x18C5,23, 0x6984,7, 0xBB29,1, 0xF572,4, 0xDC4D,23, 0xBB29,2,
    0x6984,8, 0x18C5,17, 0x6984,7, 0xBB29,1, 0xDC4D,3, 0xF572,1, 0xFE98,1, 0xDC4D,1,
    0xBB29,1, 0xDC4D,14, 0xF572,1, 0xFE98,1, 0xDC4D,1, 0xBB29,1, 0xDC4D,2, 0xBB29,2,
    0x6984,8, 0x18C5,15, 0x6984,2, 0xBB29,1, 0xF572,6, 0xBB29,1, 0xDC4D,3, 0xFE98,1,
    0xFFFF,1, 0xBB29,1, 0x6984,1, 0xDC4D,14, 0xFE98,1, 0xFFFF,1, 0xBB29,1, 0x6984,1,
    0xDC4D,2, 0xBB29,2, 0xF572,6, 0xBB29,2, 0x6984,1, 0x18C5,14, 0x6984,3, 0xBB29,2,
    0xDC4D,4, 0xBB29,1, 0xDC4D,4, 0xBB29,1, 0x6984,2, 0xDC4D,15, 0xBB29,1, 0x6984,2,
    0xDC4D,2, 0xBB29,2, 0xDC4D,5, 0xBB29,1, 0x6984,3, 0x18C5,14, 0x6984,3, 0xBB29,2,
    0xDC4D,4, 0xBB29,1, 0xDC4D,3, 0x6984,1, 0x1882,2, 0x6984,1, 0xDC4D,14, 0x6984,1,
    0x1882,2, 0x6984,1, 0xDC4D,2, 0xBB29,2, 0xDC4D,5, 0xBB29,1, 0x6984,3, 0x18C5,17,
    0x6984,2, 0xDC4D,4, 0xBB29,1, 0xDC4D,3, 0x6984,1, 0x1882,2, 0x6984,1, 0xDC4D,14,
    0x6984,1, 0x1882,2, 0x6984,1, 0xDC4D,2, 0xBB29,2, 0xDC4D,5, 0x6984,1, 0x18C5,20,
    0x6984,2, 0xDC4D,4, 0xBB29,1, 0xDC4D,3, 0x6984,1, 0x1882,2, 0x6984,1, 0xDC4D,14,
    0x6984,1, 0x1882,2, 0x6984,1, 0xDC4D,2, 0xBB29,2, 0xDC4D,5, 0x6984,1, 0x18C5,20,
    0x6984,2, 0xDC4D,4, 0xBB29,1, 0xDC4D,3, 0xBB29,1, 0x6984,2, 0xBB29,1, 0xDC4D,14,
    0xBB29,1, 0x6984,2, 0xBB29,1, 0xDC4D,2, 0xBB29,2, 0xDC4D,5, 0x6984,1, 0x18C5,17,
    0x6984,3, 0xF572,2, 0xDC4D,4, 0xBB29,1, 0xDC4D,27, 0xBB29,2, 0xDC4D,5, 0xF572,1,
    0x6984,3, 0x18C5,14, 0x6984,2, 0xBB29,8, 0xDC4D,27, 0xBB29,10, 0x6984,1, 0x18C5,14,
    0x6984,2, 0xBB29,8, 0xDC4D,27, 0xBB29,10, 0x6984,1, 0x18C5,16, 0x6984,7, 0xBB29,1,
    0xDC4D,27, 0xBB29,2, 0x6984,8, 0x18C5,22, 0x4124,1, 0x6984,1, 0xBB29,1, 0xDC4D,1,
    0xBB29,28, 0x6984,1, 0x4124,1, 0x18C5,28, 0x4124,1, 0x6984,1, 0xBB29,30, 0x6984,1,
    0x4124,1, 0x18C5,28, 0x4124,1, 0x6984,1, 0xBB29,30, 0x6984,1, 0x4124,1, 0x18C5,28,
    0x4124,1, 0x6984,2, 0xBB29,1, 0x6984,29, 0x4124,1, 0x18C5,28, 0x28E5,1, 0x4124,1,
    0x6984,3, 0x4124,3, 0x6984,3, 0x4124,9, 0x6984,3, 0x4124,3, 0x6984,3, 0x4124,4,
    0x28E5,1, 0x18C5,30, 0xBB29,2, 0x6984,1, 0x18C5,3, 0xBB29,2, 0x6984,1, 0x18C5,9,
    0xBB29,2, 0x6984,1, 0x18C5,3, 0xBB29,2, 0x6984,1, 0x18C5,35, 0xBB29,2, 0x6984,1,
    0x18C5,3, 0xBB29,2, 0x6984,1, 0x18C5,9, 0xBB29,2, 0x6984,1, 0x18C5,3, 0xBB29,2,
    0x6984,1, 0x18C5,35, 0xBB29,2, 0x6984,1, 0x18C5,3, 0xBB29,2, 0x6984,1, 0x18C5,9,
    0xBB29,2, 0x6984,1, 0x18C5,3, 0xBB29,2, 0x6984,1, 0x18C5,35, 0x6984,3, 0x18C5,3,
    0x6984,3, 0x18C5,9, 0x6984,3, 0x18C5,3, 0x6984,3, 0x18C5,32, 0x1084,36, 0x18C5,26,
    0x1084,36, 0x18C5,31, 0x10A4,27, 0x18C5,16, 0x18C5,759, 0x28E5,1, 0x4124,32, 0x28E5,1,
    0x18C5,28, 0x4124,1, 0x6984,32, 0x4124,1, 0x18C5,28, 0x4124,1, 0x6984,1, 0xBB29,30,
    0x6984,1, 0x4124,1, 0x18C5,28, 0x4124,1, 0x6984,1, 0xBB29,1, 0xF572,4, 0xDC4D,24,
    0xBB29,2, 0x4124,1, 0x18C5,28, 0x4124,1, 0x6984,1, 0xBB29,1, 0xF572,1, 0xFE98,2,
    0xF572,1, 0xDC4D,23, 0xBB29,2, 0x6984,1, 0x4124,1, 0x18C5,23, 0x6984,7, 0xBB29,1,
    0xF572,4, 0xDC4D,23, 0xBB29,2, 0x6984,8, 0x18C5,17, 0x6984,7, 0xBB29,1, 0xDC4D,3,
    0xF572,1, 0xFE98,1, 0xDC4D,1, 0xBB29,1, 0xDC4D,14, 0xF572,1, 0xFE98,1, 0xDC4D,1,
    0xBB29,1, 0xDC4D,2, 0xBB29,2, 0x6984,8, 0x18C5,15, 0x6984,2, 0xBB29,1, 0xF572,6,
    0xBB29,1, 0xDC4D,3, 0xFE98,1, 0xFFFF,1, 0xBB29,1, 0x6984,1, 0xDC4D,14, 0xFE98,1,
    0xFFFF,1, 0xBB29,1, 0x6984,1, 0xDC4D,2, 0xBB29,2, 0xF572,6, 0xBB29,2, 0x6984,1,
    0x18C5,14, 0x6984,3, 0xBB29,2, 0xDC4D,4, 0xBB29,1, 0xDC4D,4, 0xBB29,1, 0x6984,2,
    0xDC4D,15, 0xBB29,1, 0x6984,2, 0xDC4D,2, 0xBB29,2, 0xDC4D,5, 0xBB29,1, 0x6984,3,
    0x18C5,14, 0x6984,3, 0xBB29,2, 0xDC4D,4, 0xBB29,1, 0xDC4D,3, 0x6984,1, 0x1882,2,
    0x6984,1, 0xDC4D,14, 0x6984,1, 0x1882,2, 0x6984,1, 0xDC4D,2, 0xBB29,2, 0xDC4D,5,
    0xBB29,1, 0x6984,3, 0x18C5,17, 0x6984,2, 0xDC4D,4, 0xBB29,1, 0xDC4D,3, 0x6984,1,
    0x1882,2, 0x6984,1, 0xDC4D,14, 0x6984,1, 0x1882,2, 0x6984,1, 0xDC4D,2, 0xBB29,2,
    0xDC4D,5, 0x6984,1, 0x18C5,20, 0x6984,2, 0xDC4D,4, 0xBB29,1, 0xDC4D,3, 0x6984,1,
    0x1882,2, 0x6984,1, 0xDC4D,14, 0x6984,1, 0x1882,2, 0x6984,1, 0xDC4D,2, 0xBB29,2,
    0xDC4D,5, 0x6984,1, 0x18C5,20, 0x6984,2, 0xDC4D,4, 0xBB29,1, 0xDC4D,3, 0xBB29,1,
    0x6984,2, 0xBB29,1, 0xDC4D,14, 0xBB29,1, 0x6984,2, 0xBB29,1, 0xDC4D,2, 0xBB29,2,
    0xDC4D,5, 0x6984,1, 0x18C5,17, 0x6984,3, 0xF572,2, 0xDC4D,4, 0xBB29,1, 0xDC4D,27,
    0xBB29,2, 0xDC4D,5, 0xF572,1, 0x6984,3, 0x18C5,14, 0x6984,2, 0xBB29,8, 0xDC4D,27,
    0xBB29,10, 0x6984,1, 0x18C5,14, 0x6984,2, 0xBB29,8, 0xDC4D,27, 0xBB29,10, 0x6984,1,
    0x18C5,16, 0x6984,7, 0xBB29,1, 0xDC4D,27, 0xBB29,2, 0x6984,8, 0x18C5,22, 0x4124,1,
    0x6984,1, 0xBB29,1, 0xDC4D,1, 0xBB29,28, 0x6984,1, 0x4124,1, 0x18C5,28, 0x4124,1,
    0x6984,1, 0xBB29,30, 0x6984,1, 0x4124,1, 0x18C5,28, 0x4124,1, 0x6984,1, 0xBB29,30,
    0x6984,1, 0x4124,1, 0x18C5,28, 0x4124,1, 0x6984,2, 0xBB29,1, 0x6984,29, 0x4124,1,
    0x18C5,28, 0x28E5,1, 0x4124,1, 0x6984,3, 0x4124,3, 0x6984,3, 0x4124,9, 0x6984,3,
    0x4124,3, 0x6984,3, 0x4124,4, 0x28E5,1, 0x18C5,30, 0xBB29,2, 0x6984,1, 0x18C5,3,
    0xBB29,2, 0x6984,1, 0x18C5,9, 0xBB29,2, 0x6984,1, 0x18C5,3, 0xBB29,2, 0x6984,1,
    0x18C5,35, 0xBB29,2, 0x6984,1, 0x18C5,3, 0xBB29,2, 0x6984,1, 0x18C5,9, 0xBB29,2,
    0x6984,1, 0x18C5,3, 0xBB29,2, 0x6984,1, 0x18C5,35, 0xBB29,2, 0x6984,1, 0x18C5,3,
    0xBB29,2, 0x6984,1, 0x18C5,9, 0xBB29,2, 0x6984,1, 0x18C5,3, 0xBB29,2, 0x6984,1,
    0x18C5,35, 0x6984,3, 0x18C5,3, 0x6984,3, 0x18C5,9, 0x6984,3, 0x18C5,3, 0x6984,3,
    0x18C5,32, 0x1084,36, 0x18C5,26, 0x1084,36, 0x18C5,31, 0x10A4,27, 0x18C5,16, 0x18C5,509,
    0x6984,7, 0x18C5,55, 0x6984,7, 0x18C5,53, 0x6984,2, 0xBB29,1, 0xF572,5, 0x6984,1,
    0x18C5,53, 0x6984,3, 0xBB29,2, 0xDC4D,3, 0x6984,1, 0x18C5,53, 0x6984,3, 0xBB29,2,
    0xDC4D,3, 0x6984,1, 0x4124,28, 0x28E5,1, 0x18C5,27, 0x6984,2, 0xDC4D,3, 0x6984,29,
    0x4124,1, 0x18C5,27, 0x6984,2, 0xDC4D,3, 0x6984,1, 0xBB29,27, 0x6984,1, 0x4124,1,
    0x18C5,27, 0x6984,2, 0xDC4D,3, 0x6984,1, 0xF572,2, 0xDC4D,24, 0xBB29,2, 0x4124,1,
    0x18C5,24, 0x6984,3, 0xF572,2, 0xDC4D,3, 0x6984,1, 0xFE98,1, 0xF572,1, 0xDC4D,23,
    0xBB29,2, 0x6984,1, 0x4124,1, 0x18C5,24, 0x6984,2, 0xBB29,6, 0x6984,1, 0xF572,2,
    0xDC4D,23, 0xBB29,2, 0x6984,8, 0x18C5,18, 0x6984,2, 0xBB29,6, 0x6984,1, 0xDC4D,1,
    0xF572,1, 0xFE98,1, 0xDC4D,1, 0xBB29,1, 0xDC4D,14, 0xF572,1, 0xFE98,1, 0xDC4D,1,
    0xBB29,1, 0xDC4D,2, 0xBB29,2, 0x6984,8, 0x18C5,20, 0x6984,7, 0xDC4D,1, 0xFE98,1,
    0xFFFF,1, 0xBB29,1, 0x6984,1, 0xDC4D,14, 0xFE98,1, 0xFFFF,1, 0xBB29,1, 0x6984,1,
    0xDC4D,2, 0xBB29,2, 0xF572,6, 0xBB29,2, 0x6984,1, 0x18C5,21, 0x4124,1, 0x6984,1,
    0xBB29,1, 0xDC4D,4, 0xBB29,1, 0x6984,2, 0xDC4D,15, 0xBB29,1, 0x6984,2, 0xDC4D,2,
    0xBB29,2, 0xDC4D,5, 0xBB29,1, 0x6984,3, 0x18C5,21, 0x4124,1, 0x6984,1, 0xBB29,1,
    0xDC4D,3, 0x6984,1, 0x1882,2, 0x6984,1, 0xDC4D,14, 0x6984,1, 0x1882,2, 0x6984,1,
    0xDC4D,2, 0xBB29,2, 0xDC4D,5, 0xBB29,1, 0x6984,3, 0x18C5,21, 0x4124,1, 0x6984,1,
    0xBB29,1, 0xDC4D,3, 0x6984,1, 0x1882,2, 0x6984,1, 0xDC4D,14, 0x6984,1, 0x1882,2,
    0x6984,1, 0xDC4D,2, 0xBB29,2, 0xDC4D,5, 0x6984,1, 0x18C5,24, 0x4124,1, 0x6984,1,
    0xBB29,1, 0xDC4D,3, 0x6984,1, 0x1882,2, 0x6984,1, 0xDC4D,14, 0x6984,1, 0x1882,2,
    0x6984,1, 0xDC4D,2, 0xBB29,2, 0xDC4D,5, 0x6984,1, 0x18C5,24, 0x4124,1, 0x6984,1,
    0xBB29,1, 0xDC4D,3, 0xBB29,1, 0x6984,2, 0xBB29,1, 0xDC4D,14, 0xBB29,1, 0x6984,2,
    0xBB29,1, 0xDC4D,2, 0xBB29,2, 0xDC4D,5, 0x6984,1, 0x18C5,24, 0x4124,1, 0x6984,1,
    0xBB29,1, 0xDC4D,27, 0xBB29,2, 0xDC4D,5, 0xF572,1, 0x6984,3, 0x18C5,21, 0x4124,1,
    0x6984,1, 0xBB29,1, 0xDC4D,27, 0xBB29,10, 0x6984,1, 0x18C5,21, 0x4124,1, 0x6984,1,
    0xBB29,1, 0xDC4D,27, 0xBB29,10, 0x6984,1, 0x18C5,21, 0x4124,1, 0x6984,1, 0xBB29,1,
    0xDC4D,27, 0xBB29,2, 0x6984,8, 0x18C5,22, 0x4124,1, 0x6984,1, 0xBB29,1, 0xDC4D,1,
    0xBB29,28, 0x6984,1, 0x4124,1, 0x18C5,28, 0x4124,1, 0x6984,1, 0xBB29,30, 0x6984,1,
    0x4124,1, 0x18C5,28, 0x4124,1, 0x6984,1, 0xBB29,30, 0x6984,1, 0x4124,1, 0x18C5,28,
    0x4124,1, 0x6984,2, 0xBB29,1, 0x6984,29, 0x4124,1, 0x18C5,28, 0x28E5,1, 0x4124,1,
    0x6984,3, 0x4124,3, 0x6984,3, 0x4124,9, 0x6984,3, 0x4124,3, 0x6984,3, 0x4124,4,
    0x28E5,1, 0x18C5,30, 0xBB29,2, 0x6984,1, 0x18C5,3, 0xBB29,2, 0x6984,1, 0x18C5,9,
    0xBB29,2, 0x6984,1, 0x18C5,3, 0xBB29,2, 0x6984,1, 0x18C5,35, 0xBB29,2, 0x6984,1,
    0x18C5,3, 0xBB29,2, 0x6984,1, 0x18C5,9, 0xBB29,2, 0x6984,1, 0x18C5,3, 0xBB29,2,
    0x6984,1, 0x18C5,35, 0xBB29,2, 0x6984,1, 0x18C5,3, 0xBB29,2, 0x6984,1, 0x18C5,9,
    0xBB29,2, 0x6984,1, 0x18C5,3, 0xBB29,2, 0x6984,1, 0x18C5,35, 0x6984,3, 0x18C5,3,
    0x6984,3, 0x18C5,9, 0x6984,3, 0x18C5,3, 0x6984,3, 0x18C5,32, 0x1084,36, 0x18C5,26,
    0x1084,36, 0x18C5,31, 0x10A4,27, 0x18C5,16, 0x18C5,324, 0x4125,1, 0x6984,6, 0x4124,1,
    0x18C5,54, 0x4125,1, 0x6984,6, 0x4124,1, 0x18C5,52, 0x4124,1, 0x6984,2, 0xDC4D,1,
    0xF572,4, 0xBB29,1, 0x4124,1, 0x18C5,52, 0x4124,1, 0x6984,3, 0xBB29,2, 0xDC4D,2,
    0xBB29,1, 0x4124,1, 0x18C5,52, 0x4124,1, 0x6984,3, 0xBB29,2, 0xDC4D,2, 0xBB29,1,
    0x4124,1, 0x18C5,55, 0x4125,1, 0x6984,1, 0xBB29,1, 0xDC4D,2, 0xBB29,1, 0x4124,1,
    0x18C5,55, 0x4125,1, 0x6984,1, 0xBB29,1, 0xDC4D,2, 0xBB29,1, 0x4124,1, 0x18C5,55,
    0x4924,1, 0x6984,1, 0xBB29,1, 0xDC4D,2, 0xBB29,1, 0x5144,1, 0x4124,26, 0x28E5,1,
    0x18C5,25, 0x4124,1, 0x6984,2, 0xBB29,1, 0xF572,1, 0xDC4D,3, 0xBB29,1, 0x6984,27,
    0x4124,1, 0x18C5,25, 0x4124,1, 0x6984,2, 0xBB29,5, 0x6984,1, 0xBB29,26, 0x6984,1,
    0x4124,1, 0x18C5,25, 0x4124,1, 0x6984,2, 0xBB29,5, 0x6984,1, 0xBB29,1, 0xDC4D,24,
    0xBB29,2, 0x4124,1, 0x18C5,27, 0x4125,1, 0x6984,6, 0xBB29,1, 0xDC4D,23, 0xBB29,2,
    0x6984,1, 0x4124,1, 0x18C5,28, 0x4124,1, 0x6984,1, 0xBB29,1, 0xF572,4, 0xDC4D,23,
    0xBB29,2, 0x6984,8, 0x18C5,22, 0x4124,1, 0x6984,1, 0xBB29,1, 0xDC4D,3, 0xF572,1,
    0xFE98,1, 0xDC4D,1, 0xBB29,1, 0xDC4D,14, 0xF572,1, 0xFE98,1, 0xDC4D,1, 0xBB29,1,
    0xDC4D,2, 0xBB29,2, 0x6984,8, 0x18C5,22, 0x4124,1, 0x6984,1, 0xBB29,1, 0xDC4D,3,
    0xFE98,1, 0xFFFF,1, 0xBB29,1, 0x6984,1, 0xDC4D,14, 0xFE98,1, 0xFFFF,1, 0xBB29,1,
    0x6984,1, 0xDC4D,2, 0xBB29,2, 0xF572,6, 0xBB29,2, 0x6984,1, 0x18C5,21, 0x4124,1,
    0x6984,1, 0xBB29,1, 0xDC4D,4, 0xBB29,1, 0x6984,2, 0xDC4D,15, 0xBB29,1, 0x6984,2,
    0xDC4D,2, 0xBB29,2, 0xDC4D,5, 0xBB29,1, 0x6984,3, 0x18C5,21, 0x4124,1, 0x6984,1,
    0xBB29,1, 0xDC4D,3, 0x6984,1, 0x1882,2, 0x6984,1, 0xDC4D,14, 0x6984,1, 0x1882,2,
    0x6984,1, 0xDC4D,2, 0xBB29,2, 0xDC4D,5, 0xBB29,1, 0x6984,3, 0x18C5,21, 0x4124,1,
    0x6984,1, 0xBB29,1, 0xDC4D,3, 0x6984,1, 0x1882,2, 0x6984,1, 0xDC4D,14, 0x6984,1,
    0x1882,2, 0x6984,1, 0xDC4D,2, 0xBB29,2, 0xDC4D,5, 0x6984,1, 0x18C5,24, 0x4124,1,
    0x6984,1, 0xBB29,1, 0xDC4D,3, 0x6984,1, 0x1882,2, 0x6984,1, 0xDC4D,14, 0x6984,1,
    0x1882,2, 0x6984,1, 0xDC4D,2, 0xBB29,2, 0xDC4D,5, 0x6984,1, 0x18C5,24, 0x4124,1,
    0x6984,1, 0xBB29,1, 0xDC4D,3, 0xBB29,1, 0x6984,2, 0xBB29,1, 0xDC4D,14, 0xBB29,1,
    0x6984,2, 0xBB29,1, 0xDC4D,2, 0xBB29,2, 0xDC4D,5, 0x6984,1, 0x18C5,24, 0x4124,1,
    0x6984,1, 0xBB29,1, 0xDC4D,27, 0xBB29,2, 0xDC4D,5, 0xF572,1, 0x6984,3, 0x18C5,21,
    0x4124,1, 0x6984,1, 0xBB29,1, 0xDC4D,27, 0xBB29,10, 0x6984,1, 0x18C5,21, 0x4124,1,
    0x6984,1, 0xBB29,1, 0xDC4D,27, 0xBB29,10, 0x6984,1, 0x18C5,21, 0x4124,1, 0x6984,1,
    0xBB29,1, 0xDC4D,27, 0xBB29,2, 0x6984,8, 0x18C5,22, 0x4124,1, 0x6984,1, 0xBB29,1,
    0xDC4D,1, 0xBB29,28, 0x6984,1, 0x4124,1, 0x18C5,28, 0x4124,1, 0x6984,1, 0xBB29,30,
    0x6984,1, 0x4124,1, 0x18C5,28, 0x4124,1, 0x6984,1, 0xBB29,30, 0x6984,1, 0x4124,1,
    0x18C5,28, 0x4124,1, 0x6984,2, 0xBB29,1, 0x6984,29, 0x4124,1, 0x18C5,28, 0x28E5,1,
    0x4124,1, 0x6984,3, 0x4124,3, 0x6984,3, 0x4124,9, 0x6984,3, 0x4124,3, 0x6984,3,
    0x4124,4, 0x28E5,1, 0x18C5,30, 0xBB29,2, 0x6984,1, 0x18C5,3, 0xBB29,2, 0x6984,1,
    0x18C5,9, 0xBB29,2, 0x6984,1, 0x18C5,3, 0xBB29,2, 0x6984,1, 0x18C5,35, 0xBB29,2,
    0x6984,1, 0x18C5,3, 0xBB29,2, 0x6984,1, 0x18C5,9, 0xBB29,2, 0x6984,1, 0x18C5,3,
    0xBB29,2, 0x6984,1, 0x18C5,35, 0xBB29,2, 0x6984,1, 0x18C5,3, 0xBB29,2, 0x6984,1,
    0x18C5,9, 0xBB29,2, 0x6984,1, 0x18C5,3, 0xBB29,2, 0x6984,1, 0x18C5,35, 0x6984,3,
    0x18C5,3, 0x6984,3, 0x18C5,9, 0x6984,3, 0x18C5,3, 0x6984,3, 0x18C5,32, 0x1084,36,
    0x18C5,26, 0x1084,36, 0x18C5,31, 0x10A4,27, 0x18C5,16, 0x18C5,569, 0x28E5,1, 0x4124,6,
    0x28E5,1, 0x18C5,54, 0x4125,1, 0x6984,6, 0x4124,1, 0x18C5,52, 0x28E5,1, 0x4125,1,
    0x69A5,1, 0xBB29,6, 0x4124,1, 0x18C5,52, 0x4124,1, 0x6984,2, 0xBB29,1, 0xDC4D,4,
    0xBB29,1, 0x5144,1, 0x4124,29, 0x28E5,1, 0x18C5,22, 0x4124,1, 0x6984,3, 0xBB29,2,
    0xDC4D,2, 0xBB29,1, 0x6984,30, 0x4124,1, 0x18C5,22, 0x28E5,1, 0x4125,2, 0x69A5,1,
    0x6984,1, 0xBB29,1, 0xDC4D,2, 0xBB29,30, 0x6984,1, 0x4124,1, 0x18C5,25, 0x4125,1,
    0x6984,1, 0xBB29,1, 0xDC4D,2, 0xBB29,2, 0xF572,3, 0xDC4D,24, 0xBB29,2, 0x4124,1,
    0x18C5,25, 0x4125,1, 0x6984,1, 0xBB29,1, 0xDC4D,2, 0xBB29,2, 0xFE98,2, 0xF572,1,
    0xDC4D,23, 0xBB29,2, 0x6984,1, 0x4124,1, 0x18C5,22, 0x28E5,1, 0x4125,2, 0x7A48,1,
    0xBB29,1, 0xDC4D,3, 0xBB29,2, 0xF572,3, 0xDC4D,23, 0xBB29,2, 0x6984,8, 0x18C5,16,
    0x4124,1, 0x6984,2, 0xBB29,1, 0xDC4D,2, 0xBB29,4, 0xDC4D,2, 0xF572,1, 0xFE98,1,
    0xDC4D,1, 0xBB29,1, 0xDC4D,14, 0xF572,1, 0xFE98,1, 0xDC4D,1, 0xBB29,1, 0xDC4D,2,
    0xBB29,2, 0x6984,8, 0x18C5,16, 0x4124,1, 0x6984,2, 0xBB29,5, 0x6984,1, 0xBB29,1,
    0xDC4D,2, 0xFE98,1, 0xFFFF,1, 0xBB29,1, 0x6984,1, 0xDC4D,14, 0xFE98,1, 0xFFFF,1,
    0xBB29,1, 0x6984,1, 0xDC4D,2, 0xBB29,2, 0xF572,6, 0xBB29,2, 0x6984,1, 0x18C5,15,
    0x28E5,1, 0x4125,1, 0x69A5,1, 0x6984,6, 0xBB29,1, 0xDC4D,3, 0xBB29,1, 0x6984,2,
    0xDC4D,15, 0xBB29,1, 0x6984,2, 0xDC4D,2, 0xBB29,2, 0xDC4D,5, 0xBB29,1, 0x6984,3,
    0x18C5,17, 0x28E5,1, 0x4124,3, 0x5144,1, 0x6984,1, 0xBB29,1, 0xDC4D,3, 0x6984,1,
    0x1882,2, 0x6984,1, 0xDC4D,14, 0x6984,1, 0x1882,2, 0x6984,1, 0xDC4D,2, 0xBB29,2,
    0xDC4D,5, 0xBB29,1, 0x6984,3, 0x18C5,21, 0x4124,1, 0x6984,1, 0xBB29,1, 0xDC4D,3,
    0x6984,1, 0x1882,2, 0x6984,1, 0xDC4D,14, 0x6984,1, 0x1882,2, 0x6984,1, 0xDC4D,2,
    0xBB29,2, 0xDC4D,5, 0x6984,1, 0x18C5,24, 0x4124,1, 0x6984,1, 0xBB29,1, 0xDC4D,3,
    0x6984,1, 0x1882,2, 0x6984,1, 0xDC4D,14, 0x6984,1, 0x1882,2, 0x6984,1, 0xDC4D,2,
    0xBB29,2, 0xDC4D,5, 0x6984,1, 0x18C5,24, 0x4124,1, 0x6984,1, 0xBB29,1, 0xDC4D,3,
    0xBB29,1, 0x6984,2, 0xBB29,1, 0xDC4D,14, 0xBB29,1, 0x6984,2, 0xBB29,1, 0xDC4D,2,
    0xBB29,2, 0xDC4D,5, 0x6984,1, 0x18C5,24, 0x4124,1, 0x6984,1, 0xBB29,1, 0xDC4D,27,
    0xBB29,2, 0xDC4D,5, 0xF572,1, 0x6984,3, 0x18C5,21, 0x4124,1, 0x6984,1, 0xBB29,1,
    0xDC4D,27, 0xBB29,10, 0x6984,1, 0x18C5,21, 0x4124,1, 0x6984,1, 0xBB29,1, 0xDC4D,27,
    0xBB29,10, 0x6984,1, 0x18C5,21, 0x4124,1, 0x6984,1, 0xBB29,1, 0xDC4D,27, 0xBB29,2,
    0x6984,8, 0x18C5,22, 0x4124,1, 0x6984,1, 0xBB29,1, 0xDC4D,1, 0xBB29,28, 0x6984,1,
    0x4124,1, 0x18C5,28, 0x4124,1, 0x6984,1, 0xBB29,30, 0x6984,1, 0x4124,1, 0x18C5,28,
    0x4124,1, 0x6984,1, 0xBB29,30, 0x6984,1, 0x4124,1, 0x18C5,28, 0x4124,1, 0x6984,2,
    0xBB29,1, 0x6984,29, 0x4124,1, 0x18C5,28, 0x28E5,1, 0x4124,1, 0x6984,3, 0x4124,3,
    0x6984,3, 0x4124,9, 0x6984,3, 0x4124,3, 0x6984,3, 0x4124,4, 0x28E5,1, 0x18C5,30,
    0xBB29,2, 0x6984,1, 0x18C5,3, 0xBB29,2, 0x6984,1, 0x18C5,9, 0xBB29,2, 0x6984,1,
    0x18C5,3, 0xBB29,2, 0x6984,1, 0x18C5,35, 0xBB29,2, 0x6984,1, 0x18C5,3, 0xBB29,2,
    0x6984,1, 0x18C5,9, 0xBB29,2, 0x6984,1, 0x18C5,3, 0xBB29,2, 0x6984,1, 0x18C5,35,
    0xBB29,2, 0x6984,1, 0x18C5,3, 0xBB29,2, 0x6984,1, 0x18C5,9, 0xBB29,2, 0x6984,1,
    0x18C5,3, 0xBB29,2, 0x6984,1, 0x18C5,35, 0x6984,3, 0x18C5,3, 0x6984,3, 0x18C5,9,
    0x6984,3, 0x18C5,3, 0x6984,3, 0x18C5,32, 0x1084,36, 0x18C5,26, 0x1084,36, 0x18C5,31,
    0x10A4,27, 0x18C5,16, 0x18C5,324, 0x4125,1, 0x6984,6, 0x4124,1, 0x18C5,54, 0x4125,1,
    0x6984,6, 0x4124,1, 0x18C5,52, 0x4124,1, 0x6984,2, 0xDC4D,1, 0xF572,4, 0xBB29,1,
    0x4124,1, 0x18C5,52, 0x4124,1, 0x6984,3, 0xBB29,2, 0xDC4D,2, 0xBB29,1, 0x4124,1,
    0x18C5,52, 0x4124,1, 0x6984,3, 0xBB29,2, 0xDC4D,2, 0xBB29,1, 0x4124,1, 0x18C5,55,
    0x4125,1, 0x6984,1, 0xBB29,1, 0xDC4D,2, 0xBB29,1, 0x4124,1, 0x18C5,55, 0x4125,1,
    0x6984,1, 0xBB29,1, 0xDC4D,2, 0xBB29,1, 0x4124,1, 0x18C5,55, 0x4924,1, 0x6984,1,
    0xBB29,1, 0xDC4D,2, 0xBB29,1, 0x5144,1, 0x4124,26, 0x28E5,1, 0x18C5,25, 0x4124,1,
    0x6984,2, 0xBB29,1, 0xF572,1, 0xDC4D,3, 0xBB29,1, 0x6984,27, 0x4124,1, 0x18C5,25,
    0x4124,1, 0x6984,2, 0xBB29,5, 0x6984,1, 0xBB29,26, 0x6984,1, 0x4124,1, 0x18C5,25,
    0x4124,1, 0x6984,2, 0xBB29,5, 0x6984,1, 0xBB29,1, 0xDC4D,24, 0xBB29,2, 0x4124,1,
    0x18C5,27, 0x4125,1, 0x6984,6, 0xBB29,1, 0xDC4D,23, 0xBB29,2, 0x6984,1, 0x4124,1,
    0x18C5,28, 0x4124,1, 0x6984,1, 0xBB29,1, 0xF572,4, 0xDC4D,23, 0xBB29,2, 0x6984,8,
    0x18C5,22, 0x4124,1, 0x6984,1, 0xBB29,1, 0xDC4D,3, 0xF572,1, 0xFE98,1, 0xDC4D,1,
    0xBB29,1, 0xDC4D,14, 0xF572,1, 0xFE98,1, 0xDC4D,1, 0xBB29,1, 0xDC4D,2, 0xBB29,2,
    0x6984,8, 0x18C5,22, 0x4124,1, 0x6984,1, 0xBB29,1, 0xDC4D,3, 0xFE98,1, 0xFFFF,1,
    0xBB29,1, 0x6984,1, 0xDC4D,14, 0xFE98,1, 0xFFFF,1, 0xBB29,1, 0x6984,1, 0xDC4D,2,
    0xBB29,2, 0xF572,6, 0xBB29,2, 0x6984,1, 0x18C5,21, 0x4124,1, 0x6984,1, 0xBB29,1,
    0xDC4D,4, 0xBB29,1, 0x6984,2, 0xDC4D,15, 0xBB29,1, 0x6984,2, 0xDC4D,2, 0xBB29,2,
    0xDC4D,5, 0xBB29,1, 0x6984,3, 0x18C5,21, 0x4124,1, 0x6984,1, 0xBB29,1, 0xDC4D,3,
    0x6984,1, 0x1882,2, 0x6984,1, 0xDC4D,14, 0x6984,1, 0x1882,2, 0x6984,1, 0xDC4D,2,
    0xBB29,2, 0xDC4D,5, 0xBB29,1, 0x6984,3, 0x18C5,21, 0x4124,1, 0x6984,1, 0xBB29,1,
    0xDC4D,3, 0x6984,1, 0x1882,2, 0x6984,1, 0xDC4D,14, 0x6984,1, 0x1882,2, 0x6984,1,
    0xDC4D,2, 0xBB29,2, 0xDC4D,5, 0x6984,1, 0x18C5,24, 0x4124,1, 0x6984,1, 0xBB29,1,
    0xDC4D,3, 0x6984,1, 0x1882,2, 0x6984,1, 0xDC4D,14, 0x6984,1, 0x1882,2, 0x6984,1,
    0xDC4D,2, 0xBB29,2, 0xDC4D,5, 0x6984,1, 0x18C5,24, 0x4124,1, 0x6984,1, 0xBB29,1,
    0xDC4D,3, 0xBB29,1, 0x6984,2, 0xBB29,1, 0xDC4D,14, 0xBB29,1, 0x6984,2, 0xBB29,1,
    0xDC4D,2, 0xBB29,2, 0xDC4D,5, 0x6984,1, 0x18C5,24, 0x4124,1, 0x6984,1, 0xBB29,1,
    0xDC4D,27, 0xBB29,2, 0xDC4D,5, 0xF572,1, 0x6984,3, 0x18C5,21, 0x4124,1, 0x6984,1,
    0xBB29,1, 0xDC4D,27, 0xBB29,10, 0x6984,1, 0x18C5,21, 0x4124,1, 0x6984,1, 0xBB29,1,
    0xDC4D,27, 0xBB29,10, 0x6984,1, 0x18C5,21, 0x4124,1, 0x6984,1, 0xBB29,1, 0xDC4D,27,
    0xBB29,2, 0x6984,8, 0x18C5,22, 0x4124,1, 0x6984,1, 0xBB29,1, 0xDC4D,1, 0xBB29,28,
    0x6984,1, 0x4124,1, 0x18C5,28, 0x4124,1, 0x6984,1, 0xBB29,30, 0x6984,1, 0x4124,1,
    0x18C5,28, 0x4124,1, 0x6984,1, 0xBB29,30, 0x6984,1, 0x4124,1, 0x18C5,28, 0x4124,1,
    0x6984,2, 0xBB29,1, 0x6984,29, 0x4124,1, 0x18C5,28, 0x28E5,1, 0x4124,1, 0x6984,3,
    0x4124,3, 0x6984,3, 0x4124,9, 0x6984,3, 0x4124,3, 0x6984,3, 0x4124,4, 0x28E5,1,
    0x18C5,30, 0xBB29,2, 0x6984,1, 0x18C5,3, 0xBB29,2, 0x6984,1, 0x18C5,9, 0xBB29,2,
    0x6984,1, 0x18C5,3, 0xBB29,2, 0x6984,1, 0x18C5,35, 0xBB29,2, 0x6984,1, 0x18C5,3,
    0xBB29,2, 0x6984,1, 0x18C5,9, 0xBB29,2, 0x6984,1, 0x18C5,3, 0xBB29,2, 0x6984,1,
    0x18C5,35, 0xBB29,2, 0x6984,1, 0x18C5,3, 0xBB29,2, 0x6984,1, 0x18C5,9, 0xBB29,2,
    0x6984,1, 0x18C5,3, 0xBB29,2, 0x6984,1, 0x18C5,35, 0x6984,3, 0x18C5,3, 0x6984,3,
    0x18C5,9, 0x6984,3, 0x18C5,3, 0x6984,3, 0x18C5,32, 0x1084,36, 0x18C5,26, 0x1084,36,
    0x18C5,31, 0x10A4,27, 0x18C5,16, 0x18C5,569, 0x28E5,1, 0x4124,6, 0x28E5,1, 0x18C5,54,
    0x4125,1, 0x6984,6, 0x4124,1, 0x18C5,52, 0x28E5,1, 0x4125,1, 0x69A5,1, 0xBB29,6,
    0x4124,1, 0x18C5,52, 0x4124,1, 0x6984,2, 0xBB29,1, 0xDC4D,4, 0xBB29,1, 0x5144,1,
    0x4124,29, 0x28E5,1, 0x18C5,22, 0x4124,1, 0x6984,3, 0xBB29,2, 0xDC4D,2, 0xBB29,1,
    0x6984,30, 0x4124,1, 0x18C5,22, 0x28E5,1, 0x4125,2, 0x69A5,1, 0x6984,1, 0xBB29,1,
    0xDC4D,2, 0xBB29,30, 0x6984,1, 0x4124,1, 0x18C5,25, 0x4125,1, 0x6984,1, 0xBB29,1,
    0xDC4D,2, 0xBB29,2, 0xF572,3, 0xDC4D,24, 0xBB29,2, 0x4124,1, 0x18C5,25, 0x4125,1,
    0x6984,1, 0xBB29,1, 0xDC4D,2, 0xBB29,2, 0xFE98,2, 0xF572,1, 0xDC4D,23, 0xBB29,2,
    0x6984,1, 0x4124,1, 0x18C5,22, 0x28E5,1, 0x4125,2, 0x7A48,1, 0xBB29,1, 0xDC4D,3,
    0xBB29,2, 0xF572,3, 0xDC4D,23, 0xBB29,2, 0x6984,8, 0x18C5,16, 0x4124,1, 0x6984,2,
    0xBB29,1, 0xDC4D,2, 0xBB29,4, 0xDC4D,2, 0xF572,1, 0xFE98,1, 0xDC4D,1, 0xBB29,1,
    0xDC4D,14, 0xF572,1, 0xFE98,1, 0xDC4D,1, 0xBB29,1, 0xDC4D,2, 0xBB29,2, 0x6984,8,
    0x18C5,16, 0x4124,1, 0x6984,2, 0xBB29,5, 0x6984,1, 0xBB29,1, 0xDC4D,2, 0xFE98,1,
    0xFFFF,1, 0xBB29,1, 0x6984,1, 0xDC4D,14, 0xFE98,1, 0xFFFF,1, 0xBB29,1, 0x6984,1,
    0xDC4D,2, 0xBB29,2, 0xF572,6, 0xBB29,2, 0x6984,1, 0x18C5,15, 0x28E5,1, 0x4125,1,
    0x69A5,1, 0x6984,6, 0xBB29,1, 0xDC4D,3, 0xBB29,1, 0x6984,2, 0xDC4D,15, 0xBB29,1,
    0x6984,2, 0xDC4D,2, 0xBB29,2, 0xDC4D,5, 0xBB29,1, 0x6984,3, 0x18C5,17, 0x28E5,1,
    0x4124,3, 0x5144,1, 0x6984,1, 0xBB29,1, 0xDC4D,3, 0x6984,1, 0x1882,2, 0x6984,1,
    0xDC4D,14, 0x6984,1, 0x1882,2, 0x6984,1, 0xDC4D,2, 0xBB29,2, 0xDC4D,5, 0xBB29,1,
    0x6984,3, 0x18C5,21, 0x4124,1, 0x6984,1, 0xBB29,1, 0xDC4D,3, 0x6984,1, 0x1882,2,
    0x6984,1, 0xDC4D,14, 0x6984,1, 0x1882,2, 0x6984,1, 0xDC4D,2, 0xBB29,2, 0xDC4D,5,
    0x6984,1, 0x18C5,24, 0x4124,1, 0x6984,1, 0xBB29,1, 0xDC4D,3, 0x6984,1, 0x1882,2,
    0x6984,1, 0xDC4D,14, 0x6984,1, 0x1882,2, 0x6984,1, 0xDC4D,2, 0xBB29,2, 0xDC4D,5,
    0x6984,1, 0x18C5,24, 0x4124,1, 0x6984,1, 0xBB29,1, 0xDC4D,3, 0xBB29,1, 0x6984,2,
    0xBB29,1, 0xDC4D,14, 0xBB29,1, 0x6984,2, 0xBB29,1, 0xDC4D,2, 0xBB29,2, 0xDC4D,5,
    0x6984,1, 0x18C5,24, 0x4124,1, 0x6984,1, 0xBB29,1, 0xDC4D,27, 0xBB29,2, 0xDC4D,5,
    0xF572,1, 0x6984,3, 0x18C5,21, 0x4124,1, 0x6984,1, 0xBB29,1, 0xDC4D,27, 0xBB29,10,
    0x6984,1, 0x18C5,21, 0x4124,1, 0x6984,1, 0xBB29,1, 0xDC4D,27, 0xBB29,10, 0x6984,1,
    0x18C5,21, 0x4124,1, 0x6984,1, 0xBB29,1, 0xDC4D,27, 0xBB29,2, 0x6984,8, 0x18C5,22,
    0x4124,1, 0x6984,1, 0xBB29,1, 0xDC4D,1, 0xBB29,28, 0x6984,1, 0x4124,1, 0x18C5,28,
    0x4124,1, 0x6984,1, 0xBB29,30, 0x6984,1, 0x4124,1, 0x18C5,28, 0x4124,1, 0x6984,1,
    0xBB29,30, 0x6984,1, 0x4124,1, 0x18C5,28, 0x4124,1, 0x6984,2, 0xBB29,1, 0x6984,29,
    0x4124,1, 0x18C5,28, 0x28E5,1, 0x4124,1, 0x6984,3, 0x4124,3, 0x6984,3, 0x4124,9,
    0x6984,3, 0x4124,3, 0x6984,3, 0x4124,4, 0x28E5,1, 0x18C5,30, 0xBB29,2, 0x6984,1,
    0x18C5,3, 0xBB29,2, 0x6984,1, 0x18C5,9, 0xBB29,2, 0x6984,1, 0x18C5,3, 0xBB29,2,
    0x6984,1, 0x18C5,35, 0xBB29,2, 0x6984,1, 0x18C5,3, 0xBB29,2, 0x6984,1, 0x18C5,9,
    0xBB29,2, 0x6984,1, 0x18C5,3, 0xBB29,2, 0x6984,1, 0x18C5,35, 0xBB29,2, 0x6984,1,
    0x18C5,3, 0xBB29,2, 0x6984,1, 0x18C5,9, 0xBB29,2, 0x6984,1, 0x18C5,3, 0xBB29,2,
    0x6984,1, 0x18C5,35, 0x6984,3, 0x18C5,3, 0x6984,3, 0x18C5,9, 0x6984,3, 0x18C5,3,
    0x6984,3, 0x18C5,32, 0x1084,36, 0x18C5,26, 0x1084,36, 0x18C5,31, 0x10A4,27, 0x18C5,16,
    0x18C5,200, 0x28E5,1, 0x4124,6, 0x28E5,1, 0x18C5,54, 0x4125,1, 0x6984,6, 0x4124,1,
    0x18C5,52, 0x28E5,1, 0x4125,1, 0x69A5,1, 0xBB29,6, 0x4124,1, 0x18C5,52, 0x4124,1,
    0x6984,2, 0xBB29,1, 0xDC4D,4, 0xBB29,1, 0x4124,1, 0x18C5,52, 0x4124,1, 0x6984,3,
    0xBB29,2, 0xDC4D,2, 0xBB29,1, 0x4124,1, 0x18C5,52, 0x28E5,1, 0x4125,2, 0x69A5,1,
    0x6984,1, 0xBB29,1, 0xDC4D,2, 0xBB29,1, 0x4124,1, 0x18C5,55, 0x4125,1, 0x6984,1,
    0xBB29,1, 0xDC4D,2, 0xBB29,1, 0x4124,1, 0x18C5,55, 0x4125,1, 0x6984,1, 0xBB29,1,
    0xDC4D,2, 0xBB29,1, 0x4124,1, 0x18C5,52, 0x28E5,1, 0x4125,2, 0xBB29,2, 0xDC4D,3,
    0xBB29,1, 0x6984,27, 0x4124,1, 0x18C5,25, 0x4124,1, 0x6984,2, 0xBB29,1, 0xDC4D,2,
    0xBB29,3, 0x6984,27, 0x4124,1, 0x18C5,25, 0x4124,1, 0x6984,2, 0xBB29,5, 0x6984,1,
    0xBB29,1, 0xF572,23, 0xDC4D,2, 0xBB29,1, 0x4124,1, 0x18C5,25, 0x28E5,1, 0x4125,1,
    0x69A5,1, 0x6984,6, 0xBB29,1, 0xDC4D,23, 0xBB29,2, 0x6984,1, 0x4124,1, 0x18C5,27,
    0x28E5,1, 0x5144,1, 0x6984,1, 0xBB29,2, 0xDC4D,26, 0xBB29,2, 0x6984,1, 0x5144,1,
    0x4124,6, 0x18C5,22, 0x4124,1, 0x6984,1, 0xBB29,1, 0xDC4D,27, 0xBB29,2, 0x6984,8,
    0x18C5,22, 0x4124,1, 0x6984,1, 0xBB29,1, 0xDC4D,3, 0xFE98,1, 0xFFFF,1, 0xBB29,1,
    0x6984,1, 0xDC4D,14, 0xFE98,1, 0xFFFF,1, 0xBB29,1, 0x6984,1, 0xDC4D,2, 0xBB29,8,
    0x6984,2, 0x4125,1, 0x18C5,21, 0x4124,1, 0x6984,1, 0xBB29,1, 0xDC4D,3, 0xFE98,1,
    0xFFFF,1, 0xBB29,1, 0x6984,1, 0xDC4D,14, 0xFE98,1, 0xFFFF,1, 0xBB29,1, 0x6984,1,
    0xDC4D,2, 0xBB29,2, 0xDC4D,6, 0x6984,3, 0x18C5,21, 0x4124,1, 0x6984,1, 0xBB29,1,
    0xDC4D,3, 0x6984,1, 0x1882,2, 0x6984,1, 0xDC4D,14, 0x6984,1, 0x1882,2, 0x6984,1,
    0xDC4D,2, 0xBB29,2, 0xDC4D,5, 0xBB29,1, 0x6984,3, 0x18C5,21, 0x4124,1, 0x6984,1,
    0xBB29,1, 0xDC4D,3, 0x6984,1, 0x1882,2, 0x6984,1, 0xDC4D,14, 0x6984,1, 0x1882,2,
    0x6984,1, 0xDC4D,2, 0xBB29,2, 0xDC4D,5, 0x6984,1, 0x4125,3, 0x18C5,21, 0x4124,1,
    0x6984,1, 0xBB29,1, 0xDC4D,3, 0x6984,1, 0x1882,2, 0x6984,1, 0xDC4D,14, 0x6984,1,
    0x1882,2, 0x6984,1, 0xDC4D,2, 0xBB29,2, 0xDC4D,5, 0x6984,1, 0x18C5,24, 0x4124,1,
    0x6984,1, 0xBB29,1, 0xDC4D,3, 0x6984,1, 0x1882,2, 0x6984,1, 0xDC4D,14, 0x6984,1,
    0x1882,2, 0x6984,1, 0xDC4D,2, 0xBB29,2, 0xDC4D,5, 0x6984,1, 0x18C5,24, 0x4124,1,
    0x6984,1, 0xBB29,1, 0xDC4D,27, 0xBB29,2, 0xDC4D,5, 0xBB29,1, 0x4125,3, 0x18C5,21,
    0x4124,1, 0x6984,1, 0xBB29,1, 0xDC4D,27, 0xBB29,7, 0xDC4D,1, 0x6984,3, 0x18C5,21,
    0x4124,1, 0x6984,1, 0xBB29,1, 0xDC4D,27, 0xBB29,10, 0x6984,1, 0x18C5,21, 0x4124,1,
    0x6984,1, 0xBB29,1, 0xDC4D,27, 0xBB29,2, 0x6984,8, 0x4125,1, 0x18C5,21, 0x4124,1,
    0x6984,1, 0xBB29,1, 0xDC4D,27, 0xBB29,2, 0x6984,1, 0x5144,1, 0x4124,6, 0x18C5,22,
    0x4124,1, 0x6984,1, 0xBB29,30, 0x6984,1, 0x4124,1, 0x18C5,28, 0x4124,1, 0x6984,1,
    0xBB29,30, 0x6984,1, 0x4124,1, 0x18C5,28, 0x4124,1, 0x6984,1, 0xBB29,30, 0x6984,1,
    0x4124,1, 0x18C5,28, 0x4124,1, 0x6984,32, 0x4124,1, 0x18C5,30, 0xBB29,2, 0x6984,1,
    0x18C5,3, 0xBB29,2, 0x6984,1, 0x18C5,9, 0xBB29,2, 0x6984,1, 0x18C5,3, 0xBB29,2,
    0x6984,1, 0x18C5,35, 0xBB29,2, 0x6984,1, 0x18C5,3, 0xBB29,2, 0x6984,1, 0x18C5,9,
    0xBB29,2, 0x6984,1, 0x18C5,3, 0xBB29,2, 0x6984,1, 0x18C5,35, 0xBB29,2, 0x6984,1,
    0x18C5,3, 0xBB29,2, 0x6984,1, 0x18C5,9, 0xBB29,2, 0x6984,1, 0x18C5,3, 0xBB29,2,
    0x6984,1, 0x18C5,35, 0xBB29,2, 0x6984,1, 0x18C5,3, 0xBB29,2, 0x6984,1, 0x18C5,9,
    0xBB29,2, 0x6984,1, 0x18C5,3, 0xBB29,2, 0x6984,1, 0x18C5,35, 0xBB29,2, 0x6984,1,
    0x18C5,3, 0xBB29,2, 0x6984,1, 0x18C5,9, 0xBB29,2, 0x6984,1, 0x18C5,3, 0xBB29,2,
    0x6984,1, 0x18C5,35, 0x6984,3, 0x18C5,3, 0x6984,3, 0x18C5,9, 0x6984,3, 0x18C5,3,
    0x6984,3, 0x18C5,32, 0x1084,36, 0x18C5,26, 0x1084,36, 0x18C5,31, 0x10A4,27, 0x18C5,16,
    0x18C5,507, 0x4125,1, 0x6984,6, 0x4124,1, 0x18C5,54, 0x4125,1, 0x6984,6, 0x4124,1,
    0x18C5,52, 0x4124,1, 0x6984,2, 0xDC4D,1, 0xF572,4, 0xBB29,1, 0x4124,1, 0x18C5,52,
    0x4124,1, 0x6984,3, 0xBB29,2, 0xDC4D,2, 0xBB29,1, 0x6984,30, 0x4124,1, 0x18C5,22,
    0x4124,1, 0x6984,3, 0xBB29,2, 0xDC4D,2, 0xBB29,1, 0x6984,30, 0x4124,1, 0x18C5,25,
    0x4125,1, 0x6984,1, 0xBB29,1, 0xDC4D,2, 0xBB29,2, 0xF572,26, 0xDC4D,2, 0xBB29,1,
    0x4124,1, 0x18C5,25, 0x4125,1, 0x6984,1, 0xBB29,1, 0xDC4D,2, 0xBB29,2, 0xFE98,2,
    0xF572,1, 0xDC4D,23, 0xBB29,2, 0x6984,1, 0x4124,1, 0x18C5,25, 0x4125,1, 0x6984,1,
    0xBB29,1, 0xDC4D,2, 0xBB29,2, 0xFE98,2, 0xF572,1, 0xDC4D,23, 0xBB29,2, 0x6984,1,
    0x5144,1, 0x4124,6, 0x18C5,16, 0x4124,1, 0x6984,2, 0xBB29,1, 0xF572,1, 0xDC4D,3,
    0xBB29,2, 0xDC4D,26, 0xBB29,2, 0x6984,8, 0x18C5,16, 0x4124,1, 0x6984,2, 0xBB29,5,
    0x6984,1, 0xBB29,1, 0xDC4D,2, 0xFE98,1, 0xFFFF,1, 0xBB29,1, 0x6984,1, 0xDC4D,14,
    0xFE98,1, 0xFFFF,1, 0xBB29,1, 0x6984,1, 0xDC4D,2, 0xBB29,8, 0x6984,2, 0x4125,1,
    0x18C5,15, 0x4124,1, 0x6984,2, 0xBB29,5, 0x6984,1, 0xBB29,1, 0xDC4D,2, 0xFE98,1,
    0xFFFF,1, 0xBB29,1, 0x6984,1, 0xDC4D,14, 0xFE98,1, 0xFFFF,1, 0xBB29,1, 0x6984,1,
    0xDC4D,2, 0xBB29,2, 0xDC4D,6, 0x6984,3, 0x18C5,17, 0x4125,1, 0x6984,6, 0xBB29,1,
    0xDC4D,2, 0x6984,1, 0x1882,2, 0x6984,1, 0xDC4D,14, 0x6984,1, 0x1882,2, 0x6984,1,
    0xDC4D,2, 0xBB29,2, 0xDC4D,5, 0xBB29,1, 0x6984,3, 0x18C5,21, 0x4124,1, 0x6984,1,
    0xBB29,1, 0xDC4D,3, 0x6984,1, 0x1882,2, 0x6984,1, 0xDC4D,14, 0x6984,1, 0x1882,2,
    0x6984,1, 0xDC4D,2, 0xBB29,2, 0xDC4D,5, 0x6984,1, 0x4125,3, 0x18C5,21, 0x4124,1,
    0x6984,1, 0xBB29,1, 0xDC4D,3, 0x6984,1, 0x1882,2, 0x6984,1, 0xDC4D,14, 0x6984,1,
    0x1882,2, 0x6984,1, 0xDC4D,2, 0xBB29,2, 0xDC4D,5, 0x6984,1, 0x18C5,24, 0x4124,1,
    0x6984,1, 0xBB29,1, 0xDC4D,3, 0x6984,1, 0x1882,2, 0x6984,1, 0xDC4D,14, 0x6984,1,
    0x1882,2, 0x6984,1, 0xDC4D,2, 0xBB29,2, 0xDC4D,5, 0x6984,1, 0x18C5,24, 0x4124,1,
    0x6984,1, 0xBB29,1, 0xDC4D,27, 0xBB29,2, 0xDC4D,5, 0xBB29,1, 0x4125,3, 0x18C5,21,
    0x4124,1, 0x6984,1, 0xBB29,1, 0xDC4D,27, 0xBB29,7, 0xDC4D,1, 0x6984,3, 0x18C5,21,
    0x4124,1, 0x6984,1, 0xBB29,1, 0xDC4D,27, 0xBB29,10, 0x6984,1, 0x18C5,21, 0x4124,1,
    0x6984,1, 0xBB29,1, 0xDC4D,27, 0xBB29,2, 0x6984,8, 0x4125,1, 0x18C5,21, 0x4124,1,
    0x6984,1, 0xBB29,1, 0xDC4D,27, 0xBB29,2, 0x6984,1, 0x5144,1, 0x4124,6, 0x18C5,22,
    0x4124,1, 0x6984,1, 0xBB29,30, 0x6984,1, 0x4124,1, 0x18C5,28, 0x4124,1, 0x6984,1,
    0xBB29,30, 0x6984,1, 0x4124,1, 0x18C5,28, 0x4124,1, 0x6984,1, 0xBB29,30, 0x6984,1,
    0x4124,1, 0x18C5,28, 0x4124,1, 0x6984,32, 0x4124,1, 0x18C5,30, 0xBB29,2, 0x6984,1,
    0x18C5,3, 0xBB29,2, 0x6984,1, 0x18C5,9, 0xBB29,2, 0x6984,1, 0x18C5,3, 0xBB29,2,
    0x6984,1, 0x18C5,35, 0xBB29,2, 0x6984,1, 0x18C5,3, 0xBB29,2, 0x6984,1, 0x18C5,9,
    0xBB29,2, 0x6984,1, 0x18C5,3, 0xBB29,2, 0x6984,1, 0x18C5,35, 0xBB29,2, 0x6984,1,
    0x18C5,3, 0xBB29,2, 0x6984,1, 0x18C5,9, 0xBB29,2, 0x6984,1, 0x18C5,3, 0xBB29,2,
    0x6984,1, 0x18C5,35, 0xBB29,2, 0x6984,1, 0x18C5,3, 0xBB29,2, 0x6984,1, 0x18C5,9,
    0xBB29,2, 0x6984,1, 0x18C5,3, 0xBB29,2, 0x6984,1, 0x18C5,35, 0xBB29,2, 0x6984,1,
    0x18C5,3, 0xBB29,2, 0x6984,1, 0x18C5,9, 0xBB29,2, 0x6984,1, 0x18C5,3, 0xBB29,2,
    0x6984,1, 0x18C5,35, 0x6984,3, 0x18C5,3, 0x6984,3, 0x18C5,9, 0x6984,3, 0x18C5,3,
    0x6984,3, 0x18C5,32, 0x1084,36, 0x18C5,26, 0x1084,36, 0x18C5,31, 0x10A4,27, 0x18C5,16,
    0x18C5,696, 0x6984,33, 0x18C5,23, 0x28E5,1, 0x4124,5, 0x6984,33, 0x18C5,23, 0x4125,1,
    0x6984,7, 0xF572,28, 0xDC4D,2, 0x6984,1, 0x18C5,21, 0x28E5,1, 0x4125,1, 0x69A5,1,
    0xBB29,7, 0xF572,1, 0xFE98,3, 0xDC4D,24, 0xBB29,2, 0x6984,1, 0x18C5,21, 0x4124,1,
    0x6984,2, 0xBB29,1, 0xDC4D,5, 0xBB29,1, 0xF572,1, 0xFE98,3, 0xDC4D,24, 0xBB29,2,
    0x6984,1, 0x4124,6, 0x28E5,1, 0x18C5,14, 0x4124,1, 0x6984,3, 0xBB29,2, 0xDC4D,3,
    0xBB29,1, 0xF572,1, 0xDC4D,27, 0xBB29,1, 0x6984,8, 0x4125,1, 0x18C5,14, 0x28E5,1,
    0x4125,2, 0x69A5,1, 0x6984,1, 0xBB29,1, 0xDC4D,3, 0xBB29,1, 0xF572,1, 0xDC4D,3,
    0xFFFF,2, 0x1882,1, 0xDC4D,15, 0xFFFF,2, 0x1882,1, 0xDC4D,3, 0xBB29,8, 0x6984,1,
    0x69A5,1, 0x28E5,1, 0x18C5,16, 0x4125,1, 0x6984,1, 0xBB29,1, 0xDC4D,3, 0xBB29,1,
    0xF572,1, 0xDC4D,3, 0xFFFF,2, 0x1882,1, 0xDC4D,15, 0xFFFF,2, 0x1882,1, 0xDC4D,3,
    0xBB29,1, 0xDC4D,6, 0xBB29,1, 0x6984,2, 0x4124,1, 0x18C5,16, 0x4125,1, 0x6984,1,
    0xBB29,1, 0xDC4D,3, 0xBB29,1, 0xF572,1, 0xDC4D,3, 0x1882,3, 0xDC4D,15, 0x1882,3,
    0xDC4D,3, 0xBB29,2, 0xDC4D,4, 0xBB29,1, 0x6984,3, 0x4124,1, 0x18C5,13, 0x28E5,1,
    0x4125,2, 0x7A48,1, 0xBB29,1, 0xDC4D,4, 0xBB29,1, 0xF572,1, 0xDC4D,3, 0x1882,3,
    0xDC4D,15, 0x1882,3, 0xDC4D,3, 0xBB29,2, 0xDC4D,4, 0xBB29,1, 0x69A5,1, 0x4125,2,
    0x28E5,1, 0x18C5,13, 0x4124,1, 0x6984,2, 0xBB29,1, 0xDC4D,2, 0xBB29,4, 0xF572,1,
    0xDC4D,3, 0x1882,3, 0xDC4D,15, 0x1882,3, 0xDC4D,3, 0xBB29,2, 0xDC4D,4, 0xBB29,1,
    0x4125,1, 0x18C5,16, 0x4124,1, 0x6984,2, 0xBB29,6, 0x6984,1, 0xF572,1, 0xDC4D,3,
    0x1882,3, 0xDC4D,15, 0x1882,3, 0xDC4D,3, 0xBB29,2, 0xDC4D,4, 0xBB29,1, 0x4125,1,
    0x18C5,16, 0x28E5,1, 0x4125,1, 0x69A5,1, 0x6984,7, 0xF572,1, 0xDC4D,27, 0xBB29,2,
    0xDC4D,5, 0x7A48,1, 0x4125,2, 0x28E5,1, 0x18C5,15, 0x28E5,1, 0x4124,5, 0x6984,2,
    0xF572,1, 0xDC4D,27, 0xBB29,6, 0xDC4D,1, 0xBB29,1, 0x6984,2, 0x4124,1, 0x18C5,21,
    0x6984,2, 0xF572,1, 0xDC4D,27, 0xBB29,9, 0x6984,1, 0x4124,1, 0x18C5,21, 0x6984,2,
    0xF572,1, 0xDC4D,27, 0xBB29,2, 0x6984,7, 0x69A5,1, 0x28E5,1, 0x18C5,21, 0x6984,2,
    0xF572,1, 0xDC4D,27, 0xBB29,2, 0x6984,1, 0x4124,6, 0x28E5,1, 0x18C5,22, 0x6984,2,
    0xDC4D,1, 0xBB29,29, 0x6984,1, 0x18C5,29, 0x6984,2, 0xDC4D,1, 0xBB29,29, 0x6984,1,
    0x18C5,29, 0x6984,2, 0xDC4D,1, 0xBB29,29, 0x6984,1, 0x18C5,29, 0x6984,33, 0x18C5,32,
    0xBB29,2, 0x6984,1, 0x18C5,3, 0xBB29,2, 0x6984,1, 0x18C5,9, 0xBB29,2, 0x6984,1,
    0x18C5,3, 0xBB29,2, 0x6984,1, 0x18C5,35, 0xBB29,2, 0x6984,1, 0x18C5,3, 0xBB29,2,
    0x6984,1, 0x18C5,9, 0xBB29,2, 0x6984,1, 0x18C5,3, 0xBB29,2, 0x6984,1, 0x18C5,35,
    0xBB29,2, 0x6984,1, 0x18C5,3, 0xBB29,2, 0x6984,1, 0x18C5,9, 0xBB29,2, 0x6984,1,
    0x18C5,3, 0xBB29,2, 0x6984,1, 0x18C5,35, 0xBB29,2, 0x6984,1, 0x18C5,3, 0xBB29,2,
    0x6984,1, 0x18C5,9, 0xBB29,2, 0x6984,1, 0x18C5,3, 0xBB29,2, 0x6984,1, 0x18C5,35,
    0xBB29,2, 0x6984,1, 0x18C5,3, 0xBB29,2, 0x6984,1, 0x18C5,9, 0xBB29,2, 0x6984,1,
    0x18C5,3, 0xBB29,2, 0x6984,1, 0x18C5,35, 0x6984,3, 0x18C5,3, 0x6984,3, 0x18C5,9,
    0x6984,3, 0x18C5,3, 0x6984,3, 0x18C5,30, 0x10A4,1, 0x1084,35, 0x10A4,1, 0x18C5,25,
    0x10A4,1, 0x1084,35, 0x10A4,1, 0x18C5,30, 0x18C6,1, 0x10A4,26, 0x18C6,1, 0x18C5,17,
    0x18C5,696, 0x6984,33, 0x18C5,29, 0x6984,33, 0x18C5,29, 0x6984,2, 0xF572,28, 0xDC4D,2,
    0x6984,1, 0x18C5,29, 0x6984,2, 0xF572,1, 0xFE98,3, 0xDC4D,24, 0xBB29,2, 0x6984,1,
    0x18C5,23, 0x28E5,1, 0x4124,5, 0x6984,2, 0xF572,1, 0xFE98,3, 0xDC4D,24, 0xBB29,2,
    0x6984,1, 0x4124,6, 0x28E5,1, 0x18C5,16, 0x4125,1, 0x6984,7, 0xF572,1, 0xDC4D,27,
    0xBB29,1, 0x6984,8, 0x4125,1, 0x18C5,14, 0x28E5,1, 0x4125,1, 0x69A5,1, 0xBB29,7,
    0xF572,1, 0xDC4D,3, 0xFFFF,2, 0x1882,1, 0xDC4D,15, 0xFFFF,2, 0x1882,1, 0xDC4D,3,
    0xBB29,8, 0x6984,1, 0x69A5,1, 0x28E5,1, 0x18C5,13, 0x4124,1, 0x6984,2, 0xBB29,1,
    0xDC4D,5, 0xBB29,1, 0xF572,1, 0xDC4D,3, 0xFFFF,2, 0x1882,1, 0xDC4D,15, 0xFFFF,2,
    0x1882,1, 0xDC4D,3, 0xBB29,1, 0xDC4D,6, 0xBB29,1, 0x6984,2, 0x4124,1, 0x18C5,13,
    0x4124,1, 0x6984,3, 0xBB29,2, 0xDC4D,3, 0xBB29,1, 0xF572,1, 0xDC4D,3, 0x1882,3,
    0xDC4D,15, 0x1882,3, 0xDC4D,3, 0xBB29,2, 0xDC4D,4, 0xBB29,1, 0x6984,3, 0x4124,1,
    0x18C5,13, 0x28E5,1, 0x4125,2, 0x69A5,1, 0x6984,1, 0xBB29,1, 0xDC4D,3, 0xBB29,1,
    0xF572,1, 0xDC4D,3, 0x1882,3, 0xDC4D,15, 0x1882,3, 0xDC4D,3, 0xBB29,2, 0xDC4D,4,
    0xBB29,1, 0x69A5,1, 0x4125,2, 0x28E5,1, 0x18C5,16, 0x4125,1, 0x6984,1, 0xBB29,1,
    0xDC4D,3, 0xBB29,1, 0xF572,1, 0xDC4D,3, 0x1882,3, 0xDC4D,15, 0x1882,3, 0xDC4D,3,
    0xBB29,2, 0xDC4D,4, 0xBB29,1, 0x4125,1, 0x18C5,19, 0x4125,1, 0x6984,1, 0xBB29,1,
    0xDC4D,3, 0xBB29,1, 0xF572,1, 0xDC4D,3, 0x1882,3, 0xDC4D,15, 0x1882,3, 0xDC4D,3,
    0xBB29,2, 0xDC4D,4, 0xBB29,1, 0x4125,1, 0x18C5,16, 0x28E5,1, 0x4125,2, 0x7A48,1,
    0xBB29,1, 0xDC4D,4, 0xBB29,1, 0xF572,1, 0xDC4D,27, 0xBB29,2, 0xDC4D,5, 0x7A48,1,
    0x4125,2, 0x28E5,1, 0x18C5,13, 0x4124,1, 0x6984,2, 0xBB29,1, 0xDC4D,2, 0xBB29,4,
    0xF572,1, 0xDC4D,27, 0xBB29,6, 0xDC4D,1, 0xBB29,1, 0x6984,2, 0x4124,1, 0x18C5,13,
    0x4124,1, 0x6984,2, 0xBB29,6, 0x6984,1, 0xF572,1, 0xDC4D,27, 0xBB29,9, 0x6984,1,
    0x4124,1, 0x18C5,13, 0x28E5,1, 0x4125,1, 0x69A5,1, 0x6984,7, 0xF572,1, 0xDC4D,27,
    0xBB29,2, 0x6984,7, 0x69A5,1, 0x28E5,1, 0x18C5,15, 0x28E5,1, 0x4124,5, 0x6984,2,
    0xF572,1, 0xDC4D,27, 0xBB29,2, 0x6984,1, 0x4124,6, 0x28E5,1, 0x18C5,22, 0x6984,2,
    0xDC4D,1, 0xBB29,29, 0x6984,1, 0x18C5,29, 0x6984,2, 0xDC4D,1, 0xBB29,29, 0x6984,1,
    0x18C5,29, 0x6984,2, 0xDC4D,1, 0xBB29,29, 0x6984,1, 0x18C5,29, 0x6984,33, 0x18C5,32,
    0xBB29,2, 0x6984,1, 0x18C5,3, 0xBB29,2, 0x6984,1, 0x18C5,9, 0xBB29,2, 0x6984,1,
    0x18C5,3, 0xBB29,2, 0x6984,1, 0x18C5,35, 0xBB29,2, 0x6984,1, 0x18C5,3, 0xBB29,2,
    0x6984,1, 0x18C5,9, 0xBB29,2, 0x6984,1, 0x18C5,3, 0xBB29,2, 0x6984,1, 0x18C5,35,
    0xBB29,2, 0x6984,1, 0x18C5,3, 0xBB29,2, 0x6984,1, 0x18C5,9, 0xBB29,2, 0x6984,1,
    0x18C5,3, 0xBB29,2, 0x6984,1, 0x18C5,35, 0xBB29,2, 0x6984,1, 0x18C5,3, 0xBB29,2,
    0x6984,1, 0x18C5,9, 0xBB29,2, 0x6984,1, 0x18C5,3, 0xBB29,2, 0x6984,1, 0x18C5,35,
    0xBB29,2, 0x6984,1, 0x18C5,3, 0xBB29,2, 0x6984,1, 0x18C5,9, 0xBB29,2, 0x6984,1,
    0x18C5,3, 0xBB29,2, 0x6984,1, 0x18C5,35, 0x6984,3, 0x18C5,3, 0x6984,3, 0x18C5,9,
    0x6984,3, 0x18C5,3, 0x6984,3, 0x18C5,30, 0x10A4,1, 0x1084,35, 0x10A4,1, 0x18C5,25,
    0x10A4,1, 0x1084,35, 0x10A4,1, 0x18C5,30, 0x18C6,1, 0x10A4,26, 0x18C6,1, 0x18C5,17,
    0x18C5,694, 0x4124,1, 0x6984,32, 0x4124,1, 0x18C5,28, 0x4124,1, 0x6984,32, 0x4124,1,
    0x18C5,28, 0x4124,1, 0x6984,1, 0xBB29,1, 0xF572,27, 0xDC4D,2, 0xBB29,1, 0x4124,1,
    0x18C5,28, 0x4124,1, 0x6984,1, 0xBB29,1, 0xF572,1, 0xFE98,2, 0xF572,1, 0xDC4D,23,
    0xBB29,2, 0x6984,1, 0x4124,1, 0x18C5,23, 0x4124,5, 0x5144,1, 0x6984,1, 0xBB29,1,
    0xF572,1, 0xFE98,2, 0xF572,1, 0xDC4D,23, 0xBB29,2, 0x6984,1, 0x5144,1, 0x4124,6,
    0x18C5,17, 0x6984,7, 0xBB29,1, 0xDC4D,27, 0xBB29,2, 0x6984,8, 0x18C5,15, 0x4125,2,
    0x6984,1, 0xBB29,7, 0xDC4D,2, 0xFFFF,2, 0x1882,1, 0xDC4D,15, 0xFFFF,2, 0x1882,1,
    0xDC4D,4, 0xBB29,8, 0x6984,2, 0x4125,1, 0x18C5,14, 0x6984,3, 0xDC4D,6, 0xBB29,1,
    0xDC4D,2, 0xFFFF,2, 0x1882,1, 0xDC4D,15, 0xFFFF,2, 0x1882,1, 0xDC4D,4, 0xBB29,2,
    0xDC4D,6, 0x6984,3, 0x18C5,14, 0x6984,3, 0xBB29,2, 0xDC4D,4, 0xBB29,1, 0xDC4D,2,
    0x1882,3, 0xDC4D,15, 0x1882,3, 0xDC4D,4, 0xBB29,2, 0xDC4D,5, 0xBB29,1, 0x6984,3,
    0x18C5,14, 0x4125,3, 0x6984,2, 0xDC4D,4, 0xBB29,1, 0xDC4D,2, 0x1882,3, 0xDC4D,15,
    0x1882,3, 0xDC4D,4, 0xBB29,2, 0xDC4D,5, 0x6984,1, 0x4125,3, 0x18C5,17, 0x6984,2,
    0xDC4D,4, 0xBB29,1, 0xDC4D,2, 0x1882,3, 0xDC4D,15, 0x1882,3, 0xDC4D,4, 0xBB29,2,
    0xDC4D,5, 0x6984,1, 0x18C5,20, 0x6984,2, 0xDC4D,4, 0xBB29,1, 0xDC4D,2, 0x1882,3,
    0xDC4D,15, 0x1882,3, 0xDC4D,4, 0xBB29,2, 0xDC4D,5, 0x6984,1, 0x18C5,17, 0x4125,3,
    0xBB29,2, 0xDC4D,4, 0xBB29,1, 0xDC4D,27, 0xBB29,2, 0xDC4D,5, 0xBB29,1, 0x4125,3,
    0x18C5,14, 0x6984,3, 0xDC4D,2, 0xBB29,5, 0xDC4D,27, 0xBB29,7, 0xDC4D,1, 0x6984,3,
    0x18C5,14, 0x6984,2, 0xBB29,8, 0xDC4D,27, 0xBB29,10, 0x6984,1, 0x18C5,14, 0x4125,2,
    0x6984,7, 0xBB29,1, 0xDC4D,27, 0xBB29,2, 0x6984,8, 0x4125,1, 0x18C5,16, 0x4124,5,
    0x5144,1, 0x6984,1, 0xBB29,1, 0xDC4D,27, 0xBB29,2, 0x6984,1, 0x5144,1, 0x4124,6,
    0x18C5,22, 0x4124,1, 0x6984,1, 0xBB29,30, 0x6984,1, 0x4124,1, 0x18C5,28, 0x4124,1,
    0x6984,1, 0xBB29,30, 0x6984,1, 0x4124,1, 0x18C5,28, 0x4124,1, 0x6984,1, 0xBB29,30,
    0x6984,1, 0x4124,1, 0x18C5,28, 0x4124,1, 0x6984,32, 0x4124,1, 0x18C5,33, 0xBB29,2,
    0x6984,1, 0x18C5,3, 0xBB29,2, 0x6984,1, 0x18C5,9, 0xBB29,2, 0x6984,1, 0x18C5,3,
    0xBB29,2, 0x6984,1, 0x18C5,35, 0xBB29,2, 0x6984,1, 0x18C5,3, 0xBB29,2, 0x6984,1,
    0x18C5,9, 0xBB29,2, 0x6984,1, 0x18C5,3, 0xBB29,2, 0x6984,1, 0x18C5,35, 0xBB29,2,
    0x6984,1, 0x18C5,3, 0xBB29,2, 0x6984,1, 0x18C5,9, 0xBB29,2, 0x6984,1, 0x18C5,3,
    0xBB29,2, 0x6984,1, 0x18C5,35, 0xBB29,2, 0x6984,1, 0x18C5,3, 0xBB29,2, 0x6984,1,
    0x18C5,9, 0xBB29,2, 0x6984,1, 0x18C5,3, 0xBB29,2, 0x6984,1, 0x18C5,35, 0xBB29,2,
    0x6984,1, 0x18C5,3, 0xBB29,2, 0x6984,1, 0x18C5,9, 0xBB29,2, 0x6984,1, 0x18C5,3,
    0xBB29,2, 0x6984,1, 0x18C5,35, 0x6984,3, 0x18C5,3, 0x6984,3, 0x18C5,9, 0x6984,3,
    0x18C5,3, 0x6984,3, 0x18C5,29, 0x1084,36, 0x18C5,26, 0x1084,36, 0x18C5,31, 0x10A4,27,
    0x18C5,19, 0x18C5,693, 0x6984,33, 0x18C5,29, 0x6984,33, 0x18C5,29, 0x6984,2, 0xF572,28,
    0xDC4D,2, 0x6984,1, 0x18C5,29, 0x6984,2, 0xF572,1, 0xFE98,3, 0xDC4D,24, 0xBB29,2,
    0x6984,1, 0x18C5,23, 0x28E5,1, 0x4124,5, 0x6984,2, 0xF572,1, 0xFE98,3, 0xDC4D,24,
    0xBB29,2, 0x6984,1, 0x4124,6, 0x28E5,1, 0x18C5,16, 0x4125,1, 0x6984,7, 0xF572,1,
    0xDC4D,27, 0xBB29,1, 0x6984,8, 0x4125,1, 0x18C5,14, 0x28E5,1, 0x4125,1, 0x69A5,1,
    0xBB29,7, 0xF572,1, 0xFFFF,2, 0x1882,1, 0xDC4D,15, 0xFFFF,2, 0x1882,1, 0xDC4D,6,
    0xBB29,8, 0x6984,1, 0x69A5,1, 0x28E5,1, 0x18C5,13, 0x4124,1, 0x6984,2, 0xBB29,1,
    0xDC4D,5, 0xBB29,1, 0xF572,1, 0xFFFF,2, 0x1882,1, 0xDC4D,15, 0xFFFF,2, 0x1882,1,
    0xDC4D,6, 0xBB29,1, 0xDC4D,6, 0xBB29,1, 0x6984,2, 0x4124,1, 0x18C5,13, 0x4124,1,
    0x6984,3, 0xBB29,2, 0xDC4D,3, 0xBB29,1, 0xF572,1, 0x1882,3, 0xDC4D,15, 0x1882,3,
    0xDC4D,6, 0xBB29,2, 0xDC4D,4, 0xBB29,1, 0x6984,3, 0x4124,1, 0x18C5,13, 0x28E5,1,
    0x4125,2, 0x69A5,1, 0x6984,1, 0xBB29,1, 0xDC4D,3, 0xBB29,1, 0xF572,1, 0x1882,3,
    0xDC4D,15, 0x1882,3, 0xDC4D,6, 0xBB29,2, 0xDC4D,4, 0xBB29,1, 0x69A5,1, 0x4125,2,
    0x28E5,1, 0x18C5,16, 0x4125,1, 0x6984,1, 0xBB29,1, 0xDC4D,3, 0xBB29,1, 0xF572,1,
    0x1882,3, 0xDC4D,15, 0x1882,3, 0xDC4D,6, 0xBB29,2, 0xDC4D,4, 0xBB29,1, 0x4125,1,
    0x18C5,19, 0x4125,1, 0x6984,1, 0xBB29,1, 0xDC4D,3, 0xBB29,1, 0xF572,1, 0x1882,3,
    0xDC4D,15, 0x1882,3, 0xDC4D,6, 0xBB29,2, 0xDC4D,4, 0xBB29,1, 0x4125,1, 0x18C5,16,
    0x28E5,1, 0x4125,2, 0x7A48,1, 0xBB29,1, 0xDC4D,4, 0xBB29,1, 0xF572,1, 0xDC4D,27,
    0xBB29,2, 0xDC4D,5, 0x7A48,1, 0x4125,2, 0x28E5,1, 0x18C5,13, 0x4124,1, 0x6984,2,
    0xBB29,1, 0xDC4D,2, 0xBB29,4, 0xF572,1, 0xDC4D,27, 0xBB29,6, 0xDC4D,1, 0xBB29,1,
    0x6984,2, 0x4124,1, 0x18C5,13, 0x4124,1, 0x6984,2, 0xBB29,6, 0x6984,1, 0xF572,1,
    0xDC4D,27, 0xBB29,9, 0x6984,1, 0x4124,1, 0x18C5,13, 0x28E5,1, 0x4125,1, 0x69A5,1,
    0x6984,7, 0xF572,1, 0xDC4D,27, 0xBB29,2, 0x6984,7, 0x69A5,1, 0x28E5,1, 0x18C5,15,
    0x28E5,1, 0x4124,5, 0x6984,2, 0xF572,1, 0xDC4D,27, 0xBB29,2, 0x6984,1, 0x4124,6,
    0x28E5,1, 0x18C5,22, 0x6984,2, 0xDC4D,1, 0xBB29,29, 0x6984,1, 0x18C5,29, 0x6984,2,
    0xDC4D,1, 0xBB29,29, 0x6984,1, 0x18C5,29, 0x6984,2, 0xDC4D,1, 0xBB29,29, 0x6984,1,
    0x18C5,29, 0x6984,33, 0x18C5,35, 0xBB29,2, 0x6984,1, 0x18C5,3, 0xBB29,2, 0x6984,1,
    0x18C5,9, 0xBB29,2, 0x6984,1, 0x18C5,3, 0xBB29,2, 0x6984,1, 0x18C5,35, 0xBB29,2,
    0x6984,1, 0x18C5,3, 0xBB29,2, 0x6984,1, 0x18C5,9, 0xBB29,2, 0x6984,1, 0x18C5,3,
    0xBB29,2, 0x6984,1, 0x18C5,35, 0xBB29,2, 0x6984,1, 0x18C5,3, 0xBB29,2, 0x6984,1,
    0x18C5,9, 0xBB29,2, 0x6984,1, 0x18C5,3, 0xBB29,2, 0x6984,1, 0x18C5,35, 0xBB29,2,
    0x6984,1, 0x18C5,3, 0xBB29,2, 0x6984,1, 0x18C5,9, 0xBB29,2, 0x6984,1, 0x18C5,3,
    0xBB29,2, 0x6984,1, 0x18C5,35, 0xBB29,2, 0x6984,1, 0x18C5,3, 0xBB29,2, 0x6984,1,
    0x18C5,9, 0xBB29,2, 0x6984,1, 0x18C5,3, 0xBB29,2, 0x6984,1, 0x18C5,35, 0x6984,3,
    0x18C5,3, 0x6984,3, 0x18C5,9, 0x6984,3, 0x18C5,3, 0x6984,3, 0x18C5,27, 0x10A4,1,
    0x1084,35, 0x10A4,1, 0x18C5,25, 0x10A4,1, 0x1084,35, 0x10A4,1, 0x18C5,30, 0x18C6,1,
    0x10A4,26, 0x18C6,1, 0x18C5,20, 0x18C5,693, 0x6984,33, 0x18C5,29, 0x6984,33, 0x18C5,29,
    0x6984,2, 0xF572,28, 0xDC4D,2, 0x6984,1, 0x18C5,29, 0x6984,2, 0xF572,1, 0xFE98,3,
    0xDC4D,24, 0xBB29,2, 0x6984,1, 0x18C5,23, 0x28E5,1, 0x4124,5, 0x6984,2, 0xF572,1,
    0xFE98,3, 0xDC4D,24, 0xBB29,2, 0x6984,1, 0x4124,6, 0x28E5,1, 0x18C5,16, 0x4125,1,
    0x6984,7, 0xF572,1, 0xDC4D,27, 0xBB29,1, 0x6984,8, 0x4125,1, 0x18C5,14, 0x28E5,1,
    0x4125,1, 0x69A5,1, 0xBB29,7, 0xF572,1, 0xFFFF,2, 0x1882,1, 0xDC4D,15, 0xFFFF,2,
    0x1882,1, 0xDC4D,6, 0xBB29,8, 0x6984,1, 0x69A5,1, 0x28E5,1, 0x18C5,13, 0x4124,1,
    0x6984,2, 0xBB29,1, 0xDC4D,5, 0xBB29,1, 0xF572,1, 0xFFFF,2, 0x1882,1, 0xDC4D,15,
    0xFFFF,2, 0x1882,1, 0xDC4D,6, 0xBB29,1, 0xDC4D,6, 0xBB29,1, 0x6984,2, 0x4124,1,
    0x18C5,13, 0x4124,1, 0x6984,3, 0xBB29,2, 0xDC4D,3, 0xBB29,1, 0xF572,1, 0x1882,3,
    0xDC4D,15, 0x1882,3, 0xDC4D,6, 0xBB29,2, 0xDC4D,4, 0xBB29,1, 0x6984,3, 0x4124,1,
    0x18C5,13, 0x28E5,1, 0x4125,2, 0x69A5,1, 0x6984,1, 0xBB29,1, 0xDC4D,3, 0xBB29,1,
    0xF572,1, 0x1882,3, 0xDC4D,15, 0x1882,3, 0xDC4D,6, 0xBB29,2, 0xDC4D,4, 0xBB29,1,
    0x69A5,1, 0x4125,2, 0x28E5,1, 0x18C5,16, 0x4125,1, 0x6984,1, 0xBB29,1, 0xDC4D,3,
    0xBB29,1, 0xF572,1, 0x1882,3, 0xDC4D,15, 0x1882,3, 0xDC4D,6, 0xBB29,2, 0xDC4D,4,
    0xBB29,1, 0x4125,1, 0x18C5,19, 0x4125,1, 0x6984,1, 0xBB29,1, 0xDC4D,3, 0xBB29,1,
    0xF572,1, 0x1882,3, 0xDC4D,15, 0x1882,3, 0xDC4D,6, 0xBB29,2, 0xDC4D,4, 0xBB29,1,
    0x4125,1, 0x18C5,16, 0x28E5,1, 0x4125,2, 0x7A48,1, 0xBB29,1, 0xDC4D,4, 0xBB29,1,
    0xF572,1, 0xDC4D,27, 0xBB29,2, 0xDC4D,5, 0x7A48,1, 0x4125,2, 0x28E5,1, 0x18C5,13,
    0x4124,1, 0x6984,2, 0xBB29,1, 0xDC4D,2, 0xBB29,4, 0xF572,1, 0xDC4D,27, 0xBB29,6,
    0xDC4D,1, 0xBB29,1, 0x6984,2, 0x4124,1, 0x18C5,13, 0x4124,1, 0x6984,2, 0xBB29,6,
    0x6984,1, 0xF572,1, 0xDC4D,27, 0xBB29,9, 0x6984,1, 0x4124,1, 0x18C5,13, 0x28E5,1,
    0x4125,1, 0x69A5,1, 0x6984,7, 0xF572,1, 0xDC4D,27, 0xBB29,2, 0x6984,7, 0x69A5,1,
    0x28E5,1, 0x18C5,15, 0x28E5,1, 0x4124,5, 0x6984,2, 0xF572,1, 0xDC4D,27, 0xBB29,2,
    0x6984,1, 0x4124,6, 0x28E5,1, 0x18C5,22, 0x6984,2, 0xDC4D,1, 0xBB29,29, 0x6984,1,
    0x18C5,29, 0x6984,2, 0xDC4D,1, 0xBB29,29, 0x6984,1, 0x18C5,29, 0x6984,2, 0xDC4D,1,
    0xBB29,29, 0x6984,1, 0x18C5,29, 0x6984,33, 0x18C5,35, 0xBB29,2, 0x6984,1, 0x18C5,3,
    0xBB29,2, 0x6984,1, 0x18C5,9, 0xBB29,2, 0x6984,1, 0x18C5,3, 0xBB29,2, 0x6984,1,
    0x18C5,35, 0xBB29,2, 0x6984,1, 0x18C5,3, 0xBB29,2, 0x6984,1, 0x18C5,9, 0xBB29,2,
    0x6984,1, 0x18C5,3, 0xBB29,2, 0x6984,1, 0x18C5,35, 0xBB29,2, 0x6984,1, 0x18C5,3,
    0xBB29,2, 0x6984,1, 0x18C5,9, 0xBB29,2, 0x6984,1, 0x18C5,3, 0xBB29,2, 0x6984,1,
    0x18C5,35, 0xBB29,2, 0x6984,1, 0x18C5,3, 0xBB29,2, 0x6984,1, 0x18C5,9, 0xBB29,2,
    0x6984,1, 0x18C5,3, 0xBB29,2, 0x6984,1, 0x18C5,35, 0xBB29,2, 0x6984,1, 0x18C5,3,
    0xBB29,2, 0x6984,1, 0x18C5,9, 0xBB29,2, 0x6984,1, 0x18C5,3, 0xBB29,2, 0x6984,1,
    0x18C5,35, 0x6984,3, 0x18C5,3, 0x6984,3, 0x18C5,9, 0x6984,3, 0x18C5,3, 0x6984,3,
    0x18C5,27, 0x10A4,1, 0x1084,35, 0x10A4,1, 0x18C5,25, 0x10A4,1, 0x1084,35, 0x10A4,1,
    0x18C5,30, 0x18C6,1, 0x10A4,26, 0x18C6,1, 0x18C5,20, 0x18C5,693, 0x6984,33, 0x18C5,29,
    0x6984,33, 0x18C5,29, 0x6984,2, 0xF572,28, 0xDC4D,2, 0x6984,1, 0x18C5,29, 0x6984,2,
    0xF572,1, 0xFE98,3, 0xDC4D,24, 0xBB29,2, 0x6984,1, 0x18C5,23, 0x28E5,1, 0x4124,5,
    0x6984,2, 0xF572,1, 0xFE98,3, 0xDC4D,24, 0xBB29,2, 0x6984,1, 0x4124,6, 0x28E5,1,
    0x18C5,16, 0x4125,1, 0x6984,7, 0xF572,1, 0xDC4D,27, 0xBB29,1, 0x6984,8, 0x4125,1,
    0x18C5,14, 0x28E5,1, 0x4125,1, 0x69A5,1, 0xBB29,7, 0xF572,1, 0xFFFF,2, 0x1882,1,
    0xDC4D,15, 0xFFFF,2, 0x1882,1, 0xDC4D,6, 0xBB29,8, 0x6984,1, 0x69A5,1, 0x28E5,1,
    0x18C5,13, 0x4124,1, 0x6984,2, 0xBB29,1, 0xDC4D,5, 0xBB29,1, 0xF572,1, 0xFFFF,2,
    0x1882,1, 0xDC4D,15, 0xFFFF,2, 0x1882,1, 0xDC4D,6, 0xBB29,1, 0xDC4D,6, 0xBB29,1,
    0x6984,2, 0x4124,1, 0x18C5,13, 0x4124,1, 0x6984,3, 0xBB29,2, 0xDC4D,3, 0xBB29,1,
    0xF572,1, 0x1882,3, 0xDC4D,15, 0x1882,3, 0xDC4D,6, 0xBB29,2, 0xDC4D,4, 0xBB29,1,
    0x6984,3, 0x4124,1, 0x18C5,13, 0x28E5,1, 0x4125,2, 0x69A5,1, 0x6984,1, 0xBB29,1,
    0xDC4D,3, 0xBB29,1, 0xF572,1, 0x1882,3, 0xDC4D,15, 0x1882,3, 0xDC4D,6, 0xBB29,2,
    0xDC4D,4, 0xBB29,1, 0x69A5,1, 0x4125,2, 0x28E5,1, 0x18C5,16, 0x4125,1, 0x6984,1,
    0xBB29,1, 0xDC4D,3, 0xBB29,1, 0xF572,1, 0x1882,3, 0xDC4D,15, 0x1882,3, 0xDC4D,6,
    0xBB29,2, 0xDC4D,4, 0xBB29,1, 0x4125,1, 0x18C5,19, 0x4125,1, 0x6984,1, 0xBB29,1,
    0xDC4D,3, 0xBB29,1, 0xF572,1, 0x1882,3, 0xDC4D,15, 0x1882,3, 0xDC4D,6, 0xBB29,2,
    0xDC4D,4, 0xBB29,1, 0x4125,1, 0x18C5,16, 0x28E5,1, 0x4125,2, 0x7A48,1, 0xBB29,1,
    0xDC4D,4, 0xBB29,1, 0xF572,1, 0xDC4D,27, 0xBB29,2, 0xDC4D,5, 0x7A48,1, 0x4125,2,
    0x28E5,1, 0x18C5,13, 0x4124,1, 0x6984,2, 0xBB29,1, 0xDC4D,2, 0xBB29,4, 0xF572,1,
    0xDC4D,27, 0xBB29,6, 0xDC4D,1, 0xBB29,1, 0x6984,2, 0x4124,1, 0x18C5,13, 0x4124,1,
    0x6984,2, 0xBB29,6, 0x6984,1, 0xF572,1, 0xDC4D,27, 0xBB29,9, 0x6984,1, 0x4124,1,
    0x18C5,13, 0x28E5,1, 0x4125,1, 0x69A5,1, 0x6984,7, 0xF572,1, 0xDC4D,27, 0xBB29,2,
    0x6984,7, 0x69A5,1, 0x28E5,1, 0x18C5,15, 0x28E5,1, 0x4124,5, 0x6984,2, 0xF572,1,
    0xDC4D,27, 0xBB29,2, 0x6984,1, 0x4124,6, 0x28E5,1, 0x18C5,22, 0x6984,2, 0xDC4D,1,
    0xBB29,29, 0x6984,1, 0x18C5,29, 0x6984,2, 0xDC4D,1, 0xBB29,29, 0x6984,1, 0x18C5,29,
    0x6984,2, 0xDC4D,1, 0xBB29,29, 0x6984,1, 0x18C5,29, 0x6984,33, 0x18C5,35, 0xBB29,2,
    0x6984,1, 0x18C5,3, 0xBB29,2, 0x6984,1, 0x18C5,9, 0xBB29,2, 0x6984,1, 0x18C5,3,
    0xBB29,2, 0x6984,1, 0x18C5,35, 0xBB29,2, 0x6984,1, 0x18C5,3, 0xBB29,2, 0x6984,1,
    0x18C5,9, 0xBB29,2, 0x6984,1, 0x18C5,3, 0xBB29,2, 0x6984,1, 0x18C5,35, 0xBB29,2,
    0x6984,1, 0x18C5,3, 0xBB29,2, 0x6984,1, 0x18C5,9, 0xBB29,2, 0x6984,1, 0x18C5,3,
    0xBB29,2, 0x6984,1, 0x18C5,35, 0xBB29,2, 0x6984,1, 0x18C5,3, 0xBB29,2, 0x6984,1,
    0x18C5,9, 0xBB29,2, 0x6984,1, 0x18C5,3, 0xBB29,2, 0x6984,1, 0x18C5,35, 0xBB29,2,
    0x6984,1, 0x18C5,3, 0xBB29,2, 0x6984,1, 0x18C5,9, 0xBB29,2, 0x6984,1, 0x18C5,3,
    0xBB29,2, 0x6984,1, 0x18C5,35, 0x6984,3, 0x18C5,3, 0x6984,3, 0x18C5,9, 0x6984,3,
    0x18C5,3, 0x6984,3, 0x18C5,27, 0x10A4,1, 0x1084,35, 0x10A4,1, 0x18C5,25, 0x10A4,1,
    0x1084,35, 0x10A4,1, 0x18C5,30, 0x18C6,1, 0x10A4,26, 0x18C6,1, 0x18C5,20, 0x18C5,693,
    0x6984,33, 0x18C5,29, 0x6984,33, 0x18C5,29, 0x6984,2, 0xF572,28, 0xDC4D,2, 0x6984,1,
    0x18C5,29, 0x6984,2, 0xF572,1, 0xFE98,3, 0xDC4D,24, 0xBB29,2, 0x6984,1, 0x18C5,23,
    0x28E5,1, 0x4124,5, 0x6984,2, 0xF572,1, 0xFE98,3, 0xDC4D,24, 0xBB29,2, 0x6984,1,
    0x4124,6, 0x28E5,1, 0x18C5,16, 0x4125,1, 0x6984,7, 0xF572,1, 0xDC4D,27, 0xBB29,1,
    0x6984,8, 0x4125,1, 0x18C5,14, 0x28E5,1, 0x4125,1, 0x69A5,1, 0xBB29,7, 0xF572,1,
    0xFFFF,2, 0x1882,1, 0xDC4D,15, 0xFFFF,2, 0x1882,1, 0xDC4D,6, 0xBB29,8, 0x6984,1,
    0x69A5,1, 0x28E5,1, 0x18C5,13, 0x4124,1, 0x6984,2, 0xBB29,1, 0xDC4D,5, 0xBB29,1,
    0xF572,1, 0xFFFF,2, 0x1882,1, 0xDC4D,15, 0xFFFF,2, 0x1882,1, 0xDC4D,6, 0xBB29,1,
    0xDC4D,6, 0xBB29,1, 0x6984,2, 0x4124,1, 0x18C5,13, 0x4124,1, 0x6984,3, 0xBB29,2,
    0xDC4D,3, 0xBB29,1, 0xF572,1, 0x1882,3, 0xDC4D,15, 0x1882,3, 0xDC4D,6, 0xBB29,2,
    0xDC4D,4, 0xBB29,1, 0x6984,3, 0x4124,1, 0x18C5,13, 0x28E5,1, 0x4125,2, 0x69A5,1,
    0x6984,1, 0xBB29,1, 0xDC4D,3, 0xBB29,1, 0xF572,1, 0x1882,3, 0xDC4D,15, 0x1882,3,
    0xDC4D,6, 0xBB29,2, 0xDC4D,4, 0xBB29,1, 0x69A5,1, 0x4125,2, 0x28E5,1, 0x18C5,16,
    0x4125,1, 0x6984,1, 0xBB29,1, 0xDC4D,3, 0xBB29,1, 0xF572,1, 0x1882,3, 0xDC4D,15,
    0x1882,3, 0xDC4D,6, 0xBB29,2, 0xDC4D,4, 0xBB29,1, 0x4125,1, 0x18C5,19, 0x4125,1,
    0x6984,1, 0xBB29,1, 0xDC4D,3, 0xBB29,1, 0xF572,1, 0x1882,3, 0xDC4D,15, 0x1882,3,
    0xDC4D,6, 0xBB29,2, 0xDC4D,4, 0xBB29,1, 0x4125,1, 0x18C5,16, 0x28E5,1, 0x4125,2,
    0x7A48,1, 0xBB29,1, 0xDC4D,4, 0xBB29,1, 0xF572,1, 0xDC4D,27, 0xBB29,2, 0xDC4D,5,
    0x7A48,1, 0x4125,2, 0x28E5,1, 0x18C5,13, 0x4124,1, 0x6984,2, 0xBB29,1, 0xDC4D,2,
    0xBB29,4, 0xF572,1, 0xDC4D,27, 0xBB29,6, 0xDC4D,1, 0xBB29,1, 0x6984,2, 0x4124,1,
    0x18C5,13, 0x4124,1, 0x6984,2, 0xBB29,6, 0x6984,1, 0xF572,1, 0xDC4D,27, 0xBB29,9,
    0x6984,1, 0x4124,1, 0x18C5,13, 0x28E5,1, 0x4125,1, 0x69A5,1, 0x6984,7, 0xF572,1,
    0xDC4D,27, 0xBB29,2, 0x6984,7, 0x69A5,1, 0x28E5,1, 0x18C5,15, 0x28E5,1, 0x4124,5,
    0x6984,2, 0xF572,1, 0xDC4D,27, 0xBB29,2, 0x6984,1, 0x4124,6, 0x28E5,1, 0x18C5,22,
    0x6984,2, 0xDC4D,1, 0xBB29,29, 0x6984,1, 0x18C5,29, 0x6984,2, 0xDC4D,1, 0xBB29,29,
    0x6984,1, 0x18C5,29, 0x6984,2, 0xDC4D,1, 0xBB29,29, 0x6984,1, 0x18C5,29, 0x6984,33,
    0x18C5,35, 0xBB29,2, 0x6984,1, 0x18C5,3, 0xBB29,2, 0x6984,1, 0x18C5,9, 0xBB29,2,
    0x6984,1, 0x18C5,3, 0xBB29,2, 0x6984,1, 0x18C5,35, 0xBB29,2, 0x6984,1, 0x18C5,3,
    0xBB29,2, 0x6984,1, 0x18C5,9, 0xBB29,2, 0x6984,1, 0x18C5,3, 0xBB29,2, 0x6984,1,
    0x18C5,35, 0xBB29,2, 0x6984,1, 0x18C5,3, 0xBB29,2, 0x6984,1, 0x18C5,9, 0xBB29,2,
    0x6984,1, 0x18C5,3, 0xBB29,2, 0x6984,1, 0x18C5,35, 0xBB29,2, 0x6984,1, 0x18C5,3,
    0xBB29,2, 0x6984,1, 0x18C5,9, 0xBB29,2, 0x6984,1, 0x18C5,3, 0xBB29,2, 0x6984,1,
    0x18C5,35, 0xBB29,2, 0x6984,1, 0x18C5,3, 0xBB29,2, 0x6984,1, 0x18C5,9, 0xBB29,2,
    0x6984,1, 0x18C5,3, 0xBB29,2, 0x6984,1, 0x18C5,35, 0x6984,3, 0x18C5,3, 0x6984,3,
    0x18C5,9, 0x6984,3, 0x18C5,3, 0x6984,3, 0x18C5,27, 0x10A4,1, 0x1084,35, 0x10A4,1,
    0x18C5,25, 0x10A4,1, 0x1084,35, 0x10A4,1, 0x18C5,30, 0x18C6,1, 0x10A4,26, 0x18C6,1,
    0x18C5,20, 0x18C5,693, 0x6984,33, 0x18C5,29, 0x6984,33, 0x18C5,29, 0x6984,2, 0xF572,28,
    0xDC4D,2, 0x6984,1, 0x18C5,29, 0x6984,2, 0xF572,1, 0xFE98,3, 0xDC4D,24, 0xBB29,2,
    0x6984,1, 0x18C5,23, 0x28E5,1, 0x4124,5, 0x6984,2, 0xF572,1, 0xFE98,3, 0xDC4D,24,
    0xBB29,2, 0x6984,1, 0x4124,6, 0x28E5,1, 0x18C5,16, 0x4125,1, 0x6984,7, 0xF572,1,
    0xDC4D,27, 0xBB29,1, 0x6984,8, 0x4125,1, 0x18C5,14, 0x28E5,1, 0x4125,1, 0x69A5,1,
    0xBB29,7, 0xF572,1, 0xDC4D,27, 0xBB29,8, 0x6984,1, 0x69A5,1, 0x28E5,1, 0x18C5,13,
    0x4124,1, 0x6984,2, 0xBB29,1, 0xDC4D,5, 0xBB29,1, 0xF572,1, 0xDC4D,27, 0xBB29,1,
    0xDC4D,6, 0xBB29,1, 0x6984,2, 0x4124,1, 0x18C5,13, 0x4124,1, 0x6984,3, 0xBB29,2,
    0xDC4D,3, 0xBB29,1, 0xF572,1, 0xDC4D,27, 0xBB29,2, 0xDC4D,4, 0xBB29,1, 0x6984,3,
    0x4124,1, 0x18C5,13, 0x28E5,1, 0x4125,2, 0x69A5,1, 0x6984,1, 0xBB29,1, 0xDC4D,3,
    0xBB29,1, 0xF572,1, 0xDC4D,27, 0xBB29,2, 0xDC4D,4, 0xBB29,1, 0x69A5,1, 0x4125,2,
    0x28E5,1, 0x18C5,16, 0x4125,1, 0x6984,1, 0xBB29,1, 0xDC4D,3, 0xBB29,1, 0xF572,1,
    0x6984,3, 0xDC4D,15, 0x6984,3, 0xDC4D,6, 0xBB29,2, 0xDC4D,4, 0xBB29,1, 0x4125,1,
    0x18C5,19, 0x4125,1, 0x6984,1, 0xBB29,1, 0xDC4D,3, 0xBB29,1, 0xF572,1, 0x1882,3,
    0xDC4D,15, 0x1882,3, 0xDC4D,6, 0xBB29,2, 0xDC4D,4, 0xBB29,1, 0x4125,1, 0x18C5,16,
    0x28E5,1, 0x4125,2, 0x7A48,1, 0xBB29,1, 0xDC4D,4, 0xBB29,1, 0xF572,1, 0x6984,3,
    0xDC4D,15, 0x6984,3, 0xDC4D,6, 0xBB29,2, 0xDC4D,5, 0x7A48,1, 0x4125,2, 0x28E5,1,
    0x18C5,13, 0x4124,1, 0x6984,2, 0xBB29,1, 0xDC4D,2, 0xBB29,4, 0xF572,1, 0xDC4D,27,
    0xBB29,6, 0xDC4D,1, 0xBB29,1, 0x6984,2, 0x4124,1, 0x18C5,13, 0x4124,1, 0x6984,2,
    0xBB29,6, 0x6984,1, 0xF572,1, 0xDC4D,27, 0xBB29,9, 0x6984,1, 0x4124,1, 0x18C5,13,
    0x28E5,1, 0x4125,1, 0x69A5,1, 0x6984,7, 0xF572,1, 0xDC4D,27, 0xBB29,2, 0x6984,7,
    0x69A5,1, 0x28E5,1, 0x18C5,15, 0x28E5,1, 0x4124,5, 0x6984,2, 0xF572,1, 0xDC4D,27,
    0xBB29,2, 0x6984,1, 0x4124,6, 0x28E5,1, 0x18C5,22, 0x6984,2, 0xDC4D,1, 0xBB29,29,
    0x6984,1, 0x18C5,29, 0x6984,2, 0xDC4D,1, 0xBB29,29, 0x6984,1, 0x18C5,29, 0x6984,2,
    0xDC4D,1, 0xBB29,29, 0x6984,1, 0x18C5,29, 0x6984,33, 0x18C5,35, 0xBB29,2, 0x6984,1,
    0x18C5,3, 0xBB29,2, 0x6984,1, 0x18C5,9, 0xBB29,2, 0x6984,1, 0x18C5,3, 0xBB29,2,
    0x6984,1, 0x18C5,35, 0xBB29,2, 0x6984,1, 0x18C5,3, 0xBB29,2, 0x6984,1, 0x18C5,9,
    0xBB29,2, 0x6984,1, 0x18C5,3, 0xBB29,2, 0x6984,1, 0x18C5,35, 0xBB29,2, 0x6984,1,
    0x18C5,3, 0xBB29,2, 0x6984,1, 0x18C5,9, 0xBB29,2, 0x6984,1, 0x18C5,3, 0xBB29,2,
    0x6984,1, 0x18C5,35, 0xBB29,2, 0x6984,1, 0x18C5,3, 0xBB29,2, 0x6984,1, 0x18C5,9,
    0xBB29,2, 0x6984,1, 0x18C5,3, 0xBB29,2, 0x6984,1, 0x18C5,35, 0xBB29,2, 0x6984,1,
    0x18C5,3, 0xBB29,2, 0x6984,1, 0x18C5,9, 0xBB29,2, 0x6984,1, 0x18C5,3, 0xBB29,2,
    0x6984,1, 0x18C5,35, 0x6984,3, 0x18C5,3, 0x6984,3, 0x18C5,9, 0x6984,3, 0x18C5,3,
    0x6984,3, 0x18C5,27, 0x10A4,1, 0x1084,35, 0x10A4,1, 0x18C5,25, 0x10A4,1, 0x1084,35,
    0x10A4,1, 0x18C5,30, 0x18C6,1, 0x10A4,26, 0x18C6,1, 0x18C5,20, 0x18C5,755, 0x4124,33,
    0x18C5,29, 0x6984,33, 0x18C5,29, 0x6984,2, 0xBB29,30, 0x6984,1, 0x18C5,29, 0x6984,2,
    0xF572,4, 0xDC4D,24, 0xBB29,2, 0x6984,1, 0x18C5,29, 0x6984,2, 0xF572,1, 0xFE98,3,
    0xDC4D,24, 0xBB29,2, 0x6984,1, 0x18C5,23, 0x4125,1, 0x6984,7, 0xF572,4, 0xDC4D,24,
    0xBB29,1, 0x6984,8, 0x4125,1, 0x18C5,16, 0x4125,1, 0x6984,7, 0xF572,1, 0xFE98,2,
    0x6984,1, 0xDC4D,15, 0xFE98,2, 0x6984,1, 0xDC4D,6, 0xBB29,1, 0x6984,8, 0x4125,1,
    0x18C5,14, 0x4124,1, 0x6984,2, 0xDC4D,1, 0xF572,5, 0xBB29,1, 0xF572,1, 0xFFFF,2,
    0x1882,1, 0xDC4D,15, 0xFFFF,2, 0x1882,1, 0xDC4D,6, 0xBB29,1, 0xDC4D,1, 0xF572,5,
    0xDC4D,1, 0xBB29,1, 0x6984,1, 0x4124,1, 0x18C5,13, 0x4124,1, 0x6984,3, 0xBB29,2,
    0xDC4D,3, 0xBB29,1, 0xF572,1, 0xBB29,2, 0x1882,1, 0xDC4D,15, 0xBB29,2, 0x1882,1,
    0xDC4D,6, 0xBB29,2, 0xDC4D,4, 0xBB29,1, 0x6984,3, 0x4124,1, 0x18C5,13, 0x4124,1,
    0x6984,3, 0xBB29,2, 0xDC4D,3, 0xBB29,1, 0xF572,1, 0x1882,3, 0xDC4D,15, 0x1882,3,
    0xDC4D,6, 0xBB29,2, 0xDC4D,4, 0xBB29,1, 0x6984,3, 0x4124,1, 0x18C5,16, 0x4125,1,
    0x6984,1, 0xBB29,1, 0xDC4D,3, 0xBB29,1, 0xF572,1, 0x1882,3, 0xDC4D,15, 0x1882,3,
    0xDC4D,6, 0xBB29,2, 0xDC4D,4, 0xBB29,1, 0x4125,1, 0x18C5,19, 0x4125,1, 0x6984,1,
    0xBB29,1, 0xDC4D,3, 0xBB29,1, 0xF572,1, 0x1882,3, 0xDC4D,15, 0x1882,3, 0xDC4D,6,
    0xBB29,2, 0xDC4D,4, 0xBB29,1, 0x4125,1, 0x18C5,19, 0x4125,1, 0x6984,1, 0xBB29,1,
    0xDC4D,3, 0xBB29,1, 0xF572,1, 0x6984,3, 0xDC4D,15, 0x6984,3, 0xDC4D,6, 0xBB29,2,
    0xDC4D,4, 0xBB29,1, 0x4125,1, 0x18C5,16, 0x4124,1, 0x6984,2, 0xBB29,1, 0xF572,1,
    0xDC4D,4, 0xBB29,1, 0xF572,1, 0xDC4D,27, 0xBB29,2, 0xDC4D,5, 0xBB29,1, 0x6984,2,
    0x4124,1, 0x18C5,13, 0x4124,1, 0x6984,2, 0xBB29,6, 0x6984,1, 0xF572,1, 0xDC4D,27,
    0xBB29,9, 0x6984,1, 0x4124,1, 0x18C5,13, 0x4124,1, 0x6984,2, 0xBB29,6, 0x6984,1,
    0xF572,1, 0xDC4D,27, 0xBB29,9, 0x6984,1, 0x4124,1, 0x18C5,15, 0x4125,1, 0x6984,7,
    0xF572,1, 0xDC4D,27, 0xBB29,1, 0x6984,8, 0x4125,1, 0x18C5,22, 0x6984,2, 0xDC4D,1,
    0xBB29,29, 0x6984,1, 0x18C5,29, 0x6984,2, 0xDC4D,1, 0xBB29,29, 0x6984,1, 0x18C5,29,
    0x6984,2, 0xDC4D,1, 0xBB29,29, 0x6984,1, 0x18C5,29, 0x6984,2, 0xBB29,1, 0x6984,30,
    0x18C5,29, 0x4124,6, 0x6984,3, 0x4124,3, 0x6984,3, 0x4124,9, 0x6984,3, 0x4124,3,
    0x6984,3, 0x18C5,35, 0xBB29,2, 0x6984,1, 0x18C5,3, 0xBB29,2, 0x6984,1, 0x18C5,9,
    0xBB29,2, 0x6984,1, 0x18C5,3, 0xBB29,2, 0x6984,1, 0x18C5,35, 0xBB29,2, 0x6984,1,
    0x18C5,3, 0xBB29,2, 0x6984,1, 0x18C5,9, 0xBB29,2, 0x6984,1, 0x18C5,3, 0xBB29,2,
    0x6984,1, 0x18C5,35, 0xBB29,2, 0x6984,1, 0x18C5,3, 0xBB29,2, 0x6984,1, 0x18C5,9,
    0xBB29,2, 0x6984,1, 0x18C5,3, 0xBB29,2, 0x6984,1, 0x18C5,35, 0x6984,3, 0x18C5,3,
    0x6984,3, 0x18C5,9, 0x6984,3, 0x18C5,3, 0x6984,3, 0x18C5,27, 0x10A4,1, 0x1084,35,
    0x10A4,1, 0x18C5,25, 0x10A4,1, 0x1084,35, 0x10A4,1, 0x18C5,30, 0x18C6,1, 0x10A4,26,
    0x18C6,1, 0x18C5,20, 0x18C5,755, 0x4124,33, 0x18C5,29, 0x6984,33, 0x18C5,29, 0x6984,2,
    0xBB29,30, 0x6984,1, 0x18C5,29, 0x6984,2, 0xF572,4, 0xDC4D,24, 0xBB29,2, 0x6984,1,
    0x18C5,29, 0x6984,2, 0xF572,1, 0xFE98,3, 0xDC4D,24, 0xBB29,2, 0x6984,1, 0x18C5,23,
    0x4125,1, 0x6984,7, 0xF572,4, 0xDC4D,24, 0xBB29,1, 0x6984,8, 0x4125,1, 0x18C5,16,
    0x4125,1, 0x6984,7, 0xF572,1, 0xFE98,2, 0x6984,1, 0xDC4D,15, 0xFE98,2, 0x6984,1,
    0xDC4D,6, 0xBB29,1, 0x6984,8, 0x4125,1, 0x18C5,14, 0x4124,1, 0x6984,2, 0xDC4D,1,
    0xF572,5, 0xBB29,1, 0xF572,1, 0xFFFF,2, 0x1882,1, 0xDC4D,15, 0xFFFF,2, 0x1882,1,
    0xDC4D,6, 0xBB29,1, 0xDC4D,1, 0xF572,5, 0xDC4D,1, 0xBB29,1, 0x6984,1, 0x4124,1,
    0x18C5,13, 0x4124,1, 0x6984,3, 0xBB29,2, 0xDC4D,3, 0xBB29,1, 0xF572,1, 0xBB29,2,
    0x1882,1, 0xDC4D,15, 0xBB29,2, 0x1882,1, 0xDC4D,6, 0xBB29,2, 0xDC4D,4, 0xBB29,1,
    0x6984,3, 0x4124,1, 0x18C5,13, 0x4124,1, 0x6984,3, 0xBB29,2, 0xDC4D,3, 0xBB29,1,
    0xF572,1, 0x1882,3, 0xDC4D,15, 0x1882,3, 0xDC4D,6, 0xBB29,2, 0xDC4D,4, 0xBB29,1,
    0x6984,3, 0x4124,1, 0x18C5,16, 0x4125,1, 0x6984,1, 0xBB29,1, 0xDC4D,3, 0xBB29,1,
    0xF572,1, 0x1882,3, 0xDC4D,15, 0x1882,3, 0xDC4D,6, 0xBB29,2, 0xDC4D,4, 0xBB29,1,
    0x4125,1, 0x18C5,19, 0x4125,1, 0x6984,1, 0xBB29,1, 0xDC4D,3, 0xBB29,1, 0xF572,1,
    0x1882,3, 0xDC4D,15, 0x1882,3, 0xDC4D,6, 0xBB29,2, 0xDC4D,4, 0xBB29,1, 0x4125,1,
    0x18C5,19, 0x4125,1, 0x6984,1, 0xBB29,1, 0xDC4D,3, 0xBB29,1, 0xF572,1, 0x6984,3,
    0xDC4D,15, 0x6984,3, 0xDC4D,6, 0xBB29,2, 0xDC4D,4, 0xBB29,1, 0x4125,1, 0x18C5,16,
    0x4124,1, 0x6984,2, 0xBB29,1, 0xF572,1, 0xDC4D,4, 0xBB29,1, 0xF572,1, 0xDC4D,27,
    0xBB29,2, 0xDC4D,5, 0xBB29,1, 0x6984,2, 0x4124,1, 0x18C5,13, 0x4124,1, 0x6984,2,
    0xBB29,6, 0x6984,1, 0xF572,1, 0xDC4D,27, 0xBB29,9, 0x6984,1, 0x4124,1, 0x18C5,13,
    0x4124,1, 0x6984,2, 0xBB29,6, 0x6984,1, 0xF572,1, 0xDC4D,27, 0xBB29,9, 0x6984,1,
    0x4124,1, 0x18C5,15, 0x4125,1, 0x6984,7, 0xF572,1, 0xDC4D,27, 0xBB29,1, 0x6984,8,
    0x4125,1, 0x18C5,22, 0x6984,2, 0xDC4D,1, 0xBB29,29, 0x6984,1, 0x18C5,29, 0x6984,2,
    0xDC4D,1, 0xBB29,29, 0x6984,1, 0x18C5,29, 0x6984,2, 0xDC4D,1, 0xBB29,29, 0x6984,1,
    0x18C5,29, 0x6984,2, 0xBB29,1, 0x6984,30, 0x18C5,29, 0x4124,6, 0x6984,3, 0x4124,3,
    0x6984,3, 0x4124,9, 0x6984,3, 0x4124,3, 0x6984,3, 0x18C5,35, 0xBB29,2, 0x6984,1,
    0x18C5,3, 0xBB29,2, 0x6984,1, 0x18C5,9, 0xBB29,2, 0x6984,1, 0x18C5,3, 0xBB29,2,
    0x6984,1, 0x18C5,35, 0xBB29,2, 0x6984,1, 0x18C5,3, 0xBB29,2, 0x6984,1, 0x18C5,9,
    0xBB29,2, 0x6984,1, 0x18C5,3, 0xBB29,2, 0x6984,1, 0x18C5,35, 0xBB29,2, 0x6984,1,
    0x18C5,3, 0xBB29,2, 0x6984,1, 0x18C5,9, 0xBB29,2, 0x6984,1, 0x18C5,3, 0xBB29,2,
    0x6984,1, 0x18C5,35, 0x6984,3, 0x18C5,3, 0x6984,3, 0x18C5,9, 0x6984,3, 0x18C5,3,
    0x6984,3, 0x18C5,27, 0x10A4,1, 0x1084,35, 0x10A4,1, 0x18C5,25, 0x10A4,1, 0x1084,35,
    0x10A4,1, 0x18C5,30, 0x18C6,1, 0x10A4,26, 0x18C6,1, 0x18C5,20, 0x18C5,755, 0x4124,33,
    0x18C5,29, 0x6984,33, 0x18C5,29, 0x6984,2, 0xBB29,30, 0x6984,1, 0x18C5,29, 0x6984,2,
    0xF572,4, 0xDC4D,24, 0xBB29,2, 0x6984,1, 0x18C5,29, 0x6984,2, 0xF572,1, 0xFE98,3,
    0xDC4D,24, 0xBB29,2, 0x6984,1, 0x18C5,23, 0x4125,1, 0x6984,7, 0xF572,4, 0xDC4D,24,
    0xBB29,1, 0x6984,8, 0x4125,1, 0x18C5,16, 0x4125,1, 0x6984,7, 0xF572,1, 0xFE98,2,
    0x6984,1, 0xDC4D,15, 0xFE98,2, 0x6984,1, 0xDC4D,6, 0xBB29,1, 0x6984,8, 0x4125,1,
    0x18C5,14, 0x4124,1, 0x6984,2, 0xDC4D,1, 0xF572,5, 0xBB29,1, 0xF572,1, 0xFFFF,2,
    0x1882,1, 0xDC4D,15, 0xFFFF,2, 0x1882,1, 0xDC4D,6, 0xBB29,1, 0xDC4D,1, 0xF572,5,
    0xDC4D,1, 0xBB29,1, 0x6984,1, 0x4124,1, 0x18C5,13, 0x4124,1, 0x6984,3, 0xBB29,2,
    0xDC4D,3, 0xBB29,1, 0xF572,1, 0xBB29,2, 0x1882,1, 0xDC4D,15, 0xBB29,2, 0x1882,1,
    0xDC4D,6, 0xBB29,2, 0xDC4D,4, 0xBB29,1, 0x6984,3, 0x4124,1, 0x18C5,13, 0x4124,1,
    0x6984,3, 0xBB29,2, 0xDC4D,3, 0xBB29,1, 0xF572,1, 0x1882,3, 0xDC4D,15, 0x1882,3,
    0xDC4D,6, 0xBB29,2, 0xDC4D,4, 0xBB29,1, 0x6984,3, 0x4124,1, 0x18C5,16, 0x4125,1,
    0x6984,1, 0xBB29,1, 0xDC4D,3, 0xBB29,1, 0xF572,1, 0x1882,3, 0xDC4D,15, 0x1882,3,
    0xDC4D,6, 0xBB29,2, 0xDC4D,4, 0xBB29,1, 0x4125,1, 0x18C5,19, 0x4125,1, 0x6984,1,
    0xBB29,1, 0xDC4D,3, 0xBB29,1, 0xF572,1, 0x1882,3, 0xDC4D,15, 0x1882,3, 0xDC4D,6,
    0xBB29,2, 0xDC4D,4, 0xBB29,1, 0x4125,1, 0x18C5,19, 0x4125,1, 0x6984,1, 0xBB29,1,
    0xDC4D,3, 0xBB29,1, 0xF572,1, 0x6984,3, 0xDC4D,15, 0x6984,3, 0xDC4D,6, 0xBB29,2,
    0xDC4D,4, 0xBB29,1, 0x4125,1, 0x18C5,16, 0x4124,1, 0x6984,2, 0xBB29,1, 0xF572,1,
    0xDC4D,4, 0xBB29,1, 0xF572,1, 0xDC4D,27, 0xBB29,2, 0xDC4D,5, 0xBB29,1, 0x6984,2,
    0x4124,1, 0x18C5,13, 0x4124,1, 0x6984,2, 0xBB29,6, 0x6984,1, 0xF572,1, 0xDC4D,27,
    0xBB29,9, 0x6984,1, 0x4124,1, 0x18C5,13, 0x4124,1, 0x6984,2, 0xBB29,6, 0x6984,1,
    0xF572,1, 0xDC4D,27, 0xBB29,9, 0x6984,1, 0x4124,1, 0x18C5,15, 0x4125,1, 0x6984,7,
    0xF572,1, 0xDC4D,27, 0xBB29,1, 0x6984,8, 0x4125,1, 0x18C5,22, 0x6984,2, 0xDC4D,1,
    0xBB29,29, 0x6984,1, 0x18C5,29, 0x6984,2, 0xDC4D,1, 0xBB29,29, 0x6984,1, 0x18C5,29,
    0x6984,2, 0xDC4D,1, 0xBB29,29, 0x6984,1, 0x18C5,29, 0x6984,2, 0xBB29,1, 0x6984,30,
    0x18C5,29, 0x4124,6, 0x6984,3, 0x4124,3, 0x6984,3, 0x4124,9, 0x6984,3, 0x4124,3,
    0x6984,3, 0x18C5,35, 0xBB29,2, 0x6984,1, 0x18C5,3, 0xBB29,2, 0x6984,1, 0x18C5,9,
    0xBB29,2, 0x6984,1, 0x18C5,3, 0xBB29,2, 0x6984,1, 0x18C5,35, 0xBB29,2, 0x6984,1,
    0x18C5,3, 0xBB29,2, 0x6984,1, 0x18C5,9, 0xBB29,2, 0x6984,1, 0x18C5,3, 0xBB29,2,
    0x6984,1, 0x18C5,35, 0xBB29,2, 0x6984,1, 0x18C5,3, 0xBB29,2, 0x6984,1, 0x18C5,9,
    0xBB29,2, 0x6984,1, 0x18C5,3, 0xBB29,2, 0x6984,1, 0x18C5,35, 0x6984,3, 0x18C5,3,
    0x6984,3, 0x18C5,9, 0x6984,3, 0x18C5,3, 0x6984,3, 0x18C5,27, 0x10A4,1, 0x1084,35,
    0x10A4,1, 0x18C5,25, 0x10A4,1, 0x1084,35, 0x10A4,1, 0x18C5,30, 0x18C6,1, 0x10A4,26,
    0x18C6,1, 0x18C5,20, 0x18C5,755, 0x4124,33, 0x18C5,29, 0x6984,33, 0x18C5,29, 0x6984,2,
    0xBB29,30, 0x6984,1, 0x18C5,29, 0x6984,2, 0xF572,4, 0xDC4D,24, 0xBB29,2, 0x6984,1,
    0x18C5,29, 0x6984,2, 0xF572,1, 0xFE98,3, 0xDC4D,24, 0xBB29,2, 0x6984,1, 0x18C5,23,
    0x4125,1, 0x6984,7, 0xF572,4, 0xDC4D,24, 0xBB29,1, 0x6984,8, 0x4125,1, 0x18C5,16,
    0x4125,1, 0x6984,7, 0xF572,1, 0xFE98,2, 0x6984,1, 0xDC4D,15, 0xFE98,2, 0x6984,1,
    0xDC4D,6, 0xBB29,1, 0x6984,8, 0x4125,1, 0x18C5,14, 0x4124,1, 0x6984,2, 0xDC4D,1,
    0xF572,5, 0xBB29,1, 0xF572,1, 0xFFFF,2, 0x1882,1, 0xDC4D,15, 0xFFFF,2, 0x1882,1,
    0xDC4D,6, 0xBB29,1, 0xDC4D,1, 0xF572,5, 0xDC4D,1, 0xBB29,1, 0x6984,1, 0x4124,1,
    0x18C5,13, 0x4124,1, 0x6984,3, 0xBB29,2, 0xDC4D,3, 0xBB29,1, 0xF572,1, 0xBB29,2,
    0x1882,1, 0xDC4D,15, 0xBB29,2, 0x1882,1, 0xDC4D,6, 0xBB29,2, 0xDC4D,4, 0xBB29,1,
    0x6984,3, 0x4124,1, 0x18C5,13, 0x4124,1, 0x6984,3, 0xBB29,2, 0xDC4D,3, 0xBB29,1,
    0xF572,1, 0x1882,3, 0xDC4D,15, 0x1882,3, 0xDC4D,6, 0xBB29,2, 0xDC4D,4, 0xBB29,1,
    0x6984,3, 0x4124,1, 0x18C5,16, 0x4125,1, 0x6984,1, 0xBB29,1, 0xDC4D,3, 0xBB29,1,
    0xF572,1, 0x1882,3, 0xDC4D,15, 0x1882,3, 0xDC4D,6, 0xBB29,2, 0xDC4D,4, 0xBB29,1,
    0x4125,1, 0x18C5,19, 0x4125,1, 0x6984,1, 0xBB29,1, 0xDC4D,3, 0xBB29,1, 0xF572,1,
    0x1882,3, 0xDC4D,15, 0x1882,3, 0xDC4D,6, 0xBB29,2, 0xDC4D,4, 0xBB29,1, 0x4125,1,
    0x18C5,19, 0x4125,1, 0x6984,1, 0xBB29,1, 0xDC4D,3, 0xBB29,1, 0xF572,1, 0x6984,3,
    0xDC4D,15, 0x6984,3, 0xDC4D,6, 0xBB29,2, 0xDC4D,4, 0xBB29,1, 0x4125,1, 0x18C5,16,
    0x4124,1, 0x6984,2, 0xBB29,1, 0xF572,1, 0xDC4D,4, 0xBB29,1, 0xF572,1, 0xDC4D,27,
    0xBB29,2, 0xDC4D,5, 0xBB29,1, 0x6984,2, 0x4124,1, 0x18C5,13, 0x4124,1, 0x6984,2,
    0xBB29,6, 0x6984,1, 0xF572,1, 0xDC4D,27, 0xBB29,9, 0x6984,1, 0x4124,1, 0x18C5,13,
    0x4124,1, 0x6984,2, 0xBB29,6, 0x6984,1, 0xF572,1, 0xDC4D,27, 0xBB29,9, 0x6984,1,
    0x4124,1, 0x18C5,15, 0x4125,1, 0x6984,7, 0xF572,1, 0xDC4D,27, 0xBB29,1, 0x6984,8,
    0x4125,1, 0x18C5,22, 0x6984,2, 0xDC4D,1, 0xBB29,29, 0x6984,1, 0x18C5,29, 0x6984,2,
    0xDC4D,1, 0xBB29,29, 0x6984,1, 0x18C5,29, 0x6984,2, 0xDC4D,1, 0xBB29,29, 0x6984,1,
    0x18C5,29, 0x6984,2, 0xBB29,1, 0x6984,30, 0x18C5,29, 0x4124,6, 0x6984,3, 0x4124,3,
    0x6984,3, 0x4124,9, 0x6984,3, 0x4124,3, 0x6984,3, 0x18C5,35, 0xBB29,2, 0x6984,1,
    0x18C5,3, 0xBB29,2, 0x6984,1, 0x18C5,9, 0xBB29,2, 0x6984,1, 0x18C5,3, 0xBB29,2,
    0x6984,1, 0x18C5,35, 0xBB29,2, 0x6984,1, 0x18C5,3, 0xBB29,2, 0x6984,1, 0x18C5,9,
    0xBB29,2, 0x6984,1, 0x18C5,3, 0xBB29,2, 0x6984,1, 0x18C5,35, 0xBB29,2, 0x6984,1,
    0x18C5,3, 0xBB29,2, 0x6984,1, 0x18C5,9, 0xBB29,2, 0x6984,1, 0x18C5,3, 0xBB29,2,
    0x6984,1, 0x18C5,35, 0x6984,3, 0x18C5,3, 0x6984,3, 0x18C5,9, 0x6984,3, 0x18C5,3,
    0x6984,3, 0x18C5,27, 0x10A4,1, 0x1084,35, 0x10A4,1, 0x18C5,25, 0x10A4,1, 0x1084,35,
    0x10A4,1, 0x18C5,30, 0x18C6,1, 0x10A4,26, 0x18C6,1, 0x18C5,20, 0x18C5,755, 0x4124,33,
    0x18C5,29, 0x6984,33, 0x18C5,29, 0x6984,2, 0xBB29,30, 0x6984,1, 0x18C5,29, 0x6984,2,
    0xF572,4, 0xDC4D,24, 0xBB29,2, 0x6984,1, 0x18C5,29, 0x6984,2, 0xF572,1, 0xFE98,3,
    0xDC4D,24, 0xBB29,2, 0x6984,1, 0x18C5,23, 0x4125,1, 0x6984,7, 0xF572,4, 0xDC4D,24,
    0xBB29,1, 0x6984,8, 0x4125,1, 0x18C5,16, 0x4125,1, 0x6984,7, 0xF572,1, 0xFE98,2,
    0x6984,1, 0xDC4D,15, 0xFE98,2, 0x6984,1, 0xDC4D,6, 0xBB29,1, 0x6984,8, 0x4125,1,
    0x18C5,14, 0x4124,1, 0x6984,2, 0xDC4D,1, 0xF572,5, 0xBB29,1, 0xF572,1, 0xFFFF,2,
    0x1882,1, 0xDC4D,15, 0xFFFF,2, 0x1882,1, 0xDC4D,6, 0xBB29,1, 0xDC4D,1, 0xF572,5,
    0xDC4D,1, 0xBB29,1, 0x6984,1, 0x4124,1, 0x18C5,13, 0x4124,1, 0x6984,3, 0xBB29,2,
    0xDC4D,3, 0xBB29,1, 0xF572,1, 0xBB29,2, 0x1882,1, 0xDC4D,15, 0xBB29,2, 0x1882,1,
    0xDC4D,6, 0xBB29,2, 0xDC4D,4, 0xBB29,1, 0x6984,3, 0x4124,1, 0x18C5,13, 0x4124,1,
    0x6984,3, 0xBB29,2, 0xDC4D,3, 0xBB29,1, 0xF572,1, 0x1882,3, 0xDC4D,15, 0x1882,3,
    0xDC4D,6, 0xBB29,2, 0xDC4D,4, 0xBB29,1, 0x6984,3, 0x4124,1, 0x18C5,16, 0x4125,1,
    0x6984,1, 0xBB29,1, 0xDC4D,3, 0xBB29,1, 0xF572,1, 0x1882,3, 0xDC4D,15, 0x1882,3,
    0xDC4D,6, 0xBB29,2, 0xDC4D,4, 0xBB29,1, 0x4125,1, 0x18C5,19, 0x4125,1, 0x6984,1,
    0xBB29,1, 0xDC4D,3, 0xBB29,1, 0xF572,1, 0x1882,3, 0xDC4D,15, 0x1882,3, 0xDC4D,6,
    0xBB29,2, 0xDC4D,4, 0xBB29,1, 0x4125,1, 0x18C5,19, 0x4125,1, 0x6984,1, 0xBB29,1,
    0xDC4D,3, 0xBB29,1, 0xF572,1, 0x6984,3, 0xDC4D,15, 0x6984,3, 0xDC4D,6, 0xBB29,2,
    0xDC4D,4, 0xBB29,1, 0x4125,1, 0x18C5,16, 0x4124,1, 0x6984,2, 0xBB29,1, 0xF572,1,
    0xDC4D,4, 0xBB29,1, 0xF572,1, 0xDC4D,27, 0xBB29,2, 0xDC4D,5, 0xBB29,1, 0x6984,2,
    0x4124,1, 0x18C5,13, 0x4124,1, 0x6984,2, 0xBB29,6, 0x6984,1, 0xF572,1, 0xDC4D,27,
    0xBB29,9, 0x6984,1, 0x4124,1, 0x18C5,13, 0x4124,1, 0x6984,2, 0xBB29,6, 0x6984,1,
    0xF572,1, 0xDC4D,27, 0xBB29,9, 0x6984,1, 0x4124,1, 0x18C5,15, 0x4125,1, 0x6984,7,
    0xF572,1, 0xDC4D,27, 0xBB29,1, 0x6984,8, 0x4125,1, 0x18C5,22, 0x6984,2, 0xDC4D,1,
    0xBB29,29, 0x6984,1, 0x18C5,29, 0x6984,2, 0xDC4D,1, 0xBB29,29, 0x6984,1, 0x18C5,29,
    0x6984,2, 0xDC4D,1, 0xBB29,29, 0x6984,1, 0x18C5,29, 0x6984,2, 0xBB29,1, 0x6984,30,
    0x18C5,29, 0x4124,6, 0x6984,3, 0x4124,3, 0x6984,3, 0x4124,9, 0x6984,3, 0x4124,3,
    0x6984,3, 0x18C5,35, 0xBB29,2, 0x6984,1, 0x18C5,3, 0xBB29,2, 0x6984,1, 0x18C5,9,
    0xBB29,2, 0x6984,1, 0x18C5,3, 0xBB29,2, 0x6984,1, 0x18C5,35, 0xBB29,2, 0x6984,1,
    0x18C5,3, 0xBB29,2, 0x6984,1, 0x18C5,9, 0xBB29,2, 0x6984,1, 0x18C5,3, 0xBB29,2,
    0x6984,1, 0x18C5,35, 0xBB29,2, 0x6984,1, 0x18C5,3, 0xBB29,2, 0x6984,1, 0x18C5,9,
    0xBB29,2, 0x6984,1, 0x18C5,3, 0xBB29,2, 0x6984,1, 0x18C5,35, 0x6984,3, 0x18C5,3,
    0x6984,3, 0x18C5,9, 0x6984,3, 0x18C5,3, 0x6984,3, 0x18C5,27, 0x10A4,1, 0x1084,35,
    0x10A4,1, 0x18C5,25, 0x10A4,1, 0x1084,35, 0x10A4,1, 0x18C5,30, 0x18C6,1, 0x10A4,26,
    0x18C6,1, 0x18C5,20, 0x18C5,755, 0x4124,33, 0x18C5,29, 0x6984,33, 0x18C5,29, 0x6984,2,
    0xBB29,30, 0x6984,1, 0x18C5,29, 0x6984,2, 0xF572,4, 0xDC4D,24, 0xBB29,2, 0x6984,1,
    0x18C5,29, 0x6984,2, 0xF572,1, 0xFE98,3, 0xDC4D,24, 0xBB29,2, 0x6984,1, 0x18C5,23,
    0x4125,1, 0x6984,7, 0xF572,4, 0xDC4D,24, 0xBB29,1, 0x6984,8, 0x4125,1, 0x18C5,16,
    0x4125,1, 0x6984,7, 0xF572,1, 0xDC4D,1, 0xF572,1, 0xFE98,1, 0xDC4D,1, 0xBB29,1,
    0xDC4D,14, 0xF572,1, 0xFE98,1, 0xDC4D,1, 0xBB29,1, 0xDC4D,4, 0xBB29,1, 0x6984,8,
    0x4125,1, 0x18C5,14, 0x4124,1, 0x6984,2, 0xDC4D,1, 0xF572,5, 0xBB29,1, 0xF572,1,
    0xDC4D,1, 0xFE98,1, 0xFFFF,1, 0xBB29,1, 0x6984,1, 0xDC4D,14, 0xFE98,1, 0xFFFF,1,
    0xBB29,1, 0x6984,1, 0xDC4D,4, 0xBB29,1, 0xDC4D,1, 0xF572,5, 0xDC4D,1, 0xBB29,1,
    0x6984,1, 0x4124,1, 0x18C5,13, 0x4124,1, 0x6984,3, 0xBB29,2, 0xDC4D,3, 0xBB29,1,
    0xF572,1, 0xDC4D,2, 0xBB29,1, 0x6984,2, 0xDC4D,15, 0xBB29,1, 0x6984,2, 0xDC4D,4,
    0xBB29,2, 0xDC4D,4, 0xBB29,1, 0x6984,3, 0x4124,1, 0x18C5,13, 0x4124,1, 0x6984,3,
    0xBB29,2, 0xDC4D,3, 0xBB29,1, 0xF572,1, 0xDC4D,1, 0x6984,1, 0x1882,2, 0x6984,1,
    0xDC4D,14, 0x6984,1, 0x1882,2, 0x6984,1, 0xDC4D,4, 0xBB29,2, 0xDC4D,4, 0xBB29,1,
    0x6984,3, 0x4124,1, 0x18C5,16, 0x4125,1, 0x6984,1, 0xBB29,1, 0xDC4D,3, 0xBB29,1,
    0xF572,1, 0xDC4D,1, 0x6984,1, 0x1882,2, 0x6984,1, 0xDC4D,14, 0x6984,1, 0x1882,2,
    0x6984,1, 0xDC4D,4, 0xBB29,2, 0xDC4D,4, 0xBB29,1, 0x4125,1, 0x18C5,19, 0x4125,1,
    0x6984,1, 0xBB29,1, 0xDC4D,3, 0xBB29,1, 0xF572,1, 0xDC4D,1, 0x6984,1, 0x1882,2,
    0x6984,1, 0xDC4D,14, 0x6984,1, 0x1882,2, 0x6984,1, 0xDC4D,4, 0xBB29,2, 0xDC4D,4,
    0xBB29,1, 0x4125,1, 0x18C5,19, 0x4125,1, 0x6984,1, 0xBB29,1, 0xDC4D,3, 0xBB29,1,
    0xF572,1, 0xDC4D,1, 0xBB29,1, 0x6984,2, 0xBB29,1, 0xDC4D,14, 0xBB29,1, 0x6984,2,
    0xBB29,1, 0xDC4D,4, 0xBB29,2, 0xDC4D,4, 0xBB29,1, 0x4125,1, 0x18C5,16, 0x4124,1,
    0x6984,2, 0xBB29,1, 0xF572,1, 0xDC4D,4, 0xBB29,1, 0xF572,1, 0xDC4D,27, 0xBB29,2,
    0xDC4D,5, 0xBB29,1, 0x6984,2, 0x4124,1, 0x18C5,13, 0x4124,1, 0x6984,2, 0xBB29,6,
    0x6984,1, 0xF572,1, 0xDC4D,27, 0xBB29,9, 0x6984,1, 0x4124,1, 0x18C5,13, 0x4124,1,
    0x6984,2, 0xBB29,6, 0x6984,1, 0xF572,1, 0xDC4D,27, 0xBB29,9, 0x6984,1, 0x4124,1,
    0x18C5,15, 0x4125,1, 0x6984,7, 0xF572,1, 0xDC4D,27, 0xBB29,1, 0x6984,8, 0x4125,1,
    0x18C5,22, 0x6984,2, 0xDC4D,1, 0xBB29,29, 0x6984,1, 0x18C5,29, 0x6984,2, 0xDC4D,1,
    0xBB29,29, 0x6984,1, 0x18C5,29, 0x6984,2, 0xDC4D,1, 0xBB29,29, 0x6984,1, 0x18C5,29,
    0x6984,2, 0xBB29,1, 0x6984,30, 0x18C5,29, 0x4124,6, 0x6984,3, 0x4124,3, 0x6984,3,
    0x4124,9, 0x6984,3, 0x4124,3, 0x6984,3, 0x18C5,35, 0xBB29,2, 0x6984,1, 0x18C5,3,
    0xBB29,2, 0x6984,1, 0x18C5,9, 0xBB29,2, 0x6984,1, 0x18C5,3, 0xBB29,2, 0x6984,1,
    0x18C5,35, 0xBB29,2, 0x6984,1, 0x18C5,3, 0xBB29,2, 0x6984,1, 0x18C5,9, 0xBB29,2,
    0x6984,1, 0x18C5,3, 0xBB29,2, 0x6984,1, 0x18C5,35, 0xBB29,2, 0x6984,1, 0x18C5,3,
    0xBB29,2, 0x6984,1, 0x18C5,9, 0xBB29,2, 0x6984,1, 0x18C5,3, 0xBB29,2, 0x6984,1,
    0x18C5,35, 0x6984,3, 0x18C5,3, 0x6984,3, 0x18C5,9, 0x6984,3, 0x18C5,3, 0x6984,3,
    0x18C5,27, 0x10A4,1, 0x1084,35, 0x10A4,1, 0x18C5,25, 0x10A4,1, 0x1084,35, 0x10A4,1,
    0x18C5,30, 0x18C6,1, 0x10A4,26, 0x18C6,1, 0x18C5,20, 0x18C5,756, 0x28E5,1, 0x4124,32,
    0x28E5,1, 0x18C5,28, 0x4124,1, 0x6984,32, 0x4124,1, 0x18C5,28, 0x4124,1, 0x6984,1,
    0xBB29,30, 0x6984,1, 0x4124,1, 0x18C5,28, 0x4124,1, 0x6984,1, 0xBB29,1, 0xF572,4,
    0xDC4D,24, 0xBB29,2, 0x4124,1, 0x18C5,28, 0x4124,1, 0x6984,1, 0xBB29,1, 0xF572,1,
    0xFE98,2, 0xF572,1, 0xDC4D,23, 0xBB29,2, 0x6984,1, 0x4124,1, 0x18C5,23, 0x6984,7,
    0xBB29,1, 0xF572,4, 0xDC4D,23, 0xBB29,2, 0x6984,8, 0x18C5,17, 0x6984,7, 0xBB29,1,
    0xDC4D,3, 0xF572,1, 0xFE98,1, 0xDC4D,1, 0xBB29,1, 0xDC4D,14, 0xF572,1, 0xFE98,1,
    0xDC4D,1, 0xBB29,1, 0xDC4D,2, 0xBB29,2, 0x6984,8, 0x18C5,15, 0x6984,2, 0xBB29,1,
    0xF572,6, 0xBB29,1, 0xDC4D,3, 0xFE98,1, 0xFFFF,1, 0xBB29,1, 0x6984,1, 0xDC4D,14,
    0xFE98,1, 0xFFFF,1, 0xBB29,1, 0x6984,1, 0xDC4D,2, 0xBB29,2, 0xF572,6, 0xBB29,2,
    0x6984,1, 0x18C5,14, 0x6984,3, 0xBB29,2, 0xDC4D,4, 0xBB29,1, 0xDC4D,4, 0xBB29,1,
    0x6984,2, 0xDC4D,15, 0xBB29,1, 0x6984,2, 0xDC4D,2, 0xBB29,2, 0xDC4D,5, 0xBB29,1,
    0x6984,3, 0x18C5,14, 0x6984,3, 0xBB29,2, 0xDC4D,4, 0xBB29,1, 0xDC4D,3, 0x6984,1,
    0x1882,2, 0x6984,1, 0xDC4D,14, 0x6984,1, 0x1882,2, 0x6984,1, 0xDC4D,2, 0xBB29,2,
    0xDC4D,5, 0xBB29,1, 0x6984,3, 0x18C5,17, 0x6984,2, 0xDC4D,4, 0xBB29,1, 0xDC4D,3,
    0x6984,1, 0x1882,2, 0x6984,1, 0xDC4D,14, 0x6984,1, 0x1882,2, 0x6984,1, 0xDC4D,2,
    0xBB29,2, 0xDC4D,5, 0x6984,1, 0x18C5,20, 0x6984,2, 0xDC4D,4, 0xBB29,1, 0xDC4D,3,
    0x6984,1, 0x1882,2, 0x6984,1, 0xDC4D,14, 0x6984,1, 0x1882,2, 0x6984,1, 0xDC4D,2,
    0xBB29,2, 0xDC4D,5, 0x6984,1, 0x18C5,20, 0x6984,2, 0xDC4D,4, 0xBB29,1, 0xDC4D,3,
    0xBB29,1, 0x6984,2, 0xBB29,1, 0xDC4D,14, 0xBB29,1, 0x6984,2, 0xBB29,1, 0xDC4D,2,
    0xBB29,2, 0xDC4D,5, 0x6984,1, 0x18C5,17, 0x6984,3, 0xF572,2, 0xDC4D,4, 0xBB29,1,
    0xDC4D,27, 0xBB29,2, 0xDC4D,5, 0xF572,1, 0x6984,3, 0x18C5,14, 0x6984,2, 0xBB29,8,
    0xDC4D,27, 0xBB29,10, 0x6984,1, 0x18C5,14, 0x6984,2, 0xBB29,8, 0xDC4D,27, 0xBB29,10,
    0x6984,1, 0x18C5,16, 0x6984,7, 0xBB29,1, 0xDC4D,27, 0xBB29,2, 0x6984,8, 0x18C5,22,
    0x4124,1, 0x6984,1, 0xBB29,1, 0xDC4D,1, 0xBB29,28, 0x6984,1, 0x4124,1, 0x18C5,28,
    0x4124,1, 0x6984,1, 0xBB29,30, 0x6984,1, 0x4124,1, 0x18C5,28, 0x4124,1, 0x6984,1,
    0xBB29,30, 0x6984,1, 0x4124,1, 0x18C5,28, 0x4124,1, 0x6984,2, 0xBB29,1, 0x6984,29,
    0x4124,1, 0x18C5,28, 0x28E5,1, 0x4124,4, 0x6984,3, 0x4124,3, 0x6984,3, 0x4124,9,
    0x6984,3, 0x4124,3, 0x6984,3, 0x4124,1, 0x28E5,1, 0x18C5,33, 0xBB29,2, 0x6984,1,
    0x18C5,3, 0xBB29,2, 0x6984,1, 0x18C5,9, 0xBB29,2, 0x6984,1, 0x18C5,3, 0xBB29,2,
    0x6984,1, 0x18C5,35, 0xBB29,2, 0x6984,1, 0x18C5,3, 0xBB29,2, 0x6984,1, 0x18C5,9,
    0xBB29,2, 0x6984,1, 0x18C5,3, 0xBB29,2, 0x6984,1, 0x18C5,35, 0xBB29,2, 0x6984,1,
    0x18C5,3, 0xBB29,2, 0x6984,1, 0x18C5,9, 0xBB29,2, 0x6984,1, 0x18C5,3, 0xBB29,2,
    0x6984,1, 0x18C5,35, 0x6984,3, 0x18C5,3, 0x6984,3, 0x18C5,9, 0x6984,3, 0x18C5,3,
    0x6984,3, 0x18C5,29, 0x1084,36, 0x18C5,26, 0x1084,36, 0x18C5,31, 0x10A4,27, 0x18C5,19,
    0x18C5,756, 0x28E5,1, 0x4124,32, 0x28E5,1, 0x18C5,28, 0x4124,1, 0x6984,32, 0x4124,1,
    0x18C5,28, 0x4124,1, 0x6984,1, 0xBB29,30, 0x6984,1, 0x4124,1, 0x18C5,28, 0x4124,1,
    0x6984,1, 0xBB29,1, 0xF572,4, 0xDC4D,24, 0xBB29,2, 0x4124,1, 0x18C5,28, 0x4124,1,
    0x6984,1, 0xBB29,1, 0xF572,1, 0xFE98,2, 0xF572,1, 0xDC4D,23, 0xBB29,2, 0x6984,1,
    0x4124,1, 0x18C5,23, 0x6984,7, 0xBB29,1, 0xF572,4, 0xDC4D,23, 0xBB29,2, 0x6984,8,
    0x18C5,17, 0x6984,7, 0xBB29,1, 0xDC4D,3, 0xF572,1, 0xFE98,1, 0xDC4D,1, 0xBB29,1,
    0xDC4D,14, 0xF572,1, 0xFE98,1, 0xDC4D,1, 0xBB29,1, 0xDC4D,2, 0xBB29,2, 0x6984,8,
    0x18C5,15, 0x6984,2, 0xBB29,1, 0xF572,6, 0xBB29,1, 0xDC4D,3, 0xFE98,1, 0xFFFF,1,
    0xBB29,1, 0x6984,1, 0xDC4D,14, 0xFE98,1, 0xFFFF,1, 0xBB29,1, 0x6984,1, 0xDC4D,2,
    0xBB29,2, 0xF572,6, 0xBB29,2, 0x6984,1, 0x18C5,14, 0x6984,3, 0xBB29,2, 0xDC4D,4,
    0xBB29,1, 0xDC4D,4, 0xBB29,1, 0x6984,2, 0xDC4D,15, 0xBB29,1, 0x6984,2, 0xDC4D,2,
    0xBB29,2, 0xDC4D,5, 0xBB29,1, 0x6984,3, 0x18C5,14, 0x6984,3, 0xBB29,2, 0xDC4D,4,
    0xBB29,1, 0xDC4D,3, 0x6984,1, 0x1882,2, 0x6984,1, 0xDC4D,14, 0x6984,1, 0x1882,2,
    0x6984,1, 0xDC4D,2, 0xBB29,2, 0xDC4D,5, 0xBB29,1, 0x6984,3, 0x18C5,17, 0x6984,2,
    0xDC4D,4, 0xBB29,1, 0xDC4D,3, 0x6984,1, 0x1882,2, 0x6984,1, 0xDC4D,14, 0x6984,1,
    0x1882,2, 0x6984,1, 0xDC4D,2, 0xBB29,2, 0xDC4D,5, 0x6984,1, 0x18C5,20, 0x6984,2,
    0xDC4D,4, 0xBB29,1, 0xDC4D,3, 0x6984,1, 0x1882,2, 0x6984,1, 0xDC4D,14, 0x6984,1,
    0x1882,2, 0x6984,1, 0xDC4D,2, 0xBB29,2, 0xDC4D,5, 0x6984,1, 0x18C5,20, 0x6984,2,
    0xDC4D,4, 0xBB29,1, 0xDC4D,3, 0xBB29,1, 0x6984,2, 0xBB29,1, 0xDC4D,14, 0xBB29,1,
    0x6984,2, 0xBB29,1, 0xDC4D,2, 0xBB29,2, 0xDC4D,5, 0x6984,1, 0x18C5,17, 0x6984,3,
    0xF572,2, 0xDC4D,4, 0xBB29,1, 0xDC4D,27, 0xBB29,2, 0xDC4D,5, 0xF572,1, 0x6984,3,
    0x18C5,14, 0x6984,2, 0xBB29,8, 0xDC4D,27, 0xBB29,10, 0x6984,1, 0x18C5,14, 0x6984,2,
    0xBB29,8, 0xDC4D,27, 0xBB29,10, 0x6984,1, 0x18C5,16, 0x6984,7, 0xBB29,1, 0xDC4D,27,
    0xBB29,2, 0x6984,8, 0x18C5,22, 0x4124,1, 0x6984,1, 0xBB29,1, 0xDC4D,1, 0xBB29,28,
    0x6984,1, 0x4124,1, 0x18C5,28, 0x4124,1, 0x6984,1, 0xBB29,30, 0x6984,1, 0x4124,1,
    0x18C5,28, 0x4124,1, 0x6984,1, 0xBB29,30, 0x6984,1, 0x4124,1, 0x18C5,28, 0x4124,1,
    0x6984,2, 0xBB29,1, 0x6984,29, 0x4124,1, 0x18C5,28, 0x28E5,1, 0x4124,4, 0x6984,3,
    0x4124,3, 0x6984,3, 0x4124,9, 0x6984,3, 0x4124,3, 0x6984,3, 0x4124,1, 0x28E5,1,
    0x18C5,33, 0xBB29,2, 0x6984,1, 0x18C5,3, 0xBB29,2, 0x6984,1, 0x18C5,9, 0xBB29,2,
    0x6984,1, 0x18C5,3, 0xBB29,2, 0x6984,1, 0x18C5,35, 0xBB29,2, 0x6984,1, 0x18C5,3,
    0xBB29,2, 0x6984,1, 0x18C5,9, 0xBB29,2, 0x6984,1, 0x18C5,3, 0xBB29,2, 0x6984,1,
    0x18C5,35, 0xBB29,2, 0x6984,1, 0x18C5,3, 0xBB29,2, 0x6984,1, 0x18C5,9, 0xBB29,2,
    0x6984,1, 0x18C5,3, 0xBB29,2, 0x6984,1, 0x18C5,35, 0x6984,3, 0x18C5,3, 0x6984,3,
    0x18C5,9, 0x6984,3, 0x18C5,3, 0x6984,3, 0x18C5,29, 0x1084,36, 0x18C5,26, 0x1084,36,
    0x18C5,31, 0x10A4,27, 0x18C5,19, 0x18C5,758, 0x4124,33, 0x18C5,29, 0x6984,33, 0x18C5,29,
    0x6984,2, 0xBB29,30, 0x6984,1, 0x18C5,29, 0x6984,2, 0xF572,4, 0xDC4D,24, 0xBB29,2,
    0x6984,1, 0x18C5,29, 0x6984,2, 0xF572,1, 0xFE98,3, 0xDC4D,24, 0xBB29,2, 0x6984,1,
    0x18C5,23, 0x4125,1, 0x6984,7, 0xF572,4, 0xDC4D,24, 0xBB29,1, 0x6984,8, 0x4125,1,
    0x18C5,16, 0x4125,1, 0x6984,7, 0xF572,1, 0xDC4D,3, 0xFE98,2, 0x6984,1, 0xDC4D,15,
    0xFE98,2, 0x6984,1, 0xDC4D,3, 0xBB29,1, 0x6984,8, 0x4125,1, 0x18C5,14, 0x4124,1,
    0x6984,2, 0xDC4D,1, 0xF572,5, 0xBB29,1, 0xF572,1, 0xDC4D,3, 0xFFFF,2, 0x1882,1,
    0xDC4D,15, 0xFFFF,2, 0x1882,1, 0xDC4D,3, 0xBB29,1, 0xDC4D,1, 0xF572,5, 0xDC4D,1,
    0xBB29,1, 0x6984,1, 0x4124,1, 0x18C5,13, 0x4124,1, 0x6984,3, 0xBB29,2, 0xDC4D,3,
    0xBB29,1, 0xF572,1, 0xDC4D,3, 0xBB29,2, 0x1882,1, 0xDC4D,15, 0xBB29,2, 0x1882,1,
    0xDC4D,3, 0xBB29,2, 0xDC4D,4, 0xBB29,1, 0x6984,3, 0x4124,1, 0x18C5,13, 0x4124,1,
    0x6984,3, 0xBB29,2, 0xDC4D,3, 0xBB29,1, 0xF572,1, 0xDC4D,3, 0x1882,3, 0xDC4D,15,
    0x1882,3, 0xDC4D,3, 0xBB29,2, 0xDC4D,4, 0xBB29,1, 0x6984,3, 0x4124,1, 0x18C5,16,
    0x4125,1, 0x6984,1, 0xBB29,1, 0xDC4D,3, 0xBB29,1, 0xF572,1, 0xDC4D,3, 0x1882,3,
    0xDC4D,15, 0x1882,3, 0xDC4D,3, 0xBB29,2, 0xDC4D,4, 0xBB29,1, 0x4125,1, 0x18C5,19,
    0x4125,1, 0x6984,1, 0xBB29,1, 0xDC4D,3, 0xBB29,1, 0xF572,1, 0xDC4D,3, 0x1882,3,
    0xDC4D,15, 0x1882,3, 0xDC4D,3, 0xBB29,2, 0xDC4D,4, 0xBB29,1, 0x4125,1, 0x18C5,19,
    0x4125,1, 0x6984,1, 0xBB29,1, 0xDC4D,3, 0xBB29,1, 0xF572,1, 0xDC4D,3, 0x6984,3,
    0xDC4D,15, 0x6984,3, 0xDC4D,3, 0xBB29,2, 0xDC4D,4, 0xBB29,1, 0x4125,1, 0x18C5,16,
    0x4124,1, 0x6984,2, 0xBB29,1, 0xF572,1, 0xDC4D,4, 0xBB29,1, 0xF572,1, 0xDC4D,27,
    0xBB29,2, 0xDC4D,5, 0xBB29,1, 0x6984,2, 0x4124,1, 0x18C5,13, 0x4124,1, 0x6984,2,
    0xBB29,6, 0x6984,1, 0xF572,1, 0xDC4D,27, 0xBB29,9, 0x6984,1, 0x4124,1, 0x18C5,13,
    0x4124,1, 0x6984,2, 0xBB29,6, 0x6984,1, 0xF572,1, 0xDC4D,27, 0xBB29,9, 0x6984,1,
    0x4124,1, 0x18C5,15, 0x4125,1, 0x6984,7, 0xF572,1, 0xDC4D,27, 0xBB29,1, 0x6984,8,
    0x4125,1, 0x18C5,22, 0x6984,2, 0xDC4D,1, 0xBB29,29, 0x6984,1, 0x18C5,29, 0x6984,2,
    0xDC4D,1, 0xBB29,29, 0x6984,1, 0x18C5,29, 0x6984,2, 0xDC4D,1, 0xBB29,29, 0x6984,1,
    0x18C5,29, 0x6984,2, 0xBB29,1, 0x6984,30, 0x18C5,29, 0x4124,3, 0x6984,3, 0x4124,3,
    0x6984,3, 0x4124,9, 0x6984,3, 0x4124,3, 0x6984,3, 0x4124,3, 0x18C5,32, 0xBB29,2,
    0x6984,1, 0x18C5,3, 0xBB29,2, 0x6984,1, 0x18C5,9, 0xBB29,2, 0x6984,1, 0x18C5,3,
    0xBB29,2, 0x6984,1, 0x18C5,35, 0xBB29,2, 0x6984,1, 0x18C5,3, 0xBB29,2, 0x6984,1,
    0x18C5,9, 0xBB29,2, 0x6984,1, 0x18C5,3, 0xBB29,2, 0x6984,1, 0x18C5,35, 0xBB29,2,
    0x6984,1, 0x18C5,3, 0xBB29,2, 0x6984,1, 0x18C5,9, 0xBB29,2, 0x6984,1, 0x18C5,3,
    0xBB29,2, 0x6984,1, 0x18C5,35, 0x6984,3, 0x18C5,3, 0x6984,3, 0x18C5,9, 0x6984,3,
    0x18C5,3, 0x6984,3, 0x18C5,30, 0x10A4,1, 0x1084,35, 0x10A4,1, 0x18C5,25, 0x10A4,1,
    0x1084,35, 0x10A4,1, 0x18C5,30, 0x18C6,1, 0x10A4,26, 0x18C6,1, 0x18C5,17, 0x18C5,696,
    0x6984,33, 0x18C5,29, 0x6984,33, 0x18C5,29, 0x6984,2, 0xF572,28, 0xDC4D,2, 0x6984,1,
    0x18C5,29, 0x6984,2, 0xF572,1, 0xFE98,3, 0xDC4D,24, 0xBB29,2, 0x6984,1, 0x18C5,23,
    0x28E5,1, 0x4124,5, 0x6984,2, 0xF572,1, 0xFE98,3, 0xDC4D,24, 0xBB29,2, 0x6984,1,
    0x4124,6, 0x28E5,1, 0x18C5,16, 0x4125,1, 0x6984,7, 0xF572,1, 0xDC4D,27, 0xBB29,1,
    0x6984,8, 0x4125,1, 0x18C5,14, 0x28E5,1, 0x4125,1, 0x69A5,1, 0xBB29,7, 0xF572,1,
    0xDC4D,3, 0xFFFF,2, 0x1882,1, 0xDC4D,15, 0xFFFF,2, 0x1882,1, 0xDC4D,3, 0xBB29,8,
    0x6984,1, 0x69A5,1, 0x28E5,1, 0x18C5,13, 0x4124,1, 0x6984,2, 0xBB29,1, 0xDC4D,5,
    0xBB29,1, 0xF572,1, 0xDC4D,3, 0xFFFF,2, 0x1882,1, 0xDC4D,15, 0xFFFF,2, 0x1882,1,
    0xDC4D,3, 0xBB29,1, 0xDC4D,6, 0xBB29,1, 0x6984,2, 0x4124,1, 0x18C5,13, 0x4124,1,
    0x6984,3, 0xBB29,2, 0xDC4D,3, 0xBB29,1, 0xF572,1, 0xDC4D,3, 0x1882,3, 0xDC4D,15,
    0x1882,3, 0xDC4D,3, 0xBB29,2, 0xDC4D,4, 0xBB29,1, 0x6984,3, 0x4124,1, 0x18C5,13,
    0x28E5,1, 0x4125,2, 0x69A5,1, 0x6984,1, 0xBB29,1, 0xDC4D,3, 0xBB29,1, 0xF572,1,
    0xDC4D,3, 0x1882,3, 0xDC4D,15, 0x1882,3, 0xDC4D,3, 0xBB29,2, 0xDC4D,4, 0xBB29,1,
    0x69A5,1, 0x4125,2, 0x28E5,1, 0x18C5,16, 0x4125,1, 0x6984,1, 0xBB29,1, 0xDC4D,3,
    0xBB29,1, 0xF572,1, 0xDC4D,3, 0x1882,3, 0xDC4D,15, 0x1882,3, 0xDC4D,3, 0xBB29,2,
    0xDC4D,4, 0xBB29,1, 0x4125,1, 0x18C5,19, 0x4125,1, 0x6984,1, 0xBB29,1, 0xDC4D,3,
    0xBB29,1, 0xF572,1, 0xDC4D,3, 0x1882,3, 0xDC4D,15, 0x1882,3, 0xDC4D,3, 0xBB29,2,
    0xDC4D,4, 0xBB29,1, 0x4125,1, 0x18C5,16, 0x28E5,1, 0x4125,2, 0x7A48,1, 0xBB29,1,
    0xDC4D,4, 0xBB29,1, 0xF572,1, 0xDC4D,27, 0xBB29,2, 0xDC4D,5, 0x7A48,1, 0x4125,2,
    0x28E5,1, 0x18C5,13, 0x4124,1, 0x6984,2, 0xBB29,1, 0xDC4D,2, 0xBB29,4, 0xF572,1,
    0xDC4D,27, 0xBB29,6, 0xDC4D,1, 0xBB29,1, 0x6984,2, 0x4124,1, 0x18C5,13, 0x4124,1,
    0x6984,2, 0xBB29,6, 0x6984,1, 0xF572,1, 0xDC4D,27, 0xBB29,9, 0x6984,1, 0x4124,1,
    0x18C5,13, 0x28E5,1, 0x4125,1, 0x69A5,1, 0x6984,7, 0xF572,1, 0xDC4D,27, 0xBB29,2,
    0x6984,7, 0x69A5,1, 0x28E5,1, 0x18C5,15, 0x28E5,1, 0x4124,5, 0x6984,2, 0xF572,1,
    0xDC4D,27, 0xBB29,2, 0x6984,1, 0x4124,6, 0x28E5,1, 0x18C5,22, 0x6984,2, 0xDC4D,1,
    0xBB29,29, 0x6984,1, 0x18C5,29, 0x6984,2, 0xDC4D,1, 0xBB29,29, 0x6984,1, 0x18C5,29,
    0x6984,2, 0xDC4D,1, 0xBB29,29, 0x6984,1, 0x18C5,29, 0x6984,33, 0x18C5,32, 0xBB29,2,
    0x6984,1, 0x18C5,3, 0xBB29,2, 0x6984,1, 0x18C5,9, 0xBB29,2, 0x6984,1, 0x18C5,3,
    0xBB29,2, 0x6984,1, 0x18C5,35, 0xBB29,2, 0x6984,1, 0x18C5,3, 0xBB29,2, 0x6984,1,
    0x18C5,9, 0xBB29,2, 0x6984,1, 0x18C5,3, 0xBB29,2, 0x6984,1, 0x18C5,35, 0xBB29,2,
    0x6984,1, 0x18C5,3, 0xBB29,2, 0x6984,1, 0x18C5,9, 0xBB29,2, 0x6984,1, 0x18C5,3,
    0xBB29,2, 0x6984,1, 0x18C5,35, 0xBB29,2, 0x6984,1, 0x18C5,3, 0xBB29,2, 0x6984,1,
    0x18C5,9, 0xBB29,2, 0x6984,1, 0x18C5,3, 0xBB29,2, 0x6984,1, 0x18C5,35, 0xBB29,2,
    0x6984,1, 0x18C5,3, 0xBB29,2, 0x6984,1, 0x18C5,9, 0xBB29,2, 0x6984,1, 0x18C5,3,
    0xBB29,2, 0x6984,1, 0x18C5,35, 0x6984,3, 0x18C5,3, 0x6984,3, 0x18C5,9, 0x6984,3,
    0x18C5,3, 0x6984,3, 0x18C5,30, 0x10A4,1, 0x1084,35, 0x10A4,1, 0x18C5,25, 0x10A4,1,
    0x1084,35, 0x10A4,1, 0x18C5,30, 0x18C6,1, 0x10A4,26, 0x18C6,1, 0x18C5,17, 0x18C5,696,
    0x6984,33, 0x18C5,29, 0x6984,33, 0x18C5,29, 0x6984,2, 0xF572,28, 0xDC4D,2, 0x6984,1,
    0x18C5,29, 0x6984,2, 0xF572,1, 0xFE98,3, 0xDC4D,24, 0xBB29,2, 0x6984,1, 0x18C5,23,
    0x28E5,1, 0x4124,5, 0x6984,2, 0xF572,1, 0xFE98,3, 0xDC4D,24, 0xBB29,2, 0x6984,1,
    0x4124,6, 0x28E5,1, 0x18C5,16, 0x4125,1, 0x6984,7, 0xF572,1, 0xDC4D,27, 0xBB29,1,
    0x6984,8, 0x4125,1, 0x18C5,14, 0x28E5,1, 0x4125,1, 0x69A5,1, 0xBB29,7, 0xF572,1,
    0xDC4D,3, 0xFFFF,2, 0x1882,1, 0xDC4D,15, 0xFFFF,2, 0x1882,1, 0xDC4D,3, 0xBB29,8,
    0x6984,1, 0x69A5,1, 0x28E5,1, 0x18C5,13, 0x4124,1, 0x6984,2, 0xBB29,1, 0xDC4D,5,
    0xBB29,1, 0xF572,1, 0xDC4D,3, 0xFFFF,2, 0x1882,1, 0xDC4D,15, 0xFFFF,2, 0x1882,1,
    0xDC4D,3, 0xBB29,1, 0xDC4D,6, 0xBB29,1, 0x6984,2, 0x4124,1, 0x18C5,13, 0x4124,1,
    0x6984,3, 0xBB29,2, 0xDC4D,3, 0xBB29,1, 0xF572,1, 0xDC4D,3, 0x1882,3, 0xDC4D,15,
    0x1882,3, 0xDC4D,3, 0xBB29,2, 0xDC4D,4, 0xBB29,1, 0x6984,3, 0x4124,1, 0x18C5,13,
    0x28E5,1, 0x4125,2, 0x69A5,1, 0x6984,1, 0xBB29,1, 0xDC4D,3, 0xBB29,1, 0xF572,1,
    0xDC4D,3, 0x1882,3, 0xDC4D,15, 0x1882,3, 0xDC4D,3, 0xBB29,2, 0xDC4D,4, 0xBB29,1,
    0x69A5,1, 0x4125,2, 0x28E5,1, 0x18C5,16, 0x4125,1, 0x6984,1, 0xBB29,1, 0xDC4D,3,
    0xBB29,1, 0xF572,1, 0xDC4D,3, 0x1882,3, 0xDC4D,15, 0x1882,3, 0xDC4D,3, 0xBB29,2,
    0xDC4D,4, 0xBB29,1, 0x4125,1, 0x18C5,19, 0x4125,1, 0x6984,1, 0xBB29,1, 0xDC4D,3,
    0xBB29,1, 0xF572,1, 0xDC4D,3, 0x1882,3, 0xDC4D,15, 0x1882,3, 0xDC4D,3, 0xBB29,2,
    0xDC4D,4, 0xBB29,1, 0x4125,1, 0x18C5,16, 0x28E5,1, 0x4125,2, 0x7A48,1, 0xBB29,1,
    0xDC4D,4, 0xBB29,1, 0xF572,1, 0xDC4D,27, 0xBB29,2, 0xDC4D,5, 0x7A48,1, 0x4125,2,
    0x28E5,1, 0x18C5,13, 0x4124,1, 0x6984,2, 0xBB29,1, 0xDC4D,2, 0xBB29,4, 0xF572,1,
    0xDC4D,27, 0xBB29,6, 0xDC4D,1, 0xBB29,1, 0x6984,2, 0x4124,1, 0x18C5,13, 0x4124,1,
    0x6984,2, 0xBB29,6, 0x6984,1, 0xF572,1, 0xDC4D,27, 0xBB29,9, 0x6984,1, 0x4124,1,
    0x18C5,13, 0x28E5,1, 0x4125,1, 0x69A5,1, 0x6984,7, 0xF572,1, 0xDC4D,27, 0xBB29,2,
    0x6984,7, 0x69A5,1, 0x28E5,1, 0x18C5,15, 0x28E5,1, 0x4124,5, 0x6984,2, 0xF572,1,
    0xDC4D,27, 0xBB29,2, 0x6984,1, 0x4124,6, 0x28E5,1, 0x18C5,22, 0x6984,2, 0xDC4D,1,
    0xBB29,29, 0x6984,1, 0x18C5,29, 0x6984,2, 0xDC4D,1, 0xBB29,29, 0x6984,1, 0x18C5,29,
    0x6984,2, 0xDC4D,1, 0xBB29,29, 0x6984,1, 0x18C5,29, 0x6984,33, 0x18C5,32, 0xBB29,2,
    0x6984,1, 0x18C5,3, 0xBB29,2, 0x6984,1, 0x18C5,9, 0xBB29,2, 0x6984,1, 0x18C5,3,
    0xBB29,2, 0x6984,1, 0x18C5,35, 0xBB29,2, 0x6984,1, 0x18C5,3, 0xBB29,2, 0x6984,1,
    0x18C5,9, 0xBB29,2, 0x6984,1, 0x18C5,3, 0xBB29,2, 0x6984,1, 0x18C5,35, 0xBB29,2,
    0x6984,1, 0x18C5,3, 0xBB29,2, 0x6984,1, 0x18C5,9, 0xBB29,2, 0x6984,1, 0x18C5,3,
    0xBB29,2, 0x6984,1, 0x18C5,35, 0xBB29,2, 0x6984,1, 0x18C5,3, 0xBB29,2, 0x6984,1,
    0x18C5,9, 0xBB29,2, 0x6984,1, 0x18C5,3, 0xBB29,2, 0x6984,1, 0x18C5,35, 0xBB29,2,
    0x6984,1, 0x18C5,3, 0xBB29,2, 0x6984,1, 0x18C5,9, 0xBB29,2, 0x6984,1, 0x18C5,3,
    0xBB29,2, 0x6984,1, 0x18C5,35, 0x6984,3, 0x18C5,3, 0x6984,3, 0x18C5,9, 0x6984,3,
    0x18C5,3, 0x6984,3, 0x18C5,30, 0x10A4,1, 0x1084,35, 0x10A4,1, 0x18C5,25, 0x10A4,1,
    0x1084,35, 0x10A4,1, 0x18C5,30, 0x18C6,1, 0x10A4,26, 0x18C6,1, 0x18C5,17, 0x18C5,572,
    0x4124,33, 0x18C5,29, 0x6984,33, 0x18C5,29, 0x6984,2, 0xBB29,30, 0x6984,1, 0x18C5,29,
    0x6984,2, 0xF572,4, 0xDC4D,24, 0xBB29,2, 0x6984,1, 0x18C5,29, 0x6984,2, 0xF572,1,
    0xFE98,3, 0xDC4D,24, 0xBB29,2, 0x6984,1, 0x18C5,23, 0x4125,1, 0x6984,7, 0xF572,4,
    0xDC4D,24, 0xBB29,1, 0x6984,8, 0x4125,1, 0x18C5,16, 0x4125,1, 0x6984,7, 0xF572,1,
    0xDC4D,3, 0xFE98,2, 0x6984,1, 0xDC4D,15, 0xFE98,2, 0x6984,1, 0xDC4D,3, 0xBB29,1,
    0x6984,8, 0x4125,1, 0x18C5,14, 0x4124,1, 0x6984,2, 0xDC4D,1, 0xF572,5, 0xBB29,1,
    0xF572,1, 0xDC4D,3, 0xFFFF,2, 0x1882,1, 0xDC4D,15, 0xFFFF,2, 0x1882,1, 0xDC4D,3,
    0xBB29,1, 0xDC4D,1, 0xF572,5, 0xDC4D,1, 0xBB29,1, 0x6984,1, 0x4124,1, 0x18C5,13,
    0x4124,1, 0x6984,3, 0xBB29,2, 0xDC4D,3, 0xBB29,1, 0xF572,1, 0xDC4D,3, 0xBB29,2,
    0x1882,1, 0xDC4D,15, 0xBB29,2, 0x1882,1, 0xDC4D,3, 0xBB29,2, 0xDC4D,4, 0xBB29,1,
    0x6984,3, 0x4124,1, 0x18C5,13, 0x4124,1, 0x6984,3, 0xBB29,2, 0xDC4D,3, 0xBB29,1,
    0xF572,1, 0xDC4D,3, 0x1882,3, 0xDC4D,15, 0x1882,3, 0xDC4D,3, 0xBB29,2, 0xDC4D,4,
    0xBB29,1, 0x6984,3, 0x4124,1, 0x18C5,16, 0x4125,1, 0x6984,1, 0xBB29,1, 0xDC4D,3,
    0xBB29,1, 0xF572,1, 0xDC4D,3, 0x1882,3, 0xDC4D,15, 0x1882,3, 0xDC4D,3, 0xBB29,2,
    0xDC4D,4, 0xBB29,1, 0x4125,1, 0x18C5,19, 0x4125,1, 0x6984,1, 0xBB29,1, 0xDC4D,3,
    0xBB29,1, 0xF572,1, 0xDC4D,3, 0x1882,3, 0xDC4D,15, 0x1882,3, 0xDC4D,3, 0xBB29,2,
    0xDC4D,4, 0xBB29,1, 0x4125,1, 0x18C5,19, 0x4125,1, 0x6984,1, 0xBB29,1, 0xDC4D,3,
    0xBB29,1, 0xF572,1, 0xDC4D,3, 0x6984,3, 0xDC4D,15, 0x6984,3, 0xDC4D,3, 0xBB29,2,
    0xDC4D,4, 0xBB29,1, 0x4125,1, 0x18C5,16, 0x4124,1, 0x6984,2, 0xBB29,1, 0xF572,1,
    0xDC4D,4, 0xBB29,1, 0xF572,1, 0xDC4D,27, 0xBB29,2, 0xDC4D,5, 0xBB29,1, 0x6984,2,
    0x4124,1, 0x18C5,13, 0x4124,1, 0x6984,2, 0xBB29,6, 0x6984,1, 0xF572,1, 0xDC4D,27,
    0xBB29,9, 0x6984,1, 0x4124,1, 0x18C5,13, 0x4124,1, 0x6984,2, 0xBB29,6, 0x6984,1,
    0xF572,1, 0xDC4D,27, 0xBB29,9, 0x6984,1, 0x4124,1, 0x18C5,15, 0x4125,1, 0x6984,7,
    0xF572,1, 0xDC4D,27, 0xBB29,1, 0x6984,8, 0x4125,1, 0x18C5,22, 0x6984,2, 0xDC4D,1,
    0xBB29,29, 0x6984,1, 0x18C5,29, 0x6984,2, 0xDC4D,1, 0xBB29,29, 0x6984,1, 0x18C5,29,
    0x6984,2, 0xDC4D,1, 0xBB29,29, 0x6984,1, 0x18C5,29, 0x6984,2, 0xBB29,1, 0x6984,30,
    0x18C5,29, 0x4124,3, 0x6984,3, 0x4124,3, 0x6984,3, 0x4124,9, 0x6984,3, 0x4124,3,
    0x6984,3, 0x4124,3, 0x18C5,32, 0xBB29,2, 0x6984,1, 0x18C5,3, 0xBB29,2, 0x6984,1,
    0x18C5,9, 0xBB29,2, 0x6984,1, 0x18C5,3, 0xBB29,2, 0x6984,1, 0x18C5,35, 0xBB29,2,
    0x6984,1, 0x18C5,3, 0xBB29,2, 0x6984,1, 0x18C5,9, 0xBB29,2, 0x6984,1, 0x18C5,3,
    0xBB29,2, 0x6984,1, 0x18C5,35, 0xBB29,2, 0x6984,1, 0x18C5,3, 0xBB29,2, 0x6984,1,
    0x18C5,9, 0xBB29,2, 0x6984,1, 0x18C5,3, 0xBB29,2, 0x6984,1, 0x18C5,35, 0xBB29,2,
    0x6984,1, 0x18C5,3, 0xBB29,2, 0x6984,1, 0x18C5,9, 0xBB29,2, 0x6984,1, 0x18C5,3,
    0xBB29,2, 0x6984,1, 0x18C5,35, 0xBB29,2, 0x6984,1, 0x18C5,3, 0xBB29,2, 0x6984,1,
    0x18C5,9, 0xBB29,2, 0x6984,1, 0x18C5,3, 0xBB29,2, 0x6984,1, 0x18C5,35, 0xBB29,2,
    0x6984,1, 0x18C5,3, 0xBB29,2, 0x6984,1, 0x18C5,9, 0xBB29,2, 0x6984,1, 0x18C5,3,
    0xBB29,2, 0x6984,1, 0x18C5,35, 0x6984,3, 0x18C5,3, 0x6984,3, 0x18C5,9, 0x6984,3,
    0x18C5,3, 0x6984,3, 0x18C5,30, 0x10A4,1, 0x1084,35, 0x10A4,1, 0x18C5,25, 0x10A4,1,
    0x1084,35, 0x10A4,1, 0x18C5,30, 0x18C6,1, 0x10A4,26, 0x18C6,1, 0x18C5,17, 0x18C5,510,
    0x6984,33, 0x18C5,29, 0x6984,33, 0x18C5,29, 0x6984,2, 0xF572,28, 0xDC4D,2, 0x6984,1,
    0x18C5,29, 0x6984,2, 0xF572,1, 0xFE98,3, 0xDC4D,24, 0xBB29,2, 0x6984,1, 0x18C5,23,
    0x28E5,1, 0x4124,5, 0x6984,2, 0xF572,1, 0xFE98,3, 0xDC4D,24, 0xBB29,2, 0x6984,1,
    0x4124,6, 0x28E5,1, 0x18C5,16, 0x4125,1, 0x6984,7, 0xF572,1, 0xDC4D,27, 0xBB29,1,
    0x6984,8, 0x4125,1, 0x18C5,14, 0x28E5,1, 0x4125,1, 0x69A5,1, 0xBB29,7, 0xF572,1,
    0xDC4D,3, 0xFFFF,2, 0x1882,1, 0xDC4D,15, 0xFFFF,2, 0x1882,1, 0xDC4D,3, 0xBB29,8,
    0x6984,1, 0x69A5,1, 0x28E5,1, 0x18C5,13, 0x4124,1, 0x6984,2, 0xBB29,1, 0xDC4D,5,
    0xBB29,1, 0xF572,1, 0xDC4D,3, 0xFFFF,2, 0x1882,1, 0xDC4D,15, 0xFFFF,2, 0x1882,1,
    0xDC4D,3, 0xBB29,1, 0xDC4D,6, 0xBB29,1, 0x6984,2, 0x4124,1, 0x18C5,13, 0x4124,1,
    0x6984,3, 0xBB29,2, 0xDC4D,3, 0xBB29,1, 0xF572,1, 0xDC4D,3, 0x1882,3, 0xDC4D,15,
    0x1882,3, 0xDC4D,3, 0xBB29,2, 0xDC4D,4, 0xBB29,1, 0x6984,3, 0x4124,1, 0x18C5,13,
    0x28E5,1, 0x4125,2, 0x69A5,1, 0x6984,1, 0xBB29,1, 0xDC4D,3, 0xBB29,1, 0xF572,1,
    0xDC4D,3, 0x1882,3, 0xDC4D,15, 0x1882,3, 0xDC4D,3, 0xBB29,2, 0xDC4D,4, 0xBB29,1,
    0x69A5,1, 0x4125,2, 0x28E5,1, 0x18C5,16, 0x4125,1, 0x6984,1, 0xBB29,1, 0xDC4D,3,
    0xBB29,1, 0xF572,1, 0xDC4D,3, 0x1882,3, 0xDC4D,15, 0x1882,3, 0xDC4D,3, 0xBB29,2,
    0xDC4D,4, 0xBB29,1, 0x4125,1, 0x18C5,19, 0x4125,1, 0x6984,1, 0xBB29,1, 0xDC4D,3,
    0xBB29,1, 0xF572,1, 0xDC4D,3, 0x1882,3, 0xDC4D,15, 0x1882,3, 0xDC4D,3, 0xBB29,2,
    0xDC4D,4, 0xBB29,1, 0x4125,1, 0x18C5,16, 0x28E5,1, 0x4125,2, 0x7A48,1, 0xBB29,1,
    0xDC4D,4, 0xBB29,1, 0xF572,1, 0xDC4D,27, 0xBB29,2, 0xDC4D,5, 0x7A48,1, 0x4125,2,
    0x28E5,1, 0x18C5,13, 0x4124,1, 0x6984,2, 0xBB29,1, 0xDC4D,2, 0xBB29,4, 0xF572,1,
    0xDC4D,27, 0xBB29,6, 0xDC4D,1, 0xBB29,1, 0x6984,2, 0x4124,1, 0x18C5,13, 0x4124,1,
    0x6984,2, 0xBB29,6, 0x6984,1, 0xF572,1, 0xDC4D,27, 0xBB29,9, 0x6984,1, 0x4124,1,
    0x18C5,13, 0x28E5,1, 0x4125,1, 0x69A5,1, 0x6984,7, 0xF572,1, 0xDC4D,27, 0xBB29,2,
    0x6984,7, 0x69A5,1, 0x28E5,1, 0x18C5,15, 0x28E5,1, 0x4124,5, 0x6984,2, 0xF572,1,
    0xDC4D,27, 0xBB29,2, 0x6984,1, 0x4124,6, 0x28E5,1, 0x18C5,22, 0x6984,2, 0xDC4D,1,
    0xBB29,29, 0x6984,1, 0x18C5,29, 0x6984,2, 0xDC4D,1, 0xBB29,29, 0x6984,1, 0x18C5,29,
    0x6984,2, 0xDC4D,1, 0xBB29,29, 0x6984,1, 0x18C5,29, 0x6984,33, 0x18C5,32, 0xBB29,2,
    0x6984,1, 0x18C5,3, 0xBB29,2, 0x6984,1, 0x18C5,9, 0xBB29,2, 0x6984,1, 0x18C5,3,
    0xBB29,2, 0x6984,1, 0x18C5,35, 0xBB29,2, 0x6984,1, 0x18C5,3, 0xBB29,2, 0x6984,1,
    0x18C5,9, 0xBB29,2, 0x6984,1, 0x18C5,3, 0xBB29,2, 0x6984,1, 0x18C5,35, 0xBB29,2,
    0x6984,1, 0x18C5,3, 0xBB29,2, 0x6984,1, 0x18C5,9, 0xBB29,2, 0x6984,1, 0x18C5,3,
    0xBB29,2, 0x6984,1, 0x18C5,35, 0xBB29,2, 0x6984,1, 0x18C5,3, 0xBB29,2, 0x6984,1,
    0x18C5,9, 0xBB29,2, 0x6984,1, 0x18C5,3, 0xBB29,2, 0x6984,1, 0x18C5,35, 0xBB29,2,
    0x6984,1, 0x18C5,3, 0xBB29,2, 0x6984,1, 0x18C5,9, 0xBB29,2, 0x6984,1, 0x18C5,3,
    0xBB29,2, 0x6984,1, 0x18C5,35, 0xBB29,2, 0x6984,1, 0x18C5,3, 0xBB29,2, 0x6984,1,
    0x18C5,9, 0xBB29,2, 0x6984,1, 0x18C5,3, 0xBB29,2, 0x6984,1, 0x18C5,35, 0xBB29,2,
    0x6984,1, 0x18C5,3, 0xBB29,2, 0x6984,1, 0x18C5,9, 0xBB29,2, 0x6984,1, 0x18C5,3,
    0xBB29,2, 0x6984,1, 0x18C5,35, 0xBB29,2, 0x6984,1, 0x18C5,3, 0xBB29,2, 0x6984,1,
    0x18C5,9, 0xBB29,2, 0x6984,1, 0x18C5,3, 0xBB29,2, 0x6984,1, 0x18C5,35, 0x6984,3,
    0x18C5,3, 0x6984,3, 0x18C5,9, 0x6984,3, 0x18C5,3, 0x6984,3, 0x18C5,30, 0x10A4,1,
    0x1084,35, 0x10A4,1, 0x18C5,25, 0x10A4,1, 0x1084,35, 0x10A4,1, 0x18C5,30, 0x18C6,1,
    0x10A4,26, 0x18C6,1, 0x18C5,17, 0x18C5,510, 0x6984,33, 0x18C5,29, 0x6984,33, 0x18C5,29,
    0x6984,2, 0xF572,28, 0xDC4D,2, 0x6984,1, 0x18C5,29, 0x6984,2, 0xF572,1, 0xFE98,3,
    0xDC4D,24, 0xBB29,2, 0x6984,1, 0x18C5,23, 0x28E5,1, 0x4124,5, 0x6984,2, 0xF572,1,
    0xFE98,3, 0xDC4D,24, 0xBB29,2, 0x6984,1, 0x4124,6, 0x28E5,1, 0x18C5,16, 0x4125,1,
    0x6984,7, 0xF572,1, 0xDC4D,27, 0xBB29,1, 0x6984,8, 0x4125,1, 0x18C5,14, 0x28E5,1,
    0x4125,1, 0x69A5,1, 0xBB29,7, 0xF572,1, 0xDC4D,3, 0xFFFF,2, 0x1882,1, 0xDC4D,15,
    0xFFFF,2, 0x1882,1, 0xDC4D,3, 0xBB29,8, 0x6984,1, 0x69A5,1, 0x28E5,1, 0x18C5,13,
    0x4124,1, 0x6984,2, 0xBB29,1, 0xDC4D,5, 0xBB29,1, 0xF572,1, 0xDC4D,3, 0xFFFF,2,
    0x1882,1, 0xDC4D,15, 0xFFFF,2, 0x1882,1, 0xDC4D,3, 0xBB29,1, 0xDC4D,6, 0xBB29,1,
    0x6984,2, 0x4124,1, 0x18C5,13, 0x4124,1, 0x6984,3, 0xBB29,2, 0xDC4D,3, 0xBB29,1,
    0xF572,1, 0xDC4D,3, 0x1882,3, 0xDC4D,15, 0x1882,3, 0xDC4D,3, 0xBB29,2, 0xDC4D,4,
    0xBB29,1, 0x6984,3, 0x4124,1, 0x18C5,13, 0x28E5,1, 0x4125,2, 0x69A5,1, 0x6984,1,
    0xBB29,1, 0xDC4D,3, 0xBB29,1, 0xF572,1, 0xDC4D,3, 0x1882,3, 0xDC4D,15, 0x1882,3,
    0xDC4D,3, 0xBB29,2, 0xDC4D,4, 0xBB29,1, 0x69A5,1, 0x4125,2, 0x28E5,1, 0x18C5,16,
    0x4125,1, 0x6984,1, 0xBB29,1, 0xDC4D,3, 0xBB29,1, 0xF572,1, 0xDC4D,3, 0x1882,3,
    0xDC4D,15, 0x1882,3, 0xDC4D,3, 0xBB29,2, 0xDC4D,4, 0xBB29,1, 0x4125,1, 0x18C5,19,
    0x4125,1, 0x6984,1, 0xBB29,1, 0xDC4D,3, 0xBB29,1, 0xF572,1, 0xDC4D,3, 0x1882,3,
    0xDC4D,15, 0x1882,3, 0xDC4D,3, 0xBB29,2, 0xDC4D,4, 0xBB29,1, 0x4125,1, 0x18C5,16,
    0x28E5,1, 0x4125,2, 0x7A48,1, 0xBB29,1, 0xDC4D,4, 0xBB29,1, 0xF572,1, 0xDC4D,27,
    0xBB29,2, 0xDC4D,5, 0x7A48,1, 0x4125,2, 0x28E5,1, 0x18C5,13, 0x4124,1, 0x6984,2,
    0xBB29,1, 0xDC4D,2, 0xBB29,4, 0xF572,1, 0xDC4D,27, 0xBB29,6, 0xDC4D,1, 0xBB29,1,
    0x6984,2, 0x4124,1, 0x18C5,13, 0x4124,1, 0x6984,2, 0xBB29,6, 0x6984,1, 0xF572,1,
    0xDC4D,27, 0xBB29,9, 0x6984,1, 0x4124,1, 0x18C5,13, 0x28E5,1, 0x4125,1, 0x69A5,1,
    0x6984,7, 0xF572,1, 0xDC4D,27, 0xBB29,2, 0x6984,7, 0x69A5,1, 0x28E5,1, 0x18C5,15,
    0x28E5,1, 0x4124,5, 0x6984,2, 0xF572,1, 0xDC4D,27, 0xBB29,2, 0x6984,1, 0x4124,6,
    0x28E5,1, 0x18C5,22, 0x6984,2, 0xDC4D,1, 0xBB29,29, 0x6984,1, 0x18C5,29, 0x6984,2,
    0xDC4D,1, 0xBB29,29, 0x6984,1, 0x18C5,29, 0x6984,2, 0xDC4D,1, 0xBB29,29, 0x6984,1,
    0x18C5,29, 0x6984,33, 0x18C5,32, 0xBB29,2, 0x6984,1, 0x18C5,3, 0xBB29,2, 0x6984,1,
    0x18C5,9, 0xBB29,2, 0x6984,1, 0x18C5,3, 0xBB29,2, 0x6984,1, 0x18C5,35, 0xBB29,2,
    0x6984,1, 0x18C5,3, 0xBB29,2, 0x6984,1, 0x18C5,9, 0xBB29,2, 0x6984,1, 0x18C5,3,
    0xBB29,2, 0x6984,1, 0x18C5,35, 0xBB29,2, 0x6984,1, 0x18C5,3, 0xBB29,2, 0x6984,1,
    0x18C5,9, 0xBB29,2, 0x6984,1, 0x18C5,3, 0xBB29,2, 0x6984,1, 0x18C5,35, 0xBB29,2,
    0x6984,1, 0x18C5,3, 0xBB29,2, 0x6984,1, 0x18C5,9, 0xBB29,2, 0x6984,1, 0x18C5,3,
    0xBB29,2, 0x6984,1, 0x18C5,35, 0xBB29,2, 0x6984,1, 0x18C5,3, 0xBB29,2, 0x6984,1,
    0x18C5,9, 0xBB29,2, 0x6984,1, 0x18C5,3, 0xBB29,2, 0x6984,1, 0x18C5,35, 0xBB29,2,
    0x6984,1, 0x18C5,3, 0xBB29,2, 0x6984,1, 0x18C5,9, 0xBB29,2, 0x6984,1, 0x18C5,3,
    0xBB29,2, 0x6984,1, 0x18C5,35, 0xBB29,2, 0x6984,1, 0x18C5,3, 0xBB29,2, 0x6984,1,
    0x18C5,9, 0xBB29,2, 0x6984,1, 0x18C5,3, 0xBB29,2, 0x6984,1, 0x18C5,35, 0xBB29,2,
    0x6984,1, 0x18C5,3, 0xBB29,2, 0x6984,1, 0x18C5,9, 0xBB29,2, 0x6984,1, 0x18C5,3,
    0xBB29,2, 0x6984,1, 0x18C5,35, 0x6984,3, 0x18C5,3, 0x6984,3, 0x18C5,9, 0x6984,3,
    0x18C5,3, 0x6984,3, 0x18C5,30, 0x10A4,1, 0x1084,35, 0x10A4,1, 0x18C5,25, 0x10A4,1,
    0x1084,35, 0x10A4,1, 0x18C5,30, 0x18C6,1, 0x10A4,26, 0x18C6,1, 0x18C5,17, 0x18C5,503,
    0x6984,48, 0x18C5,14, 0x6984,48, 0x18C5,12, 0x6984,2, 0xBB29,1, 0xF572,4, 0xBB29,1,
    0x6984,4, 0xBB29,1, 0xF572,26, 0x6984,5, 0xF572,4, 0xBB29,2, 0x6984,1, 0x18C5,11,
    0x6984,3, 0xBB29,2, 0xDC4D,3, 0xBB29,4, 0xF572,1, 0xFE98,2, 0xDC4D,24, 0xBB29,5,
    0xDC4D,3, 0xBB29,1, 0x6984,3, 0x18C5,11, 0x6984,3, 0xBB29,2, 0xDC4D,7, 0xF572,1,
    0xFE98,4, 0x6984,1, 0xDC4D,15, 0xFE98,2, 0x6984,1, 0xDC4D,11, 0xBB29,1, 0x6984,3,
    0x18C5,14, 0x6984,2, 0xDC4D,10, 0xFFFF,2, 0x1882,1, 0xDC4D,15, 0xFFFF,2, 0x1882,1,
    0xDC4D,11, 0x6984,1, 0x18C5,17, 0x6984,2, 0xDC4D,10, 0xBB29,2, 0x1882,1, 0xDC4D,15,
    0xBB29,2, 0x1882,1, 0xDC4D,11, 0x6984,1, 0x18C5,17, 0x6984,2, 0xDC4D,3, 0xBB29,4,
    0xDC4D,3, 0x1882,3, 0xDC4D,15, 0x1882,3, 0xDC4D,3, 0xBB29,5, 0xDC4D,3, 0x6984,1,
    0x18C5,14, 0x6984,3, 0xF572,2, 0xDC4D,2, 0xBB29,6, 0xDC4D,2, 0x1882,3, 0xDC4D,15,
    0x1882,3, 0xDC4D,3, 0xBB29,5, 0xDC4D,3, 0xF572,1, 0x6984,3, 0x18C5,11, 0x6984,2,
    0xBB29,6, 0x6984,4, 0xBB29,1, 0xDC4D,2, 0x1882,3, 0xDC4D,15, 0x1882,3, 0xDC4D,3,
    0x6984,5, 0xBB29,6, 0x6984,1, 0x18C5,11, 0x6984,2, 0xBB29,6, 0x6984,3, 0xBB29,2,
    0xDC4D,2, 0x6984,3, 0xDC4D,15, 0x6984,3, 0xDC4D,3, 0x6984,5, 0xBB29,6, 0x6984,1,
    0x18C5,13, 0x6984,9, 0xF572,1, 0xDC4D,27, 0xBB29,2, 0x6984,9, 0x18C5,21, 0x6984,2,
    0xF572,1, 0xDC4D,27, 0xBB29,2, 0x6984,1, 0x18C5,29, 0x6984,2, 0xF572,1, 0xDC4D,12,
    0x6984,3, 0xDC4D,12, 0xBB29,2, 0x6984,1, 0x18C5,29, 0x6984,2, 0xF572,1, 0xDC4D,12,
    0x1882,3, 0xDC4D,12, 0xBB29,2, 0x6984,1, 0x18C5,29, 0x6984,2, 0xF572,1, 0xDC4D,12,
    0x6984,3, 0xDC4D,12, 0xBB29,2, 0x6984,1, 0x18C5,29, 0x6984,2, 0xF572,1, 0xDC4D,27,
    0xBB29,2, 0x6984,1, 0x18C5,29, 0x6984,2, 0xDC4D,1, 0xBB29,29, 0x6984,1, 0x18C5,29,
    0x6984,2, 0xDC4D,1, 0xBB29,29, 0x6984,1, 0x18C5,29, 0x6984,2, 0xDC4D,1, 0xBB29,29,
    0x6984,1, 0x18C5,29, 0x6984,33, 0x18C5,32, 0xBB29,2, 0x6984,1, 0x18C5,3, 0xBB29,2,
    0x6984,1, 0x18C5,9, 0xBB29,2, 0x6984,1, 0x18C5,3, 0xBB29,2, 0x6984,1, 0x18C5,35,
    0xBB29,2, 0x6984,1, 0x18C5,3, 0xBB29,2, 0x6984,1, 0x18C5,9, 0xBB29,2, 0x6984,1,
    0x18C5,3, 0xBB29,2, 0x6984,1, 0x18C5,35, 0xBB29,2, 0x6984,1, 0x18C5,3, 0xBB29,2,
    0x6984,1, 0x18C5,9, 0xBB29,2, 0x6984,1, 0x18C5,3, 0xBB29,2, 0x6984,1, 0x18C5,35,
    0xBB29,2, 0x6984,1, 0x18C5,3, 0xBB29,2, 0x6984,1, 0x18C5,9, 0xBB29,2, 0x6984,1,
    0x18C5,3, 0xBB29,2, 0x6984,1, 0x18C5,35, 0xBB29,2, 0x6984,1, 0x18C5,3, 0xBB29,2,
    0x6984,1, 0x18C5,9, 0xBB29,2, 0x6984,1, 0x18C5,3, 0xBB29,2, 0x6984,1, 0x18C5,35,
    0xBB29,2, 0x6984,1, 0x18C5,3, 0xBB29,2, 0x6984,1, 0x18C5,9, 0xBB29,2, 0x6984,1,
    0x18C5,3, 0xBB29,2, 0x6984,1, 0x18C5,35, 0xBB29,2, 0x6984,1, 0x18C5,3, 0xBB29,2,
    0x6984,1, 0x18C5,9, 0xBB29,2, 0x6984,1, 0x18C5,3, 0xBB29,2, 0x6984,1, 0x18C5,35,
    0xBB29,2, 0x6984,1, 0x18C5,3, 0xBB29,2, 0x6984,1, 0x18C5,9, 0xBB29,2, 0x6984,1,
    0x18C5,3, 0xBB29,2, 0x6984,1, 0x18C5,35, 0x6984,3, 0x18C5,3, 0x6984,3, 0x18C5,9,
    0x6984,3, 0x18C5,3, 0x6984,3, 0x18C5,30, 0x10A4,1, 0x1084,35, 0x10A4,1, 0x18C5,25,
    0x10A4,1, 0x1084,35, 0x10A4,1, 0x18C5,30, 0x18C6,1, 0x10A4,26, 0x18C6,1, 0x18C5,17,
    0x18C5,377, 0x28E5,1, 0x4124,6, 0x28E5,1, 0x18C5,35, 0x28E5,1, 0x4124,7, 0x28E5,1,
    0x18C5,10, 0x4125,1, 0x6984,6, 0x4124,1, 0x18C5,35, 0x4124,1, 0x6984,7, 0x4125,1,
    0x18C5,8, 0x28E5,1, 0x4125,1, 0x69A5,1, 0xBB29,6, 0x4124,1, 0x18C5,1, 0x6984,33,
    0x18C5,1, 0x4124,1, 0x6984,1, 0xBB29,5, 0x6984,1, 0x69A5,1, 0x28E5,1, 0x18C5,7,
    0x4124,1, 0x6984,2, 0xBB29,1, 0xDC4D,4, 0x6984,1, 0x5144,1, 0x4124,1, 0x6984,33,
    0x4124,1, 0x5144,1, 0x6984,1, 0xBB29,1, 0xDC4D,3, 0xBB29,1, 0x6984,2, 0x4124,1,
    0x18C5,7, 0x4124,1, 0x6984,3, 0xBB29,2, 0xDC4D,2, 0x6984,6, 0xF572,27, 0x6984,6,
    0xBB29,1, 0xDC4D,2, 0xBB29,1, 0x6984,3, 0x4124,1, 0x18C5,7, 0x28E5,1, 0x4125,2,
    0x69A5,1, 0x6984,1, 0xBB29,1, 0xDC4D,2, 0xBB29,6, 0xFE98,3, 0xDC4D,24, 0xBB29,7,
    0xDC4D,2, 0xBB29,1, 0x69A5,1, 0x4125,2, 0x28E5,1, 0x18C5,10, 0x4125,1, 0x6984,1,
    0xBB29,1, 0xDC4D,8, 0xFE98,5, 0x6984,1, 0xDC4D,15, 0xFE98,2, 0x6984,1, 0xDC4D,9,
    0xBB29,1, 0xDC4D,2, 0xBB29,1, 0x4125,1, 0x18C5,13, 0x4125,1, 0x6984,1, 0xBB29,1,
    0xDC4D,11, 0xFFFF,2, 0x1882,1, 0xDC4D,15, 0xFFFF,2, 0x1882,1, 0xDC4D,9, 0xBB29,1,
    0xDC4D,2, 0xBB29,1, 0x4125,1, 0x18C5,10, 0x28E5,1, 0x4125,2, 0x7A48,1, 0xBB29,1,
    0xDC4D,12, 0xBB29,2, 0x1882,1, 0xDC4D,15, 0xBB29,2, 0x1882,1, 0xDC4D,9, 0xBB29,1,
    0xDC4D,3, 0x7A48,1, 0x4125,2, 0x28E5,1, 0x18C5,7, 0x4124,1, 0x6984,2, 0xBB29,1,
    0xDC4D,2, 0xBB29,8, 0xDC4D,3, 0x1882,3, 0xDC4D,15, 0x1882,3, 0xDC4D,3, 0xBB29,9,
    0xDC4D,1, 0xBB29,1, 0x6984,2, 0x4124,1, 0x18C5,7, 0x4124,1, 0x6984,2, 0xBB29,11,
    0xDC4D,3, 0x1882,3, 0xDC4D,15, 0x1882,3, 0xDC4D,3, 0xBB29,6, 0x6984,1, 0xBB29,5,
    0x6984,1, 0x4124,1, 0x18C5,7, 0x28E5,1, 0x4125,1, 0x69A5,1, 0x6984,11, 0xDC4D,3,
    0x1882,3, 0xDC4D,15, 0x1882,3, 0xDC4D,3, 0x6984,12, 0x69A5,1, 0x28E5,1, 0x18C5,9,
    0x28E5,1, 0x4124,5, 0x5144,1, 0x4924,1, 0x4124,1, 0x6984,2, 0xBB29,1, 0xDC4D,3,
    0x6984,3, 0xDC4D,15, 0x6984,3, 0xDC4D,3, 0x6984,3, 0x4124,1, 0x4924,1, 0x5144,1,
    0x4124,6, 0x28E5,1, 0x18C5,19, 0x6984,2, 0xF572,1, 0xDC4D,27, 0xBB29,2, 0x6984,1,
    0x18C5,29, 0x6984,2, 0xF572,1, 0xDC4D,27, 0xBB29,2, 0x6984,1, 0x18C5,29, 0x6984,2,
    0xF572,1, 0xDC4D,12, 0x6984,3, 0xDC4D,12, 0xBB29,2, 0x6984,1, 0x18C5,29, 0x6984,2,
    0xF572,1, 0xDC4D,12, 0x1882,3, 0xDC4D,12, 0xBB29,2, 0x6984,1, 0x18C5,29, 0x6984,2,
    0xF572,1, 0xDC4D,12, 0x6984,3, 0xDC4D,12, 0xBB29,2, 0x6984,1, 0x18C5,29, 0x6984,2,
    0xF572,1, 0xDC4D,27, 0xBB29,2, 0x6984,1, 0x18C5,29, 0x6984,2, 0xDC4D,1, 0xBB29,29,
    0x6984,1, 0x18C5,29, 0x6984,2, 0xDC4D,1, 0xBB29,29, 0x6984,1, 0x18C5,29, 0x6984,2,
    0xDC4D,1, 0xBB29,29, 0x6984,1, 0x18C5,29, 0x6984,33, 0x18C5,32, 0xBB29,2, 0x6984,1,
    0x18C5,3, 0xBB29,2, 0x6984,1, 0x18C5,9, 0xBB29,2, 0x6984,1, 0x18C5,3, 0xBB29,2,
    0x6984,1, 0x18C5,35, 0xBB29,2, 0x6984,1, 0x18C5,3, 0xBB29,2, 0x6984,1, 0x18C5,9,
    0xBB29,2, 0x6984,1, 0x18C5,3, 0xBB29,2, 0x6984,1, 0x18C5,35, 0xBB29,2, 0x6984,1,
    0x18C5,3, 0xBB29,2, 0x6984,1, 0x18C5,9, 0xBB29,2, 0x6984,1, 0x18C5,3, 0xBB29,2,
    0x6984,1, 0x18C5,35, 0xBB29,2, 0x6984,1, 0x18C5,3, 0xBB29,2, 0x6984,1, 0x18C5,9,
    0xBB29,2, 0x6984,1, 0x18C5,3, 0xBB29,2, 0x6984,1, 0x18C5,35, 0xBB29,2, 0x6984,1,
    0x18C5,3, 0xBB29,2, 0x6984,1, 0x18C5,9, 0xBB29,2, 0x6984,1, 0x18C5,3, 0xBB29,2,
    0x6984,1, 0x18C5,35, 0xBB29,2, 0x6984,1, 0x18C5,3, 0xBB29,2, 0x6984,1, 0x18C5,9,
    0xBB29,2, 0x6984,1, 0x18C5,3, 0xBB29,2, 0x6984,1, 0x18C5,35, 0xBB29,2, 0x6984,1,
    0x18C5,3, 0xBB29,2, 0x6984,1, 0x18C5,9, 0xBB29,2, 0x6984,1, 0x18C5,3, 0xBB29,2,
    0x6984,1, 0x18C5,35, 0xBB29,2, 0x6984,1, 0x18C5,3, 0xBB29,2, 0x6984,1, 0x18C5,9,
    0xBB29,2, 0x6984,1, 0x18C5,3, 0xBB29,2, 0x6984,1, 0x18C5,35, 0x6984,3, 0x18C5,3,
    0x6984,3, 0x18C5,9, 0x6984,3, 0x18C5,3, 0x6984,3, 0x18C5,30, 0x10A4,1, 0x1084,35,
    0x10A4,1, 0x18C5,25, 0x10A4,1, 0x1084,35, 0x10A4,1, 0x18C5,30, 0x18C6,1, 0x10A4,26,
    0x18C6,1, 0x18C5,17, 0x18C5,315, 0x4125,1, 0x6984,6, 0x4124,1, 0x18C5,35, 0x4124,1,
    0x6984,7, 0x4125,1, 0x18C5,10, 0x4125,1, 0x6984,6, 0x4124,1, 0x18C5,1, 0x4124,33,
    0x18C5,1, 0x4124,1, 0x6984,7, 0x4125,1, 0x18C5,8, 0x4124,1, 0x6984,2, 0xDC4D,1,
    0xF572,4, 0xBB29,1, 0x4124,1, 0x18C5,1, 0x6984,33, 0x18C5,1, 0x4124,1, 0x6984,1,
    0xBB29,1, 0xF572,3, 0xDC4D,1, 0xBB29,1, 0x6984,1, 0x4124,1, 0x18C5,7, 0x4124,1,
    0x6984,3, 0xBB29,2, 0xDC4D,2, 0x6984,6, 0xBB29,27, 0x6984,6, 0xBB29,1, 0xDC4D,2,
    0xBB29,1, 0x6984,3, 0x4124,1, 0x18C5,7, 0x4124,1, 0x6984,3, 0xBB29,2, 0xDC4D,2,
    0x6984,6, 0xF572,3, 0xDC4D,24, 0x6984,6, 0xBB29,1, 0xDC4D,2, 0xBB29,1, 0x6984,3,
    0x4124,1, 0x18C5,10, 0x4125,1, 0x6984,1, 0xBB29,1, 0xDC4D,2, 0xF572,6, 0xFE98,3,
    0xDC4D,24, 0xF572,6, 0xBB29,1, 0xDC4D,2, 0xBB29,1, 0x4125,1, 0x18C5,13, 0x4125,1,
    0x6984,1, 0xBB29,1, 0xDC4D,8, 0xF572,3, 0xDC4D,30, 0xBB29,1, 0xDC4D,2, 0xBB29,1,
    0x4125,1, 0x18C5,13, 0x4125,1, 0x6984,1, 0xBB29,1, 0xDC4D,41, 0xBB29,1, 0xDC4D,2,
    0xBB29,1, 0x4125,1, 0x18C5,10, 0x4124,1, 0x6984,2, 0xBB29,1, 0xF572,1, 0xDC4D,42,
    0xBB29,1, 0xDC4D,3, 0xBB29,1, 0x6984,2, 0x4124,1, 0x18C5,7, 0x4124,1, 0x6984,2,
    0xBB29,11, 0xDC4D,27, 0xBB29,6, 0x6984,1, 0xBB29,5, 0x6984,1, 0x4124,1, 0x18C5,7,
    0x4124,1, 0x6984,2, 0xBB29,11, 0xDC4D,3, 0x6984,3, 0xDC4D,15, 0x6984,3, 0xDC4D,3,
    0xBB29,6, 0x6984,1, 0xBB29,5, 0x6984,1, 0x4124,1, 0x18C5,9, 0x4125,1, 0x6984,11,
    0xDC4D,3, 0x1882,3, 0xDC4D,15, 0x1882,3, 0xDC4D,3, 0x6984,12, 0x4125,1, 0x18C5,19,
    0x6984,2, 0xF572,1, 0xDC4D,3, 0x6984,3, 0xDC4D,15, 0x6984,3, 0xDC4D,3, 0xBB29,2,
    0x6984,1, 0x18C5,29, 0x6984,2, 0xF572,1, 0xDC4D,12, 0xBB29,1, 0x6984,2, 0xBB29,1,
    0xDC4D,11, 0xBB29,2, 0x6984,1, 0x18C5,29, 0x6984,2, 0xF572,1, 0xDC4D,12, 0x6984,1,
    0x1882,2, 0x6984,1, 0xDC4D,11, 0xBB29,2, 0x6984,1, 0x18C5,29, 0x6984,2, 0xF572,1,
    0xDC4D,10, 0xBB29,1, 0x6984,2, 0x1882,2, 0x6984,1, 0xBB29,1, 0xDC4D,10, 0xBB29,2,
    0x6984,1, 0x18C5,29, 0x6984,2, 0xF572,1, 0xDC4D,10, 0xBB29,1, 0x6984,2, 0x1882,2,
    0x6984,1, 0xBB29,1, 0xDC4D,10, 0xBB29,2, 0x6984,1, 0x18C5,29, 0x6984,2, 0xF572,1,
    0xDC4D,12, 0x6984,1, 0x1882,2, 0x6984,1, 0xDC4D,11, 0xBB29,2, 0x6984,1, 0x18C5,29,
    0x6984,2, 0xDC4D,1, 0xBB29,13, 0x6984,2, 0xBB29,14, 0x6984,1, 0x18C5,29, 0x6984,2,
    0xDC4D,1, 0xBB29,29, 0x6984,1, 0x18C5,29, 0x6984,2, 0xDC4D,1, 0xBB29,29, 0x6984,1,
    0x18C5,29, 0x6984,2, 0xBB29,1, 0x6984,30, 0x18C5,29, 0x4124,3, 0x6984,3, 0x4124,3,
    0x6984,3, 0x4124,9, 0x6984,3, 0x4124,3, 0x6984,3, 0x4124,3, 0x18C5,32, 0xBB29,2,
    0x6984,1, 0x18C5,3, 0xBB29,2, 0x6984,1, 0x18C5,9, 0xBB29,2, 0x6984,1, 0x18C5,3,
    0xBB29,2, 0x6984,1, 0x18C5,35, 0xBB29,2, 0x6984,1, 0x18C5,3, 0xBB29,2, 0x6984,1,
    0x18C5,9, 0xBB29,2, 0x6984,1, 0x18C5,3, 0xBB29,2, 0x6984,1, 0x18C5,35, 0xBB29,2,
    0x6984,1, 0x18C5,3, 0xBB29,2, 0x6984,1, 0x18C5,9, 0xBB29,2, 0x6984,1, 0x18C5,3,
    0xBB29,2, 0x6984,1, 0x18C5,35, 0xBB29,2, 0x6984,1, 0x18C5,3, 0xBB29,2, 0x6984,1,
    0x18C5,9, 0xBB29,2, 0x6984,1, 0x18C5,3, 0xBB29,2, 0x6984,1, 0x18C5,35, 0xBB29,2,
    0x6984,1, 0x18C5,3, 0xBB29,2, 0x6984,1, 0x18C5,9, 0xBB29,2, 0x6984,1, 0x18C5,3,
    0xBB29,2, 0x6984,1, 0x18C5,35, 0xBB29,2, 0x6984,1, 0x18C5,3, 0xBB29,2, 0x6984,1,
    0x18C5,9, 0xBB29,2, 0x6984,1, 0x18C5,3, 0xBB29,2, 0x6984,1, 0x18C5,35, 0xBB29,2,
    0x6984,1, 0x18C5,3, 0xBB29,2, 0x6984,1, 0x18C5,9, 0xBB29,2, 0x6984,1, 0x18C5,3,
    0xBB29,2, 0x6984,1, 0x18C5,35, 0xBB29,2, 0x6984,1, 0x18C5,3, 0xBB29,2, 0x6984,1,
    0x18C5,9, 0xBB29,2, 0x6984,1, 0x18C5,3, 0xBB29,2, 0x6984,1, 0x18C5,35, 0xBB29,2,
    0x6984,1, 0x18C5,3, 0xBB29,2, 0x6984,1, 0x18C5,9, 0xBB29,2, 0x6984,1, 0x18C5,3,
    0xBB29,2, 0x6984,1, 0x18C5,35, 0x6984,3, 0x18C5,3, 0x6984,3, 0x18C5,9, 0x6984,3,
    0x18C5,3, 0x6984,3, 0x18C5,35, 0x1084,27, 0x18C5,35, 0x1084,27, 0x18C5,40, 0x10A4,18,
    0x18C5,22, 0x18C5,128, 0x6984,7, 0x18C5,39, 0x6984,8, 0x18C5,8, 0x6984,7, 0x18C5,39,
    0x6984,8, 0x18C5,6, 0x6984,2, 0xBB29,1, 0xF572,5, 0x6984,1, 0x18C5,39, 0x6984,2,
    0xF572,4, 0xBB29,2, 0x6984,1, 0x18C5,5, 0x6984,3, 0xBB29,2, 0xDC4D,3, 0x6984,1,
    0x18C5,3, 0x6984,33, 0x18C5,3, 0x6984,2, 0xDC4D,3, 0xBB29,1, 0x6984,3, 0x18C5,5,
    0x6984,3, 0xBB29,2, 0xDC4D,2, 0xBB29,1, 0x6984,1, 0x4124,3, 0x6984,33, 0x4124,3,
    0x6984,2, 0xDC4D,3, 0xBB29,1, 0x6984,3, 0x18C5,8, 0x6984,2, 0xDC4D,2, 0xBB29,1,
    0x6984,7, 0xBB29,1, 0xF572,26, 0x6984,8, 0xDC4D,3, 0x6984,1, 0x18C5,11, 0x6984,2,
    0xDC4D,3, 0xBB29,7, 0xF572,1, 0xFE98,2, 0xDC4D,24, 0xBB29,8, 0xDC4D,3, 0x6984,1,
    0x18C5,11, 0x6984,2, 0xDC4D,10, 0xF572,1, 0xFE98,2, 0xDC4D,35, 0x6984,1, 0x18C5,8,
    0x6984,3, 0xF572,2, 0xDC4D,48, 0xF572,1, 0x6984,3, 0x18C5,5, 0x6984,2, 0xBB29,6,
    0xDC4D,42, 0xBB29,6, 0x6984,1, 0x18C5,5, 0x6984,2, 0xBB29,13, 0xDC4D,27, 0xBB29,14,
    0x6984,1, 0x18C5,7, 0x6984,6, 0xBB29,8, 0xDC4D,26, 0xBB29,8, 0x6984,6, 0x18C5,13,
    0x5186,1, 0x6984,7, 0xBB29,1, 0xDC4D,2, 0x1882,3, 0xDC4D,15, 0x1882,3, 0xDC4D,3,
    0x6984,8, 0x18C5,19, 0x28E5,1, 0x4124,4, 0x6984,2, 0xBB29,2, 0xDC4D,2, 0x1882,3,
    0xDC4D,15, 0x1882,3, 0xDC4D,3, 0x6984,3, 0x4124,5, 0x18C5,24, 0x6984,2, 0xF572,1,
    0xDC4D,27, 0xBB29,2, 0x6984,1, 0x18C5,29, 0x6984,2, 0xF572,1, 0xDC4D,12, 0x6984,1,
    0x1882,2, 0x6984,1, 0xDC4D,11, 0xBB29,2, 0x6984,1, 0x18C5,29, 0x6984,2, 0xF572,1,
    0xDC4D,12, 0x6984,1, 0x1882,2, 0x6984,1, 0xDC4D,11, 0xBB29,2, 0x6984,1, 0x18C5,29,
    0x6984,2, 0xF572,1, 0xDC4D,10, 0x6984,1, 0x1882,5, 0x6984,1, 0xDC4D,10, 0xBB29,2,
    0x6984,1, 0x18C5,29, 0x6984,2, 0xF572,1, 0xDC4D,12, 0x6984,1, 0x1882,2, 0x6984,1,
    0xDC4D,11, 0xBB29,2, 0x6984,1, 0x18C5,29, 0x6984,2, 0xF572,1, 0xDC4D,12, 0x6984,1,
    0x1882,2, 0x6984,1, 0xDC4D,11, 0xBB29,2, 0x6984,1, 0x18C5,29, 0x6984,2, 0xDC4D,1,
    0xBB29,29, 0x6984,1, 0x18C5,29, 0x6984,2, 0xDC4D,1, 0xBB29,29, 0x6984,1, 0x18C5,29,
    0x6984,2, 0xDC4D,1, 0xBB29,29, 0x6984,1, 0x18C5,29, 0x6984,33, 0x18C5,32, 0xBB29,2,
    0x6984,1, 0x18C5,3, 0xBB29,2, 0x6984,1, 0x18C5,9, 0xBB29,2, 0x6984,1, 0x18C5,3,
    0xBB29,2, 0x6984,1, 0x18C5,35, 0xBB29,2, 0x6984,1, 0x18C5,3, 0xBB29,2, 0x6984,1,
    0x18C5,9, 0xBB29,2, 0x6984,1, 0x18C5,3, 0xBB29,2, 0x6984,1, 0x18C5,35, 0xBB29,2,
    0x6984,1, 0x18C5,3, 0xBB29,2, 0x6984,1, 0x18C5,9, 0xBB29,2, 0x6984,1, 0x18C5,3,
    0xBB29,2, 0x6984,1, 0x18C5,35, 0xBB29,2, 0x6984,1, 0x18C5,3, 0xBB29,2, 0x6984,1,
    0x18C5,9, 0xBB29,2, 0x6984,1, 0x18C5,3, 0xBB29,2, 0x6984,1, 0x18C5,35, 0xBB29,2,
    0x6984,1, 0x18C5,3, 0xBB29,2, 0x6984,1, 0x18C5,9, 0xBB29,2, 0x6984,1, 0x18C5,3,
    0xBB29,2, 0x6984,1, 0x18C5,35, 0xBB29,2, 0x6984,1, 0x18C5,3, 0xBB29,2, 0x6984,1,
    0x18C5,9, 0xBB29,2, 0x6984,1, 0x18C5,3, 0xBB29,2, 0x6984,1, 0x18C5,35, 0xBB29,2,
    0x6984,1, 0x18C5,3, 0xBB29,2, 0x6984,1, 0x18C5,9, 0xBB29,2, 0x6984,1, 0x18C5,3,
    0xBB29,2, 0x6984,1, 0x18C5,35, 0xBB29,2, 0x6984,1, 0x18C5,3, 0xBB29,2, 0x6984,1,
    0x18C5,9, 0xBB29,2, 0x6984,1, 0x18C5,3, 0xBB29,2, 0x6984,1, 0x18C5,35, 0xBB29,2,
    0x6984,1, 0x18C5,3, 0xBB29,2, 0x6984,1, 0x18C5,9, 0xBB29,2, 0x6984,1, 0x18C5,3,
    0xBB29,2, 0x6984,1, 0x18C5,35, 0xBB29,2, 0x6984,1, 0x18C5,3, 0xBB29,2, 0x6984,1,
    0x18C5,9, 0xBB29,2, 0x6984,1, 0x18C5,3, 0xBB29,2, 0x6984,1, 0x18C5,35, 0xBB29,2,
    0x6984,1, 0x18C5,3, 0xBB29,2, 0x6984,1, 0x18C5,9, 0xBB29,2, 0x6984,1, 0x18C5,3,
    0xBB29,2, 0x6984,1, 0x18C5,35, 0x6984,3, 0x18C5,3, 0x6984,3, 0x18C5,9, 0x6984,3,
    0x18C5,3, 0x6984,3, 0x18C5,35, 0x1084,27, 0x18C5,35, 0x1084,27, 0x18C5,40, 0x10A4,18,
    0x18C5,22, 0x18C5,2, 0x28E5,1, 0x4124,6, 0x28E5,1, 0x18C5,41, 0x28E5,1, 0x4124,7,
    0x28E5,1, 0x18C5,4, 0x4125,1, 0x6984,6, 0x4124,1, 0x18C5,41, 0x4124,1, 0x6984,7,
    0x4125,1, 0x18C5,2, 0x28E5,1, 0x4125,1, 0x69A5,1, 0xBB29,6, 0x4124,1, 0x18C5,41,
    0x4124,1, 0x6984,1, 0xBB29,5, 0x6984,1, 0x69A5,1, 0x28E5,1, 0x18C5,1, 0x4124,1,
    0x6984,2, 0xBB29,1, 0xDC4D,4, 0xBB29,1, 0x4124,1, 0x18C5,41, 0x4124,1, 0x6984,1,
    0xBB29,1, 0xDC4D,3, 0xBB29,1, 0x6984,2, 0x4124,1, 0x18C5,1, 0x4124,1, 0x6984,3,
    0xBB29,2, 0xDC4D,2, 0xBB29,1, 0x4124,1, 0x18C5,41, 0x4124,1, 0x6984,1, 0xBB29,1,
    0xDC4D,2, 0xBB29,1, 0x6984,3, 0x4124,1, 0x18C5,1, 0x28E5,1, 0x4125,2, 0x69A5,1,
    0x6984,1, 0xBB29,1, 0xDC4D,2, 0xBB29,1, 0x4124,1, 0x18C5,4, 0x6984,33, 0x18C5,4,
    0x4124,1, 0x6984,1, 0xBB29,1, 0xDC4D,2, 0xBB29,1, 0x69A5,1, 0x4125,2, 0x28E5,1,
    0x18C5,4, 0x4125,1, 0x6984,1, 0xBB29,1, 0xDC4D,2, 0x6984,1, 0x5144,1, 0x4124,4,
    0x6984,33, 0x4124,4, 0x5144,1, 0x6984,1, 0xBB29,1, 0xDC4D,2, 0xBB29,1, 0x4125,1,
    0x18C5,7, 0x4125,1, 0x6984,1, 0xBB29,1, 0xDC4D,2, 0x6984,9, 0xF572,27, 0x6984,9,
    0xBB29,1, 0xDC4D,2, 0xBB29,1, 0x4125,1, 0x18C5,4, 0x28E5,1, 0x4125,2, 0x7A48,1,
    0xBB29,1, 0xDC4D,3, 0xBB29,9, 0xFE98,3, 0xDC4D,24, 0xBB29,10, 0xDC4D,3, 0x7A48,1,
    0x4125,2, 0x28E5,1, 0x18C5,1, 0x4124,1, 0x6984,2, 0xBB29,1, 0xDC4D,2, 0xBB29,2,
    0xDC4D,9, 0xFE98,3, 0xDC4D,33, 0xBB29,3, 0xDC4D,1, 0xBB29,1, 0x6984,2, 0x4124,1,
    0x18C5,1, 0x4124,1, 0x6984,2, 0xBB29,5, 0xDC4D,45, 0x6984,1, 0xBB29,5, 0x6984,1,
    0x4124,1, 0x18C5,1, 0x28E5,1, 0x4125,1, 0x69A5,1, 0x6984,5, 0xDC4D,45, 0x6984,6,
    0x69A5,1, 0x28E5,1, 0x18C5,3, 0x28E5,1, 0x4124,5, 0xBB29,9, 0xDC4D,27, 0xBB29,9,
    0x4124,6, 0x28E5,1, 0x18C5,10, 0xBB29,9, 0xDC4D,27, 0xBB29,9, 0x18C5,17, 0x6984,9,
    0xDC4D,3, 0x1882,3, 0xDC4D,15, 0x1882,3, 0xDC4D,3, 0x6984,9, 0x18C5,17, 0x4124,6,
    0x6984,2, 0xBB29,1, 0xDC4D,3, 0x1882,3, 0xDC4D,5, 0x6984,6, 0xDC4D,4, 0x1882,3,
    0xDC4D,3, 0x6984,3, 0x4124,6, 0x18C5,23, 0x6984,2, 0xF572,1, 0xDC4D,11, 0x1882,6,
    0xDC4D,10, 0xBB29,2, 0x6984,1, 0x18C5,29, 0x6984,2, 0xF572,1, 0xDC4D,9, 0x6984,2,
    0x1882,6, 0x6984,1, 0xDC4D,9, 0xBB29,2, 0x6984,1, 0x18C5,29, 0x6984,2, 0xF572,1,
    0xDC4D,9, 0x1882,9, 0xDC4D,9, 0xBB29,2, 0x6984,1, 0x18C5,29, 0x6984,2, 0xF572,1,
    0xDC4D,9, 0x1882,9, 0xDC4D,9, 0xBB29,2, 0x6984,1, 0x18C5,29, 0x6984,2, 0xF572,1,
    0xDC4D,9, 0x1882,3, 0x6984,3, 0x1882,3, 0xDC4D,9, 0xBB29,2, 0x6984,1, 0x18C5,29,
    0x6984,2, 0xF572,1, 0xDC4D,9, 0x6984,2, 0x1882,1, 0xEBEF,3, 0x1882,2, 0x6984,1,
    0xDC4D,9, 0xBB29,2, 0x6984,1, 0x18C5,29, 0x6984,2, 0xDC4D,1, 0xBB29,11, 0x1882,1,
    0xEBEF,3, 0x1882,2, 0xBB29,12, 0x6984,1, 0x18C5,29, 0x6984,2, 0xDC4D,1, 0xBB29,11,
    0x6984,1, 0xDC4D,3, 0x6984,2, 0xBB29,12, 0x6984,1, 0x18C5,29, 0x6984,2, 0xDC4D,1,
    0xBB29,29, 0x6984,1, 0x18C5,29, 0x6984,33, 0x18C5,32, 0xBB29,2, 0x6984,1, 0x18C5,3,
    0xBB29,2, 0x6984,1, 0x18C5,9, 0xBB29,2, 0x6984,1, 0x18C5,3, 0xBB29,2, 0x6984,1,
    0x18C5,35, 0xBB29,2, 0x6984,1, 0x18C5,3, 0xBB29,2, 0x6984,1, 0x18C5,9, 0xBB29,2,
    0x6984,1, 0x18C5,3, 0xBB29,2, 0x6984,1, 0x18C5,35, 0xBB29,2, 0x6984,1, 0x18C5,3,
    0xBB29,2, 0x6984,1, 0x18C5,9, 0xBB29,2, 0x6984,1, 0x18C5,3, 0xBB29,2, 0x6984,1,
    0x18C5,35, 0xBB29,2, 0x6984,1, 0x18C5,3, 0xBB29,2, 0x6984,1, 0x18C5,9, 0xBB29,2,
    0x6984,1, 0x18C5,3, 0xBB29,2, 0x6984,1, 0x18C5,35, 0xBB29,2, 0x6984,1, 0x18C5,3,
    0xBB29,2, 0x6984,1, 0x18C5,9, 0xBB29,2, 0x6984,1, 0x18C5,3, 0xBB29,2, 0x6984,1,
    0x18C5,35, 0xBB29,2, 0x6984,1, 0x18C5,3, 0xBB29,2, 0x6984,1, 0x18C5,9, 0xBB29,2,
    0x6984,1, 0x18C5,3, 0xBB29,2, 0x6984,1, 0x18C5,35, 0xBB29,2, 0x6984,1, 0x18C5,3,
    0xBB29,2, 0x6984,1, 0x18C5,9, 0xBB29,2, 0x6984,1, 0x18C5,3, 0xBB29,2, 0x6984,1,
    0x18C5,35, 0xBB29,2, 0x6984,1, 0x18C5,3, 0xBB29,2, 0x6984,1, 0x18C5,9, 0xBB29,2,
    0x6984,1, 0x18C5,3, 0xBB29,2, 0x6984,1, 0x18C5,35, 0xBB29,2, 0x6984,1, 0x18C5,3,
    0xBB29,2, 0x6984,1, 0x18C5,9, 0xBB29,2, 0x6984,1, 0x18C5,3, 0xBB29,2, 0x6984,1,
    0x18C5,35, 0xBB29,2, 0x6984,1, 0x18C5,3, 0xBB29,2, 0x6984,1, 0x18C5,9, 0xBB29,2,
    0x6984,1, 0x18C5,3, 0xBB29,2, 0x6984,1, 0x18C5,35, 0xBB29,2, 0x6984,1, 0x18C5,3,
    0xBB29,2, 0x6984,1, 0x18C5,9, 0xBB29,2, 0x6984,1, 0x18C5,3, 0xBB29,2, 0x6984,1,
    0x18C5,35, 0x6984,3, 0x18C5,3, 0x6984,3, 0x18C5,9, 0x6984,3, 0x18C5,3, 0x6984,3,
    0x18C5,35, 0x1084,27, 0x18C5,35, 0x1084,27, 0x18C5,40, 0x10A4,18, 0x18C5,22, 0x18C5,126,
    0x4125,1, 0x6984,6, 0x4124,1, 0x18C5,41, 0x4124,1, 0x6984,7, 0x4125,1, 0x18C5,4,
    0x4125,1, 0x6984,6, 0x4124,1, 0x18C5,41, 0x4124,1, 0x6984,7, 0x4125,1, 0x18C5,2,
    0x4124,1, 0x6984,2, 0xDC4D,1, 0xF572,4, 0xBB29,1, 0x4124,1, 0x18C5,41, 0x4124,1,
    0x6984,1, 0xBB29,1, 0xF572,3, 0xDC4D,1, 0xBB29,1, 0x6984,1, 0x4124,1, 0x18C5,1,
    0x4124,1, 0x6984,3, 0xBB29,2, 0xDC4D,2, 0xBB29,1, 0x4124,1, 0x18C5,41, 0x4124,1,
    0x6984,1, 0xBB29,1, 0xDC4D,2, 0xBB29,1, 0x6984,3, 0x4124,1, 0x18C5,1, 0x4124,1,
    0x6984,3, 0xBB29,2, 0xDC4D,2, 0xBB29,1, 0x4124,1, 0x18C5,4, 0x4124,33, 0x18C5,4,
    0x4124,1, 0x6984,1, 0xBB29,1, 0xDC4D,2, 0xBB29,1, 0x6984,3, 0x4124,1, 0x18C5,4,
    0x4125,1, 0x6984,1, 0xBB29,1, 0xDC4D,2, 0xBB29,1, 0x4124,1, 0x18C5,4, 0x6984,33,
    0x18C5,4, 0x4124,1, 0x6984,1, 0xBB29,1, 0xDC4D,2, 0xBB29,1, 0x4125,1, 0x18C5,7,
    0x4125,1, 0x6984,1, 0xBB29,1, 0xDC4D,2, 0x6984,9, 0xBB29,27, 0x6984,9, 0xBB29,1,
    0xDC4D,2, 0xBB29,1, 0x4125,1, 0x18C5,7, 0x4125,1, 0x6984,1, 0xBB29,1, 0xDC4D,2,
    0x6984,9, 0xF572,3, 0xDC4D,24, 0x6984,9, 0xBB29,1, 0xDC4D,2, 0xBB29,1, 0x4125,1,
    0x18C5,4, 0x4124,1, 0x6984,2, 0xBB29,1, 0xF572,1, 0xDC4D,3, 0xF572,9, 0xFE98,3,
    0xDC4D,24, 0xF572,9, 0xBB29,1, 0xDC4D,3, 0xBB29,1, 0x6984,2, 0x4124,1, 0x18C5,1,
    0x4124,1, 0x6984,2, 0xBB29,5, 0xDC4D,9, 0xF572,3, 0xDC4D,33, 0x6984,1, 0xBB29,5,
    0x6984,1, 0x4124,1, 0x18C5,1, 0x4124,1, 0x6984,2, 0xBB29,5, 0xDC4D,45, 0x6984,1,
    0xBB29,5, 0x6984,1, 0x4124,1, 0x18C5,3, 0x4125,1, 0x6984,5, 0xDC4D,45, 0x6984,6,
    0x4125,1, 0x18C5,10, 0xBB29,9, 0xDC4D,27, 0xBB29,9, 0x18C5,17, 0xBB29,9, 0xDC4D,3,
    0x6984,3, 0xDC4D,15, 0x6984,3, 0xDC4D,3, 0xBB29,9, 0x18C5,17, 0x6984,9, 0xDC4D,3,
    0x1882,3, 0xDC4D,15, 0x1882,3, 0xDC4D,3, 0x6984,9, 0x18C5,23, 0x6984,2, 0xF572,1,
    0xDC4D,3, 0x6984,3, 0xDC4D,5, 0x1882,6, 0xDC4D,4, 0x6984,3, 0xDC4D,3, 0xBB29,2,
    0x6984,1, 0x18C5,29, 0x6984,2, 0xF572,1, 0xDC4D,1, 0xF572,3, 0xDC4D,7, 0x1882,6,
    0xDC4D,10, 0xBB29,2, 0x6984,1, 0x18C5,29, 0x6984,2, 0xF572,1, 0xDC4D,1, 0xF572,1,
    0xBF5F,1, 0xF572,1, 0xDC4D,5, 0x1882,9, 0xDC4D,9, 0xBB29,2, 0x6984,1, 0x18C5,29,
    0x6984,2, 0xF572,1, 0xDC4D,1, 0xF572,1, 0x463F,1, 0xF572,1, 0xDC4D,5, 0x1882,9,
    0xDC4D,9, 0xBB29,2, 0x6984,1, 0x18C5,29, 0x6984,2, 0xF572,1, 0xDC4D,2, 0xF572,1,
    0xDC4D,6, 0x1882,9, 0xDC4D,9, 0xBB29,2, 0x6984,1, 0x18C5,29, 0x6984,2, 0xF572,1,
    0xDC4D,9, 0x1882,3, 0xEBEF,3, 0x1882,3, 0xDC4D,9, 0xBB29,2, 0x6984,1, 0x18C5,29,
    0x6984,2, 0xDC4D,1, 0xBB29,11, 0x1882,1, 0xEBEF,3, 0x1882,2, 0xBB29,12, 0x6984,1,
    0x18C5,29, 0x6984,2, 0xDC4D,1, 0xBB29,11, 0x1882,1, 0xEBEF,3, 0x1882,2, 0xBB29,12,
    0x6984,1, 0x18C5,29, 0x6984,2, 0xDC4D,1, 0xBB29,29, 0x6984,1, 0x18C5,29, 0x6984,2,
    0xBB29,1, 0x6984,30, 0x18C5,29, 0x4124,3, 0x6984,3, 0x4124,3, 0x6984,3, 0x4124,9,
    0x6984,3, 0x4124,3, 0x6984,3, 0x4124,3, 0x18C5,32, 0xBB29,2, 0x6984,1, 0x18C5,3,
    0xBB29,2, 0x6984,1, 0x18C5,9, 0xBB29,2, 0x6984,1, 0x18C5,3, 0xBB29,2, 0x6984,1,
    0x18C5,35, 0xBB29,2, 0x6984,1, 0x18C5,3, 0xBB29,2, 0x6984,1, 0x18C5,9, 0xBB29,2,
    0x6984,1, 0x18C5,3, 0xBB29,2, 0x6984,1, 0x18C5,35, 0xBB29,2, 0x6984,1, 0x18C5,3,
    0xBB29,2, 0x6984,1, 0x18C5,9, 0xBB29,2, 0x6984,1, 0x18C5,3, 0xBB29,2, 0x6984,1,
    0x18C5,35, 0xBB29,2, 0x6984,1, 0x18C5,3, 0xBB29,2, 0x6984,1, 0x18C5,9, 0xBB29,2,
    0x6984,1, 0x18C5,3, 0xBB29,2, 0x6984,1, 0x18C5,35, 0xBB29,2, 0x6984,1, 0x18C5,3,
    0xBB29,2, 0x6984,1, 0x18C5,9, 0xBB29,2, 0x6984,1, 0x18C5,3, 0xBB29,2, 0x6984,1,
    0x18C5,35, 0xBB29,2, 0x6984,1, 0x18C5,3, 0xBB29,2, 0x6984,1, 0x18C5,9, 0xBB29,2,
    0x6984,1, 0x18C5,3, 0xBB29,2, 0x6984,1, 0x18C5,35, 0xBB29,2, 0x6984,1, 0x18C5,3,
    0xBB29,2, 0x6984,1, 0x18C5,9, 0xBB29,2, 0x6984,1, 0x18C5,3, 0xBB29,2, 0x6984,1,
    0x18C5,35, 0xBB29,2, 0x6984,1, 0x18C5,3, 0xBB29,2, 0x6984,1, 0x18C5,9, 0xBB29,2,
    0x6984,1, 0x18C5,3, 0xBB29,2, 0x6984,1, 0x18C5,35, 0xBB29,2, 0x6984,1, 0x18C5,3,
    0xBB29,2, 0x6984,1, 0x18C5,9, 0xBB29,2, 0x6984,1, 0x18C5,3, 0xBB29,2, 0x6984,1,
    0x18C5,35, 0x6984,3, 0x18C5,3, 0x6984,3, 0x18C5,9, 0x6984,3, 0x18C5,3, 0x6984,3,
    0x18C5,35, 0x1084,27, 0x18C5,35, 0x1084,27, 0x18C5,40, 0x10A4,18, 0x18C5,22, 0x18C5,312,
    0x4125,1, 0x6984,6, 0x4124,1, 0x18C5,41, 0x4124,1, 0x6984,7, 0x4125,1, 0x18C5,4,
    0x4125,1, 0x6984,6, 0x4124,1, 0x18C5,41, 0x4124,1, 0x6984,7, 0x4125,1, 0x18C5,2,
    0x4124,1, 0x6984,2, 0xDC4D,1, 0xF572,4, 0xBB29,1, 0x4124,1, 0x18C5,41, 0x4124,1,
    0x6984,1, 0xBB29,1, 0xF572,3, 0xDC4D,1, 0xBB29,1, 0x6984,1, 0x4124,1, 0x18C5,1,
    0x4124,1, 0x6984,3, 0xBB29,2, 0xDC4D,2, 0xBB29,1, 0x4124,1, 0x18C5,4, 0x6984,33,
    0x18C5,4, 0x4124,1, 0x6984,1, 0xBB29,1, 0xDC4D,2, 0xBB29,1, 0x6984,3, 0x4124,1,
    0x18C5,1, 0x4124,1, 0x6984,3, 0xBB29,2, 0xDC4D,2, 0x6984,1, 0x5144,1, 0x4124,4,
    0x6984,33, 0x4124,4, 0x5144,1, 0x6984,1, 0xBB29,1, 0xDC4D,2, 0xBB29,1, 0x6984,3,
    0x4124,1, 0x18C5,4, 0x4125,1, 0x6984,1, 0xBB29,1, 0xDC4D,2, 0x6984,9, 0xF572,27,
    0x6984,9, 0xBB29,1, 0xDC4D,2, 0xBB29,1, 0x4125,1, 0x18C5,7, 0x4125,1, 0x6984,1,
    0xBB29,1, 0xDC4D,2, 0xBB29,9, 0xFE98,3, 0xDC4D,24, 0xBB29,10, 0xDC4D,2, 0xBB29,1,
    0x4125,1, 0x18C5,7, 0x4125,1, 0x6984,1, 0xBB29,1, 0xDC4D,11, 0xFE98,3, 0xDC4D,33,
    0xBB29,1, 0xDC4D,2, 0xBB29,1, 0x4125,1, 0x18C5,4, 0x4124,1, 0x6984,2, 0xBB29,1,
    0xF572,1, 0xDC4D,48, 0xBB29,1, 0xDC4D,3, 0xBB29,1, 0x6984,2, 0x4124,1, 0x18C5,1,
    0x4124,1, 0x6984,2, 0xBB29,5, 0xDC4D,45, 0x6984,1, 0xBB29,5, 0x6984,1, 0x4124,1,
    0x18C5,1, 0x4124,1, 0x6984,2, 0xBB29,14, 0xDC4D,27, 0xBB29,9, 0x6984,1, 0xBB29,5,
    0x6984,1, 0x4124,1, 0x18C5,3, 0x4125,1, 0x6984,5, 0xBB29,9, 0xDC4D,27, 0xBB29,9,
    0x6984,6, 0x4125,1, 0x18C5,10, 0x6984,9, 0xDC4D,3, 0x1882,3, 0xDC4D,15, 0x1882,3,
    0xDC4D,3, 0x6984,9, 0x18C5,17, 0x4124,6, 0x6984,2, 0xBB29,1, 0xDC4D,3, 0x1882,3,
    0xDC4D,5, 0x6984,6, 0xDC4D,4, 0x1882,3, 0xDC4D,3, 0x6984,3, 0x4124,6, 0x18C5,23,
    0x6984,2, 0xF572,1, 0xDC4D,11, 0x1882,6, 0xDC4D,10, 0xBB29,2, 0x6984,1, 0x18C5,29,
    0x6984,2, 0xF572,1, 0xDC4D,9, 0x6984,2, 0x1882,6, 0x6984,1, 0xDC4D,9, 0xBB29,2,
    0x6984,1, 0x18C5,29, 0x6984,2, 0xF572,1, 0xDC4D,1, 0xF572,3, 0xDC4D,5, 0x1882,9,
    0xDC4D,9, 0xBB29,2, 0x6984,1, 0x18C5,29, 0x6984,2, 0xF572,1, 0xDC4D,1, 0xF572,1,
    0xBF5F,1, 0xF572,1, 0xDC4D,5, 0x1882,9, 0xDC4D,9, 0xBB29,2, 0x6984,1, 0x18C5,29,
    0x6984,2, 0xF572,1, 0xDC4D,1, 0xF572,1, 0x463F,1, 0xF572,1, 0xDC4D,5, 0x1882,3,
    0x6984,3, 0x1882,3, 0xDC4D,9, 0xBB29,2, 0x6984,1, 0x18C5,29, 0x6984,2, 0xF572,1,
    0xDC4D,2, 0xF572,1, 0xDC4D,6, 0x6984,2, 0x1882,1, 0xEBEF,3, 0x1882,2, 0x6984,1,
    0xDC4D,9, 0xBB29,2, 0x6984,1, 0x18C5,29, 0x6984,2, 0xDC4D,1, 0xBB29,11, 0x1882,1,
    0xEBEF,3, 0x1882,2, 0xBB29,12, 0x6984,1, 0x18C5,29, 0x6984,2, 0xDC4D,1, 0xBB29,11,
    0x6984,1, 0xDC4D,3, 0x6984,2, 0xBB29,12, 0x6984,1, 0x18C5,29, 0x6984,2, 0xDC4D,1,
    0xBB29,29, 0x6984,1, 0x18C5,29, 0x6984,33, 0x18C5,32, 0xBB29,2, 0x6984,1, 0x18C5,3,
    0xBB29,2, 0x6984,1, 0x18C5,9, 0xBB29,2, 0x6984,1, 0x18C5,3, 0xBB29,2, 0x6984,1,
    0x18C5,35, 0xBB29,2, 0x6984,1, 0x18C5,3, 0xBB29,2, 0x6984,1, 0x18C5,9, 0xBB29,2,
    0x6984,1, 0x18C5,3, 0xBB29,2, 0x6984,1, 0x18C5,35, 0xBB29,2, 0x6984,1, 0x18C5,3,
    0xBB29,2, 0x6984,1, 0x18C5,9, 0xBB29,2, 0x6984,1, 0x18C5,3, 0xBB29,2, 0x6984,1,
    0x18C5,35, 0xBB29,2, 0x6984,1, 0x18C5,3, 0xBB29,2, 0x6984,1, 0x18C5,9, 0xBB29,2,
    0x6984,1, 0x18C5,3, 0xBB29,2, 0x6984,1, 0x18C5,35, 0xBB29,2, 0x6984,1, 0x18C5,3,
    0xBB29,2, 0x6984,1, 0x18C5,9, 0xBB29,2, 0x6984,1, 0x18C5,3, 0xBB29,2, 0x6984,1,
    0x18C5,35, 0xBB29,2, 0x6984,1, 0x18C5,3, 0xBB29,2, 0x6984,1, 0x18C5,9, 0xBB29,2,
    0x6984,1, 0x18C5,3, 0xBB29,2, 0x6984,1, 0x18C5,35, 0xBB29,2, 0x6984,1, 0x18C5,3,
    0xBB29,2, 0x6984,1, 0x18C5,9, 0xBB29,2, 0x6984,1, 0x18C5,3, 0xBB29,2, 0x6984,1,
    0x18C5,35, 0xBB29,2, 0x6984,1, 0x18C5,3, 0xBB29,2, 0x6984,1, 0x18C5,9, 0xBB29,2,
    0x6984,1, 0x18C5,3, 0xBB29,2, 0x6984,1, 0x18C5,35, 0x6984,3, 0x18C5,3, 0x6984,3,
    0x18C5,9, 0x6984,3, 0x18C5,3, 0x6984,3, 0x18C5,35, 0x1084,27, 0x18C5,35, 0x1084,27,
    0x18C5,40, 0x10A4,18, 0x18C5,22, 0x18C5,500, 0x6984,7, 0x18C5,39, 0x6984,8, 0x18C5,8,
    0x6984,7, 0x18C5,3, 0x4124,33, 0x18C5,3, 0x6984,8, 0x18C5,6, 0x6984,2, 0xBB29,1,
    0xF572,5, 0x6984,1, 0x18C5,3, 0x6984,33, 0x18C5,3, 0x6984,2, 0xF572,4, 0xBB29,2,
    0x6984,1, 0x18C5,5, 0x6984,3, 0xBB29,2, 0xDC4D,2, 0xBB29,1, 0x6984,7, 0xBB29,27,
    0x6984,8, 0xDC4D,3, 0xBB29,1, 0x6984,3, 0x18C5,5, 0x6984,3, 0xBB29,2, 0xDC4D,2,
    0xBB29,1, 0x6984,7, 0xBB29,1, 0xF572,2, 0xDC4D,24, 0x6984,8, 0xDC4D,3, 0xBB29,1,
    0x6984,3, 0x18C5,8, 0x6984,2, 0xDC4D,3, 0xF572,8, 0xFE98,2, 0xDC4D,24, 0xF572,8,
    0xDC4D,3, 0x6984,1, 0x18C5,11, 0x6984,2, 0xDC4D,10, 0xF572,3, 0xDC4D,35, 0x6984,1,
    0x18C5,11, 0x6984,2, 0xDC4D,48, 0x6984,1, 0x18C5,8, 0x6984,3, 0xF572,2, 0xDC4D,48,
    0xF572,1, 0x6984,3, 0x18C5,5, 0x6984,2, 0xBB29,14, 0xDC4D,26, 0xBB29,14, 0x6984,1,
    0x18C5,5, 0x6984,2, 0xBB29,14, 0xDC4D,2, 0x6984,3, 0xDC4D,15, 0x6984,3, 0xDC4D,3,
    0xBB29,14, 0x6984,1, 0x18C5,7, 0x6984,13, 0xBB29,1, 0xDC4D,2, 0x1882,3, 0xDC4D,15,
    0x1882,3, 0xDC4D,3, 0x6984,14, 0x18C5,18, 0x6984,2, 0xF572,1, 0xDC4D,3, 0x6984,3,
    0xDC4D,5, 0x1882,6, 0xDC4D,4, 0x6984,3, 0xDC4D,3, 0xBB29,2, 0x6984,1, 0x18C5,29,
    0x6984,2, 0xF572,1, 0xDC4D,11, 0x1882,6, 0xDC4D,10, 0xBB29,2, 0x6984,1, 0x18C5,29,
    0x6984,2, 0xF572,1, 0xDC4D,9, 0x1882,9, 0xDC4D,9, 0xBB29,2, 0x6984,1, 0x18C5,29,
    0x6984,2, 0xF572,1, 0xDC4D,1, 0xF572,1, 0xBF5F,1, 0xF572,1, 0xDC4D,5, 0x1882,9,
    0xDC4D,9, 0xBB29,2, 0x6984,1, 0x18C5,29, 0x6984,2, 0xF572,1, 0xDC4D,1, 0xF572,1,
    0xBF5F,1, 0xF572,1, 0xDC4D,5, 0x1882,9, 0xDC4D,9, 0xBB29,2, 0x6984,1, 0x18C5,29,
    0x6984,2, 0xF572,1, 0xDC4D,1, 0xF572,1, 0x463F,1, 0xF572,1, 0xDC4D,5, 0x1882,3,
    0xEBEF,3, 0x1882,3, 0xDC4D,9, 0xBB29,2, 0x6984,1, 0x18C5,29, 0x6984,2, 0xDC4D,1,
    0xBB29,11, 0x1882,1, 0xEBEF,3, 0x1882,2, 0xBB29,12, 0x6984,1, 0x18C5,29, 0x6984,2,
    0xDC4D,1, 0xBB29,11, 0x1882,1, 0xEBEF,3, 0x1882,2, 0xBB29,12, 0x6984,1, 0x18C5,29,
    0x6984,2, 0xDC4D,1, 0xBB29,29, 0x6984,1, 0x18C5,29, 0x6984,2, 0xBB29,1, 0x6984,30,
    0x18C5,29, 0x4124,3, 0x6984,3, 0x4124,3, 0x6984,3, 0x4124,9, 0x6984,3, 0x4124,3,
    0x6984,3, 0x4124,3, 0x18C5,32, 0xBB29,2, 0x6984,1, 0x18C5,3, 0xBB29,2, 0x6984,1,
    0x18C5,9, 0xBB29,2, 0x6984,1, 0x18C5,3, 0xBB29,2, 0x6984,1, 0x18C5,35, 0xBB29,2,
    0x6984,1, 0x18C5,3, 0xBB29,2, 0x6984,1, 0x18C5,9, 0xBB29,2, 0x6984,1, 0x18C5,3,
    0xBB29,2, 0x6984,1, 0x18C5,35, 0xBB29,2, 0x6984,1, 0x18C5,3, 0xBB29,2, 0x6984,1,
    0x18C5,9, 0xBB29,2, 0x6984,1, 0x18C5,3, 0xBB29,2, 0x6984,1, 0x18C5,35, 0xBB29,2,
    0x6984,1, 0x18C5,3, 0xBB29,2, 0x6984,1, 0x18C5,9, 0xBB29,2, 0x6984,1, 0x18C5,3,
    0xBB29,2, 0x6984,1, 0x18C5,35, 0xBB29,2, 0x6984,1, 0x18C5,3, 0xBB29,2, 0x6984,1,
    0x18C5,9, 0xBB29,2, 0x6984,1, 0x18C5,3, 0xBB29,2, 0x6984,1, 0x18C5,35, 0xBB29,2,
    0x6984,1, 0x18C5,3, 0xBB29,2, 0x6984,1, 0x18C5,9, 0xBB29,2, 0x6984,1, 0x18C5,3,
    0xBB29,2, 0x6984,1, 0x18C5,35, 0x6984,3, 0x18C5,3, 0x6984,3, 0x18C5,9, 0x6984,3,
    0x18C5,3, 0x6984,3, 0x18C5,30, 0x10A4,1, 0x1084,35, 0x10A4,1, 0x18C5,25, 0x10A4,1,
    0x1084,35, 0x10A4,1, 0x18C5,30, 0x18C6,1, 0x10A4,26, 0x18C6,1, 0x18C5,17, 0x18C5,696,
    0x6984,33, 0x18C5,20, 0x28E5,1, 0x4124,6, 0x28E5,1, 0x18C5,1, 0x6984,33, 0x18C5,1,
    0x28E5,1, 0x4124,7, 0x28E5,1, 0x18C5,10, 0x4125,1, 0x6984,6, 0x4124,1, 0x18C5,1,
    0x6984,2, 0xF572,28, 0xDC4D,2, 0x6984,1, 0x18C5,1, 0x4124,1, 0x6984,7, 0x4125,1,
    0x18C5,8, 0x28E5,1, 0x4125,1, 0x69A5,1, 0xBB29,5, 0x6984,6, 0xFE98,3, 0xDC4D,24,
    0x6984,6, 0xBB29,5, 0x6984,1, 0x69A5,1, 0x28E5,1, 0x18C5,7, 0x4124,1, 0x6984,2,
    0xBB29,1, 0xDC4D,4, 0x6984,6, 0xFE98,3, 0xDC4D,24, 0x6984,6, 0xBB29,1, 0xDC4D,3,
    0xBB29,1, 0x6984,2, 0x4124,1, 0x18C5,7, 0x4124,1, 0x6984,3, 0xBB29,2, 0xDC4D,2,
    0xF572,6, 0xDC4D,27, 0xF572,6, 0xBB29,1, 0xDC4D,2, 0xBB29,1, 0x6984,3, 0x4124,1,
    0x18C5,7, 0x28E5,1, 0x4125,2, 0x69A5,1, 0x6984,1, 0xBB29,1, 0xDC4D,41, 0xBB29,1,
    0xDC4D,2, 0xBB29,1, 0x69A5,1, 0x4125,2, 0x28E5,1, 0x18C5,10, 0x4125,1, 0x6984,1,
    0xBB29,1, 0xDC4D,41, 0xBB29,1, 0xDC4D,2, 0xBB29,1, 0x4125,1, 0x18C5,13, 0x4125,1,
    0x6984,1, 0xBB29,1, 0xDC4D,41, 0xBB29,1, 0xDC4D,2, 0xBB29,1, 0x4125,1, 0x18C5,10,
    0x28E5,1, 0x4125,2, 0x7A48,1, 0xBB29,1, 0xDC4D,3, 0xBB29,6, 0xDC4D,3, 0x1882,3,
    0xDC4D,15, 0x1882,3, 0xDC4D,3, 0xBB29,7, 0xDC4D,3, 0x7A48,1, 0x4125,2, 0x28E5,1,
    0x18C5,7, 0x4124,1, 0x6984,2, 0xBB29,1, 0xDC4D,2, 0xBB29,8, 0xDC4D,3, 0x1882,3,
    0xDC4D,5, 0x6984,6, 0xDC4D,4, 0x1882,3, 0xDC4D,3, 0xBB29,9, 0xDC4D,1, 0xBB29,1,
    0x6984,2, 0x4124,1, 0x18C5,7, 0x4124,1, 0x6984,2, 0xBB29,5, 0x6984,6, 0xDC4D,11,
    0x1882,6, 0xDC4D,10, 0x6984,7, 0xBB29,5, 0x6984,1, 0x4124,1, 0x18C5,7, 0x28E5,1,
    0x4125,1, 0x69A5,1, 0x6984,6, 0x4124,1, 0x18C5,1, 0x6984,2, 0xF572,1, 0xDC4D,9,
    0x6984,2, 0x1882,6, 0x6984,1, 0xDC4D,9, 0xBB29,2, 0x6984,1, 0x18C5,1, 0x4124,1,
    0x6984,7, 0x69A5,1, 0x28E5,1, 0x18C5,9, 0x28E5,1, 0x4124,6, 0x28E5,1, 0x18C5,1,
    0x6984,2, 0xF572,1, 0xDC4D,9, 0x1882,9, 0xDC4D,9, 0xBB29,2, 0x6984,1, 0x18C5,1,
    0x28E5,1, 0x4124,7, 0x28E5,1, 0x18C5,19, 0x6984,2, 0xF572,1, 0xDC4D,9, 0x1882,9,
    0xDC4D,9, 0xBB29,2, 0x6984,1, 0x18C5,29, 0x6984,2, 0xF572,1, 0xDC4D,1, 0xF572,1,
    0xBF5F,1, 0xF572,1, 0xDC4D,5, 0x1882,3, 0x6984,3, 0x1882,3, 0xDC4D,9, 0xBB29,2,
    0x6984,1, 0x18C5,29, 0x6984,2, 0xF572,1, 0xDC4D,1, 0xF572,1, 0xBF5F,1, 0xF572,1,
    0xDC4D,5, 0x6984,2, 0x1882,1, 0xEBEF,3, 0x1882,2, 0x6984,1, 0xDC4D,9, 0xBB29,2,
    0x6984,1, 0x18C5,29, 0x6984,2, 0xDC4D,1, 0xBB29,1, 0xDC4D,1, 0x463F,1, 0xDC4D,1,
    0xBB29,7, 0x1882,1, 0xEBEF,3, 0x1882,2, 0xBB29,12, 0x6984,1, 0x18C5,29, 0x6984,2,
    0xDC4D,1, 0xBB29,11, 0x6984,1, 0xDC4D,3, 0x6984,2, 0xBB29,12, 0x6984,1, 0x18C5,29,
    0x6984,2, 0xDC4D,1, 0xBB29,29, 0x6984,1, 0x18C5,29, 0x6984,33, 0x18C5,32, 0xBB29,2,
    0x6984,1, 0x18C5,3, 0xBB29,2, 0x6984,1, 0x18C5,9, 0xBB29,2, 0x6984,1, 0x18C5,3,
    0xBB29,2, 0x6984,1, 0x18C5,35, 0xBB29,2, 0x6984,1, 0x18C5,3, 0xBB29,2, 0x6984,1,
    0x18C5,9, 0xBB29,2, 0x6984,1, 0x18C5,3, 0xBB29,2, 0x6984,1, 0x18C5,35, 0xBB29,2,
    0x6984,1, 0x18C5,3, 0xBB29,2, 0x6984,1, 0x18C5,9, 0xBB29,2, 0x6984,1, 0x18C5,3,
    0xBB29,2, 0x6984,1, 0x18C5,35, 0xBB29,2, 0x6984,1, 0x18C5,3, 0xBB29,2, 0x6984,1,
    0x18C5,9, 0xBB29,2, 0x6984,1, 0x18C5,3, 0xBB29,2, 0x6984,1, 0x18C5,35, 0xBB29,2,
    0x6984,1, 0x18C5,3, 0xBB29,2, 0x6984,1, 0x18C5,9, 0xBB29,2, 0x6984,1, 0x18C5,3,
    0xBB29,2, 0x6984,1, 0x18C5,35, 0x6984,3, 0x18C5,3, 0x6984,3, 0x18C5,9, 0x6984,3,
    0x18C5,3, 0x6984,3, 0x18C5,30, 0x10A4,1, 0x1084,35, 0x10A4,1, 0x18C5,25, 0x10A4,1,
    0x1084,35, 0x10A4,1, 0x18C5,30, 0x18C6,1, 0x10A4,26, 0x18C6,1, 0x18C5,17, 0x18C5,882,
    0x6984,33, 0x18C5,29, 0x6984,33, 0x18C5,29, 0x6984,2, 0xF572,28, 0xDC4D,2, 0x6984,1,
    0x18C5,29, 0x6984,2, 0xF572,1, 0xFE98,3, 0xDC4D,24, 0xBB29,2, 0x6984,1, 0x18C5,22,
    0x4124,7, 0x6984,2, 0xF572,1, 0xFE98,3, 0xDC4D,24, 0xBB29,2, 0x6984,1, 0x4124,8,
    0x18C5,14, 0x6984,9, 0xF572,1, 0xDC4D,27, 0xBB29,2, 0x6984,9, 0x18C5,12, 0x4125,2,
    0x6984,1, 0xBB29,5, 0x6984,4, 0xBB29,1, 0xDC4D,26, 0x6984,5, 0xBB29,4, 0x6984,2,
    0x4125,1, 0x18C5,11, 0x6984,3, 0xDC4D,4, 0xBB29,1, 0x6984,4, 0xBB29,1, 0xDC4D,26,
    0x6984,5, 0xDC4D,4, 0x6984,3, 0x18C5,11, 0x6984,3, 0xBB29,2, 0xDC4D,3, 0xF572,4,
    0xDC4D,27, 0xF572,5, 0xDC4D,3, 0xBB29,1, 0x6984,3, 0x18C5,11, 0x4125,3, 0x6984,2,
    0xDC4D,10, 0x1882,3, 0xDC4D,15, 0x1882,3, 0xDC4D,11, 0x6984,1, 0x4125,3, 0x18C5,14,
    0x6984,2, 0xDC4D,10, 0x1882,3, 0xDC4D,15, 0x1882,3, 0xDC4D,11, 0x6984,1, 0x18C5,17,
    0x6984,2, 0xDC4D,42, 0x6984,1, 0x18C5,14, 0x4125,3, 0xBB29,2, 0xDC4D,2, 0xBB29,6,
    0xDC4D,11, 0x6984,1, 0x1882,2, 0x6984,1, 0xDC4D,11, 0xBB29,5, 0xDC4D,3, 0xBB29,1,
    0x4125,3, 0x18C5,11, 0x6984,3, 0xDC4D,2, 0xBB29,8, 0xDC4D,11, 0x6984,1, 0x1882,2,
    0x6984,1, 0xDC4D,11, 0xBB29,8, 0xDC4D,1, 0x6984,3, 0x18C5,11, 0x6984,2, 0xBB29,5,
    0x6984,5, 0xBB29,1, 0xDC4D,9, 0x6984,1, 0x1882,5, 0x6984,1, 0xDC4D,10, 0x6984,5,
    0xBB29,6, 0x6984,1, 0x18C5,11, 0x4125,2, 0x6984,9, 0xF572,1, 0xDC4D,1, 0xF572,1,
    0xBF5F,1, 0xF572,1, 0xDC4D,8, 0x6984,1, 0x1882,2, 0x6984,1, 0xDC4D,11, 0xBB29,2,
    0x6984,9, 0x4125,1, 0x18C5,13, 0x4124,7, 0x6984,2, 0xF572,1, 0xDC4D,1, 0xF572,1,
    0xBF5F,1, 0xF572,1, 0xDC4D,8, 0x6984,1, 0x1882,2, 0x6984,1, 0xDC4D,11, 0xBB29,2,
    0x6984,1, 0x4124,8, 0x18C5,21, 0x6984,2, 0xDC4D,1, 0xBB29,1, 0xDC4D,1, 0x463F,1,
    0xDC4D,1, 0xBB29,25, 0x6984,1, 0x18C5,29, 0x6984,2, 0xDC4D,1, 0xBB29,29, 0x6984,1,
    0x18C5,29, 0x6984,2, 0xDC4D,1, 0xBB29,29, 0x6984,1, 0x18C5,29, 0x6984,33, 0x18C5,32,
    0xBB29,2, 0x6984,1, 0x18C5,3, 0xBB29,2, 0x6984,1, 0x18C5,9, 0xBB29,2, 0x6984,1,
    0x18C5,3, 0xBB29,2, 0x6984,1, 0x18C5,35, 0xBB29,2, 0x6984,1, 0x18C5,3, 0xBB29,2,
    0x6984,1, 0x18C5,9, 0xBB29,2, 0x6984,1, 0x18C5,3, 0xBB29,2, 0x6984,1, 0x18C5,35,
    0x6984,3, 0x18C5,3, 0x6984,3, 0x18C5,9, 0x6984,3, 0x18C5,3, 0x6984,3, 0x18C5,30,
    0x10A4,1, 0x1084,35, 0x10A4,1, 0x18C5,25, 0x10A4,1, 0x1084,35, 0x10A4,1, 0x18C5,30,
    0x18C6,1, 0x10A4,26, 0x18C6,1, 0x18C5,17, 0x18C5,944, 0x4124,33, 0x18C5,29, 0x6984,33,
    0x18C5,29, 0x6984,2, 0xBB29,30, 0x6984,1, 0x18C5,29, 0x6984,2, 0xF572,4, 0xDC4D,24,
    0xBB29,2, 0x6984,1, 0x18C5,29, 0x6984,2, 0xF572,1, 0xFE98,3, 0xDC4D,24, 0xBB29,2,
    0x6984,1, 0x18C5,29, 0x6984,2, 0xF572,4, 0xDC4D,24, 0xBB29,2, 0x6984,1, 0x18C5,29,
    0x6984,2, 0xF572,1, 0xDC4D,27, 0xBB29,2, 0x6984,1, 0x18C5,29, 0x6984,2, 0xF572,1,
    0xDC4D,27, 0xBB29,2, 0x6984,1, 0x18C5,23, 0x4125,1, 0x6984,7, 0xF572,1, 0xDC4D,27,
    0xBB29,1, 0x6984,8, 0x4125,1, 0x18C5,16, 0x4125,1, 0x6984,7, 0xF572,1, 0xDC4D,3,
    0x6984,3, 0xDC4D,15, 0x6984,3, 0xDC4D,3, 0xBB29,1, 0x6984,8, 0x4125,1, 0x18C5,14,
    0x4124,1, 0x6984,2, 0xDC4D,1, 0xF572,5, 0xBB29,1, 0xF572,1, 0xDC4D,3, 0x1882,3,
    0xDC4D,15, 0x1882,3, 0xDC4D,3, 0xBB29,1, 0xDC4D,1, 0xF572,5, 0xDC4D,1, 0xBB29,1,
    0x6984,1, 0x4124,1, 0x18C5,13, 0x4124,1, 0x6984,3, 0xBB29,2, 0xDC4D,3, 0xBB29,1,
    0xF572,1, 0xDC4D,3, 0x6984,3, 0xDC4D,15, 0x6984,3, 0xDC4D,3, 0xBB29,2, 0xDC4D,4,
    0xBB29,1, 0x6984,3, 0x4124,1, 0x18C5,13, 0x4124,1, 0x6984,3, 0xBB29,2, 0xDC4D,3,
    0xBB29,1, 0xF572,1, 0xDC4D,12, 0xBB29,1, 0x6984,2, 0xBB29,1, 0xDC4D,11, 0xBB29,2,
    0xDC4D,4, 0xBB29,1, 0x6984,3, 0x4124,1, 0x18C5,16, 0x4125,1, 0x6984,1, 0xBB29,1,
    0xDC4D,3, 0xBB29,1, 0xF572,1, 0xDC4D,12, 0x6984,1, 0x1882,2, 0x6984,1, 0xDC4D,11,
    0xBB29,2, 0xDC4D,4, 0xBB29,1, 0x4125,1, 0x18C5,19, 0x4125,1, 0x6984,1, 0xBB29,1,
    0xDC4D,3, 0xBB29,1, 0xF572,1, 0xDC4D,10, 0xBB29,1, 0x6984,2, 0x1882,2, 0x6984,1,
    0xBB29,1, 0xDC4D,10, 0xBB29,2, 0xDC4D,4, 0xBB29,1, 0x4125,1, 0x18C5,19, 0x4125,1,
    0x6984,1, 0xBB29,1, 0xDC4D,3, 0xBB29,1, 0xF572,1, 0xDC4D,10, 0xBB29,1, 0x6984,2,
    0x1882,2, 0x6984,1, 0xBB29,1, 0xDC4D,10, 0xBB29,2, 0xDC4D,4, 0xBB29,1, 0x4125,1,
    0x18C5,16, 0x4124,1, 0x6984,2, 0xBB29,1, 0xF572,1, 0xDC4D,4, 0xBB29,1, 0xF572,1,
    0xDC4D,12, 0x6984,1, 0x1882,2, 0x6984,1, 0xDC4D,11, 0xBB29,2, 0xDC4D,5, 0xBB29,1,
    0x6984,2, 0x4124,1, 0x18C5,13, 0x4124,1, 0x6984,2, 0xBB29,6, 0x6984,1, 0xDC4D,1,
    0xBB29,1, 0xF572,1, 0xBF5F,1, 0xF572,1, 0xBB29,9, 0x6984,2, 0xBB29,21, 0x6984,1,
    0x4124,1, 0x18C5,13, 0x4124,1, 0x6984,2, 0xBB29,6, 0x6984,1, 0xDC4D,1, 0xBB29,1,
    0xF572,1, 0xBF5F,1, 0xF572,1, 0xBB29,32, 0x6984,1, 0x4124,1, 0x18C5,15, 0x4125,1,
    0x6984,7, 0xDC4D,1, 0xBB29,1, 0xDC4D,1, 0x463F,1, 0xDC4D,1, 0xBB29,24, 0x6984,8,
    0x4125,1, 0x18C5,22, 0x6984,2, 0xBB29,1, 0x6984,30, 0x18C5,29, 0x4124,3, 0x6984,3,
    0x4124,3, 0x6984,3, 0x4124,9, 0x6984,3, 0x4124,3, 0x6984,3, 0x4124,3, 0x18C5,32,
    0x6984,3, 0x18C5,3, 0x6984,3, 0x18C5,9, 0x6984,3, 0x18C5,3, 0x6984,3, 0x18C5,30,
    0x10A4,1, 0x1084,35, 0x10A4,1, 0x18C5,25, 0x10A4,1, 0x1084,35, 0x10A4,1, 0x18C5,30,
    0x18C6,1, 0x10A4,26, 0x18C6,1, 0x18C5,17, 0x18C5,944, 0x4124,33, 0x18C5,29, 0x6984,33,
    0x18C5,29, 0x6984,2, 0xBB29,30, 0x6984,1, 0x18C5,29, 0x6984,2, 0xF572,4, 0xDC4D,24,
    0xBB29,2, 0x6984,1, 0x18C5,29, 0x6984,2, 0xF572,1, 0xFE98,3, 0xDC4D,24, 0xBB29,2,
    0x6984,1, 0x18C5,29, 0x6984,2, 0xF572,4, 0xDC4D,24, 0xBB29,2, 0x6984,1, 0x18C5,29,
    0x6984,2, 0xF572,1, 0xDC4D,27, 0xBB29,2, 0x6984,1, 0x18C5,29, 0x6984,2, 0xF572,1,
    0xDC4D,27, 0xBB29,2, 0x6984,1, 0x18C5,23, 0x4125,1, 0x6984,7, 0xF572,1, 0xDC4D,27,
    0xBB29,1, 0x6984,8, 0x4125,1, 0x18C5,16, 0x4125,1, 0x6984,7, 0xF572,1, 0xDC4D,3,
    0x6984,3, 0xDC4D,15, 0x6984,3, 0xDC4D,3, 0xBB29,1, 0x6984,8, 0x4125,1, 0x18C5,14,
    0x4124,1, 0x6984,2, 0xDC4D,1, 0xF572,5, 0xBB29,1, 0xF572,1, 0xDC4D,3, 0x1882,3,
    0xDC4D,15, 0x1882,3, 0xDC4D,3, 0xBB29,1, 0xDC4D,1, 0xF572,5, 0xDC4D,1, 0xBB29,1,
    0x6984,1, 0x4124,1, 0x18C5,13, 0x4124,1, 0x6984,3, 0xBB29,2, 0xDC4D,3, 0xBB29,1,
    0xF572,1, 0xDC4D,3, 0x6984,3, 0xDC4D,15, 0x6984,3, 0xDC4D,3, 0xBB29,2, 0xDC4D,4,
    0xBB29,1, 0x6984,3, 0x4124,1, 0x18C5,13, 0x4124,1, 0x6984,3, 0xBB29,2, 0xDC4D,3,
    0xBB29,1, 0xF572,1, 0xDC4D,12, 0xBB29,1, 0x6984,2, 0xBB29,1, 0xDC4D,11, 0xBB29,2,
    0xDC4D,4, 0xBB29,1, 0x6984,3, 0x4124,1, 0x18C5,16, 0x4125,1, 0x6984,1, 0xBB29,1,
    0xDC4D,3, 0xBB29,1, 0xF572,1, 0xDC4D,12, 0x6984,1, 0x1882,2, 0x6984,1, 0xDC4D,11,
    0xBB29,2, 0xDC4D,4, 0xBB29,1, 0x4125,1, 0x18C5,19, 0x4125,1, 0x6984,1, 0xBB29,1,
    0xDC4D,3, 0xBB29,1, 0xF572,1, 0xDC4D,10, 0xBB29,1, 0x6984,2, 0x1882,2, 0x6984,1,
    0xBB29,1, 0xDC4D,10, 0xBB29,2, 0xDC4D,4, 0xBB29,1, 0x4125,1, 0x18C5,19, 0x4125,1,
    0x6984,1, 0xBB29,1, 0xDC4D,3, 0xBB29,1, 0xF572,1, 0xDC4D,10, 0xBB29,1, 0x6984,2,
    0x1882,2, 0x6984,1, 0xBB29,1, 0xDC4D,10, 0xBB29,2, 0xDC4D,4, 0xBB29,1, 0x4125,1,
    0x18C5,16, 0x4124,1, 0x6984,2, 0xBB29,1, 0xF572,1, 0xDC4D,4, 0xBB29,1, 0xF572,1,
    0xDC4D,12, 0x6984,1, 0x1882,2, 0x6984,1, 0xDC4D,11, 0xBB29,2, 0xDC4D,5, 0xBB29,1,
    0x6984,2, 0x4124,1, 0x18C5,13, 0x4124,1, 0x6984,2, 0xBB29,6, 0x6984,1, 0xDC4D,1,
    0xBB29,1, 0xF572,1, 0xBF5F,1, 0xF572,1, 0xBB29,9, 0x6984,2, 0xBB29,21, 0x6984,1,
    0x4124,1, 0x18C5,13, 0x4124,1, 0x6984,2, 0xBB29,6, 0x6984,1, 0xDC4D,1, 0xBB29,1,
    0xF572,1, 0xBF5F,1, 0xF572,1, 0xBB29,32, 0x6984,1, 0x4124,1, 0x18C5,15, 0x4125,1,
    0x6984,7, 0xDC4D,1, 0xBB29,1, 0xDC4D,1, 0x463F,1, 0xDC4D,1, 0xBB29,24, 0x6984,8,
    0x4125,1, 0x18C5,22, 0x6984,2, 0xBB29,1, 0x6984,30, 0x18C5,29, 0x4124,3, 0x6984,3,
    0x4124,3, 0x6984,3, 0x4124,9, 0x6984,3, 0x4124,3, 0x6984,3, 0x4124,3, 0x18C5,32,
    0x6984,3, 0x18C5,3, 0x6984,3, 0x18C5,9, 0x6984,3, 0x18C5,3, 0x6984,3, 0x18C5,30,
    0x10A4,1, 0x1084,35, 0x10A4,1, 0x18C5,25, 0x10A4,1, 0x1084,35, 0x10A4,1, 0x18C5,30,
    0x18C6,1, 0x10A4,26, 0x18C6,1, 0x18C5,17, 0x18C5,944, 0x4124,33, 0x18C5,29, 0x6984,33,
    0x18C5,29, 0x6984,2, 0xBB29,30, 0x6984,1, 0x18C5,29, 0x6984,2, 0xF572,4, 0xDC4D,24,
    0xBB29,2, 0x6984,1, 0x18C5,29, 0x6984,2, 0xF572,1, 0xFE98,3, 0xDC4D,24, 0xBB29,2,
    0x6984,1, 0x18C5,29, 0x6984,2, 0xF572,4, 0xDC4D,24, 0xBB29,2, 0x6984,1, 0x18C5,29,
    0x6984,2, 0xF572,1, 0xDC4D,27, 0xBB29,2, 0x6984,1, 0x18C5,29, 0x6984,2, 0xF572,1,
    0xDC4D,27, 0xBB29,2, 0x6984,1, 0x18C5,23, 0x4125,1, 0x6984,7, 0xF572,1, 0xDC4D,27,
    0xBB29,1, 0x6984,8, 0x4125,1, 0x18C5,16, 0x4125,1, 0x6984,7, 0xF572,1, 0xDC4D,3,
    0x6984,3, 0xDC4D,15, 0x6984,3, 0xDC4D,3, 0xBB29,1, 0x6984,8, 0x4125,1, 0x18C5,14,
    0x4124,1, 0x6984,2, 0xDC4D,1, 0xF572,5, 0xBB29,1, 0xF572,1, 0xDC4D,3, 0x1882,3,
    0xDC4D,15, 0x1882,3, 0xDC4D,3, 0xBB29,1, 0xDC4D,1, 0xF572,5, 0xDC4D,1, 0xBB29,1,
    0x6984,1, 0x4124,1, 0x18C5,13, 0x4124,1, 0x6984,3, 0xBB29,2, 0xDC4D,3, 0xBB29,1,
    0xF572,1, 0xDC4D,3, 0x6984,3, 0xDC4D,15, 0x6984,3, 0xDC4D,3, 0xBB29,2, 0xDC4D,4,
    0xBB29,1, 0x6984,3, 0x4124,1, 0x18C5,13, 0x4124,1, 0x6984,3, 0xBB29,2, 0xDC4D,3,
    0xBB29,1, 0xF572,1, 0xDC4D,27, 0xBB29,2, 0xDC4D,4, 0xBB29,1, 0x6984,3, 0x4124,1,
    0x18C5,16, 0x4125,1, 0x6984,1, 0xBB29,1, 0xDC4D,3, 0xBB29,1, 0xF572,1, 0xDC4D,27,
    0xBB29,2, 0xDC4D,4, 0xBB29,1, 0x4125,1, 0x18C5,19, 0x4125,1, 0x6984,1, 0xBB29,1,
    0xDC4D,3, 0xBB29,1, 0xF572,1, 0xDC4D,12, 0x1882,3, 0xDC4D,12, 0xBB29,2, 0xDC4D,4,
    0xBB29,1, 0x4125,1, 0x18C5,19, 0x4125,1, 0x6984,1, 0xBB29,1, 0xDC4D,3, 0xBB29,1,
    0xF572,1, 0xDC4D,12, 0x1882,3, 0xDC4D,12, 0xBB29,2, 0xDC4D,4, 0xBB29,1, 0x4125,1,
    0x18C5,16, 0x4124,1, 0x6984,2, 0xBB29,1, 0xF572,1, 0xDC4D,4, 0xBB29,1, 0xF572,1,
    0xDC4D,27, 0xBB29,2, 0xDC4D,5, 0xBB29,1, 0x6984,2, 0x4124,1, 0x18C5,13, 0x4124,1,
    0x6984,2, 0xBB29,6, 0x6984,1, 0xDC4D,1, 0xBB29,36, 0x6984,1, 0x4124,1, 0x18C5,13,
    0x4124,1, 0x6984,2, 0xBB29,6, 0x6984,1, 0xDC4D,1, 0xBB29,1, 0xDC4D,1, 0xF572,1,
    0xDC4D,1, 0xBB29,32, 0x6984,1, 0x4124,1, 0x18C5,15, 0x4125,1, 0x6984,7, 0xDC4D,1,
    0xBB29,1, 0xF572,1, 0xBF5F,1, 0xF572,1, 0xBB29,24, 0x6984,8, 0x4125,1, 0x18C5,22,
    0x6984,2, 0xBB29,1, 0x6984,1, 0xDC4D,1, 0x463F,1, 0xDC4D,1, 0x6984,26, 0x18C5,29,
    0x4124,3, 0x6984,1, 0xBB29,2, 0x426B,1, 0x4124,2, 0x6984,3, 0x4124,9, 0x6984,3,
    0x4124,3, 0x6984,3, 0x4124,3, 0x18C5,32, 0x6984,3, 0x18C5,3, 0x6984,3, 0x18C5,9,
    0x6984,3, 0x18C5,3, 0x6984,3, 0x18C5,30, 0x10A4,1, 0x1084,35, 0x10A4,1, 0x18C5,25,
    0x10A4,1, 0x1084,35, 0x10A4,1, 0x18C5,30, 0x18C6,1, 0x10A4,26, 0x18C6,1, 0x18C5,17,
    0x18C5,882, 0x6984,33, 0x18C5,29, 0x6984,33, 0x18C5,29, 0x6984,2, 0xF572,28, 0xDC4D,2,
    0x6984,1, 0x18C5,29, 0x6984,2, 0xF572,1, 0xFE98,3, 0xDC4D,24, 0xBB29,2, 0x6984,1,
    0x18C5,29, 0x6984,2, 0xF572,1, 0xFE98,3, 0xDC4D,24, 0xBB29,2, 0x6984,1, 0x18C5,29,
    0x6984,2, 0xF572,1, 0xDC4D,27, 0xBB29,2, 0x6984,1, 0x18C5,23, 0x4125,1, 0x6984,7,
    0xF572,1, 0xDC4D,27, 0xBB29,1, 0x6984,8, 0x4125,1, 0x18C5,16, 0x4125,1, 0x6984,7,
    0xF572,1, 0xDC4D,27, 0xBB29,1, 0x6984,8, 0x4125,1, 0x18C5,14, 0x4124,1, 0x6984,2,
    0xDC4D,1, 0xF572,5, 0xBB29,1, 0xF572,1, 0xDC4D,27, 0xBB29,1, 0xDC4D,1, 0xF572,5,
    0xDC4D,1, 0xBB29,1, 0x6984,1, 0x4124,1, 0x18C5,13, 0x4124,1, 0x6984,3, 0xBB29,2,
    0xDC4D,3, 0xBB29,1, 0xF572,1, 0xDC4D,3, 0x1882,3, 0xDC4D,15, 0x1882,3, 0xDC4D,3,
    0xBB29,2, 0xDC4D,4, 0xBB29,1, 0x6984,3, 0x4124,1, 0x18C5,13, 0x4124,1, 0x6984,3,
    0xBB29,2, 0xDC4D,3, 0xBB29,1, 0xF572,1, 0xDC4D,3, 0x1882,3, 0xDC4D,15, 0x1882,3,
    0xDC4D,3, 0xBB29,2, 0xDC4D,4, 0xBB29,1, 0x6984,3, 0x4124,1, 0x18C5,16, 0x4125,1,
    0x6984,1, 0xBB29,1, 0xDC4D,3, 0xBB29,1, 0xF572,1, 0xDC4D,27, 0xBB29,2, 0xDC4D,4,
    0xBB29,1, 0x4125,1, 0x18C5,19, 0x4125,1, 0x6984,1, 0xBB29,1, 0xDC4D,3, 0xBB29,1,
    0xF572,1, 0xDC4D,27, 0xBB29,2, 0xDC4D,4, 0xBB29,1, 0x4125,1, 0x18C5,19, 0x4125,1,
    0x6984,1, 0xBB29,1, 0xDC4D,3, 0xBB29,1, 0xF572,1, 0xDC4D,12, 0x6984,3, 0xDC4D,12,
    0xBB29,2, 0xDC4D,4, 0xBB29,1, 0x4125,1, 0x18C5,16, 0x4124,1, 0x6984,2, 0xBB29,1,
    0xF572,1, 0xDC4D,4, 0xBB29,1, 0xF572,1, 0xDC4D,12, 0x1882,3, 0xDC4D,12, 0xBB29,2,
    0xDC4D,5, 0xBB29,1, 0x6984,2, 0x4124,1, 0x18C5,13, 0x4124,1, 0x6984,2, 0xBB29,6,
    0x6984,1, 0xF572,1, 0xDC4D,12, 0x6984,3, 0xDC4D,12, 0xBB29,9, 0x6984,1, 0x4124,1,
    0x18C5,13, 0x4124,1, 0x6984,2, 0xBB29,6, 0x6984,1, 0xF572,1, 0xDC4D,27, 0xBB29,9,
    0x6984,1, 0x4124,1, 0x18C5,15, 0x4125,1, 0x6984,7, 0xDC4D,1, 0xBB29,28, 0x6984,8,
    0x4125,1, 0x18C5,22, 0x6984,2, 0xDC4D,1, 0xBB29,1, 0xF572,1, 0xBF5F,1, 0xF572,1,
    0xBB29,25, 0x6984,1, 0x18C5,29, 0x6984,2, 0xDC4D,1, 0xBB29,1, 0xF572,1, 0xBF5F,1,
    0xF572,1, 0xBB29,25, 0x6984,1, 0x18C5,29, 0x6984,4, 0xBB29,1, 0x463F,1, 0xBB29,1,
    0x6984,26, 0x18C5,32, 0xBB29,2, 0x6984,1, 0x18C5,3, 0xBB29,2, 0x6984,1, 0x18C5,9,
    0xBB29,2, 0x6984,1, 0x18C5,3, 0xBB29,2, 0x6984,1, 0x18C5,35, 0xBB29,2, 0x6984,1,
    0x18C5,3, 0xBB29,2, 0x6984,1, 0x18C5,9, 0xBB29,2, 0x6984,1, 0x18C5,3, 0xBB29,2,
    0x6984,1, 0x18C5,35, 0x6984,3, 0x18C5,3, 0x6984,3, 0x18C5,9, 0x6984,3, 0x18C5,3,
    0x6984,3, 0x18C5,30, 0x10A4,1, 0x1084,35, 0x10A4,1, 0x18C5,25, 0x10A4,1, 0x1084,35,
    0x10A4,1, 0x18C5,30, 0x18C6,1, 0x10A4,26, 0x18C6,1, 0x18C5,17, 0x18C5,758, 0x4124,33,
    0x18C5,29, 0x6984,33, 0x18C5,29, 0x6984,2, 0xBB29,30, 0x6984,1, 0x18C5,29, 0x6984,2,
    0xF572,4, 0xDC4D,24, 0xBB29,2, 0x6984,1, 0x18C5,29, 0x6984,2, 0xF572,1, 0xFE98,3,
    0xDC4D,24, 0xBB29,2, 0x6984,1, 0x18C5,23, 0x4125,1, 0x6984,7, 0xF572,4, 0xFFFF,2,
    0x1882,1, 0xDC4D,15, 0xFFFF,2, 0x1882,1, 0xDC4D,3, 0xBB29,1, 0x6984,8, 0x4125,1,
    0x18C5,16, 0x4125,1, 0x6984,7, 0xF572,1, 0xDC4D,3, 0xFFFF,2, 0x1882,1, 0xDC4D,15,
    0xFFFF,2, 0x1882,1, 0xDC4D,3, 0xBB29,1, 0x6984,8, 0x4125,1, 0x18C5,14, 0x4124,1,
    0x6984,2, 0xDC4D,1, 0xF572,5, 0xBB29,1, 0xF572,1, 0xDC4D,3, 0x1882,3, 0xDC4D,15,
    0x1882,3, 0xDC4D,3, 0xBB29,1, 0xDC4D,1, 0xF572,5, 0xDC4D,1, 0xBB29,1, 0x6984,1,
    0x4124,1, 0x18C5,13, 0x4124,1, 0x6984,3, 0xBB29,2, 0xDC4D,3, 0xBB29,1, 0xF572,1,
    0xDC4D,3, 0x1882,3, 0xDC4D,15, 0x1882,3, 0xDC4D,3, 0xBB29,2, 0xDC4D,4, 0xBB29,1,
    0x6984,3, 0x4124,1, 0x18C5,13, 0x4124,1, 0x6984,3, 0xBB29,2, 0xDC4D,3, 0xBB29,1,
    0xF572,1, 0xDC4D,3, 0x1882,3, 0xDC4D,15, 0x1882,3, 0xDC4D,3, 0xBB29,2, 0xDC4D,4,
    0xBB29,1, 0x6984,3, 0x4124,1, 0x18C5,16, 0x4125,1, 0x6984,1, 0xBB29,1, 0xDC4D,3,
    0xBB29,1, 0xF572,1, 0xDC4D,3, 0x1882,3, 0xDC4D,15, 0x1882,3, 0xDC4D,3, 0xBB29,2,
    0xDC4D,4, 0xBB29,1, 0x4125,1, 0x18C5,19, 0x4125,1, 0x6984,1, 0xBB29,1, 0xDC4D,3,
    0xBB29,1, 0xF572,1, 0xDC4D,27, 0xBB29,2, 0xDC4D,4, 0xBB29,1, 0x4125,1, 0x18C5,19,
    0x4125,1, 0x6984,1, 0xBB29,1, 0xDC4D,3, 0xBB29,1, 0xF572,1, 0xDC4D,27, 0xBB29,2,
    0xDC4D,4, 0xBB29,1, 0x4125,1, 0x18C5,16, 0x4124,1, 0x6984,2, 0xBB29,1, 0xF572,1,
    0xDC4D,4, 0xBB29,1, 0xF572,1, 0xDC4D,27, 0xBB29,2, 0xDC4D,5, 0xBB29,1, 0x6984,2,
    0x4124,1, 0x18C5,13, 0x4124,1, 0x6984,2, 0xBB29,6, 0x6984,1, 0xF572,1, 0xDC4D,27,
    0xBB29,9, 0x6984,1, 0x4124,1, 0x18C5,13, 0x4124,1, 0x6984,2, 0xBB29,6, 0x6984,1,
    0xF572,1, 0xDC4D,27, 0xBB29,9, 0x6984,1, 0x4124,1, 0x18C5,15, 0x4125,1, 0x6984,7,
    0xF572,1, 0xDC4D,27, 0xBB29,1, 0x6984,8, 0x4125,1, 0x18C5,22, 0x6984,2, 0xDC4D,1,
    0xBB29,29, 0x6984,1, 0x18C5,29, 0x6984,2, 0xDC4D,1, 0xBB29,29, 0x6984,1, 0x18C5,29,
    0x6984,2, 0xDC4D,1, 0xBB29,29, 0x6984,1, 0x18C5,29, 0x6984,2, 0xBB29,1, 0x6984,30,
    0x18C5,29, 0x4124,3, 0x6984,3, 0x4124,3, 0x6984,3, 0x4124,9, 0x6984,3, 0x4124,3,
    0x6984,3, 0x4124,3, 0x18C5,32, 0xBB29,2, 0x6984,1, 0x18C5,3, 0xBB29,2, 0x6984,1,
    0x18C5,9, 0xBB29,2, 0x6984,1, 0x18C5,3, 0xBB29,2, 0x6984,1, 0x18C5,35, 0xBB29,2,
    0x6984,1, 0x18C5,3, 0xBB29,2, 0x6984,1, 0x18C5,9, 0xBB29,2, 0x6984,1, 0x18C5,3,
    0xBB29,2, 0x6984,1, 0x18C5,35, 0xBB29,2, 0x6984,1, 0x18C5,3, 0xBB29,2, 0x6984,1,
    0x18C5,9, 0xBB29,2, 0x6984,1, 0x18C5,3, 0xBB29,2, 0x6984,1, 0x18C5,35, 0x6984,3,
    0x18C5,3, 0x6984,3, 0x18C5,9, 0x6984,3, 0x18C5,3, 0x6984,3, 0x18C5,30, 0x10A4,1,
    0x1084,35, 0x10A4,1, 0x18C5,25, 0x10A4,1, 0x1084,35, 0x10A4,1, 0x18C5,30, 0x18C6,1,
    0x10A4,26, 0x18C6,1, 0x18C5,17, 0x18C5,696, 0x6984,33, 0x18C5,29, 0x6984,33, 0x18C5,29,
    0x6984,2, 0xF572,28, 0xDC4D,2, 0x6984,1, 0x18C5,29, 0x6984,2, 0xF572,1, 0xFE98,3,
    0xDC4D,24, 0xBB29,2, 0x6984,1, 0x18C5,23, 0x28E5,1, 0x4124,5, 0x6984,2, 0xF572,1,
    0xFE98,3, 0xDC4D,24, 0xBB29,2, 0x6984,1, 0x4124,6, 0x28E5,1, 0x18C5,16, 0x4125,1,
    0x6984,7, 0xF572,1, 0xDC4D,27, 0xBB29,1, 0x6984,8, 0x4125,1, 0x18C5,14, 0x28E5,1,
    0x4125,1, 0x69A5,1, 0xBB29,7, 0xF572,1, 0xDC4D,3, 0xFFFF,2, 0x1882,1, 0xDC4D,15,
    0xFFFF,2, 0x1882,1, 0xDC4D,3, 0xBB29,8, 0x6984,1, 0x69A5,1, 0x28E5,1, 0x18C5,13,
    0x4124,1, 0x6984,2, 0xBB29,1, 0xDC4D,5, 0xBB29,1, 0xF572,1, 0xDC4D,3, 0xFFFF,2,
    0x1882,1, 0xDC4D,15, 0xFFFF,2, 0x1882,1, 0xDC4D,3, 0xBB29,1, 0xDC4D,6, 0xBB29,1,
    0x6984,2, 0x4124,1, 0x18C5,13, 0x4124,1, 0x6984,3, 0xBB29,2, 0xDC4D,3, 0xBB29,1,
    0xF572,1, 0xDC4D,3, 0x1882,3, 0xDC4D,15, 0x1882,3, 0xDC4D,3, 0xBB29,2, 0xDC4D,4,
    0xBB29,1, 0x6984,3, 0x4124,1, 0x18C5,13, 0x28E5,1, 0x4125,2, 0x69A5,1, 0x6984,1,
    0xBB29,1, 0xDC4D,3, 0xBB29,1, 0xF572,1, 0xDC4D,3, 0x1882,3, 0xDC4D,15, 0x1882,3,
    0xDC4D,3, 0xBB29,2, 0xDC4D,4, 0xBB29,1, 0x69A5,1, 0x4125,2, 0x28E5,1, 0x18C5,16,
    0x4125,1, 0x6984,1, 0xBB29,1, 0xDC4D,3, 0xBB29,1, 0xF572,1, 0xDC4D,3, 0x1882,3,
    0xDC4D,15, 0x1882,3, 0xDC4D,3, 0xBB29,2, 0xDC4D,4, 0xBB29,1, 0x4125,1, 0x18C5,19,
    0x4125,1, 0x6984,1, 0xBB29,1, 0xDC4D,3, 0xBB29,1, 0xF572,1, 0xDC4D,3, 0x1882,3,
    0xDC4D,15, 0x1882,3, 0xDC4D,3, 0xBB29,2, 0xDC4D,4, 0xBB29,1, 0x4125,1, 0x18C5,16,
    0x28E5,1, 0x4125,2, 0x7A48,1, 0xBB29,1, 0xDC4D,4, 0xBB29,1, 0xF572,1, 0xDC4D,27,
    0xBB29,2, 0xDC4D,5, 0x7A48,1, 0x4125,2, 0x28E5,1, 0x18C5,13, 0x4124,1, 0x6984,2,
    0xBB29,1, 0xDC4D,2, 0xBB29,4, 0xF572,1, 0xDC4D,27, 0xBB29,6, 0xDC4D,1, 0xBB29,1,
    0x6984,2, 0x4124,1, 0x18C5,13, 0x4124,1, 0x6984,2, 0xBB29,6, 0x6984,1, 0xF572,1,
    0xDC4D,27, 0xBB29,9, 0x6984,1, 0x4124,1, 0x18C5,13, 0x28E5,1, 0x4125,1, 0x69A5,1,
    0x6984,7, 0xF572,1, 0xDC4D,27, 0xBB29,2, 0x6984,7, 0x69A5,1, 0x28E5,1, 0x18C5,15,
    0x28E5,1, 0x4124,5, 0x6984,2, 0xF572,1, 0xDC4D,27, 0xBB29,2, 0x6984,1, 0x4124,6,
    0x28E5,1, 0x18C5,22, 0x6984,2, 0xDC4D,1, 0xBB29,29, 0x6984,1, 0x18C5,29, 0x6984,2,
    0xDC4D,1, 0xBB29,29, 0x6984,1, 0x18C5,29, 0x6984,2, 0xDC4D,1, 0xBB29,29, 0x6984,1,
    0x18C5,29, 0x6984,33, 0x18C5,32, 0xBB29,2, 0x6984,1, 0x18C5,3, 0xBB29,2, 0x6984,1,
    0x18C5,9, 0xBB29,2, 0x6984,1, 0x18C5,3, 0xBB29,2, 0x6984,1, 0x18C5,35, 0xBB29,2,
    0x6984,1, 0x18C5,3, 0xBB29,2, 0x6984,1, 0x18C5,9, 0xBB29,2, 0x6984,1, 0x18C5,3,
    0xBB29,2, 0x6984,1, 0x18C5,35, 0xBB29,2, 0x6984,1, 0x18C5,3, 0xBB29,2, 0x6984,1,
    0x18C5,9, 0xBB29,2, 0x6984,1, 0x18C5,3, 0xBB29,2, 0x6984,1, 0x18C5,35, 0xBB29,2,
    0x6984,1, 0x18C5,3, 0xBB29,2, 0x6984,1, 0x18C5,9, 0xBB29,2, 0x6984,1, 0x18C5,3,
    0xBB29,2, 0x6984,1, 0x18C5,35, 0xBB29,2, 0x6984,1, 0x18C5,3, 0xBB29,2, 0x6984,1,
    0x18C5,9, 0xBB29,2, 0x6984,1, 0x18C5,3, 0xBB29,2, 0x6984,1, 0x18C5,35, 0x6984,3,
    0x18C5,3, 0x6984,3, 0x18C5,9, 0x6984,3, 0x18C5,3, 0x6984,3, 0x18C5,30, 0x10A4,1,
    0x1084,35, 0x10A4,1, 0x18C5,25, 0x10A4,1, 0x1084,35, 0x10A4,1, 0x18C5,30, 0x18C6,1,
    0x10A4,26, 0x18C6,1, 0x18C5,17, 0x18C5,696, 0x6984,33, 0x18C5,29, 0x6984,33, 0x18C5,29,
    0x6984,2, 0xF572,28, 0xDC4D,2, 0x6984,1, 0x18C5,29, 0x6984,2, 0xF572,1, 0xFE98,3,
    0xDC4D,24, 0xBB29,2, 0x6984,1, 0x18C5,23, 0x28E5,1, 0x4124,5, 0x6984,2, 0xF572,1,
    0xFE98,3, 0xDC4D,24, 0xBB29,2, 0x6984,1, 0x4124,6, 0x28E5,1, 0x18C5,16, 0x4125,1,
    0x6984,7, 0xF572,1, 0xDC4D,27, 0xBB29,1, 0x6984,8, 0x4125,1, 0x18C5,14, 0x28E5,1,
    0x4125,1, 0x69A5,1, 0xBB29,7, 0xF572,1, 0xDC4D,3, 0xFFFF,2, 0x1882,1, 0xDC4D,15,
    0xFFFF,2, 0x1882,1, 0xDC4D,3, 0xBB29,8, 0x6984,1, 0x69A5,1, 0x28E5,1, 0x18C5,13,
    0x4124,1, 0x6984,2, 0xBB29,1, 0xDC4D,5, 0xBB29,1, 0xF572,1, 0xDC4D,3, 0xFFFF,2,
    0x1882,1, 0xDC4D,15, 0xFFFF,2, 0x1882,1, 0xDC4D,3, 0xBB29,1, 0xDC4D,6, 0xBB29,1,
    0x6984,2, 0x4124,1, 0x18C5,13, 0x4124,1, 0x6984,3, 0xBB29,2, 0xDC4D,3, 0xBB29,1,
    0xF572,1, 0xDC4D,3, 0x1882,3, 0xDC4D,15, 0x1882,3, 0xDC4D,3, 0xBB29,2, 0xDC4D,4,
    0xBB29,1, 0x6984,3, 0x4124,1, 0x18C5,13, 0x28E5,1, 0x4125,2, 0x69A5,1, 0x6984,1,
    0xBB29,1, 0xDC4D,3, 0xBB29,1, 0xF572,1, 0xDC4D,3, 0x1882,3, 0xDC4D,15, 0x1882,3,
    0xDC4D,3, 0xBB29,2, 0xDC4D,4, 0xBB29,1, 0x69A5,1, 0x4125,2, 0x28E5,1, 0x18C5,16,
    0x4125,1, 0x6984,1, 0xBB29,1, 0xDC4D,3, 0xBB29,1, 0xF572,1, 0xDC4D,3, 0x1882,3,
    0xDC4D,15, 0x1882,3, 0xDC4D,3, 0xBB29,2, 0xDC4D,4, 0xBB29,1, 0x4125,1, 0x18C5,19,
    0x4125,1, 0x6984,1, 0xBB29,1, 0xDC4D,3, 0xBB29,1, 0xF572,1, 0xDC4D,3, 0x1882,3,
    0xDC4D,15, 0x1882,3, 0xDC4D,3, 0xBB29,2, 0xDC4D,4, 0xBB29,1, 0x4125,1, 0x18C5,16,
    0x28E5,1, 0x4125,2, 0x7A48,1, 0xBB29,1, 0xDC4D,4, 0xBB29,1, 0xF572,1, 0xDC4D,27,
    0xBB29,2, 0xDC4D,5, 0x7A48,1, 0x4125,2, 0x28E5,1, 0x18C5,13, 0x4124,1, 0x6984,2,
    0xBB29,1, 0xDC4D,2, 0xBB29,4, 0xF572,1, 0xDC4D,27, 0xBB29,6, 0xDC4D,1, 0xBB29,1,
    0x6984,2, 0x4124,1, 0x18C5,13, 0x4124,1, 0x6984,2, 0xBB29,6, 0x6984,1, 0xF572,1,
    0xDC4D,27, 0xBB29,9, 0x6984,1, 0x4124,1, 0x18C5,13, 0x28E5,1, 0x4125,1, 0x69A5,1,
    0x6984,7, 0xF572,1, 0xDC4D,27, 0xBB29,2, 0x6984,7, 0x69A5,1, 0x28E5,1, 0x18C5,15,
    0x28E5,1, 0x4124,5, 0x6984,2, 0xF572,1, 0xDC4D,27, 0xBB29,2, 0x6984,1, 0x4124,6,
    0x28E5,1, 0x18C5,22, 0x6984,2, 0xDC4D,1, 0xBB29,29, 0x6984,1, 0x18C5,29, 0x6984,2,
    0xDC4D,1, 0xBB29,29, 0x6984,1, 0x18C5,29, 0x6984,2, 0xDC4D,1, 0xBB29,29, 0x6984,1,
    0x18C5,29, 0x6984,33, 0x18C5,32, 0xBB29,2, 0x6984,1, 0x18C5,3, 0xBB29,2, 0x6984,1,
    0x18C5,9, 0xBB29,2, 0x6984,1, 0x18C5,3, 0xBB29,2, 0x6984,1, 0x18C5,35, 0xBB29,2,
    0x6984,1, 0x18C5,3, 0xBB29,2, 0x6984,1, 0x18C5,9, 0xBB29,2, 0x6984,1, 0x18C5,3,
    0xBB29,2, 0x6984,1, 0x18C5,35, 0xBB29,2, 0x6984,1, 0x18C5,3, 0xBB29,2, 0x6984,1,
    0x18C5,9, 0xBB29,2, 0x6984,1, 0x18C5,3, 0xBB29,2, 0x6984,1, 0x18C5,35, 0xBB29,2,
    0x6984,1, 0x18C5,3, 0xBB29,2, 0x6984,1, 0x18C5,9, 0xBB29,2, 0x6984,1, 0x18C5,3,
    0xBB29,2, 0x6984,1, 0x18C5,35, 0xBB29,2, 0x6984,1, 0x18C5,3, 0xBB29,2, 0x6984,1,
    0x18C5,9, 0xBB29,2, 0x6984,1, 0x18C5,3, 0xBB29,2, 0x6984,1, 0x18C5,35, 0x6984,3,
    0x18C5,3, 0x6984,3, 0x18C5,9, 0x6984,3, 0x18C5,3, 0x6984,3, 0x18C5,30, 0x10A4,1,
    0x1084,35, 0x10A4,1, 0x18C5,25, 0x10A4,1, 0x1084,35, 0x10A4,1, 0x18C5,30, 0x18C6,1,
    0x10A4,26, 0x18C6,1, 0x18C5,17, 0x18C5,696, 0x6984,33, 0x18C5,29, 0x6984,33, 0x18C5,29,
    0x6984,2, 0xF572,28, 0xDC4D,2, 0x6984,1, 0x18C5,29, 0x6984,2, 0xF572,1, 0xFE98,3,
    0xDC4D,24, 0xBB29,2, 0x6984,1, 0x18C5,23, 0x28E5,1, 0x4124,5, 0x6984,2, 0xF572,1,
    0xFE98,3, 0xDC4D,24, 0xBB29,2, 0x6984,1, 0x4124,6, 0x28E5,1, 0x18C5,16, 0x4125,1,
    0x6984,7, 0xF572,1, 0xDC4D,27, 0xBB29,1, 0x6984,8, 0x4125,1, 0x18C5,14, 0x28E5,1,
    0x4125,1, 0x69A5,1, 0xBB29,7, 0xF572,1, 0xDC4D,3, 0xFFFF,2, 0x1882,1, 0xDC4D,15,
    0xFFFF,2, 0x1882,1, 0xDC4D,3, 0xBB29,8, 0x6984,1, 0x69A5,1, 0x28E5,1, 0x18C5,13,
    0x4124,1, 0x6984,2, 0xBB29,1, 0xDC4D,5, 0xBB29,1, 0xF572,1, 0xDC4D,3, 0xFFFF,2,
    0x1882,1, 0xDC4D,15, 0xFFFF,2, 0x1882,1, 0xDC4D,3, 0xBB29,1, 0xDC4D,6, 0xBB29,1,
    0x6984,2, 0x4124,1, 0x18C5,13, 0x4124,1, 0x6984,3, 0xBB29,2, 0xDC4D,3, 0xBB29,1,
    0xF572,1, 0xDC4D,3, 0x1882,3, 0xDC4D,15, 0x1882,3, 0xDC4D,3, 0xBB29,2, 0xDC4D,4,
    0xBB29,1, 0x6984,3, 0x4124,1, 0x18C5,13, 0x28E5,1, 0x4125,2, 0x69A5,1, 0x6984,1,
    0xBB29,1, 0xDC4D,3, 0xBB29,1, 0xF572,1, 0xDC4D,3, 0x1882,3, 0xDC4D,15, 0x1882,3,
    0xDC4D,3, 0xBB29,2, 0xDC4D,4, 0xBB29,1, 0x69A5,1, 0x4125,2, 0x28E5,1, 0x18C5,16,
    0x4125,1, 0x6984,1, 0xBB29,1, 0xDC4D,3, 0xBB29,1, 0xF572,1, 0xDC4D,3, 0x1882,3,
    0xDC4D,15, 0x1882,3, 0xDC4D,3, 0xBB29,2, 0xDC4D,4, 0xBB29,1, 0x4125,1, 0x18C5,19,
    0x4125,1, 0x6984,1, 0xBB29,1, 0xDC4D,3, 0xBB29,1, 0xF572,1, 0xDC4D,3, 0x1882,3,
    0xDC4D,15, 0x1882,3, 0xDC4D,3, 0xBB29,2, 0xDC4D,4, 0xBB29,1, 0x4125,1, 0x18C5,16,
    0x28E5,1, 0x4125,2, 0x7A48,1, 0xBB29,1, 0xDC4D,4, 0xBB29,1, 0xF572,1, 0xDC4D,27,
    0xBB29,2, 0xDC4D,5, 0x7A48,1, 0x4125,2, 0x28E5,1, 0x18C5,13, 0x4124,1, 0x6984,2,
    0xBB29,1, 0xDC4D,2, 0xBB29,4, 0xF572,1, 0xDC4D,27, 0xBB29,6, 0xDC4D,1, 0xBB29,1,
    0x6984,2, 0x4124,1, 0x18C5,13, 0x4124,1, 0x6984,2, 0xBB29,6, 0x6984,1, 0xF572,1,
    0xDC4D,27, 0xBB29,9, 0x6984,1, 0x4124,1, 0x18C5,13, 0x28E5,1, 0x4125,1, 0x69A5,1,
    0x6984,7, 0xF572,1, 0xDC4D,27, 0xBB29,2, 0x6984,7, 0x69A5,1, 0x28E5,1, 0x18C5,15,
    0x28E5,1, 0x4124,5, 0x6984,2, 0xF572,1, 0xDC4D,27, 0xBB29,2, 0x6984,1, 0x4124,6,
    0x28E5,1, 0x18C5,22, 0x6984,2, 0xDC4D,1, 0xBB29,29, 0x6984,1, 0x18C5,29, 0x6984,2,
    0xDC4D,1, 0xBB29,29, 0x6984,1, 0x18C5,29, 0x6984,2, 0xDC4D,1, 0xBB29,29, 0x6984,1,
    0x18C5,29, 0x6984,33, 0x18C5,32, 0xBB29,2, 0x6984,1, 0x18C5,3, 0xBB29,2, 0x6984,1,
    0x18C5,9, 0xBB29,2, 0x6984,1, 0x18C5,3, 0xBB29,2, 0x6984,1, 0x18C5,35, 0xBB29,2,
    0x6984,1, 0x18C5,3, 0xBB29,2, 0x6984,1, 0x18C5,9, 0xBB29,2, 0x6984,1, 0x18C5,3,
    0xBB29,2, 0x6984,1, 0x18C5,35, 0xBB29,2, 0x6984,1, 0x18C5,3, 0xBB29,2, 0x6984,1,
    0x18C5,9, 0xBB29,2, 0x6984,1, 0x18C5,3, 0xBB29,2, 0x6984,1, 0x18C5,35, 0xBB29,2,
    0x6984,1, 0x18C5,3, 0xBB29,2, 0x6984,1, 0x18C5,9, 0xBB29,2, 0x6984,1, 0x18C5,3,
    0xBB29,2, 0x6984,1, 0x18C5,35, 0xBB29,2, 0x6984,1, 0x18C5,3, 0xBB29,2, 0x6984,1,
    0x18C5,9, 0xBB29,2, 0x6984,1, 0x18C5,3, 0xBB29,2, 0x6984,1, 0x18C5,35, 0x6984,3,
    0x18C5,3, 0x6984,3, 0x18C5,9, 0x6984,3, 0x18C5,3, 0x6984,3, 0x18C5,30, 0x10A4,1,
    0x1084,35, 0x10A4,1, 0x18C5,25, 0x10A4,1, 0x1084,35, 0x10A4,1, 0x18C5,30, 0x18C6,1,
    0x10A4,26, 0x18C6,1, 0x18C5,17, 0x18C5,696, 0x6984,33, 0x18C5,29, 0x6984,33, 0x18C5,29,
    0x6984,2, 0xF572,28, 0xDC4D,2, 0x6984,1, 0x18C5,29, 0x6984,2, 0xF572,1, 0xFE98,3,
    0xDC4D,24, 0xBB29,2, 0x6984,1, 0x18C5,23, 0x28E5,1, 0x4124,5, 0x6984,2, 0xF572,1,
    0xFE98,3, 0xDC4D,24, 0xBB29,2, 0x6984,1, 0x4124,6, 0x28E5,1, 0x18C5,16, 0x4125,1,
    0x6984,7, 0xF572,1, 0xDC4D,27, 0xBB29,1, 0x6984,8, 0x4125,1, 0x18C5,14, 0x28E5,1,
    0x4125,1, 0x69A5,1, 0xBB29,7, 0xF572,1, 0xDC4D,3, 0xFFFF,2, 0x1882,1, 0xDC4D,15,
    0xFFFF,2, 0x1882,1, 0xDC4D,3, 0xBB29,8, 0x6984,1, 0x69A5,1, 0x28E5,1, 0x18C5,13,
    0x4124,1, 0x6984,2, 0xBB29,1, 0xDC4D,5, 0xBB29,1, 0xF572,1, 0xDC4D,3, 0xFFFF,2,
    0x1882,1, 0xDC4D,15, 0xFFFF,2, 0x1882,1, 0xDC4D,3, 0xBB29,1, 0xDC4D,6, 0xBB29,1,
    0x6984,2, 0x4124,1, 0x18C5,13, 0x4124,1, 0x6984,3, 0xBB29,2, 0xDC4D,3, 0xBB29,1,
    0xF572,1, 0xDC4D,3, 0x1882,3, 0xDC4D,15, 0x1882,3, 0xDC4D,3, 0xBB29,2, 0xDC4D,4,
    0xBB29,1, 0x6984,3, 0x4124,1, 0x18C5,13, 0x28E5,1, 0x4125,2, 0x69A5,1, 0x6984,1,
    0xBB29,1, 0xDC4D,3, 0xBB29,1, 0xF572,1, 0xDC4D,3, 0x1882,3, 0xDC4D,15, 0x1882,3,
    0xDC4D,3, 0xBB29,2, 0xDC4D,4, 0xBB29,1, 0x69A5,1, 0x4125,2, 0x28E5,1, 0x18C5,16,
    0x4125,1, 0x6984,1, 0xBB29,1, 0xDC4D,3, 0xBB29,1, 0xF572,1, 0xDC4D,3, 0x1882,3,
    0xDC4D,15, 0x1882,3, 0xDC4D,3, 0xBB29,2, 0xDC4D,4, 0xBB29,1, 0x4125,1, 0x18C5,19,
    0x4125,1, 0x6984,1, 0xBB29,1, 0xDC4D,3, 0xBB29,1, 0xF572,1, 0xDC4D,3, 0x1882,3,
    0xDC4D,15, 0x1882,3, 0xDC4D,3, 0xBB29,2, 0xDC4D,4, 0xBB29,1, 0x4125,1, 0x18C5,16,
    0x28E5,1, 0x4125,2, 0x7A48,1, 0xBB29,1, 0xDC4D,4, 0xBB29,1, 0xF572,1, 0xDC4D,27,
    0xBB29,2, 0xDC4D,5, 0x7A48,1, 0x4125,2, 0x28E5,1, 0x18C5,13, 0x4124,1, 0x6984,2,
    0xBB29,1, 0xDC4D,2, 0xBB29,4, 0xF572,1, 0xDC4D,27, 0xBB29,6, 0xDC4D,1, 0xBB29,1,
    0x6984,2, 0x4124,1, 0x18C5,13, 0x4124,1, 0x6984,2, 0xBB29,6, 0x6984,1, 0xF572,1,
    0xDC4D,27, 0xBB29,9, 0x6984,1, 0x4124,1, 0x18C5,13, 0x28E5,1, 0x4125,1, 0x69A5,1,
    0x6984,7, 0xF572,1, 0xDC4D,27, 0xBB29,2, 0x6984,7, 0x69A5,1, 0x28E5,1, 0x18C5,15,
    0x28E5,1, 0x4124,5, 0x6984,2, 0xF572,1, 0xDC4D,27, 0xBB29,2, 0x6984,1, 0x4124,6,
    0x28E5,1, 0x18C5,22, 0x6984,2, 0xDC4D,1, 0xBB29,29, 0x6984,1, 0x18C5,29, 0x6984,2,
    0xDC4D,1, 0xBB29,29, 0x6984,1, 0x18C5,29, 0x6984,2, 0xDC4D,1, 0xBB29,29, 0x6984,1,
    0x18C5,29, 0x6984,33, 0x18C5,32, 0xBB29,2, 0x6984,1, 0x18C5,3, 0xBB29,2, 0x6984,1,
    0x18C5,9, 0xBB29,2, 0x6984,1, 0x18C5,3, 0xBB29,2, 0x6984,1, 0x18C5,35, 0xBB29,2,
    0x6984,1, 0x18C5,3, 0xBB29,2, 0x6984,1, 0x18C5,9, 0xBB29,2, 0x6984,1, 0x18C5,3,
    0xBB29,2, 0x6984,1, 0x18C5,35, 0xBB29,2, 0x6984,1, 0x18C5,3, 0xBB29,2, 0x6984,1,
    0x18C5,9, 0xBB29,2, 0x6984,1, 0x18C5,3, 0xBB29,2, 0x6984,1, 0x18C5,35, 0xBB29,2,
    0x6984,1, 0x18C5,3, 0xBB29,2, 0x6984,1, 0x18C5,9, 0xBB29,2, 0x6984,1, 0x18C5,3,
    0xBB29,2, 0x6984,1, 0x18C5,35, 0xBB29,2, 0x6984,1, 0x18C5,3, 0xBB29,2, 0x6984,1,
    0x18C5,9, 0xBB29,2, 0x6984,1, 0x18C5,3, 0xBB29,2, 0x6984,1, 0x18C5,35, 0x6984,3,
    0x18C5,3, 0x6984,3, 0x18C5,9, 0x6984,3, 0x18C5,3, 0x6984,3, 0x18C5,30, 0x10A4,1,
    0x1084,35, 0x10A4,1, 0x18C5,25, 0x10A4,1, 0x1084,35, 0x10A4,1, 0x18C5,30, 0x18C6,1,
    0x10A4,26, 0x18C6,1, 0x18C5,17, 0x18C5,696, 0x6984,33, 0x18C5,29, 0x6984,33, 0x18C5,29,
    0x6984,2, 0xF572,28, 0xDC4D,2, 0x6984,1, 0x18C5,29, 0x6984,2, 0xF572,1, 0xFE98,3,
    0xDC4D,24, 0xBB29,2, 0x6984,1, 0x18C5,23, 0x28E5,1, 0x4124,5, 0x6984,2, 0xF572,1,
    0xFE98,3, 0xDC4D,24, 0xBB29,2, 0x6984,1, 0x4124,6, 0x28E5,1, 0x18C5,16, 0x4125,1,
    0x6984,7, 0xF572,1, 0xDC4D,27, 0xBB29,1, 0x6984,8, 0x4125,1, 0x18C5,14, 0x28E5,1,
    0x4125,1, 0x69A5,1, 0xBB29,7, 0xF572,1, 0xDC4D,3, 0xFFFF,2, 0x1882,1, 0xDC4D,15,
    0xFFFF,2, 0x1882,1, 0xDC4D,3, 0xBB29,8, 0x6984,1, 0x69A5,1, 0x28E5,1, 0x18C5,13,
    0x4124,1, 0x6984,2, 0xBB29,1, 0xDC4D,5, 0xBB29,1, 0xF572,1, 0xDC4D,3, 0xFFFF,2,
    0x1882,1, 0xDC4D,15, 0xFFFF,2, 0x1882,1, 0xDC4D,3, 0xBB29,1, 0xDC4D,6, 0xBB29,1,
    0x6984,2, 0x4124,1, 0x18C5,13, 0x4124,1, 0x6984,3, 0xBB29,2, 0xDC4D,3, 0xBB29,1,
    0xF572,1, 0xDC4D,3, 0x1882,3, 0xDC4D,15, 0x1882,3, 0xDC4D,3, 0xBB29,2, 0xDC4D,4,
    0xBB29,1, 0x6984,3, 0x4124,1, 0x18C5,13, 0x28E5,1, 0x4125,2, 0x69A5,1, 0x6984,1,
    0xBB29,1, 0xDC4D,3, 0xBB29,1, 0xF572,1, 0xDC4D,3, 0x1882,3, 0xDC4D,15, 0x1882,3,
    0xDC4D,3, 0xBB29,2, 0xDC4D,4, 0xBB29,1, 0x69A5,1, 0x4125,2, 0x28E5,1, 0x18C5,16,
    0x4125,1, 0x6984,1, 0xBB29,1, 0xDC4D,3, 0xBB29,1, 0xF572,1, 0xDC4D,3, 0x1882,3,
    0xDC4D,15, 0x1882,3, 0xDC4D,3, 0xBB29,2, 0xDC4D,4, 0xBB29,1, 0x4125,1, 0x18C5,19,
    0x4125,1, 0x6984,1, 0xBB29,1, 0xDC4D,3, 0xBB29,1, 0xF572,1, 0xDC4D,3, 0x1882,3,
    0xDC4D,15, 0x1882,3, 0xDC4D,3, 0xBB29,2, 0xDC4D,4, 0xBB29,1, 0x4125,1, 0x18C5,16,
    0x28E5,1, 0x4125,2, 0x7A48,1, 0xBB29,1, 0xDC4D,4, 0xBB29,1, 0xF572,1, 0xDC4D,27,
    0xBB29,2, 0xDC4D,5, 0x7A48,1, 0x4125,2, 0x28E5,1, 0x18C5,13, 0x4124,1, 0x6984,2,
    0xBB29,1, 0xDC4D,2, 0xBB29,4, 0xF572,1, 0xDC4D,27, 0xBB29,6, 0xDC4D,1, 0xBB29,1,
    0x6984,2, 0x4124,1, 0x18C5,13, 0x4124,1, 0x6984,2, 0xBB29,6, 0x6984,1, 0xF572,1,
    0xDC4D,27, 0xBB29,9, 0x6984,1, 0x4124,1, 0x18C5,13, 0x28E5,1, 0x4125,1, 0x69A5,1,
    0x6984,7, 0xF572,1, 0xDC4D,27, 0xBB29,2, 0x6984,7, 0x69A5,1, 0x28E5,1, 0x18C5,15,
    0x28E5,1, 0x4124,5, 0x6984,2, 0xF572,1, 0xDC4D,27, 0xBB29,2, 0x6984,1, 0x4124,6,
    0x28E5,1, 0x18C5,22, 0x6984,2, 0xDC4D,1, 0xBB29,29, 0x6984,1, 0x18C5,29, 0x6984,2,
    0xDC4D,1, 0xBB29,29, 0x6984,1, 0x18C5,29, 0x6984,2, 0xDC4D,1, 0xBB29,29, 0x6984,1,
    0x18C5,29, 0x6984,33, 0x18C5,32, 0xBB29,2, 0x6984,1, 0x18C5,3, 0xBB29,2, 0x6984,1,
    0x18C5,9, 0xBB29,2, 0x6984,1, 0x18C5,3, 0xBB29,2, 0x6984,1, 0x18C5,35, 0xBB29,2,
    0x6984,1, 0x18C5,3, 0xBB29,2, 0x6984,1, 0x18C5,9, 0xBB29,2, 0x6984,1, 0x18C5,3,
    0xBB29,2, 0x6984,1, 0x18C5,35, 0xBB29,2, 0x6984,1, 0x18C5,3, 0xBB29,2, 0x6984,1,
    0x18C5,9, 0xBB29,2, 0x6984,1, 0x18C5,3, 0xBB29,2, 0x6984,1, 0x18C5,35, 0xBB29,2,
    0x6984,1, 0x18C5,3, 0xBB29,2, 0x6984,1, 0x18C5,9, 0xBB29,2, 0x6984,1, 0x18C5,3,
    0xBB29,2, 0x6984,1, 0x18C5,35, 0xBB29,2, 0x6984,1, 0x18C5,3, 0xBB29,2, 0x6984,1,
    0x18C5,9, 0xBB29,2, 0x6984,1, 0x18C5,3, 0xBB29,2, 0x6984,1, 0x18C5,35, 0x6984,3,
    0x18C5,3, 0x6984,3, 0x18C5,9, 0x6984,3, 0x18C5,3, 0x6984,3, 0x18C5,30, 0x10A4,1,
    0x1084,35, 0x10A4,1, 0x18C5,25, 0x10A4,1, 0x1084,35, 0x10A4,1, 0x18C5,30, 0x18C6,1,
    0x10A4,26, 0x18C6,1, 0x18C5,17, 0x18C5,696, 0x6984,33, 0x18C5,29, 0x6984,33, 0x18C5,29,
    0x6984,2, 0xF572,28, 0xDC4D,2, 0x6984,1, 0x18C5,29, 0x6984,2, 0xF572,1, 0xFE98,3,
    0xDC4D,24, 0xBB29,2, 0x6984,1, 0x18C5,23, 0x28E5,1, 0x4124,5, 0x6984,2, 0xF572,1,
    0xFE98,3, 0xDC4D,24, 0xBB29,2, 0x6984,1, 0x4124,6, 0x28E5,1, 0x18C5,16, 0x4125,1,
    0x6984,7, 0xF572,1, 0xDC4D,27, 0xBB29,1, 0x6984,8, 0x4125,1, 0x18C5,14, 0x28E5,1,
    0x4125,1, 0x69A5,1, 0xBB29,7, 0xF572,1, 0xDC4D,3, 0xFFFF,2, 0x1882,1, 0xDC4D,15,
    0xFFFF,2, 0x1882,1, 0xDC4D,3, 0xBB29,8, 0x6984,1, 0x69A5,1, 0x28E5,1, 0x18C5,13,
    0x4124,1, 0x6984,2, 0xBB29,1, 0xDC4D,5, 0xBB29,1, 0xF572,1, 0xDC4D,3, 0xFFFF,2,
    0x1882,1, 0xDC4D,15, 0xFFFF,2, 0x1882,1, 0xDC4D,3, 0xBB29,1, 0xDC4D,6, 0xBB29,1,
    0x6984,2, 0x4124,1, 0x18C5,13, 0x4124,1, 0x6984,3, 0xBB29,2, 0xDC4D,3, 0xBB29,1,
    0xF572,1, 0xDC4D,3, 0x1882,3, 0xDC4D,15, 0x1882,3, 0xDC4D,3, 0xBB29,2, 0xDC4D,4,
    0xBB29,1, 0x6984,3, 0x4124,1, 0x18C5,13, 0x28E5,1, 0x4125,2, 0x69A5,1, 0x6984,1,
    0xBB29,1, 0xDC4D,3, 0xBB29,1, 0xF572,1, 0xDC4D,3, 0x1882,3, 0xDC4D,15, 0x1882,3,
    0xDC4D,3, 0xBB29,2, 0xDC4D,4, 0xBB29,1, 0x69A5,1, 0x4125,2, 0x28E5,1, 0x18C5,16,
    0x4125,1, 0x6984,1, 0xBB29,1, 0xDC4D,3, 0xBB29,1, 0xF572,1, 0xDC4D,3, 0x1882,3,
    0xDC4D,15, 0x1882,3, 0xDC4D,3, 0xBB29,2, 0xDC4D,4, 0xBB29,1, 0x4125,1, 0x18C5,19,
    0x4125,1, 0x6984,1, 0xBB29,1, 0xDC4D,3, 0xBB29,1, 0xF572,1, 0xDC4D,3, 0x1882,3,
    0xDC4D,15, 0x1882,3, 0xDC4D,3, 0xBB29,2, 0xDC4D,4, 0xBB29,1, 0x4125,1, 0x18C5,16,
    0x28E5,1, 0x4125,2, 0x7A48,1, 0xBB29,1, 0xDC4D,4, 0xBB29,1, 0xF572,1, 0xDC4D,27,
    0xBB29,2, 0xDC4D,5, 0x7A48,1, 0x4125,2, 0x28E5,1, 0x18C5,13, 0x4124,1, 0x6984,2,
    0xBB29,1, 0xDC4D,2, 0xBB29,4, 0xF572,1, 0xDC4D,27, 0xBB29,6, 0xDC4D,1, 0xBB29,1,
    0x6984,2, 0x4124,1, 0x18C5,13, 0x4124,1, 0x6984,2, 0xBB29,6, 0x6984,1, 0xF572,1,
    0xDC4D,27, 0xBB29,9, 0x6984,1, 0x4124,1, 0x18C5,13, 0x28E5,1, 0x4125,1, 0x69A5,1,
    0x6984,7, 0xF572,1, 0xDC4D,27, 0xBB29,2, 0x6984,7, 0x69A5,1, 0x28E5,1, 0x18C5,15,
    0x28E5,1, 0x4124,5, 0x6984,2, 0xF572,1, 0xDC4D,27, 0xBB29,2, 0x6984,1, 0x4124,6,
    0x28E5,1, 0x18C5,22, 0x6984,2, 0xDC4D,1, 0xBB29,29, 0x6984,1, 0x18C5,29, 0x6984,2,
    0xDC4D,1, 0xBB29,29, 0x6984,1, 0x18C5,29, 0x6984,2, 0xDC4D,1, 0xBB29,29, 0x6984,1,
    0x18C5,29, 0x6984,33, 0x18C5,32, 0xBB29,2, 0x6984,1, 0x18C5,3, 0xBB29,2, 0x6984,1,
    0x18C5,9, 0xBB29,2, 0x6984,1, 0x18C5,3, 0xBB29,2, 0x6984,1, 0x18C5,35, 0xBB29,2,
    0x6984,1, 0x18C5,3, 0xBB29,2, 0x6984,1, 0x18C5,9, 0xBB29,2, 0x6984,1, 0x18C5,3,
    0xBB29,2, 0x6984,1, 0x18C5,35, 0xBB29,2, 0x6984,1, 0x18C5,3, 0xBB29,2, 0x6984,1,
    0x18C5,9, 0xBB29,2, 0x6984,1, 0x18C5,3, 0xBB29,2, 0x6984,1, 0x18C5,35, 0xBB29,2,
    0x6984,1, 0x18C5,3, 0xBB29,2, 0x6984,1, 0x18C5,9, 0xBB29,2, 0x6984,1, 0x18C5,3,
    0xBB29,2, 0x6984,1, 0x18C5,35, 0xBB29,2, 0x6984,1, 0x18C5,3, 0xBB29,2, 0x6984,1,
    0x18C5,9, 0xBB29,2, 0x6984,1, 0x18C5,3, 0xBB29,2, 0x6984,1, 0x18C5,35, 0x6984,3,
    0x18C5,3, 0x6984,3, 0x18C5,9, 0x6984,3, 0x18C5,3, 0x6984,3, 0x18C5,30, 0x10A4,1,
    0x1084,35, 0x10A4,1, 0x18C5,25, 0x10A4,1, 0x1084,35, 0x10A4,1, 0x18C5,30, 0x18C6,1,
    0x10A4,26, 0x18C6,1, 0x18C5,17, 0x18C5,696, 0x6984,33, 0x18C5,29, 0x6984,33, 0x18C5,29,
    0x6984,2, 0xF572,28, 0xDC4D,2, 0x6984,1, 0x18C5,29, 0x6984,2, 0xF572,1, 0xFE98,3,
    0xDC4D,24, 0xBB29,2, 0x6984,1, 0x18C5,23, 0x28E5,1, 0x4124,5, 0x6984,2, 0xF572,1,
    0xFE98,3, 0xDC4D,24, 0xBB29,2, 0x6984,1, 0x4124,6, 0x28E5,1, 0x18C5,16, 0x4125,1,
    0x6984,7, 0xF572,1, 0xDC4D,27, 0xBB29,1, 0x6984,8, 0x4125,1, 0x18C5,14, 0x28E5,1,
    0x4125,1, 0x69A5,1, 0xBB29,7, 0xF572,1, 0xDC4D,3, 0xFFFF,2, 0x1882,1, 0xDC4D,15,
    0xFFFF,2, 0x1882,1, 0xDC4D,3, 0xBB29,8, 0x6984,1, 0x69A5,1, 0x28E5,1, 0x18C5,13,
    0x4124,1, 0x6984,2, 0xBB29,1, 0xDC4D,5, 0xBB29,1, 0xF572,1, 0xDC4D,3, 0xFFFF,2,
    0x1882,1, 0xDC4D,15, 0xFFFF,2, 0x1882,1, 0xDC4D,3, 0xBB29,1, 0xDC4D,6, 0xBB29,1,
    0x6984,2, 0x4124,1, 0x18C5,13, 0x4124,1, 0x6984,3, 0xBB29,2, 0xDC4D,3, 0xBB29,1,
    0xF572,1, 0xDC4D,3, 0x1882,3, 0xDC4D,15, 0x1882,3, 0xDC4D,3, 0xBB29,2, 0xDC4D,4,
    0xBB29,1, 0x6984,3, 0x4124,1, 0x18C5,13, 0x28E5,1, 0x4125,2, 0x69A5,1, 0x6984,1,
    0xBB29,1, 0xDC4D,3, 0xBB29,1, 0xF572,1, 0xDC4D,3, 0x1882,3, 0xDC4D,15, 0x1882,3,
    0xDC4D,3, 0xBB29,2, 0xDC4D,4, 0xBB29,1, 0x69A5,1, 0x4125,2, 0x28E5,1, 0x18C5,16,
    0x4125,1, 0x6984,1, 0xBB29,1, 0xDC4D,3, 0xBB29,1, 0xF572,1, 0xDC4D,3, 0x1882,3,
    0xDC4D,15, 0x1882,3, 0xDC4D,3, 0xBB29,2, 0xDC4D,4, 0xBB29,1, 0x4125,1, 0x18C5,19,
    0x4125,1, 0x6984,1, 0xBB29,1, 0xDC4D,3, 0xBB29,1, 0xF572,1, 0xDC4D,3, 0x1882,3,
    0xDC4D,15, 0x1882,3, 0xDC4D,3, 0xBB29,2, 0xDC4D,4, 0xBB29,1, 0x4125,1, 0x18C5,16,
    0x28E5,1, 0x4125,2, 0x7A48,1, 0xBB29,1, 0xDC4D,4, 0xBB29,1, 0xF572,1, 0xDC4D,27,
    0xBB29,2, 0xDC4D,5, 0x7A48,1, 0x4125,2, 0x28E5,1, 0x18C5,13, 0x4124,1, 0x6984,2,
    0xBB29,1, 0xDC4D,2, 0xBB29,4, 0xF572,1, 0xDC4D,27, 0xBB29,6, 0xDC4D,1, 0xBB29,1,
    0x6984,2, 0x4124,1, 0x18C5,13, 0x4124,1, 0x6984,2, 0xBB29,6, 0x6984,1, 0xF572,1,
    0xDC4D,27, 0xBB29,9, 0x6984,1, 0x4124,1, 0x18C5,13, 0x28E5,1, 0x4125,1, 0x69A5,1,
    0x6984,7, 0xF572,1, 0xDC4D,27, 0xBB29,2, 0x6984,7, 0x69A5,1, 0x28E5,1, 0x18C5,15,
    0x28E5,1, 0x4124,5, 0x6984,2, 0xF572,1, 0xDC4D,27, 0xBB29,2, 0x6984,1, 0x4124,6,
    0x28E5,1, 0x18C5,22, 0x6984,2, 0xDC4D,1, 0xBB29,29, 0x6984,1, 0x18C5,29, 0x6984,2,
    0xDC4D,1, 0xBB29,29, 0x6984,1, 0x18C5,29, 0x6984,2, 0xDC4D,1, 0xBB29,29, 0x6984,1,
    0x18C5,29, 0x6984,33, 0x18C5,32, 0xBB29,2, 0x6984,1, 0x18C5,3, 0xBB29,2, 0x6984,1,
    0x18C5,9, 0xBB29,2, 0x6984,1, 0x18C5,3, 0xBB29,2, 0x6984,1, 0x18C5,35, 0xBB29,2,
    0x6984,1, 0x18C5,3, 0xBB29,2, 0x6984,1, 0x18C5,9, 0xBB29,2, 0x6984,1, 0x18C5,3,
    0xBB29,2, 0x6984,1, 0x18C5,35, 0xBB29,2, 0x6984,1, 0x18C5,3, 0xBB29,2, 0x6984,1,
    0x18C5,9, 0xBB29,2, 0x6984,1, 0x18C5,3, 0xBB29,2, 0x6984,1, 0x18C5,35, 0xBB29,2,
    0x6984,1, 0x18C5,3, 0xBB29,2, 0x6984,1, 0x18C5,9, 0xBB29,2, 0x6984,1, 0x18C5,3,
    0xBB29,2, 0x6984,1, 0x18C5,35, 0xBB29,2, 0x6984,1, 0x18C5,3, 0xBB29,2, 0x6984,1,
    0x18C5,9, 0xBB29,2, 0x6984,1, 0x18C5,3, 0xBB29,2, 0x6984,1, 0x18C5,35, 0x6984,3,
    0x18C5,3, 0x6984,3, 0x18C5,9, 0x6984,3, 0x18C5,3, 0x6984,3, 0x18C5,30, 0x10A4,1,
    0x1084,35, 0x10A4,1, 0x18C5,25, 0x10A4,1, 0x1084,35, 0x10A4,1, 0x18C5,30, 0x18C6,1,
    0x10A4,26, 0x18C6,1, 0x18C5,17, 0x18C5,696, 0x6984,33, 0x18C5,29, 0x6984,33, 0x18C5,29,
    0x6984,2, 0xF572,28, 0xDC4D,2, 0x6984,1, 0x18C5,29, 0x6984,2, 0xF572,1, 0xFE98,3,
    0xDC4D,24, 0xBB29,2, 0x6984,1, 0x18C5,23, 0x28E5,1, 0x4124,5, 0x6984,2, 0xF572,1,
    0xFE98,3, 0xDC4D,24, 0xBB29,2, 0x6984,1, 0x4124,6, 0x28E5,1, 0x18C5,16, 0x4125,1,
    0x6984,7, 0xF572,1, 0xDC4D,27, 0xBB29,1, 0x6984,8, 0x4125,1, 0x18C5,14, 0x28E5,1,
    0x4125,1, 0x69A5,1, 0xBB29,7, 0xF572,1, 0xDC4D,3, 0xFFFF,2, 0x1882,1, 0xDC4D,15,
    0xFFFF,2, 0x1882,1, 0xDC4D,3, 0xBB29,8, 0x6984,1, 0x69A5,1, 0x28E5,1, 0x18C5,13,
    0x4124,1, 0x6984,2, 0xBB29,1, 0xDC4D,5, 0xBB29,1, 0xF572,1, 0xDC4D,3, 0xFFFF,2,
    0x1882,1, 0xDC4D,15, 0xFFFF,2, 0x1882,1, 0xDC4D,3, 0xBB29,1, 0xDC4D,6, 0xBB29,1,
    0x6984,2, 0x4124,1, 0x18C5,13, 0x4124,1, 0x6984,3, 0xBB29,2, 0xDC4D,3, 0xBB29,1,
    0xF572,1, 0xDC4D,3, 0x1882,3, 0xDC4D,15, 0x1882,3, 0xDC4D,3, 0xBB29,2, 0xDC4D,4,
    0xBB29,1, 0x6984,3, 0x4124,1, 0x18C5,13, 0x28E5,1, 0x4125,2, 0x69A5,1, 0x6984,1,
    0xBB29,1, 0xDC4D,3, 0xBB29,1, 0xF572,1, 0xDC4D,3, 0x1882,3, 0xDC4D,15, 0x1882,3,
    0xDC4D,3, 0xBB29,2, 0xDC4D,4, 0xBB29,1, 0x69A5,1, 0x4125,2, 0x28E5,1, 0x18C5,16,
    0x4125,1, 0x6984,1, 0xBB29,1, 0xDC4D,3, 0xBB29,1, 0xF572,1, 0xDC4D,3, 0x1882,3,
    0xDC4D,15, 0x1882,3, 0xDC4D,3, 0xBB29,2, 0xDC4D,4, 0xBB29,1, 0x4125,1, 0x18C5,19,
    0x4125,1, 0x6984,1, 0xBB29,1, 0xDC4D,3, 0xBB29,1, 0xF572,1, 0xDC4D,3, 0x1882,3,
    0xDC4D,15, 0x1882,3, 0xDC4D,3, 0xBB29,2, 0xDC4D,4, 0xBB29,1, 0x4125,1, 0x18C5,16,
    0x28E5,1, 0x4125,2, 0x7A48,1, 0xBB29,1, 0xDC4D,4, 0xBB29,1, 0xF572,1, 0xDC4D,27,
    0xBB29,2, 0xDC4D,5, 0x7A48,1, 0x4125,2, 0x28E5,1, 0x18C5,13, 0x4124,1, 0x6984,2,
    0xBB29,1, 0xDC4D,2, 0xBB29,4, 0xF572,1, 0xDC4D,27, 0xBB29,6, 0xDC4D,1, 0xBB29,1,
    0x6984,2, 0x4124,1, 0x18C5,13, 0x4124,1, 0x6984,2, 0xBB29,6, 0x6984,1, 0xF572,1,
    0xDC4D,27, 0xBB29,9, 0x6984,1, 0x4124,1, 0x18C5,13, 0x28E5,1, 0x4125,1, 0x69A5,1,
    0x6984,7, 0xF572,1, 0xDC4D,27, 0xBB29,2, 0x6984,7, 0x69A5,1, 0x28E5,1, 0x18C5,15,
    0x28E5,1, 0x4124,5, 0x6984,2, 0xF572,1, 0xDC4D,27, 0xBB29,2, 0x6984,1, 0x4124,6,
    0x28E5,1, 0x18C5,22, 0x6984,2, 0xDC4D,1, 0xBB29,29, 0x6984,1, 0x18C5,29, 0x6984,2,
    0xDC4D,1, 0xBB29,29, 0x6984,1, 0x18C5,29, 0x6984,2, 0xDC4D,1, 0xBB29,29, 0x6984,1,
    0x18C5,29, 0x6984,33, 0x18C5,32, 0xBB29,2, 0x6984,1, 0x18C5,3, 0xBB29,2, 0x6984,1,
    0x18C5,9, 0xBB29,2, 0x6984,1, 0x18C5,3, 0xBB29,2, 0x6984,1, 0x18C5,35, 0xBB29,2,
    0x6984,1, 0x18C5,3, 0xBB29,2, 0x6984,1, 0x18C5,9, 0xBB29,2, 0x6984,1, 0x18C5,3,
    0xBB29,2, 0x6984,1, 0x18C5,35, 0xBB29,2, 0x6984,1, 0x18C5,3, 0xBB29,2, 0x6984,1,
    0x18C5,9, 0xBB29,2, 0x6984,1, 0x18C5,3, 0xBB29,2, 0x6984,1, 0x18C5,35, 0xBB29,2,
    0x6984,1, 0x18C5,3, 0xBB29,2, 0x6984,1, 0x18C5,9, 0xBB29,2, 0x6984,1, 0x18C5,3,
    0xBB29,2, 0x6984,1, 0x18C5,35, 0xBB29,2, 0x6984,1, 0x18C5,3, 0xBB29,2, 0x6984,1,
    0x18C5,9, 0xBB29,2, 0x6984,1, 0x18C5,3, 0xBB29,2, 0x6984,1, 0x18C5,35, 0x6984,3,
    0x18C5,3, 0x6984,3, 0x18C5,9, 0x6984,3, 0x18C5,3, 0x6984,3, 0x18C5,30, 0x10A4,1,
    0x1084,35, 0x10A4,1, 0x18C5,25, 0x10A4,1, 0x1084,35, 0x10A4,1, 0x18C5,30, 0x18C6,1,
    0x10A4,26, 0x18C6,1, 0x18C5,17, 0x18C5,696, 0x6984,33, 0x18C5,29, 0x6984,33, 0x18C5,29,
    0x6984,2, 0xF572,28, 0xDC4D,2, 0x6984,1, 0x18C5,29, 0x6984,2, 0xF572,1, 0xFE98,3,
    0xDC4D,24, 0xBB29,2, 0x6984,1, 0x18C5,23, 0x28E5,1, 0x4124,5, 0x6984,2, 0xF572,1,
    0xFE98,3, 0xDC4D,24, 0xBB29,2, 0x6984,1, 0x4124,6, 0x28E5,1, 0x18C5,16, 0x4125,1,
    0x6984,7, 0xF572,1, 0xDC4D,27, 0xBB29,1, 0x6984,8, 0x4125,1, 0x18C5,14, 0x28E5,1,
    0x4125,1, 0x69A5,1, 0xBB29,7, 0xF572,1, 0xDC4D,3, 0xFFFF,2, 0x1882,1, 0xDC4D,15,
    0xFFFF,2, 0x1882,1, 0xDC4D,3, 0xBB29,8, 0x6984,1, 0x69A5,1, 0x28E5,1, 0x18C5,13,
    0x4124,1, 0x6984,2, 0xBB29,1, 0xDC4D,5, 0xBB29,1, 0xF572,1, 0xDC4D,3, 0xFFFF,2,
    0x1882,1, 0xDC4D,15, 0xFFFF,2, 0x1882,1, 0xDC4D,3, 0xBB29,1, 0xDC4D,6, 0xBB29,1,
    0x6984,2, 0x4124,1, 0x18C5,13, 0x4124,1, 0x6984,3, 0xBB29,2, 0xDC4D,3, 0xBB29,1,
    0xF572,1, 0xDC4D,3, 0x1882,3, 0xDC4D,15, 0x1882,3, 0xDC4D,3, 0xBB29,2, 0xDC4D,4,
    0xBB29,1, 0x6984,3, 0x4124,1, 0x18C5,13, 0x28E5,1, 0x4125,2, 0x69A5,1, 0x6984,1,
    0xBB29,1, 0xDC4D,3, 0xBB29,1, 0xF572,1, 0xDC4D,3, 0x1882,3, 0xDC4D,15, 0x1882,3,
    0xDC4D,3, 0xBB29,2, 0xDC4D,4, 0xBB29,1, 0x69A5,1, 0x4125,2, 0x28E5,1, 0x18C5,16,
    0x4125,1, 0x6984,1, 0xBB29,1, 0xDC4D,3, 0xBB29,1, 0xF572,1, 0xDC4D,3, 0x1882,3,
    0xDC4D,15, 0x1882,3, 0xDC4D,3, 0xBB29,2, 0xDC4D,4, 0xBB29,1, 0x4125,1, 0x18C5,19,
    0x4125,1, 0x6984,1, 0xBB29,1, 0xDC4D,3, 0xBB29,1, 0xF572,1, 0xDC4D,3, 0x1882,3,
    0xDC4D,15, 0x1882,3, 0xDC4D,3, 0xBB29,2, 0xDC4D,4, 0xBB29,1, 0x4125,1, 0x18C5,16,
    0x28E5,1, 0x4125,2, 0x7A48,1, 0xBB29,1, 0xDC4D,4, 0xBB29,1, 0xF572,1, 0xDC4D,27,
    0xBB29,2, 0xDC4D,5, 0x7A48,1, 0x4125,2, 0x28E5,1, 0x18C5,13, 0x4124,1, 0x6984,2,
    0xBB29,1, 0xDC4D,2, 0xBB29,4, 0xF572,1, 0xDC4D,27, 0xBB29,6, 0xDC4D,1, 0xBB29,1,
    0x6984,2, 0x4124,1, 0x18C5,13, 0x4124,1, 0x6984,2, 0xBB29,6, 0x6984,1, 0xF572,1,
    0xDC4D,27, 0xBB29,9, 0x6984,1, 0x4124,1, 0x18C5,13, 0x28E5,1, 0x4125,1, 0x69A5,1,
    0x6984,7, 0xF572,1, 0xDC4D,27, 0xBB29,2, 0x6984,7, 0x69A5,1, 0x28E5,1, 0x18C5,15,
    0x28E5,1, 0x4124,5, 0x6984,2, 0xF572,1, 0xDC4D,27, 0xBB29,2, 0x6984,1, 0x4124,6,
    0x28E5,1, 0x18C5,22, 0x6984,2, 0xDC4D,1, 0xBB29,29, 0x6984,1, 0x18C5,29, 0x6984,2,
    0xDC4D,1, 0xBB29,29, 0x6984,1, 0x18C5,29, 0x6984,2, 0xDC4D,1, 0xBB29,29, 0x6984,1,
    0x18C5,29, 0x6984,33, 0x18C5,32, 0xBB29,2, 0x6984,1, 0x18C5,3, 0xBB29,2, 0x6984,1,
    0x18C5,9, 0xBB29,2, 0x6984,1, 0x18C5,3, 0xBB29,2, 0x6984,1, 0x18C5,35, 0xBB29,2,
    0x6984,1, 0x18C5,3, 0xBB29,2, 0x6984,1, 0x18C5,9, 0xBB29,2, 0x6984,1, 0x18C5,3,
    0xBB29,2, 0x6984,1, 0x18C5,35, 0xBB29,2, 0x6984,1, 0x18C5,3, 0xBB29,2, 0x6984,1,
    0x18C5,9, 0xBB29,2, 0x6984,1, 0x18C5,3, 0xBB29,2, 0x6984,1, 0x18C5,35, 0xBB29,2,
    0x6984,1, 0x18C5,3, 0xBB29,2, 0x6984,1, 0x18C5,9, 0xBB29,2, 0x6984,1, 0x18C5,3,
    0xBB29,2, 0x6984,1, 0x18C5,35, 0xBB29,2, 0x6984,1, 0x18C5,3, 0xBB29,2, 0x6984,1,
    0x18C5,9, 0xBB29,2, 0x6984,1, 0x18C5,3, 0xBB29,2, 0x6984,1, 0x18C5,35, 0x6984,3,
    0x18C5,3, 0x6984,3, 0x18C5,9, 0x6984,3, 0x18C5,3, 0x6984,3, 0x18C5,30, 0x10A4,1,
    0x1084,35, 0x10A4,1, 0x18C5,25, 0x10A4,1, 0x1084,35, 0x10A4,1, 0x18C5,30, 0x18C6,1,
    0x10A4,26, 0x18C6,1, 0x18C5,17, 0x18C5,758, 0x4124,33, 0x18C5,29, 0x6984,33, 0x18C5,29,
    0x6984,2, 0xBB29,30, 0x6984,1, 0x18C5,29, 0x6984,2, 0xF572,4, 0xDC4D,24, 0xBB29,2,
    0x6984,1, 0x18C5,29, 0x6984,2, 0xF572,1, 0xFE98,3, 0xDC4D,24, 0xBB29,2, 0x6984,1,
    0x18C5,23, 0x4125,1, 0x6984,7, 0xF572,4, 0xDC4D,24, 0xBB29,1, 0x6984,8, 0x4125,1,
    0x18C5,16, 0x4125,1, 0x6984,7, 0xF572,1, 0xDC4D,27, 0xBB29,1, 0x6984,8, 0x4125,1,
    0x18C5,14, 0x4124,1, 0x6984,2, 0xDC4D,1, 0xF572,5, 0xBB29,1, 0xF572,1, 0xDC4D,27,
    0xBB29,1, 0xDC4D,1, 0xF572,5, 0xDC4D,1, 0xBB29,1, 0x6984,1, 0x4124,1, 0x18C5,13,
    0x4124,1, 0x6984,3, 0xBB29,2, 0xDC4D,3, 0xBB29,1, 0xF572,1, 0xDC4D,27, 0xBB29,2,
    0xDC4D,4, 0xBB29,1, 0x6984,3, 0x4124,1, 0x18C5,13, 0x4124,1, 0x6984,3, 0xBB29,2,
    0xDC4D,3, 0xBB29,1, 0xF572,1, 0xDC4D,27, 0xBB29,2, 0xDC4D,4, 0xBB29,1, 0x6984,3,
    0x4124,1, 0x18C5,16, 0x4125,1, 0x6984,1, 0xBB29,1, 0xDC4D,3, 0xBB29,1, 0xF572,1,
    0xDC4D,27, 0xBB29,2, 0xDC4D,4, 0xBB29,1, 0x4125,1, 0x18C5,19, 0x4125,1, 0x6984,1,
    0xBB29,1, 0xDC4D,3, 0xBB29,1, 0xF572,1, 0xDC4D,3, 0x1882,3, 0xDC4D,15, 0x1882,3,
    0xDC4D,3, 0xBB29,2, 0xDC4D,4, 0xBB29,1, 0x4125,1, 0x18C5,19, 0x4125,1, 0x6984,1,
    0xBB29,1, 0xDC4D,3, 0xBB29,1, 0xF572,1, 0xDC4D,3, 0x1882,3, 0xDC4D,15, 0x1882,3,
    0xDC4D,3, 0xBB29,2, 0xDC4D,4, 0xBB29,1, 0x4125,1, 0x18C5,16, 0x4124,1, 0x6984,2,
    0xBB29,1, 0xF572,1, 0xDC4D,4, 0xBB29,1, 0xF572,1, 0xDC4D,27, 0xBB29,2, 0xDC4D,5,
    0xBB29,1, 0x6984,2, 0x4124,1, 0x18C5,13, 0x4124,1, 0x6984,2, 0xBB29,6, 0x6984,1,
    0xF572,1, 0xDC4D,27, 0xBB29,9, 0x6984,1, 0x4124,1, 0x18C5,13, 0x4124,1, 0x6984,2,
    0xBB29,6, 0x6984,1, 0xF572,1, 0xDC4D,27, 0xBB29,9, 0x6984,1, 0x4124,1, 0x18C5,15,
    0x4125,1, 0x6984,7, 0xF572,1, 0xDC4D,27, 0xBB29,1, 0x6984,8, 0x4125,1, 0x18C5,22,
    0x6984,2, 0xDC4D,1, 0xBB29,29, 0x6984,1, 0x18C5,29, 0x6984,2, 0xDC4D,1, 0xBB29,29,
    0x6984,1, 0x18C5,29, 0x6984,2, 0xDC4D,1, 0xBB29,29, 0x6984,1, 0x18C5,29, 0x6984,2,
    0xBB29,1, 0x6984,30, 0x18C5,29, 0x4124,3, 0x6984,3, 0x4124,3, 0x6984,3, 0x4124,9,
    0x6984,3, 0x4124,3, 0x6984,3, 0x4124,3, 0x18C5,32, 0xBB29,2, 0x6984,1, 0x18C5,3,
    0xBB29,2, 0x6984,1, 0x18C5,9, 0xBB29,2, 0x6984,1, 0x18C5,3, 0xBB29,2, 0x6984,1,
    0x18C5,35, 0xBB29,2, 0x6984,1, 0x18C5,3, 0xBB29,2, 0x6984,1, 0x18C5,9, 0xBB29,2,
    0x6984,1, 0x18C5,3, 0xBB29,2, 0x6984,1, 0x18C5,35, 0xBB29,2, 0x6984,1, 0x18C5,3,
    0xBB29,2, 0x6984,1, 0x18C5,9, 0xBB29,2, 0x6984,1, 0x18C5,3, 0xBB29,2, 0x6984,1,
    0x18C5,35, 0x6984,3, 0x18C5,3, 0x6984,3, 0x18C5,9, 0x6984,3, 0x18C5,3, 0x6984,3,
    0x18C5,30, 0x10A4,1, 0x1084,35, 0x10A4,1, 0x18C5,25, 0x10A4,1, 0x1084,35, 0x10A4,1,
    0x18C5,30, 0x18C6,1, 0x10A4,26, 0x18C6,1, 0x18C5,17, 0x18C5,758, 0x4124,33, 0x18C5,29,
    0x6984,33, 0x18C5,29, 0x6984,2, 0xBB29,30, 0x6984,1, 0x18C5,29, 0x6984,2, 0xF572,4,
    0xDC4D,24, 0xBB29,2, 0x6984,1, 0x18C5,29, 0x6984,2, 0xF572,1, 0xFE98,3, 0xDC4D,24,
    0xBB29,2, 0x6984,1, 0x18C5,23, 0x4125,1, 0x6984,7, 0xF572,4, 0xDC4D,24, 0xBB29,1,
    0x6984,8, 0x4125,1, 0x18C5,16, 0x4125,1, 0x6984,7, 0xF572,1, 0xDC4D,3, 0xFE98,2,
    0x6984,1, 0xDC4D,15, 0xFE98,2, 0x6984,1, 0xDC4D,3, 0xBB29,1, 0x6984,8, 0x4125,1,
    0x18C5,14, 0x4124,1, 0x6984,2, 0xDC4D,1, 0xF572,5, 0xBB29,1, 0xF572,1, 0xDC4D,3,
    0xFFFF,2, 0x1882,1, 0xDC4D,15, 0xFFFF,2, 0x1882,1, 0xDC4D,3, 0xBB29,1, 0xDC4D,1,
    0xF572,5, 0xDC4D,1, 0xBB29,1, 0x6984,1, 0x4124,1, 0x18C5,13, 0x4124,1, 0x6984,3,
    0xBB29,2, 0xDC4D,3, 0xBB29,1, 0xF572,1, 0xDC4D,3, 0xBB29,2, 0x1882,1, 0xDC4D,15,
    0xBB29,2, 0x1882,1, 0xDC4D,3, 0xBB29,2, 0xDC4D,4, 0xBB29,1, 0x6984,3, 0x4124,1,
    0x18C5,13, 0x4124,1, 0x6984,3, 0xBB29,2, 0xDC4D,3, 0xBB29,1, 0xF572,1, 0xDC4D,3,
    0x1882,3, 0xDC4D,15, 0x1882,3, 0xDC4D,3, 0xBB29,2, 0xDC4D,4, 0xBB29,1, 0x6984,3,
    0x4124,1, 0x18C5,16, 0x4125,1, 0x6984,1, 0xBB29,1, 0xDC4D,3, 0xBB29,1, 0xF572,1,
    0xDC4D,3, 0x1882,3, 0xDC4D,15, 0x1882,3, 0xDC4D,3, 0xBB29,2, 0xDC4D,4, 0xBB29,1,
    0x4125,1, 0x18C5,19, 0x4125,1, 0x6984,1, 0xBB29,1, 0xDC4D,3, 0xBB29,1, 0xF572,1,
    0xDC4D,3, 0x1882,3, 0xDC4D,15, 0x1882,3, 0xDC4D,3, 0xBB29,2, 0xDC4D,4, 0xBB29,1,
    0x4125,1, 0x18C5,19, 0x4125,1, 0x6984,1, 0xBB29,1, 0xDC4D,3, 0xBB29,1, 0xF572,1,
    0xDC4D,3, 0x6984,3, 0xDC4D,15, 0x6984,3, 0xDC4D,3, 0xBB29,2, 0xDC4D,4, 0xBB29,1,
    0x4125,1, 0x18C5,16, 0x4124,1, 0x6984,2, 0xBB29,1, 0xF572,1, 0xDC4D,4, 0xBB29,1,
    0xF572,1, 0xDC4D,27, 0xBB29,2, 0xDC4D,5, 0xBB29,1, 0x6984,2, 0x4124,1, 0x18C5,13,
    0x4124,1, 0x6984,2, 0xBB29,6, 0x6984,1, 0xF572,1, 0xDC4D,27, 0xBB29,9, 0x6984,1,
    0x4124,1, 0x18C5,13, 0x4124,1, 0x6984,2, 0xBB29,6, 0x6984,1, 0xF572,1, 0xDC4D,27,
    0xBB29,9, 0x6984,1, 0x4124,1, 0x18C5,15, 0x4125,1, 0x6984,7, 0xF572,1, 0xDC4D,27,
    0xBB29,1, 0x6984,8, 0x4125,1, 0x18C5,22, 0x6984,2, 0xDC4D,1, 0xBB29,29, 0x6984,1,
    0x18C5,29, 0x6984,2, 0xDC4D,1, 0xBB29,29, 0x6984,1, 0x18C5,29, 0x6984,2, 0xDC4D,1,
    0xBB29,29, 0x6984,1, 0x18C5,29, 0x6984,2, 0xBB29,1, 0x6984,30, 0x18C5,29, 0x4124,3,
    0x6984,3, 0x4124,3, 0x6984,3, 0x4124,9, 0x6984,3, 0x4124,3, 0x6984,3, 0x4124,3,
    0x18C5,32, 0xBB29,2, 0x6984,1, 0x18C5,3, 0xBB29,2, 0x6984,1, 0x18C5,9, 0xBB29,2,
    0x6984,1, 0x18C5,3, 0xBB29,2, 0x6984,1, 0x18C5,35, 0xBB29,2, 0x6984,1, 0x18C5,3,
    0xBB29,2, 0x6984,1, 0x18C5,9, 0xBB29,2, 0x6984,1, 0x18C5,3, 0xBB29,2, 0x6984,1,
    0x18C5,35, 0xBB29,2, 0x6984,1, 0x18C5,3, 0xBB29,2, 0x6984,1, 0x18C5,9, 0xBB29,2,
    0x6984,1, 0x18C5,3, 0xBB29,2, 0x6984,1, 0x18C5,35, 0x6984,3, 0x18C5,3, 0x6984,3,
    0x18C5,9, 0x6984,3, 0x18C5,3, 0x6984,3, 0x18C5,30, 0x10A4,1, 0x1084,35, 0x10A4,1,
    0x18C5,25, 0x10A4,1, 0x1084,35, 0x10A4,1, 0x18C5,30, 0x18C6,1, 0x10A4,26, 0x18C6,1,
    0x18C5,17, 0x18C5,758, 0x4124,33, 0x18C5,29, 0x6984,33, 0x18C5,29, 0x6984,2, 0xBB29,30,
    0x6984,1, 0x18C5,29, 0x6984,2, 0xF572,4, 0xDC4D,24, 0xBB29,2, 0x6984,1, 0x18C5,29,
    0x6984,2, 0xF572,1, 0xFE98,3, 0xDC4D,24, 0xBB29,2, 0x6984,1, 0x18C5,23, 0x4125,1,
    0x6984,7, 0xF572,4, 0xDC4D,24, 0xBB29,1, 0x6984,8, 0x4125,1, 0x18C5,16, 0x4125,1,
    0x6984,7, 0xF572,1, 0xDC4D,3, 0xFE98,2, 0x6984,1, 0xDC4D,15, 0xFE98,2, 0x6984,1,
    0xDC4D,3, 0xBB29,1, 0x6984,8, 0x4125,1, 0x18C5,14, 0x4124,1, 0x6984,2, 0xDC4D,1,
    0xF572,5, 0xBB29,1, 0xF572,1, 0xDC4D,3, 0xFFFF,2, 0x1882,1, 0xDC4D,15, 0xFFFF,2,
    0x1882,1, 0xDC4D,3, 0xBB29,1, 0xDC4D,1, 0xF572,5, 0xDC4D,1, 0xBB29,1, 0x6984,1,
    0x4124,1, 0x18C5,13, 0x4124,1, 0x6984,3, 0xBB29,2, 0xDC4D,3, 0xBB29,1, 0xF572,1,
    0xDC4D,3, 0xBB29,2, 0x1882,1, 0xDC4D,15, 0xBB29,2, 0x1882,1, 0xDC4D,3, 0xBB29,2,
    0xDC4D,4, 0xBB29,1, 0x6984,3, 0x4124,1, 0x18C5,13, 0x4124,1, 0x6984,3, 0xBB29,2,
    0xDC4D,3, 0xBB29,1, 0xF572,1, 0xDC4D,3, 0x1882,3, 0xDC4D,15, 0x1882,3, 0xDC4D,3,
    0xBB29,2, 0xDC4D,4, 0xBB29,1, 0x6984,3, 0x4124,1, 0x18C5,16, 0x4125,1, 0x6984,1,
    0xBB29,1, 0xDC4D,3, 0xBB29,1, 0xF572,1, 0xDC4D,3, 0x1882,3, 0xDC4D,15, 0x1882,3,
    0xDC4D,3, 0xBB29,2, 0xDC4D,4, 0xBB29,1, 0x4125,1, 0x18C5,19, 0x4125,1, 0x6984,1,
    0xBB29,1, 0xDC4D,3, 0xBB29,1, 0xF572,1, 0xDC4D,3, 0x1882,3, 0xDC4D,15, 0x1882,3,
    0xDC4D,3, 0xBB29,2, 0xDC4D,4, 0xBB29,1, 0x4125,1, 0x18C5,19, 0x4125,1, 0x6984,1,
    0xBB29,1, 0xDC4D,3, 0xBB29,1, 0xF572,1, 0xDC4D,3, 0x6984,3, 0xDC4D,15, 0x6984,3,
    0xDC4D,3, 0xBB29,2, 0xDC4D,4, 0xBB29,1, 0x4125,1, 0x18C5,16, 0x4124,1, 0x6984,2,
    0xBB29,1, 0xF572,1, 0xDC4D,4, 0xBB29,1, 0xF572,1, 0xDC4D,27, 0xBB29,2, 0xDC4D,5,
    0xBB29,1, 0x6984,2, 0x4124,1, 0x18C5,13, 0x4124,1, 0x6984,2, 0xBB29,6, 0x6984,1,
    0xF572,1, 0xDC4D,27, 0xBB29,9, 0x6984,1, 0x4124,1, 0x18C5,13, 0x4124,1, 0x6984,2,
    0xBB29,6, 0x6984,1, 0xF572,1, 0xDC4D,27, 0xBB29,9, 0x6984,1, 0x4124,1, 0x18C5,15,
    0x4125,1, 0x6984,7, 0xF572,1, 0xDC4D,27, 0xBB29,1, 0x6984,8, 0x4125,1, 0x18C5,22,
    0x6984,2, 0xDC4D,1, 0xBB29,29, 0x6984,1, 0x18C5,29, 0x6984,2, 0xDC4D,1, 0xBB29,29,
    0x6984,1, 0x18C5,29, 0x6984,2, 0xDC4D,1, 0xBB29,29, 0x6984,1, 0x18C5,29, 0x6984,2,
    0xBB29,1, 0x6984,30, 0x18C5,29, 0x4124,3, 0x6984,3, 0x4124,3, 0x6984,3, 0x4124,9,
    0x6984,3, 0x4124,3, 0x6984,3, 0x4124,3, 0x18C5,32, 0xBB29,2, 0x6984,1, 0x18C5,3,
    0xBB29,2, 0x6984,1, 0x18C5,9, 0xBB29,2, 0x6984,1, 0x18C5,3, 0xBB29,2, 0x6984,1,
    0x18C5,35, 0xBB29,2, 0x6984,1, 0x18C5,3, 0xBB29,2, 0x6984,1, 0x18C5,9, 0xBB29,2,
    0x6984,1, 0x18C5,3, 0xBB29,2, 0x6984,1, 0x18C5,35, 0xBB29,2, 0x6984,1, 0x18C5,3,
    0xBB29,2, 0x6984,1, 0x18C5,9, 0xBB29,2, 0x6984,1, 0x18C5,3, 0xBB29,2, 0x6984,1,
    0x18C5,35, 0x6984,3, 0x18C5,3, 0x6984,3, 0x18C5,9, 0x6984,3, 0x18C5,3, 0x6984,3,
    0x18C5,30, 0x10A4,1, 0x1084,35, 0x10A4,1, 0x18C5,25, 0x10A4,1, 0x1084,35, 0x10A4,1,
    0x18C5,30, 0x18C6,1, 0x10A4,26, 0x18C6,1, 0x18C5,17, 0x18C5,758, 0x4124,33, 0x18C5,29,
    0x6984,33, 0x18C5,29, 0x6984,2, 0xBB29,30, 0x6984,1, 0x18C5,29, 0x6984,2, 0xF572,4,
    0xDC4D,24, 0xBB29,2, 0x6984,1, 0x18C5,29, 0x6984,2, 0xF572,1, 0xFE98,3, 0xDC4D,24,
    0xBB29,2, 0x6984,1, 0x18C5,23, 0x4125,1, 0x6984,7, 0xF572,4, 0xDC4D,24, 0xBB29,1,
    0x6984,8, 0x4125,1, 0x18C5,16, 0x4125,1, 0x6984,7, 0xF572,1, 0xDC4D,3, 0xFE98,2,
    0x6984,1, 0xDC4D,15, 0xFE98,2, 0x6984,1, 0xDC4D,3, 0xBB29,1, 0x6984,8, 0x4125,1,
    0x18C5,14, 0x4124,1, 0x6984,2, 0xDC4D,1, 0xF572,5, 0xBB29,1, 0xF572,1, 0xDC4D,3,
    0xFFFF,2, 0x1882,1, 0xDC4D,15, 0xFFFF,2, 0x1882,1, 0xDC4D,3, 0xBB29,1, 0xDC4D,1,
    0xF572,5, 0xDC4D,1, 0xBB29,1, 0x6984,1, 0x4124,1, 0x18C5,13, 0x4124,1, 0x6984,3,
    0xBB29,2, 0xDC4D,3, 0xBB29,1, 0xF572,1, 0xDC4D,3, 0xBB29,2, 0x1882,1, 0xDC4D,15,
    0xBB29,2, 0x1882,1, 0xDC4D,3, 0xBB29,2, 0xDC4D,4, 0xBB29,1, 0x6984,3, 0x4124,1,
    0x18C5,13, 0x4124,1, 0x6984,3, 0xBB29,2, 0xDC4D,3, 0xBB29,1, 0xF572,1, 0xDC4D,3,
    0x1882,3, 0xDC4D,15, 0x1882,3, 0xDC4D,3, 0xBB29,2, 0xDC4D,4, 0xBB29,1, 0x6984,3,
    0x4124,1, 0x18C5,16, 0x4125,1, 0x6984,1, 0xBB29,1, 0xDC4D,3, 0xBB29,1, 0xF572,1,
    0xDC4D,3, 0x1882,3, 0xDC4D,15, 0x1882,3, 0xDC4D,3, 0xBB29,2, 0xDC4D,4, 0xBB29,1,
    0x4125,1, 0x18C5,19, 0x4125,1, 0x6984,1, 0xBB29,1, 0xDC4D,3, 0xBB29,1, 0xF572,1,
    0xDC4D,3, 0x1882,3, 0xDC4D,15, 0x1882,3, 0xDC4D,3, 0xBB29,2, 0xDC4D,4, 0xBB29,1,
    0x4125,1, 0x18C5,19, 0x4125,1, 0x6984,1, 0xBB29,1, 0xDC4D,3, 0xBB29,1, 0xF572,1,
    0xDC4D,3, 0x6984,3, 0xDC4D,15, 0x6984,3, 0xDC4D,3, 0xBB29,2, 0xDC4D,4, 0xBB29,1,
    0x4125,1, 0x18C5,16, 0x4124,1, 0x6984,2, 0xBB29,1, 0xF572,1, 0xDC4D,4, 0xBB29,1,
    0xF572,1, 0xDC4D,27, 0xBB29,2, 0xDC4D,5, 0xBB29,1, 0x6984,2, 0x4124,1, 0x18C5,13,
    0x4124,1, 0x6984,2, 0xBB29,6, 0x6984,1, 0xF572,1, 0xDC4D,27, 0xBB29,9, 0x6984,1,
    0x4124,1, 0x18C5,13, 0x4124,1, 0x6984,2, 0xBB29,6, 0x6984,1, 0xF572,1, 0xDC4D,27,
    0xBB29,9, 0x6984,1, 0x4124,1, 0x18C5,15, 0x4125,1, 0x6984,7, 0xF572,1, 0xDC4D,27,
    0xBB29,1, 0x6984,8, 0x4125,1, 0x18C5,22, 0x6984,2, 0xDC4D,1, 0xBB29,29, 0x6984,1,
    0x18C5,29, 0x6984,2, 0xDC4D,1, 0xBB29,29, 0x6984,1, 0x18C5,29, 0x6984,2, 0xDC4D,1,
    0xBB29,29, 0x6984,1, 0x18C5,29, 0x6984,2, 0xBB29,1, 0x6984,30, 0x18C5,29, 0x4124,3,
    0x6984,3, 0x4124,3, 0x6984,3, 0x4124,9, 0x6984,3, 0x4124,3, 0x6984,3, 0x4124,3,
    0x18C5,32, 0xBB29,2, 0x6984,1, 0x18C5,3, 0xBB29,2, 0x6984,1, 0x18C5,9, 0xBB29,2,
    0x6984,1, 0x18C5,3, 0xBB29,2, 0x6984,1, 0x18C5,35, 0xBB29,2, 0x6984,1, 0x18C5,3,
    0xBB29,2, 0x6984,1, 0x18C5,9, 0xBB29,2, 0x6984,1, 0x18C5,3, 0xBB29,2, 0x6984,1,
    0x18C5,35, 0xBB29,2, 0x6984,1, 0x18C5,3, 0xBB29,2, 0x6984,1, 0x18C5,9, 0xBB29,2,
    0x6984,1, 0x18C5,3, 0xBB29,2, 0x6984,1, 0x18C5,35, 0x6984,3, 0x18C5,3, 0x6984,3,
    0x18C5,9, 0x6984,3, 0x18C5,3, 0x6984,3, 0x18C5,30, 0x10A4,1, 0x1084,35, 0x10A4,1,
    0x18C5,25, 0x10A4,1, 0x1084,35, 0x10A4,1, 0x18C5,30, 0x18C6,1, 0x10A4,26, 0x18C6,1,
    0x18C5,17, 0x18C5,758, 0x4124,33, 0x18C5,29, 0x6984,33, 0x18C5,29, 0x6984,2, 0xBB29,30,
    0x6984,1, 0x18C5,29, 0x6984,2, 0xF572,4, 0xDC4D,24, 0xBB29,2, 0x6984,1, 0x18C5,29,
    0x6984,2, 0xF572,1, 0xFE98,3, 0xDC4D,24, 0xBB29,2, 0x6984,1, 0x18C5,23, 0x4125,1,
    0x6984,7, 0xF572,4, 0xDC4D,24, 0xBB29,1, 0x6984,8, 0x4125,1, 0x18C5,16, 0x4125,1,
    0x6984,7, 0xF572,1, 0xDC4D,3, 0xFE98,2, 0x6984,1, 0xDC4D,15, 0xFE98,2, 0x6984,1,
    0xDC4D,3, 0xBB29,1, 0x6984,8, 0x4125,1, 0x18C5,14, 0x4124,1, 0x6984,2, 0xDC4D,1,
    0xF572,5, 0xBB29,1, 0xF572,1, 0xDC4D,3, 0xFFFF,2, 0x1882,1, 0xDC4D,15, 0xFFFF,2,
    0x1882,1, 0xDC4D,3, 0xBB29,1, 0xDC4D,1, 0xF572,5, 0xDC4D,1, 0xBB29,1, 0x6984,1,
    0x4124,1, 0x18C5,13, 0x4124,1, 0x6984,3, 0xBB29,2, 0xDC4D,3, 0xBB29,1, 0xF572,1,
    0xDC4D,3, 0xBB29,2, 0x1882,1, 0xDC4D,15, 0xBB29,2, 0x1882,1, 0xDC4D,3, 0xBB29,2,
    0xDC4D,4, 0xBB29,1, 0x6984,3, 0x4124,1, 0x18C5,13, 0x4124,1, 0x6984,3, 0xBB29,2,
    0xDC4D,3, 0xBB29,1, 0xF572,1, 0xDC4D,3, 0x1882,3, 0xDC4D,15, 0x1882,3, 0xDC4D,3,
    0xBB29,2, 0xDC4D,4, 0xBB29,1, 0x6984,3, 0x4124,1, 0x18C5,16, 0x4125,1, 0x6984,1,
    0xBB29,1, 0xDC4D,3, 0xBB29,1, 0xF572,1, 0xDC4D,3, 0x1882,3, 0xDC4D,15, 0x1882,3,
    0xDC4D,3, 0xBB29,2, 0xDC4D,4, 0xBB29,1, 0x4125,1, 0x18C5,19, 0x4125,1, 0x6984,1,
    0xBB29,1, 0xDC4D,3, 0xBB29,1, 0xF572,1, 0xDC4D,3, 0x1882,3, 0xDC4D,15, 0x1882,3,
    0xDC4D,3, 0xBB29,2, 0xDC4D,4, 0xBB29,1, 0x4125,1, 0x18C5,19, 0x4125,1, 0x6984,1,
    0xBB29,1, 0xDC4D,3, 0xBB29,1, 0xF572,1, 0xDC4D,3, 0x6984,3, 0xDC4D,15, 0x6984,3,
    0xDC4D,3, 0xBB29,2, 0xDC4D,4, 0xBB29,1, 0x4125,1, 0x18C5,16, 0x4124,1, 0x6984,2,
    0xBB29,1, 0xF572,1, 0xDC4D,4, 0xBB29,1, 0xF572,1, 0xDC4D,27, 0xBB29,2, 0xDC4D,5,
    0xBB29,1, 0x6984,2, 0x4124,1, 0x18C5,13, 0x4124,1, 0x6984,2, 0xBB29,6, 0x6984,1,
    0xF572,1, 0xDC4D,27, 0xBB29,9, 0x6984,1, 0x4124,1, 0x18C5,13, 0x4124,1, 0x6984,2,
    0xBB29,6, 0x6984,1, 0xF572,1, 0xDC4D,27, 0xBB29,9, 0x6984,1, 0x4124,1, 0x18C5,15,
    0x4125,1, 0x6984,7, 0xF572,1, 0xDC4D,27, 0xBB29,1, 0x6984,8, 0x4125,1, 0x18C5,22,
    0x6984,2, 0xDC4D,1, 0xBB29,29, 0x6984,1, 0x18C5,29, 0x6984,2, 0xDC4D,1, 0xBB29,29,
    0x6984,1, 0x18C5,29, 0x6984,2, 0xDC4D,1, 0xBB29,29, 0x6984,1, 0x18C5,29, 0x6984,2,
    0xBB29,1, 0x6984,30, 0x18C5,29, 0x4124,3, 0x6984,3, 0x4124,3, 0x6984,3, 0x4124,9,
    0x6984,3, 0x4124,3, 0x6984,3, 0x4124,3, 0x18C5,32, 0xBB29,2, 0x6984,1, 0x18C5,3,
    0xBB29,2, 0x6984,1, 0x18C5,9, 0xBB29,2, 0x6984,1, 0x18C5,3, 0xBB29,2, 0x6984,1,
    0x18C5,35, 0xBB29,2, 0x6984,1, 0x18C5,3, 0xBB29,2, 0x6984,1, 0x18C5,9, 0xBB29,2,
    0x6984,1, 0x18C5,3, 0xBB29,2, 0x6984,1, 0x18C5,35, 0xBB29,2, 0x6984,1, 0x18C5,3,
    0xBB29,2, 0x6984,1, 0x18C5,9, 0xBB29,2, 0x6984,1, 0x18C5,3, 0xBB29,2, 0x6984,1,
    0x18C5,35, 0x6984,3, 0x18C5,3, 0x6984,3, 0x18C5,9, 0x6984,3, 0x18C5,3, 0x6984,3,
    0x18C5,30, 0x10A4,1, 0x1084,35, 0x10A4,1, 0x18C5,25, 0x10A4,1, 0x1084,35, 0x10A4,1,
    0x18C5,30, 0x18C6,1, 0x10A4,26, 0x18C6,1, 0x18C5,17, 0x18C5,758, 0x4124,33, 0x18C5,29,
    0x6984,33, 0x18C5,29, 0x6984,2, 0xBB29,30, 0x6984,1, 0x18C5,29, 0x6984,2, 0xF572,4,
    0xDC4D,24, 0xBB29,2, 0x6984,1, 0x18C5,29, 0x6984,2, 0xF572,1, 0xFE98,3, 0xDC4D,24,
    0xBB29,2, 0x6984,1, 0x18C5,23, 0x4125,1, 0x6984,7, 0xF572,4, 0xDC4D,24, 0xBB29,1,
    0x6984,8, 0x4125,1, 0x18C5,16, 0x4125,1, 0x6984,7, 0xF572,1, 0xDC4D,3, 0xFE98,2,
    0x6984,1, 0xDC4D,15, 0xFE98,2, 0x6984,1, 0xDC4D,3, 0xBB29,1, 0x6984,8, 0x4125,1,
    0x18C5,14, 0x4124,1, 0x6984,2, 0xDC4D,1, 0xF572,5, 0xBB29,1, 0xF572,1, 0xDC4D,3,
    0xFFFF,2, 0x1882,1, 0xDC4D,15, 0xFFFF,2, 0x1882,1, 0xDC4D,3, 0xBB29,1, 0xDC4D,1,
    0xF572,5, 0xDC4D,1, 0xBB29,1, 0x6984,1, 0x4124,1, 0x18C5,13, 0x4124,1, 0x6984,3,
    0xBB29,2, 0xDC4D,3, 0xBB29,1, 0xF572,1, 0xDC4D,3, 0xBB29,2, 0x1882,1, 0xDC4D,15,
    0xBB29,2, 0x1882,1, 0xDC4D,3, 0xBB29,2, 0xDC4D,4, 0xBB29,1, 0x6984,3, 0x4124,1,
    0x18C5,13, 0x4124,1, 0x6984,3, 0xBB29,2, 0xDC4D,3, 0xBB29,1, 0xF572,1, 0xDC4D,3,
    0x1882,3, 0xDC4D,15, 0x1882,3, 0xDC4D,3, 0xBB29,2, 0xDC4D,4, 0xBB29,1, 0x6984,3,
    0x4124,1, 0x18C5,16, 0x4125,1, 0x6984,1, 0xBB29,1, 0xDC4D,3, 0xBB29,1, 0xF572,1,
    0xDC4D,3, 0x1882,3, 0xDC4D,15, 0x1882,3, 0xDC4D,3, 0xBB29,2, 0xDC4D,4, 0xBB29,1,
    0x4125,1, 0x18C5,19, 0x4125,1, 0x6984,1, 0xBB29,1, 0xDC4D,3, 0xBB29,1, 0xF572,1,
    0xDC4D,3, 0x1882,3, 0xDC4D,15, 0x1882,3, 0xDC4D,3, 0xBB29,2, 0xDC4D,4, 0xBB29,1,
    0x4125,1, 0x18C5,19, 0x4125,1, 0x6984,1, 0xBB29,1, 0xDC4D,3, 0xBB29,1, 0xF572,1,
    0xDC4D,3, 0x6984,3, 0xDC4D,15, 0x6984,3, 0xDC4D,3, 0xBB29,2, 0xDC4D,4, 0xBB29,1,
    0x4125,1, 0x18C5,16, 0x4124,1, 0x6984,2, 0xBB29,1, 0xF572,1, 0xDC4D,4, 0xBB29,1,
    0xF572,1, 0xDC4D,27, 0xBB29,2, 0xDC4D,5, 0xBB29,1, 0x6984,2, 0x4124,1, 0x18C5,13,
    0x4124,1, 0x6984,2, 0xBB29,6, 0x6984,1, 0xF572,1, 0xDC4D,27, 0xBB29,9, 0x6984,1,
    0x4124,1, 0x18C5,13, 0x4124,1, 0x6984,2, 0xBB29,6, 0x6984,1, 0xF572,1, 0xDC4D,27,
    0xBB29,9, 0x6984,1, 0x4124,1, 0x18C5,15, 0x4125,1, 0x6984,7, 0xF572,1, 0xDC4D,27,
    0xBB29,1, 0x6984,8, 0x4125,1, 0x18C5,22, 0x6984,2, 0xDC4D,1, 0xBB29,29, 0x6984,1,
    0x18C5,29, 0x6984,2, 0xDC4D,1, 0xBB29,29, 0x6984,1, 0x18C5,29, 0x6984,2, 0xDC4D,1,
    0xBB29,29, 0x6984,1, 0x18C5,29, 0x6984,2, 0xBB29,1, 0x6984,30, 0x18C5,29, 0x4124,3,
    0x6984,3, 0x4124,3, 0x6984,3, 0x4124,9, 0x6984,3, 0x4124,3, 0x6984,3, 0x4124,3,
    0x18C5,32, 0xBB29,2, 0x6984,1, 0x18C5,3, 0xBB29,2, 0x6984,1, 0x18C5,9, 0xBB29,2,
    0x6984,1, 0x18C5,3, 0xBB29,2, 0x6984,1, 0x18C5,35, 0xBB29,2, 0x6984,1, 0x18C5,3,
    0xBB29,2, 0x6984,1, 0x18C5,9, 0xBB29,2, 0x6984,1, 0x18C5,3, 0xBB29,2, 0x6984,1,
    0x18C5,35, 0xBB29,2, 0x6984,1, 0x18C5,3, 0xBB29,2, 0x6984,1, 0x18C5,9, 0xBB29,2,
    0x6984,1, 0x18C5,3, 0xBB29,2, 0x6984,1, 0x18C5,35, 0x6984,3, 0x18C5,3, 0x6984,3,
    0x18C5,9, 0x6984,3, 0x18C5,3, 0x6984,3, 0x18C5,30, 0x10A4,1, 0x1084,35, 0x10A4,1,
    0x18C5,25, 0x10A4,1, 0x1084,35, 0x10A4,1, 0x18C5,30, 0x18C6,1, 0x10A4,26, 0x18C6,1,
    0x18C5,17, 0x18C5,758, 0x4124,33, 0x18C5,29, 0x6984,33, 0x18C5,29, 0x6984,2, 0xBB29,30,
    0x6984,1, 0x18C5,29, 0x6984,2, 0xF572,4, 0xDC4D,24, 0xBB29,2, 0x6984,1, 0x18C5,29,
    0x6984,2, 0xF572,1, 0xFE98,3, 0xDC4D,24, 0xBB29,2, 0x6984,1, 0x18C5,23, 0x4125,1,
    0x6984,7, 0xF572,4, 0xDC4D,24, 0xBB29,1, 0x6984,8, 0x4125,1, 0x18C5,16, 0x4125,1,
    0x6984,7, 0xF572,1, 0xDC4D,3, 0xFE98,2, 0x6984,1, 0xDC4D,15, 0xFE98,2, 0x6984,1,
    0xDC4D,3, 0xBB29,1, 0x6984,8, 0x4125,1, 0x18C5,14, 0x4124,1, 0x6984,2, 0xDC4D,1,
    0xF572,5, 0xBB29,1, 0xF572,1, 0xDC4D,3, 0xFFFF,2, 0x1882,1, 0xDC4D,15, 0xFFFF,2,
    0x1882,1, 0xDC4D,3, 0xBB29,1, 0xDC4D,1, 0xF572,5, 0xDC4D,1, 0xBB29,1, 0x6984,1,
    0x4124,1, 0x18C5,13, 0x4124,1, 0x6984,3, 0xBB29,2, 0xDC4D,3, 0xBB29,1, 0xF572,1,
    0xDC4D,3, 0xBB29,2, 0x1882,1, 0xDC4D,15, 0xBB29,2, 0x1882,1, 0xDC4D,3, 0xBB29,2,
    0xDC4D,4, 0xBB29,1, 0x6984,3, 0x4124,1, 0x18C5,13, 0x4124,1, 0x6984,3, 0xBB29,2,
    0xDC4D,3, 0xBB29,1, 0xF572,1, 0xDC4D,3, 0x1882,3, 0xDC4D,15, 0x1882,3, 0xDC4D,3,
    0xBB29,2, 0xDC4D,4, 0xBB29,1, 0x6984,3, 0x4124,1, 0x18C5,16, 0x4125,1, 0x6984,1,
    0xBB29,1, 0xDC4D,3, 0xBB29,1, 0xF572,1, 0xDC4D,3, 0x1882,3, 0xDC4D,15, 0x1882,3,
    0xDC4D,3, 0xBB29,2, 0xDC4D,4, 0xBB29,1, 0x4125,1, 0x18C5,19, 0x4125,1, 0x6984,1,
    0xBB29,1, 0xDC4D,3, 0xBB29,1, 0xF572,1, 0xDC4D,3, 0x1882,3, 0xDC4D,15, 0x1882,3,
    0xDC4D,3, 0xBB29,2, 0xDC4D,4, 0xBB29,1, 0x4125,1, 0x18C5,19, 0x4125,1, 0x6984,1,
    0xBB29,1, 0xDC4D,3, 0xBB29,1, 0xF572,1, 0xDC4D,3, 0x6984,3, 0xDC4D,15, 0x6984,3,
    0xDC4D,3, 0xBB29,2, 0xDC4D,4, 0xBB29,1, 0x4125,1, 0x18C5,16, 0x4124,1, 0x6984,2,
    0xBB29,1, 0xF572,1, 0xDC4D,4, 0xBB29,1, 0xF572,1, 0xDC4D,27, 0xBB29,2, 0xDC4D,5,
    0xBB29,1, 0x6984,2, 0x4124,1, 0x18C5,13, 0x4124,1, 0x6984,2, 0xBB29,6, 0x6984,1,
    0xF572,1, 0xDC4D,27, 0xBB29,9, 0x6984,1, 0x4124,1, 0x18C5,13, 0x4124,1, 0x6984,2,
    0xBB29,6, 0x6984,1, 0xF572,1, 0xDC4D,27, 0xBB29,9, 0x6984,1, 0x4124,1, 0x18C5,15,
    0x4125,1, 0x6984,7, 0xF572,1, 0xDC4D,27, 0xBB29,1, 0x6984,8, 0x4125,1, 0x18C5,22,
    0x6984,2, 0xDC4D,1, 0xBB29,29, 0x6984,1, 0x18C5,29, 0x6984,2, 0xDC4D,1, 0xBB29,29,
    0x6984,1, 0x18C5,29, 0x6984,2, 0xDC4D,1, 0xBB29,29, 0x6984,1, 0x18C5,29, 0x6984,2,
    0xBB29,1, 0x6984,30, 0x18C5,29, 0x4124,3, 0x6984,3, 0x4124,3, 0x6984,3, 0x4124,9,
    0x6984,3, 0x4124,3, 0x6984,3, 0x4124,3, 0x18C5,32, 0xBB29,2, 0x6984,1, 0x18C5,3,
    0xBB29,2, 0x6984,1, 0x18C5,9, 0xBB29,2, 0x6984,1, 0x18C5,3, 0xBB29,2, 0x6984,1,
    0x18C5,35, 0xBB29,2, 0x6984,1, 0x18C5,3, 0xBB29,2, 0x6984,1, 0x18C5,9, 0xBB29,2,
    0x6984,1, 0x18C5,3, 0xBB29,2, 0x6984,1, 0x18C5,35, 0xBB29,2, 0x6984,1, 0x18C5,3,
    0xBB29,2, 0x6984,1, 0x18C5,9, 0xBB29,2, 0x6984,1, 0x18C5,3, 0xBB29,2, 0x6984,1,
    0x18C5,35, 0x6984,3, 0x18C5,3, 0x6984,3, 0x18C5,9, 0x6984,3, 0x18C5,3, 0x6984,3,
    0x18C5,30, 0x10A4,1, 0x1084,35, 0x10A4,1, 0x18C5,25, 0x10A4,1, 0x1084,35, 0x10A4,1,
    0x18C5,30, 0x18C6,1, 0x10A4,26, 0x18C6,1, 0x18C5,17, 0x18C5,758, 0x4124,33, 0x18C5,29,
    0x6984,33, 0x18C5,29, 0x6984,2, 0xBB29,30, 0x6984,1, 0x18C5,29, 0x6984,2, 0xF572,4,
    0xDC4D,24, 0xBB29,2, 0x6984,1, 0x18C5,29, 0x6984,2, 0xF572,1, 0xFE98,3, 0xDC4D,24,
    0xBB29,2, 0x6984,1, 0x18C5,23, 0x4125,1, 0x6984,7, 0xF572,4, 0xDC4D,24, 0xBB29,1,
    0x6984,8, 0x4125,1, 0x18C5,16, 0x4125,1, 0x6984,7, 0xF572,1, 0xDC4D,3, 0xFE98,2,
    0x6984,1, 0xDC4D,15, 0xFE98,2, 0x6984,1, 0xDC4D,3, 0xBB29,1, 0x6984,8, 0x4125,1,
    0x18C5,14, 0x4124,1, 0x6984,2, 0xDC4D,1, 0xF572,5, 0xBB29,1, 0xF572,1, 0xDC4D,3,
    0xFFFF,2, 0x1882,1, 0xDC4D,15, 0xFFFF,2, 0x1882,1, 0xDC4D,3, 0xBB29,1, 0xDC4D,1,
    0xF572,5, 0xDC4D,1, 0xBB29,1, 0x6984,1, 0x4124,1, 0x18C5,13, 0x4124,1, 0x6984,3,
    0xBB29,2, 0xDC4D,3, 0xBB29,1, 0xF572,1, 0xDC4D,3, 0xBB29,2, 0x1882,1, 0xDC4D,15,
    0xBB29,2, 0x1882,1, 0xDC4D,3, 0xBB29,2, 0xDC4D,4, 0xBB29,1, 0x6984,3, 0x4124,1,
    0x18C5,13, 0x4124,1, 0x6984,3, 0xBB29,2, 0xDC4D,3, 0xBB29,1, 0xF572,1, 0xDC4D,3,
    0x1882,3, 0xDC4D,15, 0x1882,3, 0xDC4D,3, 0xBB29,2, 0xDC4D,4, 0xBB29,1, 0x6984,3,
    0x4124,1, 0x18C5,16, 0x4125,1, 0x6984,1, 0xBB29,1, 0xDC4D,3, 0xBB29,1, 0xF572,1,
    0xDC4D,3, 0x1882,3, 0xDC4D,15, 0x1882,3, 0xDC4D,3, 0xBB29,2, 0xDC4D,4, 0xBB29,1,
    0x4125,1, 0x18C5,19, 0x4125,1, 0x6984,1, 0xBB29,1, 0xDC4D,3, 0xBB29,1, 0xF572,1,
    0xDC4D,3, 0x1882,3, 0xDC4D,15, 0x1882,3, 0xDC4D,3, 0xBB29,2, 0xDC4D,4, 0xBB29,1,
    0x4125,1, 0x18C5,19, 0x4125,1, 0x6984,1, 0xBB29,1, 0xDC4D,3, 0xBB29,1, 0xF572,1,
    0xDC4D,3, 0x6984,3, 0xDC4D,15, 0x6984,3, 0xDC4D,3, 0xBB29,2, 0xDC4D,4, 0xBB29,1,
    0x4125,1, 0x18C5,16, 0x4124,1, 0x6984,2, 0xBB29,1, 0xF572,1, 0xDC4D,4, 0xBB29,1,
    0xF572,1, 0xDC4D,27, 0xBB29,2, 0xDC4D,5, 0xBB29,1, 0x6984,2, 0x4124,1, 0x18C5,13,
    0x4124,1, 0x6984,2, 0xBB29,6, 0x6984,1, 0xF572,1, 0xDC4D,27, 0xBB29,9, 0x6984,1,
    0x4124,1, 0x18C5,13, 0x4124,1, 0x6984,2, 0xBB29,6, 0x6984,1, 0xF572,1, 0xDC4D,27,
    0xBB29,9, 0x6984,1, 0x4124,1, 0x18C5,15, 0x4125,1, 0x6984,7, 0xF572,1, 0xDC4D,27,
    0xBB29,1, 0x6984,8, 0x4125,1, 0x18C5,22, 0x6984,2, 0xDC4D,1, 0xBB29,29, 0x6984,1,
    0x18C5,29, 0x6984,2, 0xDC4D,1, 0xBB29,29, 0x6984,1, 0x18C5,29, 0x6984,2, 0xDC4D,1,
    0xBB29,29, 0x6984,1, 0x18C5,29, 0x6984,2, 0xBB29,1, 0x6984,30, 0x18C5,29, 0x4124,3,
    0x6984,3, 0x4124,3, 0x6984,3, 0x4124,9, 0x6984,3, 0x4124,3, 0x6984,3, 0x4124,3,
    0x18C5,32, 0xBB29,2, 0x6984,1, 0x18C5,3, 0xBB29,2, 0x6984,1, 0x18C5,9, 0xBB29,2,
    0x6984,1, 0x18C5,3, 0xBB29,2, 0x6984,1, 0x18C5,35, 0xBB29,2, 0x6984,1, 0x18C5,3,
    0xBB29,2, 0x6984,1, 0x18C5,9, 0xBB29,2, 0x6984,1, 0x18C5,3, 0xBB29,2, 0x6984,1,
    0x18C5,35, 0xBB29,2, 0x6984,1, 0x18C5,3, 0xBB29,2, 0x6984,1, 0x18C5,9, 0xBB29,2,
    0x6984,1, 0x18C5,3, 0xBB29,2, 0x6984,1, 0x18C5,35, 0x6984,3, 0x18C5,3, 0x6984,3,
    0x18C5,9, 0x6984,3, 0x18C5,3, 0x6984,3, 0x18C5,30, 0x10A4,1, 0x1084,35, 0x10A4,1,
    0x18C5,25, 0x10A4,1, 0x1084,35, 0x10A4,1, 0x18C5,30, 0x18C6,1, 0x10A4,26, 0x18C6,1,
    0x18C5,17, 0x18C5,758, 0x4124,33, 0x18C5,29, 0x6984,33, 0x18C5,29, 0x6984,2, 0xBB29,30,
    0x6984,1, 0x18C5,29, 0x6984,2, 0xF572,4, 0xDC4D,24, 0xBB29,2, 0x6984,1, 0x18C5,29,
    0x6984,2, 0xF572,1, 0xFE98,3, 0xDC4D,24, 0xBB29,2, 0x6984,1, 0x18C5,23, 0x4125,1,
    0x6984,7, 0xF572,4, 0xDC4D,24, 0xBB29,1, 0x6984,8, 0x4125,1, 0x18C5,16, 0x4125,1,
    0x6984,7, 0xF572,1, 0xDC4D,3, 0xFE98,2, 0x6984,1, 0xDC4D,15, 0xFE98,2, 0x6984,1,
    0xDC4D,3, 0xBB29,1, 0x6984,8, 0x4125,1, 0x18C5,14, 0x4124,1, 0x6984,2, 0xDC4D,1,
    0xF572,5, 0xBB29,1, 0xF572,1, 0xDC4D,3, 0xFFFF,2, 0x1882,1, 0xDC4D,15, 0xFFFF,2,
    0x1882,1, 0xDC4D,3, 0xBB29,1, 0xDC4D,1, 0xF572,5, 0xDC4D,1, 0xBB29,1, 0x6984,1,
    0x4124,1, 0x18C5,13, 0x4124,1, 0x6984,3, 0xBB29,2, 0xDC4D,3, 0xBB29,1, 0xF572,1,
    0xDC4D,3, 0xBB29,2, 0x1882,1, 0xDC4D,15, 0xBB29,2, 0x1882,1, 0xDC4D,3, 0xBB29,2,
    0xDC4D,4, 0xBB29,1, 0x6984,3, 0x4124,1, 0x18C5,13, 0x4124,1, 0x6984,3, 0xBB29,2,
    0xDC4D,3, 0xBB29,1, 0xF572,1, 0xDC4D,3, 0x1882,3, 0xDC4D,15, 0x1882,3, 0xDC4D,3,
    0xBB29,2, 0xDC4D,4, 0xBB29,1, 0x6984,3, 0x4124,1, 0x18C5,16, 0x4125,1, 0x6984,1,
    0xBB29,1, 0xDC4D,3, 0xBB29,1, 0xF572,1, 0xDC4D,3, 0x1882,3, 0xDC4D,15, 0x1882,3,
    0xDC4D,3, 0xBB29,2, 0xDC4D,4, 0xBB29,1, 0x4125,1, 0x18C5,19, 0x4125,1, 0x6984,1,
    0xBB29,1, 0xDC4D,3, 0xBB29,1, 0xF572,1, 0xDC4D,3, 0x1882,3, 0xDC4D,15, 0x1882,3,
    0xDC4D,3, 0xBB29,2, 0xDC4D,4, 0xBB29,1, 0x4125,1, 0x18C5,19, 0x4125,1, 0x6984,1,
    0xBB29,1, 0xDC4D,3, 0xBB29,1, 0xF572,1, 0xDC4D,3, 0x6984,3, 0xDC4D,15, 0x6984,3,
    0xDC4D,3, 0xBB29,2, 0xDC4D,4, 0xBB29,1, 0x4125,1, 0x18C5,16, 0x4124,1, 0x6984,2,
    0xBB29,1, 0xF572,1, 0xDC4D,4, 0xBB29,1, 0xF572,1, 0xDC4D,27, 0xBB29,2, 0xDC4D,5,
    0xBB29,1, 0x6984,2, 0x4124,1, 0x18C5,13, 0x4124,1, 0x6984,2, 0xBB29,6, 0x6984,1,
    0xF572,1, 0xDC4D,27, 0xBB29,9, 0x6984,1, 0x4124,1, 0x18C5,13, 0x4124,1, 0x6984,2,
    0xBB29,6, 0x6984,1, 0xF572,1, 0xDC4D,27, 0xBB29,9, 0x6984,1, 0x4124,1, 0x18C5,15,
    0x4125,1, 0x6984,7, 0xF572,1, 0xDC4D,27, 0xBB29,1, 0x6984,8, 0x4125,1, 0x18C5,22,
    0x6984,2, 0xDC4D,1, 0xBB29,29, 0x6984,1, 0x18C5,29, 0x6984,2, 0xDC4D,1, 0xBB29,29,
    0x6984,1, 0x18C5,29, 0x6984,2, 0xDC4D,1, 0xBB29,29, 0x6984,1, 0x18C5,29, 0x6984,2,
    0xBB29,1, 0x6984,30, 0x18C5,29, 0x4124,3, 0x6984,3, 0x4124,3, 0x6984,3, 0x4124,9,
    0x6984,3, 0x4124,3, 0x6984,3, 0x4124,3, 0x18C5,32, 0xBB29,2, 0x6984,1, 0x18C5,3,
    0xBB29,2, 0x6984,1, 0x18C5,9, 0xBB29,2, 0x6984,1, 0x18C5,3, 0xBB29,2, 0x6984,1,
    0x18C5,35, 0xBB29,2, 0x6984,1, 0x18C5,3, 0xBB29,2, 0x6984,1, 0x18C5,9, 0xBB29,2,
    0x6984,1, 0x18C5,3, 0xBB29,2, 0x6984,1, 0x18C5,35, 0xBB29,2, 0x6984,1, 0x18C5,3,
    0xBB29,2, 0x6984,1, 0x18C5,9, 0xBB29,2, 0x6984,1, 0x18C5,3, 0xBB29,2, 0x6984,1,
    0x18C5,35, 0x6984,3, 0x18C5,3, 0x6984,3, 0x18C5,9, 0x6984,3, 0x18C5,3, 0x6984,3,
    0x18C5,30, 0x10A4,1, 0x1084,35, 0x10A4,1, 0x18C5,25, 0x10A4,1, 0x1084,35, 0x10A4,1,
    0x18C5,30, 0x18C6,1, 0x10A4,26, 0x18C6,1, 0x18C5,17, 0x18C5,758, 0x4124,33, 0x18C5,29,
    0x6984,33, 0x18C5,29, 0x6984,2, 0xBB29,30, 0x6984,1, 0x18C5,29, 0x6984,2, 0xF572,4,
    0xDC4D,24, 0xBB29,2, 0x6984,1, 0x18C5,29, 0x6984,2, 0xF572,1, 0xFE98,3, 0xDC4D,24,
    0xBB29,2, 0x6984,1, 0x18C5,23, 0x4125,1, 0x6984,7, 0xF572,4, 0xDC4D,24, 0xBB29,1,
    0x6984,8, 0x4125,1, 0x18C5,16, 0x4125,1, 0x6984,7, 0xF572,1, 0xDC4D,3, 0xFE98,2,
    0x6984,1, 0xDC4D,15, 0xFE98,2, 0x6984,1, 0xDC4D,3, 0xBB29,1, 0x6984,8, 0x4125,1,
    0x18C5,14, 0x4124,1, 0x6984,2, 0xDC4D,1, 0xF572,5, 0xBB29,1, 0xF572,1, 0xDC4D,3,
    0xFFFF,2, 0x1882,1, 0xDC4D,15, 0xFFFF,2, 0x1882,1, 0xDC4D,3, 0xBB29,1, 0xDC4D,1,
    0xF572,5, 0xDC4D,1, 0xBB29,1, 0x6984,1, 0x4124,1, 0x18C5,13, 0x4124,1, 0x6984,3,
    0xBB29,2, 0xDC4D,3, 0xBB29,1, 0xF572,1, 0xDC4D,3, 0xBB29,2, 0x1882,1, 0xDC4D,15,
    0xBB29,2, 0x1882,1, 0xDC4D,3, 0xBB29,2, 0xDC4D,4, 0xBB29,1, 0x6984,3, 0x4124,1,
    0x18C5,13, 0x4124,1, 0x6984,3, 0xBB29,2, 0xDC4D,3, 0xBB29,1, 0xF572,1, 0xDC4D,3,
    0x1882,3, 0xDC4D,15, 0x1882,3, 0xDC4D,3, 0xBB29,2, 0xDC4D,4, 0xBB29,1, 0x6984,3,
    0x4124,1, 0x18C5,16, 0x4125,1, 0x6984,1, 0xBB29,1, 0xDC4D,3, 0xBB29,1, 0xF572,1,
    0xDC4D,3, 0x1882,3, 0xDC4D,15, 0x1882,3, 0xDC4D,3, 0xBB29,2, 0xDC4D,4, 0xBB29,1,
    0x4125,1, 0x18C5,19, 0x4125,1, 0x6984,1, 0xBB29,1, 0xDC4D,3, 0xBB29,1, 0xF572,1,
    0xDC4D,3, 0x1882,3, 0xDC4D,15, 0x1882,3, 0xDC4D,3, 0xBB29,2, 0xDC4D,4, 0xBB29,1,
    0x4125,1, 0x18C5,19, 0x4125,1, 0x6984,1, 0xBB29,1, 0xDC4D,3, 0xBB29,1, 0xF572,1,
    0xDC4D,3, 0x6984,3, 0xDC4D,15, 0x6984,3, 0xDC4D,3, 0xBB29,2, 0xDC4D,4, 0xBB29,1,
    0x4125,1, 0x18C5,16, 0x4124,1, 0x6984,2, 0xBB29,1, 0xF572,1, 0xDC4D,4, 0xBB29,1,
    0xF572,1, 0xDC4D,27, 0xBB29,2, 0xDC4D,5, 0xBB29,1, 0x6984,2, 0x4124,1, 0x18C5,13,
    0x4124,1, 0x6984,2, 0xBB29,6, 0x6984,1, 0xF572,1, 0xDC4D,27, 0xBB29,9, 0x6984,1,
    0x4124,1, 0x18C5,13, 0x4124,1, 0x6984,2, 0xBB29,6, 0x6984,1, 0xF572,1, 0xDC4D,27,
    0xBB29,9, 0x6984,1, 0x4124,1, 0x18C5,15, 0x4125,1, 0x6984,7, 0xF572,1, 0xDC4D,27,
    0xBB29,1, 0x6984,8, 0x4125,1, 0x18C5,22, 0x6984,2, 0xDC4D,1, 0xBB29,29, 0x6984,1,
    0x18C5,29, 0x6984,2, 0xDC4D,1, 0xBB29,29, 0x6984,1, 0x18C5,29, 0x6984,2, 0xDC4D,1,
    0xBB29,29, 0x6984,1, 0x18C5,29, 0x6984,2, 0xBB29,1, 0x6984,30, 0x18C5,29, 0x4124,3,
    0x6984,3, 0x4124,3, 0x6984,3, 0x4124,9, 0x6984,3, 0x4124,3, 0x6984,3, 0x4124,3,
    0x18C5,32, 0xBB29,2, 0x6984,1, 0x18C5,3, 0xBB29,2, 0x6984,1, 0x18C5,9, 0xBB29,2,
    0x6984,1, 0x18C5,3, 0xBB29,2, 0x6984,1, 0x18C5,35, 0xBB29,2, 0x6984,1, 0x18C5,3,
    0xBB29,2, 0x6984,1, 0x18C5,9, 0xBB29,2, 0x6984,1, 0x18C5,3, 0xBB29,2, 0x6984,1,
    0x18C5,35, 0xBB29,2, 0x6984,1, 0x18C5,3, 0xBB29,2, 0x6984,1, 0x18C5,9, 0xBB29,2,
    0x6984,1, 0x18C5,3, 0xBB29,2, 0x6984,1, 0x18C5,35, 0x6984,3, 0x18C5,3, 0x6984,3,
    0x18C5,9, 0x6984,3, 0x18C5,3, 0x6984,3, 0x18C5,30, 0x10A4,1, 0x1084,35, 0x10A4,1,
    0x18C5,25, 0x10A4,1, 0x1084,35, 0x10A4,1, 0x18C5,30, 0x18C6,1, 0x10A4,26, 0x18C6,1,
    0x18C5,17, 0x18C5,696, 0x6984,33, 0x18C5,29, 0x6984,33, 0x18C5,29, 0x6984,2, 0xF572,28,
    0xDC4D,2, 0x6984,1, 0x18C5,29, 0x6984,2, 0xF572,1, 0xFE98,3, 0xDC4D,24, 0xBB29,2,
    0x6984,1, 0x18C5,23, 0x28E5,1, 0x4124,5, 0x6984,2, 0xF572,1, 0xFE98,3, 0xDC4D,24,
    0xBB29,2, 0x6984,1, 0x4124,6, 0x28E5,1, 0x18C5,16, 0x4125,1, 0x6984,7, 0xF572,1,
    0xDC4D,27, 0xBB29,1, 0x6984,8, 0x4125,1, 0x18C5,14, 0x28E5,1, 0x4125,1, 0x69A5,1,
    0xBB29,7, 0xF572,1, 0xDC4D,3, 0xFFFF,2, 0x1882,1, 0xDC4D,15, 0xFFFF,2, 0x1882,1,
    0xDC4D,3, 0xBB29,8, 0x6984,1, 0x69A5,1, 0x28E5,1, 0x18C5,13, 0x4124,1, 0x6984,2,
    0xBB29,1, 0xDC4D,5, 0xBB29,1, 0xF572,1, 0xDC4D,3, 0xFFFF,2, 0x1882,1, 0xDC4D,15,
    0xFFFF,2, 0x1882,1, 0xDC4D,3, 0xBB29,1, 0xDC4D,6, 0xBB29,1, 0x6984,2, 0x4124,1,
    0x18C5,13, 0x4124,1, 0x6984,3, 0xBB29,2, 0xDC4D,3, 0xBB29,1, 0xF572,1, 0xDC4D,3,
    0x1882,3, 0xDC4D,15, 0x1882,3, 0xDC4D,3, 0xBB29,2, 0xDC4D,4, 0xBB29,1, 0x6984,3,
    0x4124,1, 0x18C5,13, 0x28E5,1, 0x4125,2, 0x69A5,1, 0x6984,1, 0xBB29,1, 0xDC4D,3,
    0xBB29,1, 0xF572,1, 0xDC4D,3, 0x1882,3, 0xDC4D,15, 0x1882,3, 0xDC4D,3, 0xBB29,2,
    0xDC4D,4, 0xBB29,1, 0x69A5,1, 0x4125,2, 0x28E5,1, 0x18C5,16, 0x4125,1, 0x6984,1,
    0xBB29,1, 0xDC4D,3, 0xBB29,1, 0xF572,1, 0xDC4D,3, 0x1882,3, 0xDC4D,15, 0x1882,3,
    0xDC4D,3, 0xBB29,2, 0xDC4D,4, 0xBB29,1, 0x4125,1, 0x18C5,19, 0x4125,1, 0x6984,1,
    0xBB29,1, 0xDC4D,3, 0xBB29,1, 0xF572,1, 0xDC4D,3, 0x1882,3, 0xDC4D,15, 0x1882,3,
    0xDC4D,3, 0xBB29,2, 0xDC4D,4, 0xBB29,1, 0x4125,1, 0x18C5,16, 0x28E5,1, 0x4125,2,
    0x7A48,1, 0xBB29,1, 0xDC4D,4, 0xBB29,1, 0xF572,1, 0xDC4D,27, 0xBB29,2, 0xDC4D,5,
    0x7A48,1, 0x4125,2, 0x28E5,1, 0x18C5,13, 0x4124,1, 0x6984,2, 0xBB29,1, 0xDC4D,2,
    0xBB29,4, 0xF572,1, 0xDC4D,27, 0xBB29,6, 0xDC4D,1, 0xBB29,1, 0x6984,2, 0x4124,1,
    0x18C5,13, 0x4124,1, 0x6984,2, 0xBB29,6, 0x6984,1, 0xF572,1, 0xDC4D,27, 0xBB29,9,
    0x6984,1, 0x4124,1, 0x18C5,13, 0x28E5,1, 0x4125,1, 0x69A5,1, 0x6984,7, 0xF572,1,
    0xDC4D,27, 0xBB29,2, 0x6984,7, 0x69A5,1, 0x28E5,1, 0x18C5,15, 0x28E5,1, 0x4124,5,
    0x6984,2, 0xF572,1, 0xDC4D,27, 0xBB29,2, 0x6984,1, 0x4124,6, 0x28E5,1, 0x18C5,22,
    0x6984,2, 0xDC4D,1, 0xBB29,29, 0x6984,1, 0x18C5,29, 0x6984,2, 0xDC4D,1, 0xBB29,29,
    0x6984,1, 0x18C5,29, 0x6984,2, 0xDC4D,1, 0xBB29,29, 0x6984,1, 0x18C5,29, 0x6984,33,
    0x18C5,32, 0xBB29,2, 0x6984,1, 0x18C5,3, 0xBB29,2, 0x6984,1, 0x18C5,9, 0xBB29,2,
    0x6984,1, 0x18C5,3, 0xBB29,2, 0x6984,1, 0x18C5,35, 0xBB29,2, 0x6984,1, 0x18C5,3,
    0xBB29,2, 0x6984,1, 0x18C5,9, 0xBB29,2, 0x6984,1, 0x18C5,3, 0xBB29,2, 0x6984,1,
    0x18C5,35, 0xBB29,2, 0x6984,1, 0x18C5,3, 0xBB29,2, 0x6984,1, 0x18C5,9, 0xBB29,2,
    0x6984,1, 0x18C5,3, 0xBB29,2, 0x6984,1, 0x18C5,35, 0xBB29,2, 0x6984,1, 0x18C5,3,
    0xBB29,2, 0x6984,1, 0x18C5,9, 0xBB29,2, 0x6984,1, 0x18C5,3, 0xBB29,2, 0x6984,1,
    0x18C5,35, 0xBB29,2, 0x6984,1, 0x18C5,3, 0xBB29,2, 0x6984,1, 0x18C5,9, 0xBB29,2,
    0x6984,1, 0x18C5,3, 0xBB29,2, 0x6984,1, 0x18C5,35, 0x6984,3, 0x18C5,3, 0x6984,3,
    0x18C5,9, 0x6984,3, 0x18C5,3, 0x6984,3, 0x18C5,30, 0x10A4,1, 0x1084,35, 0x10A4,1,
    0x18C5,25, 0x10A4,1, 0x1084,35, 0x10A4,1, 0x18C5,30, 0x18C6,1, 0x10A4,26, 0x18C6,1,
    0x18C5,17, 0x18C5,696, 0x6984,33, 0x18C5,29, 0x6984,33, 0x18C5,29, 0x6984,2, 0xF572,28,
    0xDC4D,2, 0x6984,1, 0x18C5,29, 0x6984,2, 0xF572,1, 0xFE98,3, 0xDC4D,24, 0xBB29,2,
    0x6984,1, 0x18C5,23, 0x28E5,1, 0x4124,5, 0x6984,2, 0xF572,1, 0xFE98,3, 0xDC4D,24,
    0xBB29,2, 0x6984,1, 0x4124,6, 0x28E5,1, 0x18C5,16, 0x4125,1, 0x6984,7, 0xF572,1,
    0xDC4D,27, 0xBB29,1, 0x6984,8, 0x4125,1, 0x18C5,14, 0x28E5,1, 0x4125,1, 0x69A5,1,
    0xBB29,7, 0xF572,1, 0xDC4D,3, 0xFFFF,2, 0x1882,1, 0xDC4D,15, 0xFFFF,2, 0x1882,1,
    0xDC4D,3, 0xBB29,8, 0x6984,1, 0x69A5,1, 0x28E5,1, 0x18C5,13, 0x4124,1, 0x6984,2,
    0xBB29,1, 0xDC4D,5, 0xBB29,1, 0xF572,1, 0xDC4D,3, 0xFFFF,2, 0x1882,1, 0xDC4D,15,
    0xFFFF,2, 0x1882,1, 0xDC4D,3, 0xBB29,1, 0xDC4D,6, 0xBB29,1, 0x6984,2, 0x4124,1,
    0x18C5,13, 0x4124,1, 0x6984,3, 0xBB29,2, 0xDC4D,3, 0xBB29,1, 0xF572,1, 0xDC4D,3,
    0x1882,3, 0xDC4D,15, 0x1882,3, 0xDC4D,3, 0xBB29,2, 0xDC4D,4, 0xBB29,1, 0x6984,3,
    0x4124,1, 0x18C5,13, 0x28E5,1, 0x4125,2, 0x69A5,1, 0x6984,1, 0xBB29,1, 0xDC4D,3,
    0xBB29,1, 0xF572,1, 0xDC4D,3, 0x1882,3, 0xDC4D,15, 0x1882,3, 0xDC4D,3, 0xBB29,2,
    0xDC4D,4, 0xBB29,1, 0x69A5,1, 0x4125,2, 0x28E5,1, 0x18C5,16, 0x4125,1, 0x6984,1,
    0xBB29,1, 0xDC4D,3, 0xBB29,1, 0xF572,1, 0xDC4D,3, 0x1882,3, 0xDC4D,15, 0x1882,3,
    0xDC4D,3, 0xBB29,2, 0xDC4D,4, 0xBB29,1, 0x4125,1, 0x18C5,19, 0x4125,1, 0x6984,1,
    0xBB29,1, 0xDC4D,3, 0xBB29,1, 0xF572,1, 0xDC4D,3, 0x1882,3, 0xDC4D,15, 0x1882,3,
    0xDC4D,3, 0xBB29,2, 0xDC4D,4, 0xBB29,1, 0x4125,1, 0x18C5,16, 0x28E5,1, 0x4125,2,
    0x7A48,1, 0xBB29,1, 0xDC4D,4, 0xBB29,1, 0xF572,1, 0xDC4D,27, 0xBB29,2, 0xDC4D,5,
    0x7A48,1, 0x4125,2, 0x28E5,1, 0x18C5,13, 0x4124,1, 0x6984,2, 0xBB29,1, 0xDC4D,2,
    0xBB29,4, 0xF572,1, 0xDC4D,27, 0xBB29,6, 0xDC4D,1, 0xBB29,1, 0x6984,2, 0x4124,1,
    0x18C5,13, 0x4124,1, 0x6984,2, 0xBB29,6, 0x6984,1, 0xF572,1, 0xDC4D,27, 0xBB29,9,
    0x6984,1, 0x4124,1, 0x18C5,13, 0x28E5,1, 0x4125,1, 0x69A5,1, 0x6984,7, 0xF572,1,
    0xDC4D,27, 0xBB29,2, 0x6984,7, 0x69A5,1, 0x28E5,1, 0x18C5,15, 0x28E5,1, 0x4124,5,
    0x6984,2, 0xF572,1, 0xDC4D,27, 0xBB29,2, 0x6984,1, 0x4124,6, 0x28E5,1, 0x18C5,22,
    0x6984,2, 0xDC4D,1, 0xBB29,29, 0x6984,1, 0x18C5,29, 0x6984,2, 0xDC4D,1, 0xBB29,29,
    0x6984,1, 0x18C5,29, 0x6984,2, 0xDC4D,1, 0xBB29,29, 0x6984,1, 0x18C5,29, 0x6984,33,
    0x18C5,32, 0xBB29,2, 0x6984,1, 0x18C5,3, 0xBB29,2, 0x6984,1, 0x18C5,9, 0xBB29,2,
    0x6984,1, 0x18C5,3, 0xBB29,2, 0x6984,1, 0x18C5,35, 0xBB29,2, 0x6984,1, 0x18C5,3,
    0xBB29,2, 0x6984,1, 0x18C5,9, 0xBB29,2, 0x6984,1, 0x18C5,3, 0xBB29,2, 0x6984,1,
    0x18C5,35, 0xBB29,2, 0x6984,1, 0x18C5,3, 0xBB29,2, 0x6984,1, 0x18C5,9, 0xBB29,2,
    0x6984,1, 0x18C5,3, 0xBB29,2, 0x6984,1, 0x18C5,35, 0xBB29,2, 0x6984,1, 0x18C5,3,
    0xBB29,2, 0x6984,1, 0x18C5,9, 0xBB29,2, 0x6984,1, 0x18C5,3, 0xBB29,2, 0x6984,1,
    0x18C5,35, 0xBB29,2, 0x6984,1, 0x18C5,3, 0xBB29,2, 0x6984,1, 0x18C5,9, 0xBB29,2,
    0x6984,1, 0x18C5,3, 0xBB29,2, 0x6984,1, 0x18C5,35, 0x6984,3, 0x18C5,3, 0x6984,3,
    0x18C5,9, 0x6984,3, 0x18C5,3, 0x6984,3, 0x18C5,30, 0x10A4,1, 0x1084,35, 0x10A4,1,
    0x18C5,25, 0x10A4,1, 0x1084,35, 0x10A4,1, 0x18C5,30, 0x18C6,1, 0x10A4,26, 0x18C6,1,
    0x18C5,17, 0x18C5,696, 0x6984,33, 0x18C5,29, 0x6984,33, 0x18C5,29, 0x6984,2, 0xF572,28,
    0xDC4D,2, 0x6984,1, 0x18C5,29, 0x6984,2, 0xF572,1, 0xFE98,3, 0xDC4D,24, 0xBB29,2,
    0x6984,1, 0x18C5,23, 0x28E5,1, 0x4124,5, 0x6984,2, 0xF572,1, 0xFE98,3, 0xDC4D,24,
    0xBB29,2, 0x6984,1, 0x4124,6, 0x28E5,1, 0x18C5,16, 0x4125,1, 0x6984,7, 0xF572,1,
    0xDC4D,27, 0xBB29,1, 0x6984,8, 0x4125,1, 0x18C5,14, 0x28E5,1, 0x4125,1, 0x69A5,1,
    0xBB29,7, 0xF572,1, 0xDC4D,3, 0xFFFF,2, 0x1882,1, 0xDC4D,15, 0xFFFF,2, 0x1882,1,
    0xDC4D,3, 0xBB29,8, 0x6984,1, 0x69A5,1, 0x28E5,1, 0x18C5,13, 0x4124,1, 0x6984,2,
    0xBB29,1, 0xDC4D,5, 0xBB29,1, 0xF572,1, 0xDC4D,3, 0xFFFF,2, 0x1882,1, 0xDC4D,15,
    0xFFFF,2, 0x1882,1, 0xDC4D,3, 0xBB29,1, 0xDC4D,6, 0xBB29,1, 0x6984,2, 0x4124,1,
    0x18C5,13, 0x4124,1, 0x6984,3, 0xBB29,2, 0xDC4D,3, 0xBB29,1, 0xF572,1, 0xDC4D,3,
    0x1882,3, 0xDC4D,15, 0x1882,3, 0xDC4D,3, 0xBB29,2, 0xDC4D,4, 0xBB29,1, 0x6984,3,
    0x4124,1, 0x18C5,13, 0x28E5,1, 0x4125,2, 0x69A5,1, 0x6984,1, 0xBB29,1, 0xDC4D,3,
    0xBB29,1, 0xF572,1, 0xDC4D,3, 0x1882,3, 0xDC4D,15, 0x1882,3, 0xDC4D,3, 0xBB29,2,
    0xDC4D,4, 0xBB29,1, 0x69A5,1, 0x4125,2, 0x28E5,1, 0x18C5,16, 0x4125,1, 0x6984,1,
    0xBB29,1, 0xDC4D,3, 0xBB29,1, 0xF572,1, 0xDC4D,3, 0x1882,3, 0xDC4D,15, 0x1882,3,
    0xDC4D,3, 0xBB29,2, 0xDC4D,4, 0xBB29,1, 0x4125,1, 0x18C5,19, 0x4125,1, 0x6984,1,
    0xBB29,1, 0xDC4D,3, 0xBB29,1, 0xF572,1, 0xDC4D,3, 0x1882,3, 0xDC4D,15, 0x1882,3,
    0xDC4D,3, 0xBB29,2, 0xDC4D,4, 0xBB29,1, 0x4125,1, 0x18C5,16, 0x28E5,1, 0x4125,2,
    0x7A48,1, 0xBB29,1, 0xDC4D,4, 0xBB29,1, 0xF572,1, 0xDC4D,27, 0xBB29,2, 0xDC4D,5,
    0x7A48,1, 0x4125,2, 0x28E5,1, 0x18C5,13, 0x4124,1, 0x6984,2, 0xBB29,1, 0xDC4D,2,
    0xBB29,4, 0xF572,1, 0xDC4D,27, 0xBB29,6, 0xDC4D,1, 0xBB29,1, 0x6984,2, 0x4124,1,
    0x18C5,13, 0x4124,1, 0x6984,2, 0xBB29,6, 0x6984,1, 0xF572,1, 0xDC4D,27, 0xBB29,9,
    0x6984,1, 0x4124,1, 0x18C5,13, 0x28E5,1, 0x4125,1, 0x69A5,1, 0x6984,7, 0xF572,1,
    0xDC4D,27, 0xBB29,2, 0x6984,7, 0x69A5,1, 0x28E5,1, 0x18C5,15, 0x28E5,1, 0x4124,5,
    0x6984,2, 0xF572,1, 0xDC4D,27, 0xBB29,2, 0x6984,1, 0x4124,6, 0x28E5,1, 0x18C5,22,
    0x6984,2, 0xDC4D,1, 0xBB29,29, 0x6984,1, 0x18C5,29, 0x6984,2, 0xDC4D,1, 0xBB29,29,
    0x6984,1, 0x18C5,29, 0x6984,2, 0xDC4D,1, 0xBB29,29, 0x6984,1, 0x18C5,29, 0x6984,33,
    0x18C5,32, 0xBB29,2, 0x6984,1, 0x18C5,3, 0xBB29,2, 0x6984,1, 0x18C5,9, 0xBB29,2,
    0x6984,1, 0x18C5,3, 0xBB29,2, 0x6984,1, 0x18C5,35, 0xBB29,2, 0x6984,1, 0x18C5,3,
    0xBB29,2, 0x6984,1, 0x18C5,9, 0xBB29,2, 0x6984,1, 0x18C5,3, 0xBB29,2, 0x6984,1,
    0x18C5,35, 0xBB29,2, 0x6984,1, 0x18C5,3, 0xBB29,2, 0x6984,1, 0x18C5,9, 0xBB29,2,
    0x6984,1, 0x18C5,3, 0xBB29,2, 0x6984,1, 0x18C5,35, 0xBB29,2, 0x6984,1, 0x18C5,3,
    0xBB29,2, 0x6984,1, 0x18C5,9, 0xBB29,2, 0x6984,1, 0x18C5,3, 0xBB29,2, 0x6984,1,
    0x18C5,35, 0xBB29,2, 0x6984,1, 0x18C5,3, 0xBB29,2, 0x6984,1, 0x18C5,9, 0xBB29,2,
    0x6984,1, 0x18C5,3, 0xBB29,2, 0x6984,1, 0x18C5,35, 0x6984,3, 0x18C5,3, 0x6984,3,
    0x18C5,9, 0x6984,3, 0x18C5,3, 0x6984,3, 0x18C5,30, 0x10A4,1, 0x1084,35, 0x10A4,1,
    0x18C5,25, 0x10A4,1, 0x1084,35, 0x10A4,1, 0x18C5,30, 0x18C6,1, 0x10A4,26, 0x18C6,1,
    0x18C5,17, 0x18C5,696, 0x6984,33, 0x18C5,29, 0x6984,33, 0x18C5,29, 0x6984,2, 0xF572,28,
    0xDC4D,2, 0x6984,1, 0x18C5,29, 0x6984,2, 0xF572,1, 0xFE98,3, 0xDC4D,24, 0xBB29,2,
    0x6984,1, 0x18C5,23, 0x28E5,1, 0x4124,5, 0x6984,2, 0xF572,1, 0xFE98,3, 0xDC4D,24,
    0xBB29,2, 0x6984,1, 0x4124,6, 0x28E5,1, 0x18C5,16, 0x4125,1, 0x6984,7, 0xF572,1,
    0xDC4D,27, 0xBB29,1, 0x6984,8, 0x4125,1, 0x18C5,14, 0x28E5,1, 0x4125,1, 0x69A5,1,
    0xBB29,7, 0xF572,1, 0xDC4D,3, 0xFFFF,2, 0x1882,1, 0xDC4D,15, 0xFFFF,2, 0x1882,1,
    0xDC4D,3, 0xBB29,8, 0x6984,1, 0x69A5,1, 0x28E5,1, 0x18C5,13, 0x4124,1, 0x6984,2,
    0xBB29,1, 0xDC4D,5, 0xBB29,1, 0xF572,1, 0xDC4D,3, 0xFFFF,2, 0x1882,1, 0xDC4D,15,
    0xFFFF,2, 0x1882,1, 0xDC4D,3, 0xBB29,1, 0xDC4D,6, 0xBB29,1, 0x6984,2, 0x4124,1,
    0x18C5,13, 0x4124,1, 0x6984,3, 0xBB29,2, 0xDC4D,3, 0xBB29,1, 0xF572,1, 0xDC4D,3,
    0x1882,3, 0xDC4D,15, 0x1882,3, 0xDC4D,3, 0xBB29,2, 0xDC4D,4, 0xBB29,1, 0x6984,3,
    0x4124,1, 0x18C5,13, 0x28E5,1, 0x4125,2, 0x69A5,1, 0x6984,1, 0xBB29,1, 0xDC4D,3,
    0xBB29,1, 0xF572,1, 0xDC4D,3, 0x1882,3, 0xDC4D,15, 0x1882,3, 0xDC4D,3, 0xBB29,2,
    0xDC4D,4, 0xBB29,1, 0x69A5,1, 0x4125,2, 0x28E5,1, 0x18C5,16, 0x4125,1, 0x6984,1,
    0xBB29,1, 0xDC4D,3, 0xBB29,1, 0xF572,1, 0xDC4D,3, 0x1882,3, 0xDC4D,15, 0x1882,3,
    0xDC4D,3, 0xBB29,2, 0xDC4D,4, 0xBB29,1, 0x4125,1, 0x18C5,19, 0x4125,1, 0x6984,1,
    0xBB29,1, 0xDC4D,3, 0xBB29,1, 0xF572,1, 0xDC4D,3, 0x1882,3, 0xDC4D,15, 0x1882,3,
    0xDC4D,3, 0xBB29,2, 0xDC4D,4, 0xBB29,1, 0x4125,1, 0x18C5,16, 0x28E5,1, 0x4125,2,
    0x7A48,1, 0xBB29,1, 0xDC4D,4, 0xBB29,1, 0xF572,1, 0xDC4D,27, 0xBB29,2, 0xDC4D,5,
    0x7A48,1, 0x4125,2, 0x28E5,1, 0x18C5,13, 0x4124,1, 0x6984,2, 0xBB29,1, 0xDC4D,2,
    0xBB29,4, 0xF572,1, 0xDC4D,27, 0xBB29,6, 0xDC4D,1, 0xBB29,1, 0x6984,2, 0x4124,1,
    0x18C5,13, 0x4124,1, 0x6984,2, 0xBB29,6, 0x6984,1, 0xF572,1, 0xDC4D,27, 0xBB29,9,
    0x6984,1, 0x4124,1, 0x18C5,13, 0x28E5,1, 0x4125,1, 0x69A5,1, 0x6984,7, 0xF572,1,
    0xDC4D,27, 0xBB29,2, 0x6984,7, 0x69A5,1, 0x28E5,1, 0x18C5,15, 0x28E5,1, 0x4124,5,
    0x6984,2, 0xF572,1, 0xDC4D,27, 0xBB29,2, 0x6984,1, 0x4124,6, 0x28E5,1, 0x18C5,22,
    0x6984,2, 0xDC4D,1, 0xBB29,29, 0x6984,1, 0x18C5,29, 0x6984,2, 0xDC4D,1, 0xBB29,29,
    0x6984,1, 0x18C5,29, 0x6984,2, 0xDC4D,1, 0xBB29,29, 0x6984,1, 0x18C5,29, 0x6984,33,
    0x18C5,32, 0xBB29,2, 0x6984,1, 0x18C5,3, 0xBB29,2, 0x6984,1, 0x18C5,9, 0xBB29,2,
    0x6984,1, 0x18C5,3, 0xBB29,2, 0x6984,1, 0x18C5,35, 0xBB29,2, 0x6984,1, 0x18C5,3,
    0xBB29,2, 0x6984,1, 0x18C5,9, 0xBB29,2, 0x6984,1, 0x18C5,3, 0xBB29,2, 0x6984,1,
    0x18C5,35, 0xBB29,2, 0x6984,1, 0x18C5,3, 0xBB29,2, 0x6984,1, 0x18C5,9, 0xBB29,2,
    0x6984,1, 0x18C5,3, 0xBB29,2, 0x6984,1, 0x18C5,35, 0xBB29,2, 0x6984,1, 0x18C5,3,
    0xBB29,2, 0x6984,1, 0x18C5,9, 0xBB29,2, 0x6984,1, 0x18C5,3, 0xBB29,2, 0x6984,1,
    0x18C5,35, 0xBB29,2, 0x6984,1, 0x18C5,3, 0xBB29,2, 0x6984,1, 0x18C5,9, 0xBB29,2,
    0x6984,1, 0x18C5,3, 0xBB29,2, 0x6984,1, 0x18C5,35, 0x6984,3, 0x18C5,3, 0x6984,3,
    0x18C5,9, 0x6984,3, 0x18C5,3, 0x6984,3, 0x18C5,30, 0x10A4,1, 0x1084,35, 0x10A4,1,
    0x18C5,25, 0x10A4,1, 0x1084,35, 0x10A4,1, 0x18C5,30, 0x18C6,1, 0x10A4,26, 0x18C6,1,
    0x18C5,17,
};

#endif // IDLE_FRAMES_H
