#ifndef ALERT_FRAMES_H
#define ALERT_FRAMES_H

/**
 * Auto-generated by png2rgb565.py (RLE compressed, auto-cropped)
 * 40 frame(s), 62x69 pixels
 * Raw: 342,240 bytes, RLE: 50,516 bytes (7x compression)
 * Transparent key: 0x18C5
 */

#include <stdint.h>

#define ALERT_WIDTH  62
#define ALERT_HEIGHT 69
#define ALERT_FRAME_COUNT 40
#define ALERT_TRANSPARENT_KEY 0x18C5

static const uint32_t alert_frame_offsets[41] = {
    0, 600, 1200, 1800, 2400, 3000, 3672, 4478,
    5284, 6090, 6896, 7362, 7930, 8704, 9324, 9966,
    10572, 11244, 11788, 12392, 13094, 13638, 14340, 14944,
    15488, 16160, 16766, 17408, 18028, 18802, 19422, 19966,
    20458, 21058, 21658, 22258, 22858, 23458, 24058, 24658,
    25258,
};

static const uint16_t alert_rle_data[] = {
    0x18C5,2432, 0x6984,33, 0x18C5,29, 0x6984,33, 0x18C5,29, 0x6984,2, 0xF572,28, 0xDC4D,2,
    0x6984,1, 0x18C5,29, 0x6984,2, 0xF572,1, 0xFE98,3, 0xDC4D,24, 0xBB29,2, 0x6984,1,
    0x18C5,23, 0x28E5,1, 0x4124,5, 0x6984,2, 0xF572,1, 0xFE98,3, 0xDC4D,24, 0xBB29,2,
    0x6984,1, 0x4124,6, 0x28E5,1, 0x18C5,16, 0x4125,1, 0x6984,7, 0xF572,1, 0xDC4D,27,
    0xBB29,1, 0x6984,8, 0x4125,1, 0x18C5,14, 0x28E5,1, 0x4125,1, 0x69A5,1, 0xBB29,7,
    0xF572,1, 0xDC4D,3, 0xFFFF,2, 0x1882,1, 0xDC4D,15, 0xFFFF,2, 0x1882,1, 0xDC4D,3,
    0xBB29,8, 0x6984,1, 0x69A5,1, 0x28E5,1, 0x18C5,13, 0x4124,1, 0x6984,2, 0xBB29,1,
    0xDC4D,5, 0xBB29,1, 0xF572,1, 0xDC4D,3, 0xFFFF,2, 0x1882,1, 0xDC4D,15, 0xFFFF,2,
    0x1882,1, 0xDC4D,3, 0xBB29,1, 0xDC4D,6, 0xBB29,1, 0x6984,2, 0x4124,1, 0x18C5,13,
    0x4124,1, 0x6984,3, 0xBB29,2, 0xDC4D,3, 0xBB29,1, 0xF572,1, 0xDC4D,3, 0x1882,3,
    0xDC4D,15, 0x1882,3, 0xDC4D,3, 0xBB29,2, 0xDC4D,4, 0xBB29,1, 0x6984,3, 0x4124,1,
    0x18C5,13, 0x28E5,1, 0x4125,2, 0x69A5,1, 0x6984,1, 0xBB29,1, 0xDC4D,3, 0xBB29,1,
    0xF572,1, 0xDC4D,3, 0x1882,3, 0xDC4D,15, 0x1882,3, 0xDC4D,3, 0xBB29,2, 0xDC4D,4,
    0xBB29,1, 0x69A5,1, 0x4125,2, 0x28E5,1, 0x18C5,16, 0x4125,1, 0x6984,1, 0xBB29,1,
    0xDC4D,3, 0xBB29,1, 0xF572,1, 0xDC4D,3, 0x1882,3, 0xDC4D,15, 0x1882,3, 0xDC4D,3,
    0xBB29,2, 0xDC4D,4, 0xBB29,1, 0x4125,1, 0x18C5,19, 0x4125,1, 0x6984,1, 0xBB29,1,
    0xDC4D,3, 0xBB29,1, 0xF572,1, 0xDC4D,3, 0x1882,3, 0xDC4D,15, 0x1882,3, 0xDC4D,3,
    0xBB29,2, 0xDC4D,4, 0xBB29,1, 0x4125,1, 0x18C5,16, 0x28E5,1, 0x4125,2, 0x7A48,1,
    0xBB29,1, 0xDC4D,4, 0xBB29,1, 0xF572,1, 0xDC4D,27, 0xBB29,2, 0xDC4D,5, 0x7A48,1,
    0x4125,2, 0x28E5,1, 0x18C5,13, 0x4124,1, 0x6984,2, 0xBB29,1, 0xDC4D,2, 0xBB29,4,
    0xF572,1, 0xDC4D,27, 0xBB29,6, 0xDC4D,1, 0xBB29,1, 0x6984,2, 0x4124,1, 0x18C5,13,
    0x4124,1, 0x6984,2, 0xBB29,6, 0x6984,1, 0xF572,1, 0xDC4D,27, 0xBB29,9, 0x6984,1,
    0x4124,1, 0x18C5,13, 0x28E5,1, 0x4125,1, 0x69A5,1, 0x6984,7, 0xF572,1, 0xDC4D,27,
    0xBB29,2, 0x6984,7, 0x69A5,1, 0x28E5,1, 0x18C5,15, 0x28E5,1, 0x4124,5, 0x6984,2,
    0xF572,1, 0xDC4D,27, 0xBB29,2, 0x6984,1, 0x4124,6, 0x28E5,1, 0x18C5,22, 0x6984,2,
    0xDC4D,1, 0xBB29,29, 0x6984,1, 0x18C5,29, 0x6984,2, 0xDC4D,1, 0xBB29,29, 0x6984,1,
    0x18C5,29, 0x6984,2, 0xDC4D,1, 0xBB29,29, 0x6984,1, 0x18C5,29, 0x6984,33, 0x18C5,32,
    0xBB29,2, 0x6984,1, 0x18C5,3, 0xBB29,2, 0x6984,1, 0x18C5,9, 0xBB29,2, 0x6984,1,
    0x18C5,3, 0xBB29,2, 0x6984,1, 0x18C5,35, 0xBB29,2, 0x6984,1, 0x18C5,3, 0xBB29,2,
    0x6984,1, 0x18C5,9, 0xBB29,2, 0x6984,1, 0x18C5,3, 0xBB29,2, 0x6984,1, 0x18C5,35,
    0xBB29,2, 0x6984,1, 0x18C5,3, 0xBB29,2, 0x6984,1, 0x18C5,9, 0xBB29,2, 0x6984,1,
    0x18C5,3, 0xBB29,2, 0x6984,1, 0x18C5,35, 0xBB29,2, 0x6984,1, 0x18C5,3, 0xBB29,2,
    0x6984,1, 0x18C5,9, 0xBB29,2, 0x6984,1, 0x18C5,3, 0xBB29,2, 0x6984,1, 0x18C5,35,
    0x6984,3, 0x18C5,3, 0x6984,3, 0x18C5,9, 0x6984,3, 0x18C5,3, 0x6984,3, 0x18C5,35,
    0x6984,3, 0x18C5,3, 0x6984,3, 0x18C5,9, 0x6984,3, 0x18C5,3, 0x6984,3, 0x18C5,30,
    0x10A4,1, 0x1084,4, 0x3904,3, 0x1084,3, 0x3904,3, 0x1084,9, 0x3904,3, 0x1084,3,
    0x3904,3, 0x1084,4, 0x10A4,1, 0x18C5,25, 0x10A4,1, 0x1084,35, 0x10A4,1, 0x18C5,30,
    0x18C6,1, 0x10A4,26, 0x18C6,1, 0x18C5,17, 0x18C5,2432, 0x6984,33, 0x18C5,29, 0x6984,33,
    0x18C5,29, 0x6984,2, 0xF572,28, 0xDC4D,2, 0x6984,1, 0x18C5,29, 0x6984,2, 0xF572,1,
    0xFE98,3, 0xDC4D,24, 0xBB29,2, 0x6984,1, 0x18C5,23, 0x28E5,1, 0x4124,5, 0x6984,2,
    0xF572,1, 0xFE98,3, 0xDC4D,24, 0xBB29,2, 0x6984,1, 0x4124,6, 0x28E5,1, 0x18C5,16,
    0x4125,1, 0x6984,7, 0xF572,1, 0xDC4D,27, 0xBB29,1, 0x6984,8, 0x4125,1, 0x18C5,14,
    0x28E5,1, 0x4125,1, 0x69A5,1, 0xBB29,7, 0xF572,1, 0xDC4D,3, 0xFFFF,2, 0x1882,1,
    0xDC4D,15, 0xFFFF,2, 0x1882,1, 0xDC4D,3, 0xBB29,8, 0x6984,1, 0x69A5,1, 0x28E5,1,
    0x18C5,13, 0x4124,1, 0x6984,2, 0xBB29,1, 0xDC4D,5, 0xBB29,1, 0xF572,1, 0xDC4D,3,
    0xFFFF,2, 0x1882,1, 0xDC4D,15, 0xFFFF,2, 0x1882,1, 0xDC4D,3, 0xBB29,1, 0xDC4D,6,
    0xBB29,1, 0x6984,2, 0x4124,1, 0x18C5,13, 0x4124,1, 0x6984,3, 0xBB29,2, 0xDC4D,3,
    0xBB29,1, 0xF572,1, 0xDC4D,3, 0x1882,3, 0xDC4D,15, 0x1882,3, 0xDC4D,3, 0xBB29,2,
    0xDC4D,4, 0xBB29,1, 0x6984,3, 0x4124,1, 0x18C5,13, 0x28E5,1, 0x4125,2, 0x69A5,1,
    0x6984,1, 0xBB29,1, 0xDC4D,3, 0xBB29,1, 0xF572,1, 0xDC4D,3, 0x1882,3, 0xDC4D,15,
    0x1882,3, 0xDC4D,3, 0xBB29,2, 0xDC4D,4, 0xBB29,1, 0x69A5,1, 0x4125,2, 0x28E5,1,
    0x18C5,16, 0x4125,1, 0x6984,1, 0xBB29,1, 0xDC4D,3, 0xBB29,1, 0xF572,1, 0xDC4D,3,
    0x1882,3, 0xDC4D,15, 0x1882,3, 0xDC4D,3, 0xBB29,2, 0xDC4D,4, 0xBB29,1, 0x4125,1,
    0x18C5,19, 0x4125,1, 0x6984,1, 0xBB29,1, 0xDC4D,3, 0xBB29,1, 0xF572,1, 0xDC4D,3,
    0x1882,3, 0xDC4D,15, 0x1882,3, 0xDC4D,3, 0xBB29,2, 0xDC4D,4, 0xBB29,1, 0x4125,1,
    0x18C5,16, 0x28E5,1, 0x4125,2, 0x7A48,1, 0xBB29,1, 0xDC4D,4, 0xBB29,1, 0xF572,1,
    0xDC4D,27, 0xBB29,2, 0xDC4D,5, 0x7A48,1, 0x4125,2, 0x28E5,1, 0x18C5,13, 0x4124,1,
    0x6984,2, 0xBB29,1, 0xDC4D,2, 0xBB29,4, 0xF572,1, 0xDC4D,27, 0xBB29,6, 0xDC4D,1,
    0xBB29,1, 0x6984,2, 0x4124,1, 0x18C5,13, 0x4124,1, 0x6984,2, 0xBB29,6, 0x6984,1,
    0xF572,1, 0xDC4D,27, 0xBB29,9, 0x6984,1, 0x4124,1, 0x18C5,13, 0x28E5,1, 0x4125,1,
    0x69A5,1, 0x6984,7, 0xF572,1, 0xDC4D,27, 0xBB29,2, 0x6984,7, 0x69A5,1, 0x28E5,1,
    0x18C5,15, 0x28E5,1, 0x4124,5, 0x6984,2, 0xF572,1, 0xDC4D,27, 0xBB29,2, 0x6984,1,
    0x4124,6, 0x28E5,1, 0x18C5,22, 0x6984,2, 0xDC4D,1, 0xBB29,29, 0x6984,1, 0x18C5,29,
    0x6984,2, 0xDC4D,1, 0xBB29,29, 0x6984,1, 0x18C5,29, 0x6984,2, 0xDC4D,1, 0xBB29,29,
    0x6984,1, 0x18C5,29, 0x6984,33, 0x18C5,32, 0xBB29,2, 0x6984,1, 0x18C5,3, 0xBB29,2,
    0x6984,1, 0x18C5,9, 0xBB29,2, 0x6984,1, 0x18C5,3, 0xBB29,2, 0x6984,1, 0x18C5,35,
    0xBB29,2, 0x6984,1, 0x18C5,3, 0xBB29,2, 0x6984,1, 0x18C5,9, 0xBB29,2, 0x6984,1,
    0x18C5,3, 0xBB29,2, 0x6984,1, 0x18C5,35, 0xBB29,2, 0x6984,1, 0x18C5,3, 0xBB29,2,
    0x6984,1, 0x18C5,9, 0xBB29,2, 0x6984,1, 0x18C5,3, 0xBB29,2, 0x6984,1, 0x18C5,35,
    0xBB29,2, 0x6984,1, 0x18C5,3, 0xBB29,2, 0x6984,1, 0x18C5,9, 0xBB29,2, 0x6984,1,
    0x18C5,3, 0xBB29,2, 0x6984,1, 0x18C5,35, 0x6984,3, 0x18C5,3, 0x6984,3, 0x18C5,9,
    0x6984,3, 0x18C5,3, 0x6984,3, 0x18C5,35, 0x6984,3, 0x18C5,3, 0x6984,3, 0x18C5,9,
    0x6984,3, 0x18C5,3, 0x6984,3, 0x18C5,30, 0x10A4,1, 0x1084,4, 0x3904,3, 0x1084,3,
    0x3904,3, 0x1084,9, 0x3904,3, 0x1084,3, 0x3904,3, 0x1084,4, 0x10A4,1, 0x18C5,25,
    0x10A4,1, 0x1084,35, 0x10A4,1, 0x18C5,30, 0x18C6,1, 0x10A4,26, 0x18C6,1, 0x18C5,17,
    0x18C5,2432, 0x6984,33, 0x18C5,29, 0x6984,33, 0x18C5,29, 0x6984,2, 0xF572,28, 0xDC4D,2,
    0x6984,1, 0x18C5,29, 0x6984,2, 0xF572,1, 0xFE98,3, 0xDC4D,24, 0xBB29,2, 0x6984,1,
    0x18C5,23, 0x28E5,1, 0x4124,5, 0x6984,2, 0xF572,1, 0xFE98,3, 0xDC4D,24, 0xBB29,2,
    0x6984,1, 0x4124,6, 0x28E5,1, 0x18C5,16, 0x4125,1, 0x6984,7, 0xF572,1, 0xDC4D,27,
    0xBB29,1, 0x6984,8, 0x4125,1, 0x18C5,14, 0x28E5,1, 0x4125,1, 0x69A5,1, 0xBB29,7,
    0xF572,1, 0xDC4D,3, 0xFFFF,2, 0x1882,1, 0xDC4D,15, 0xFFFF,2, 0x1882,1, 0xDC4D,3,
    0xBB29,8, 0x6984,1, 0x69A5,1, 0x28E5,1, 0x18C5,13, 0x4124,1, 0x6984,2, 0xBB29,1,
    0xDC4D,5, 0xBB29,1, 0xF572,1, 0xDC4D,3, 0xFFFF,2, 0x1882,1, 0xDC4D,15, 0xFFFF,2,
    0x1882,1, 0xDC4D,3, 0xBB29,1, 0xDC4D,6, 0xBB29,1, 0x6984,2, 0x4124,1, 0x18C5,13,
    0x4124,1, 0x6984,3, 0xBB29,2, 0xDC4D,3, 0xBB29,1, 0xF572,1, 0xDC4D,3, 0x1882,3,
    0xDC4D,15, 0x1882,3, 0xDC4D,3, 0xBB29,2, 0xDC4D,4, 0xBB29,1, 0x6984,3, 0x4124,1,
    0x18C5,13, 0x28E5,1, 0x4125,2, 0x69A5,1, 0x6984,1, 0xBB29,1, 0xDC4D,3, 0xBB29,1,
    0xF572,1, 0xDC4D,3, 0x1882,3, 0xDC4D,15, 0x1882,3, 0xDC4D,3, 0xBB29,2, 0xDC4D,4,
    0xBB29,1, 0x69A5,1, 0x4125,2, 0x28E5,1, 0x18C5,16, 0x4125,1, 0x6984,1, 0xBB29,1,
    0xDC4D,3, 0xBB29,1, 0xF572,1, 0xDC4D,3, 0x1882,3, 0xDC4D,15, 0x1882,3, 0xDC4D,3,
    0xBB29,2, 0xDC4D,4, 0xBB29,1, 0x4125,1, 0x18C5,19, 0x4125,1, 0x6984,1, 0xBB29,1,
    0xDC4D,3, 0xBB29,1, 0xF572,1, 0xDC4D,3, 0x1882,3, 0xDC4D,15, 0x1882,3, 0xDC4D,3,
    0xBB29,2, 0xDC4D,4, 0xBB29,1, 0x4125,1, 0x18C5,16, 0x28E5,1, 0x4125,2, 0x7A48,1,
    0xBB29,1, 0xDC4D,4, 0xBB29,1, 0xF572,1, 0xDC4D,27, 0xBB29,2, 0xDC4D,5, 0x7A48,1,
    0x4125,2, 0x28E5,1, 0x18C5,13, 0x4124,1, 0x6984,2, 0xBB29,1, 0xDC4D,2, 0xBB29,4,
    0xF572,1, 0xDC4D,27, 0xBB29,6, 0xDC4D,1, 0xBB29,1, 0x6984,2, 0x4124,1, 0x18C5,13,
    0x4124,1, 0x6984,2, 0xBB29,6, 0x6984,1, 0xF572,1, 0xDC4D,27, 0xBB29,9, 0x6984,1,
    0x4124,1, 0x18C5,13, 0x28E5,1, 0x4125,1, 0x69A5,1, 0x6984,7, 0xF572,1, 0xDC4D,27,
    0xBB29,2, 0x6984,7, 0x69A5,1, 0x28E5,1, 0x18C5,15, 0x28E5,1, 0x4124,5, 0x6984,2,
    0xF572,1, 0xDC4D,27, 0xBB29,2, 0x6984,1, 0x4124,6, 0x28E5,1, 0x18C5,22, 0x6984,2,
    0xDC4D,1, 0xBB29,29, 0x6984,1, 0x18C5,29, 0x6984,2, 0xDC4D,1, 0xBB29,29, 0x6984,1,
    0x18C5,29, 0x6984,2, 0xDC4D,1, 0xBB29,29, 0x6984,1, 0x18C5,29, 0x6984,33, 0x18C5,32,
    0xBB29,2, 0x6984,1, 0x18C5,3, 0xBB29,2, 0x6984,1, 0x18C5,9, 0xBB29,2, 0x6984,1,
    0x18C5,3, 0xBB29,2, 0x6984,1, 0x18C5,35, 0xBB29,2, 0x6984,1, 0x18C5,3, 0xBB29,2,
    0x6984,1, 0x18C5,9, 0xBB29,2, 0x6984,1, 0x18C5,3, 0xBB29,2, 0x6984,1, 0x18C5,35,
    0xBB29,2, 0x6984,1, 0x18C5,3, 0xBB29,2, 0x6984,1, 0x18C5,9, 0xBB29,2, 0x6984,1,
    0x18C5,3, 0xBB29,2, 0x6984,1, 0x18C5,35, 0xBB29,2, 0x6984,1, 0x18C5,3, 0xBB29,2,
    0x6984,1, 0x18C5,9, 0xBB29,2, 0x6984,1, 0x18C5,3, 0xBB29,2, 0x6984,1, 0x18C5,35,
    0x6984,3, 0x18C5,3, 0x6984,3, 0x18C5,9, 0x6984,3, 0x18C5,3, 0x6984,3, 0x18C5,35,
    0x6984,3, 0x18C5,3, 0x6984,3, 0x18C5,9, 0x6984,3, 0x18C5,3, 0x6984,3, 0x18C5,30,
    0x10A4,1, 0x1084,4, 0x3904,3, 0x1084,3, 0x3904,3, 0x1084,9, 0x3904,3, 0x1084,3,
    0x3904,3, 0x1084,4, 0x10A4,1, 0x18C5,25, 0x10A4,1, 0x1084,35, 0x10A4,1, 0x18C5,30,
    0x18C6,1, 0x10A4,26, 0x18C6,1, 0x18C5,17, 0x18C5,2432, 0x6984,33, 0x18C5,29, 0x6984,33,
    0x18C5,29, 0x6984,2, 0xF572,28, 0xDC4D,2, 0x6984,1, 0x18C5,29, 0x6984,2, 0xF572,1,
    0xFE98,3, 0xDC4D,24, 0xBB29,2, 0x6984,1, 0x18C5,23, 0x28E5,1, 0x4124,5, 0x6984,2,
    0xF572,1, 0xFE98,3, 0xDC4D,24, 0xBB29,2, 0x6984,1, 0x4124,6, 0x28E5,1, 0x18C5,16,
    0x4125,1, 0x6984,7, 0xF572,1, 0xDC4D,27, 0xBB29,1, 0x6984,8, 0x4125,1, 0x18C5,14,
    0x28E5,1, 0x4125,1, 0x69A5,1, 0xBB29,7, 0xF572,1, 0xDC4D,3, 0xFFFF,2, 0x1882,1,
    0xDC4D,15, 0xFFFF,2, 0x1882,1, 0xDC4D,3, 0xBB29,8, 0x6984,1, 0x69A5,1, 0x28E5,1,
    0x18C5,13, 0x4124,1, 0x6984,2, 0xBB29,1, 0xDC4D,5, 0xBB29,1, 0xF572,1, 0xDC4D,3,
    0xFFFF,2, 0x1882,1, 0xDC4D,15, 0xFFFF,2, 0x1882,1, 0xDC4D,3, 0xBB29,1, 0xDC4D,6,
    0xBB29,1, 0x6984,2, 0x4124,1, 0x18C5,13, 0x4124,1, 0x6984,3, 0xBB29,2, 0xDC4D,3,
    0xBB29,1, 0xF572,1, 0xDC4D,3, 0x1882,3, 0xDC4D,15, 0x1882,3, 0xDC4D,3, 0xBB29,2,
    0xDC4D,4, 0xBB29,1, 0x6984,3, 0x4124,1, 0x18C5,13, 0x28E5,1, 0x4125,2, 0x69A5,1,
    0x6984,1, 0xBB29,1, 0xDC4D,3, 0xBB29,1, 0xF572,1, 0xDC4D,3, 0x1882,3, 0xDC4D,15,
    0x1882,3, 0xDC4D,3, 0xBB29,2, 0xDC4D,4, 0xBB29,1, 0x69A5,1, 0x4125,2, 0x28E5,1,
    0x18C5,16, 0x4125,1, 0x6984,1, 0xBB29,1, 0xDC4D,3, 0xBB29,1, 0xF572,1, 0xDC4D,3,
    0x1882,3, 0xDC4D,15, 0x1882,3, 0xDC4D,3, 0xBB29,2, 0xDC4D,4, 0xBB29,1, 0x4125,1,
    0x18C5,19, 0x4125,1, 0x6984,1, 0xBB29,1, 0xDC4D,3, 0xBB29,1, 0xF572,1, 0xDC4D,3,
    0x1882,3, 0xDC4D,15, 0x1882,3, 0xDC4D,3, 0xBB29,2, 0xDC4D,4, 0xBB29,1, 0x4125,1,
    0x18C5,16, 0x28E5,1, 0x4125,2, 0x7A48,1, 0xBB29,1, 0xDC4D,4, 0xBB29,1, 0xF572,1,
    0xDC4D,27, 0xBB29,2, 0xDC4D,5, 0x7A48,1, 0x4125,2, 0x28E5,1, 0x18C5,13, 0x4124,1,
    0x6984,2, 0xBB29,1, 0xDC4D,2, 0xBB29,4, 0xF572,1, 0xDC4D,27, 0xBB29,6, 0xDC4D,1,
    0xBB29,1, 0x6984,2, 0x4124,1, 0x18C5,13, 0x4124,1, 0x6984,2, 0xBB29,6, 0x6984,1,
    0xF572,1, 0xDC4D,27, 0xBB29,9, 0x6984,1, 0x4124,1, 0x18C5,13, 0x28E5,1, 0x4125,1,
    0x69A5,1, 0x6984,7, 0xF572,1, 0xDC4D,27, 0xBB29,2, 0x6984,7, 0x69A5,1, 0x28E5,1,
    0x18C5,15, 0x28E5,1, 0x4124,5, 0x6984,2, 0xF572,1, 0xDC4D,27, 0xBB29,2, 0x6984,1,
    0x4124,6, 0x28E5,1, 0x18C5,22, 0x6984,2, 0xDC4D,1, 0xBB29,29, 0x6984,1, 0x18C5,29,
    0x6984,2, 0xDC4D,1, 0xBB29,29, 0x6984,1, 0x18C5,29, 0x6984,2, 0xDC4D,1, 0xBB29,29,
    0x6984,1, 0x18C5,29, 0x6984,33, 0x18C5,32, 0xBB29,2, 0x6984,1, 0x18C5,3, 0xBB29,2,
    0x6984,1, 0x18C5,9, 0xBB29,2, 0x6984,1, 0x18C5,3, 0xBB29,2, 0x6984,1, 0x18C5,35,
    0xBB29,2, 0x6984,1, 0x18C5,3, 0xBB29,2, 0x6984,1, 0x18C5,9, 0xBB29,2, 0x6984,1,
    0x18C5,3, 0xBB29,2, 0x6984,1, 0x18C5,35, 0xBB29,2, 0x6984,1, 0x18C5,3, 0xBB29,2,
    0x6984,1, 0x18C5,9, 0xBB29,2, 0x6984,1, 0x18C5,3, 0xBB29,2, 0x6984,1, 0x18C5,35,
    0xBB29,2, 0x6984,1, 0x18C5,3, 0xBB29,2, 0x6984,1, 0x18C5,9, 0xBB29,2, 0x6984,1,
    0x18C5,3, 0xBB29,2, 0x6984,1, 0x18C5,35, 0x6984,3, 0x18C5,3, 0x6984,3, 0x18C5,9,
    0x6984,3, 0x18C5,3, 0x6984,3, 0x18C5,35, 0x6984,3, 0x18C5,3, 0x6984,3, 0x18C5,9,
    0x6984,3, 0x18C5,3, 0x6984,3, 0x18C5,30, 0x10A4,1, 0x1084,4, 0x3904,3, 0x1084,3,
    0x3904,3, 0x1084,9, 0x3904,3, 0x1084,3, 0x3904,3, 0x1084,4, 0x10A4,1, 0x18C5,25,
    0x10A4,1, 0x1084,35, 0x10A4,1, 0x18C5,30, 0x18C6,1, 0x10A4,26, 0x18C6,1, 0x18C5,17,
    0x18C5,2432, 0x6984,33, 0x18C5,29, 0x6984,33, 0x18C5,29, 0x6984,2, 0xF572,28, 0xDC4D,2,
    0x6984,1, 0x18C5,29, 0x6984,2, 0xF572,1, 0xFE98,3, 0xDC4D,24, 0xBB29,2, 0x6984,1,
    0x18C5,23, 0x28E5,1, 0x4124,5, 0x6984,2, 0xF572,1, 0xFE98,3, 0xDC4D,24, 0xBB29,2,
    0x6984,1, 0x4124,6, 0x28E5,1, 0x18C5,16, 0x4125,1, 0x6984,7, 0xF572,1, 0xDC4D,27,
    0xBB29,1, 0x6984,8, 0x4125,1, 0x18C5,14, 0x28E5,1, 0x4125,1, 0x69A5,1, 0xBB29,7,
    0xF572,1, 0xDC4D,3, 0xFFFF,2, 0x1882,1, 0xDC4D,15, 0xFFFF,2, 0x1882,1, 0xDC4D,3,
    0xBB29,8, 0x6984,1, 0x69A5,1, 0x28E5,1, 0x18C5,13, 0x4124,1, 0x6984,2, 0xBB29,1,
    0xDC4D,5, 0xBB29,1, 0xF572,1, 0xDC4D,3, 0xFFFF,2, 0x1882,1, 0xDC4D,15, 0xFFFF,2,
    0x1882,1, 0xDC4D,3, 0xBB29,1, 0xDC4D,6, 0xBB29,1, 0x6984,2, 0x4124,1, 0x18C5,13,
    0x4124,1, 0x6984,3, 0xBB29,2, 0xDC4D,3, 0xBB29,1, 0xF572,1, 0xDC4D,3, 0x1882,3,
    0xDC4D,15, 0x1882,3, 0xDC4D,3, 0xBB29,2, 0xDC4D,4, 0xBB29,1, 0x6984,3, 0x4124,1,
    0x18C5,13, 0x28E5,1, 0x4125,2, 0x69A5,1, 0x6984,1, 0xBB29,1, 0xDC4D,3, 0xBB29,1,
    0xF572,1, 0xDC4D,3, 0x1882,3, 0xDC4D,15, 0x1882,3, 0xDC4D,3, 0xBB29,2, 0xDC4D,4,
    0xBB29,1, 0x69A5,1, 0x4125,2, 0x28E5,1, 0x18C5,16, 0x4125,1, 0x6984,1, 0xBB29,1,
    0xDC4D,3, 0xBB29,1, 0xF572,1, 0xDC4D,3, 0x1882,3, 0xDC4D,15, 0x1882,3, 0xDC4D,3,
    0xBB29,2, 0xDC4D,4, 0xBB29,1, 0x4125,1, 0x18C5,19, 0x4125,1, 0x6984,1, 0xBB29,1,
    0xDC4D,3, 0xBB29,1, 0xF572,1, 0xDC4D,3, 0x1882,3, 0xDC4D,15, 0x1882,3, 0xDC4D,3,
    0xBB29,2, 0xDC4D,4, 0xBB29,1, 0x4125,1, 0x18C5,16, 0x28E5,1, 0x4125,2, 0x7A48,1,
    0xBB29,1, 0xDC4D,4, 0xBB29,1, 0xF572,1, 0xDC4D,27, 0xBB29,2, 0xDC4D,5, 0x7A48,1,
    0x4125,2, 0x28E5,1, 0x18C5,13, 0x4124,1, 0x6984,2, 0xBB29,1, 0xDC4D,2, 0xBB29,4,
    0xF572,1, 0xDC4D,27, 0xBB29,6, 0xDC4D,1, 0xBB29,1, 0x6984,2, 0x4124,1, 0x18C5,13,
    0x4124,1, 0x6984,2, 0xBB29,6, 0x6984,1, 0xF572,1, 0xDC4D,27, 0xBB29,9, 0x6984,1,
    0x4124,1, 0x18C5,13, 0x28E5,1, 0x4125,1, 0x69A5,1, 0x6984,7, 0xF572,1, 0xDC4D,27,
    0xBB29,2, 0x6984,7, 0x69A5,1, 0x28E5,1, 0x18C5,15, 0x28E5,1, 0x4124,5, 0x6984,2,
    0xF572,1, 0xDC4D,27, 0xBB29,2, 0x6984,1, 0x4124,6, 0x28E5,1, 0x18C5,22, 0x6984,2,
    0xDC4D,1, 0xBB29,29, 0x6984,1, 0x18C5,29, 0x6984,2, 0xDC4D,1, 0xBB29,29, 0x6984,1,
    0x18C5,29, 0x6984,2, 0xDC4D,1, 0xBB29,29, 0x6984,1, 0x18C5,29, 0x6984,33, 0x18C5,32,
    0xBB29,2, 0x6984,1, 0x18C5,3, 0xBB29,2, 0x6984,1, 0x18C5,9, 0xBB29,2, 0x6984,1,
    0x18C5,3, 0xBB29,2, 0x6984,1, 0x18C5,35, 0xBB29,2, 0x6984,1, 0x18C5,3, 0xBB29,2,
    0x6984,1, 0x18C5,9, 0xBB29,2, 0x6984,1, 0x18C5,3, 0xBB29,2, 0x6984,1, 0x18C5,35,
    0xBB29,2, 0x6984,1, 0x18C5,3, 0xBB29,2, 0x6984,1, 0x18C5,9, 0xBB29,2, 0x6984,1,
    0x18C5,3, 0xBB29,2, 0x6984,1, 0x18C5,35, 0xBB29,2, 0x6984,1, 0x18C5,3, 0xBB29,2,
    0x6984,1, 0x18C5,9, 0xBB29,2, 0x6984,1, 0x18C5,3, 0xBB29,2, 0x6984,1, 0x18C5,35,
    0x6984,3, 0x18C5,3, 0x6984,3, 0x18C5,9, 0x6984,3, 0x18C5,3, 0x6984,3, 0x18C5,35,
    0x6984,3, 0x18C5,3, 0x6984,3, 0x18C5,9, 0x6984,3, 0x18C5,3, 0x6984,3, 0x18C5,30,
    0x10A4,1, 0x1084,4, 0x3904,3, 0x1084,3, 0x3904,3, 0x1084,9, 0x3904,3, 0x1084,3,
    0x3904,3, 0x1084,4, 0x10A4,1, 0x18C5,25, 0x10A4,1, 0x1084,35, 0x10A4,1, 0x18C5,30,
    0x18C6,1, 0x10A4,26, 0x18C6,1, 0x18C5,17, 0x18C5,986, 0x28E3,5, 0x18C5,57, 0x28E3,5,
    0x18C5,57, 0x28E3,2, 0xE2C6,1, 0x28E3,2, 0x18C5,57, 0x28E3,2, 0xE2C6,1, 0x28E3,2,
    0x18C5,57, 0x28E3,2, 0xE2C6,1, 0x28E3,2, 0x18C5,57, 0x28E3,2, 0xE2C6,1, 0x28E3,2,
    0x18C5,57, 0x28E3,5, 0x18C5,57, 0x28E3,5, 0x18C5,119, 0x28E3,5, 0x18C5,57, 0x28E3,5,
    0x18C5,57, 0x28E3,2, 0xE2C6,1, 0x28E3,2, 0x18C5,57, 0x28E3,5, 0x18C5,57, 0x28E3,5,
    0x18C5,635, 0x6984,33, 0x18C5,29, 0x6984,33, 0x18C5,29, 0x6984,2, 0xF572,28, 0xDC4D,2,
    0x6984,1, 0x18C5,29, 0x6984,2, 0xF572,1, 0xFE98,3, 0xDC4D,24, 0xBB29,2, 0x6984,1,
    0x18C5,23, 0x28E5,1, 0x4124,5, 0x6984,2, 0xF572,1, 0xFE98,3, 0xDC4D,24, 0xBB29,2,
    0x6984,1, 0x4124,6, 0x28E5,1, 0x18C5,16, 0x4125,1, 0x6984,7, 0xF572,1, 0xDC4D,27,
    0xBB29,1, 0x6984,8, 0x4125,1, 0x18C5,14, 0x28E5,1, 0x4125,1, 0x69A5,1, 0xBB29,7,
    0xF572,1, 0xDC4D,3, 0xFFFF,2, 0x1882,1, 0xDC4D,15, 0xFFFF,2, 0x1882,1, 0xDC4D,3,
    0xBB29,8, 0x6984,1, 0x69A5,1, 0x28E5,1, 0x18C5,13, 0x4124,1, 0x6984,2, 0xBB29,1,
    0xDC4D,5, 0xBB29,1, 0xF572,1, 0xDC4D,3, 0xFFFF,2, 0x1882,1, 0xDC4D,15, 0xFFFF,2,
    0x1882,1, 0xDC4D,3, 0xBB29,1, 0xDC4D,6, 0xBB29,1, 0x6984,2, 0x4124,1, 0x18C5,13,
    0x4124,1, 0x6984,3, 0xBB29,2, 0xDC4D,3, 0xBB29,1, 0xF572,1, 0xDC4D,3, 0x1882,3,
    0xDC4D,15, 0x1882,3, 0xDC4D,3, 0xBB29,2, 0xDC4D,4, 0xBB29,1, 0x6984,3, 0x4124,1,
    0x18C5,13, 0x28E5,1, 0x4125,2, 0x69A5,1, 0x6984,1, 0xBB29,1, 0xDC4D,3, 0xBB29,1,
    0xF572,1, 0xDC4D,3, 0x1882,3, 0xDC4D,15, 0x1882,3, 0xDC4D,3, 0xBB29,2, 0xDC4D,4,
    0xBB29,1, 0x69A5,1, 0x4125,2, 0x28E5,1, 0x18C5,16, 0x4125,1, 0x6984,1, 0xBB29,1,
    0xDC4D,3, 0xBB29,1, 0xF572,1, 0xDC4D,3, 0x1882,3, 0xDC4D,15, 0x1882,3, 0xDC4D,3,
    0xBB29,2, 0xDC4D,4, 0xBB29,1, 0x4125,1, 0x18C5,19, 0x4125,1, 0x6984,1, 0xBB29,1,
    0xDC4D,3, 0xBB29,1, 0xF572,1, 0xDC4D,3, 0x1882,3, 0xDC4D,15, 0x1882,3, 0xDC4D,3,
    0xBB29,2, 0xDC4D,4, 0xBB29,1, 0x4125,1, 0x18C5,16, 0x28E5,1, 0x4125,2, 0x7A48,1,
    0xBB29,1, 0xDC4D,4, 0xBB29,1, 0xF572,1, 0xDC4D,27, 0xBB29,2, 0xDC4D,5, 0x7A48,1,
    0x4125,2, 0x28E5,1, 0x18C5,13, 0x4124,1, 0x6984,2, 0xBB29,1, 0xDC4D,2, 0xBB29,4,
    0xF572,1, 0xDC4D,27, 0xBB29,6, 0xDC4D,1, 0xBB29,1, 0x6984,2, 0x4124,1, 0x18C5,13,
    0x4124,1, 0x6984,2, 0xBB29,6, 0x6984,1, 0xF572,1, 0xDC4D,27, 0xBB29,9, 0x6984,1,
    0x4124,1, 0x18C5,13, 0x28E5,1, 0x4125,1, 0x69A5,1, 0x6984,7, 0xF572,1, 0xDC4D,27,
    0xBB29,2, 0x6984,7, 0x69A5,1, 0x28E5,1, 0x18C5,15, 0x28E5,1, 0x4124,5, 0x6984,2,
    0xF572,1, 0xDC4D,27, 0xBB29,2, 0x6984,1, 0x4124,6, 0x28E5,1, 0x18C5,22, 0x6984,2,
    0xDC4D,1, 0xBB29,29, 0x6984,1, 0x18C5,29, 0x6984,2, 0xDC4D,1, 0xBB29,29, 0x6984,1,
    0x18C5,29, 0x6984,2, 0xDC4D,1, 0xBB29,29, 0x6984,1, 0x18C5,29, 0x6984,33, 0x18C5,32,
    0xBB29,2, 0x6984,1, 0x18C5,3, 0xBB29,2, 0x6984,1, 0x18C5,9, 0xBB29,2, 0x6984,1,
    0x18C5,3, 0xBB29,2, 0x6984,1, 0x18C5,35, 0xBB29,2, 0x6984,1, 0x18C5,3, 0xBB29,2,
    0x6984,1, 0x18C5,9, 0xBB29,2, 0x6984,1, 0x18C5,3, 0xBB29,2, 0x6984,1, 0x18C5,35,
    0xBB29,2, 0x6984,1, 0x18C5,3, 0xBB29,2, 0x6984,1, 0x18C5,9, 0xBB29,2, 0x6984,1,
    0x18C5,3, 0xBB29,2, 0x6984,1, 0x18C5,35, 0xBB29,2, 0x6984,1, 0x18C5,3, 0xBB29,2,
    0x6984,1, 0x18C5,9, 0xBB29,2, 0x6984,1, 0x18C5,3, 0xBB29,2, 0x6984,1, 0x18C5,35,
    0x6984,3, 0x18C5,3, 0x6984,3, 0x18C5,9, 0x6984,3, 0x18C5,3, 0x6984,3, 0x18C5,35,
    0x6984,3, 0x18C5,3, 0x6984,3, 0x18C5,9, 0x6984,3, 0x18C5,3, 0x6984,3, 0x18C5,30,
    0x10A4,1, 0x1084,4, 0x3904,3, 0x1084,3, 0x3904,3, 0x1084,9, 0x3904,3, 0x1084,3,
    0x3904,3, 0x1084,4, 0x10A4,1, 0x18C5,25, 0x10A4,1, 0x1084,35, 0x10A4,1, 0x18C5,30,
    0x18C6,1, 0x10A4,26, 0x18C6,1, 0x18C5,17, 0x18C5,490, 0x20E4,6, 0x18C5,56, 0x28E3,6,
    0x18C5,56, 0x28E3,2, 0x6984,3, 0x28E3,1, 0x18C5,56, 0x28E3,2, 0xE2C6,3, 0x28E3,1,
    0x18C5,56, 0x28E3,2, 0xE2C6,3, 0x28E3,1, 0x18C5,56, 0x28E3,2, 0xE2C6,3, 0x28E3,1,
    0x18C5,56, 0x28E3,2, 0xE2C6,3, 0x28E3,1, 0x18C5,56, 0x28E3,2, 0xE2C6,3, 0x28E3,1,
    0x18C5,56, 0x28E3,2, 0xE2C6,3, 0x28E3,1, 0x18C5,56, 0x28E3,2, 0xE2C6,3, 0x28E3,1,
    0x18C5,56, 0x28E3,2, 0xE2C6,3, 0x28E3,1, 0x18C5,56, 0x28E3,2, 0x6984,3, 0x28E3,1,
    0x18C5,56, 0x20C4,6, 0x18C5,180, 0x20C4,6, 0x18C5,56, 0x28E3,6, 0x18C5,56, 0x28E3,2,
    0x6984,3, 0x28E3,1, 0x18C5,56, 0x28E3,2, 0xE2C6,3, 0x28E3,1, 0x18C5,56, 0x28E3,2,
    0xE2C6,3, 0x28E3,1, 0x18C5,56, 0x28E3,2, 0x6984,3, 0x28E3,1, 0x18C5,56, 0x20E4,6,
    0x18C5,629, 0x4124,1, 0x6984,32, 0x4124,1, 0x18C5,28, 0x4124,1, 0x6984,32, 0x4124,1,
    0x18C5,28, 0x4124,1, 0x6984,1, 0xBB29,1, 0xF572,27, 0xDC4D,2, 0xBB29,1, 0x4124,1,
    0x18C5,28, 0x4124,1, 0x6984,1, 0xBB29,1, 0xF572,1, 0xFE98,2, 0xF572,1, 0xDC4D,23,
    0xBB29,2, 0x6984,1, 0x4124,1, 0x18C5,28, 0x4124,1, 0x6984,1, 0xBB29,1, 0xF572,1,
    0xFE98,2, 0xF572,1, 0xDC4D,23, 0xBB29,2, 0x6984,1, 0x4124,1, 0x18C5,28, 0x4124,1,
    0x6984,1, 0xBB29,1, 0xDC4D,27, 0xBB29,2, 0x6984,1, 0x4124,1, 0x18C5,23, 0x6984,7,
    0xBB29,1, 0xDC4D,6, 0xFE98,1, 0xFFFF,1, 0xBB29,1, 0x6984,1, 0xDC4D,14, 0xFE98,1,
    0xFFFF,1, 0xBB29,1, 0x6984,1, 0xBB29,1, 0x6984,8, 0x18C5,17, 0x6984,7, 0xBB29,1,
    0xDC4D,6, 0xFE98,1, 0xFFFF,1, 0xBB29,1, 0x6984,1, 0xDC4D,14, 0xFE98,1, 0xFFFF,1,
    0xBB29,1, 0x6984,1, 0xBB29,1, 0x6984,8, 0x18C5,15, 0x6984,2, 0xBB29,1, 0xF572,6,
    0xBB29,1, 0xDC4D,6, 0x6984,1, 0x1882,2, 0x6984,1, 0xDC4D,14, 0x6984,1, 0x1882,2,
    0x6984,1, 0xBB29,1, 0xF572,6, 0xBB29,2, 0x6984,1, 0x18C5,14, 0x6984,3, 0xBB29,2,
    0xDC4D,4, 0xBB29,1, 0xDC4D,6, 0x6984,1, 0x1882,2, 0x6984,1, 0xDC4D,14, 0x6984,1,
    0x1882,2, 0x6984,1, 0xBB29,1, 0xDC4D,5, 0xBB29,1, 0x6984,3, 0x18C5,14, 0x6984,3,
    0xBB29,2, 0xDC4D,4, 0xBB29,1, 0xDC4D,6, 0x6984,1, 0x1882,2, 0x6984,1, 0xDC4D,14,
    0x6984,1, 0x1882,2, 0x6984,1, 0xBB29,1, 0xDC4D,5, 0xBB29,1, 0x6984,3, 0x18C5,17,
    0x6984,2, 0xDC4D,4, 0xBB29,1, 0xDC4D,6, 0x6984,1, 0x1882,2, 0x6984,1, 0xDC4D,14,
    0x6984,1, 0x1882,2, 0x6984,1, 0xBB29,1, 0xDC4D,5, 0x6984,1, 0x18C5,20, 0x6984,2,
    0xDC4D,4, 0xBB29,1, 0xDC4D,27, 0xBB29,2, 0xDC4D,5, 0x6984,1, 0x18C5,20, 0x6984,2,
    0xDC4D,4, 0xBB29,1, 0xDC4D,27, 0xBB29,2, 0xDC4D,5, 0x6984,1, 0x18C5,17, 0x6984,3,
    0xF572,2, 0xDC4D,4, 0xBB29,1, 0xDC4D,27, 0xBB29,2, 0xDC4D,5, 0xF572,1, 0x6984,3,
    0x18C5,14, 0x6984,2, 0xBB29,8, 0xDC4D,27, 0xBB29,10, 0x6984,1, 0x18C5,14, 0x6984,2,
    0xBB29,8, 0xDC4D,27, 0xBB29,10, 0x6984,1, 0x18C5,16, 0x6984,7, 0xBB29,30, 0x6984,8,
    0x18C5,22, 0x4124,1, 0x6984,1, 0xBB29,30, 0x6984,1, 0x4124,1, 0x18C5,28, 0x4124,1,
    0x6984,1, 0xBB29,30, 0x6984,1, 0x4124,1, 0x18C5,28, 0x4124,1, 0x6984,32, 0x4124,1,
    0x18C5,31, 0x69E7,1, 0xBB29,1, 0x6984,1, 0x4124,1, 0x18C5,2, 0x69E7,1, 0xBB29,1,
    0x6984,1, 0x4124,1, 0x18C5,8, 0x69E7,1, 0xBB29,1, 0x6984,1, 0x4124,1, 0x18C5,2,
    0x69E7,1, 0xBB29,1, 0x6984,1, 0x4124,1, 0x18C5,34, 0x69E7,1, 0xBB29,1, 0x6984,1,
    0x4124,1, 0x18C5,2, 0x69E7,1, 0xBB29,1, 0x6984,1, 0x4124,1, 0x18C5,8, 0x69E7,1,
    0xBB29,1, 0x6984,1, 0x4124,1, 0x18C5,2, 0x69E7,1, 0xBB29,1, 0x6984,1, 0x4124,1,
    0x18C5,34, 0x69E7,1, 0xBB29,1, 0x6984,1, 0x4124,1, 0x18C5,2, 0x69E7,1, 0xBB29,1,
    0x6984,1, 0x4124,1, 0x18C5,8, 0x69E7,1, 0xBB29,1, 0x6984,1, 0x4124,1, 0x18C5,2,
    0x69E7,1, 0xBB29,1, 0x6984,1, 0x4124,1, 0x18C5,34, 0x69E7,1, 0xBB29,1, 0x6984,1,
    0x4124,1, 0x18C5,2, 0x69E7,1, 0xBB29,1, 0x6984,1, 0x4124,1, 0x18C5,8, 0x69E7,1,
    0xBB29,1, 0x6984,1, 0x4124,1, 0x18C5,2, 0x69E7,1, 0xBB29,1, 0x6984,1, 0x4124,1,
    0x18C5,34, 0x5186,1, 0x6984,2, 0x4124,1, 0x18C5,2, 0x5186,1, 0x6984,2, 0x4124,1,
    0x18C5,8, 0x5186,1, 0x6984,2, 0x4124,1, 0x18C5,2, 0x5186,1, 0x6984,2, 0x4124,1,
    0x18C5,34, 0x4124,1, 0x6984,2, 0x4124,1, 0x18C5,2, 0x4124,1, 0x6984,2, 0x4124,1,
    0x18C5,8, 0x4124,1, 0x6984,2, 0x4124,1, 0x18C5,2, 0x4124,1, 0x6984,2, 0x4124,1,
    0x18C5,30, 0x1084,4, 0x28C4,1, 0x3904,2, 0x28C4,1, 0x1084,2, 0x28C4,1, 0x3904,2,
    0x28C4,1, 0x1084,8, 0x28C4,1, 0x3904,2, 0x28C4,1, 0x1084,2, 0x28C4,1, 0x3904,2,
    0x28C4,1, 0x1084,4, 0x18C5,26, 0x1084,36, 0x18C5,31, 0x10A4,27, 0x18C5,22, 0x18C5,490,
    0x20E4,6, 0x18C5,56, 0x28E3,6, 0x18C5,56, 0x28E3,2, 0x6984,3, 0x28E3,1, 0x18C5,56,
    0x28E3,2, 0xE2C6,3, 0x28E3,1, 0x18C5,56, 0x28E3,2, 0xE2C6,3, 0x28E3,1, 0x18C5,56,
    0x28E3,2, 0xE2C6,3, 0x28E3,1, 0x18C5,56, 0x28E3,2, 0xE2C6,3, 0x28E3,1, 0x18C5,56,
    0x28E3,2, 0xE2C6,3, 0x28E3,1, 0x18C5,56, 0x28E3,2, 0xE2C6,3, 0x28E3,1, 0x18C5,56,
    0x28E3,2, 0xE2C6,3, 0x28E3,1, 0x18C5,56, 0x28E3,2, 0xE2C6,3, 0x28E3,1, 0x18C5,56,
    0x28E3,2, 0x6984,3, 0x28E3,1, 0x18C5,56, 0x20C4,6, 0x18C5,180, 0x20C4,6, 0x18C5,56,
    0x28E3,6, 0x18C5,56, 0x28E3,2, 0x6984,3, 0x28E3,1, 0x18C5,56, 0x28E3,2, 0xE2C6,3,
    0x28E3,1, 0x18C5,56, 0x28E3,2, 0xE2C6,3, 0x28E3,1, 0x18C5,56, 0x28E3,2, 0x6984,3,
    0x28E3,1, 0x18C5,56, 0x20E4,6, 0x18C5,629, 0x4124,1, 0x6984,32, 0x4124,1, 0x18C5,28,
    0x4124,1, 0x6984,32, 0x4124,1, 0x18C5,28, 0x4124,1, 0x6984,1, 0xBB29,1, 0xF572,27,
    0xDC4D,2, 0xBB29,1, 0x4124,1, 0x18C5,28, 0x4124,1, 0x6984,1, 0xBB29,1, 0xF572,1,
    0xFE98,2, 0xF572,1, 0xDC4D,23, 0xBB29,2, 0x6984,1, 0x4124,1, 0x18C5,28, 0x4124,1,
    0x6984,1, 0xBB29,1, 0xF572,1, 0xFE98,2, 0xF572,1, 0xDC4D,23, 0xBB29,2, 0x6984,1,
    0x4124,1, 0x18C5,28, 0x4124,1, 0x6984,1, 0xBB29,1, 0xDC4D,27, 0xBB29,2, 0x6984,1,
    0x4124,1, 0x18C5,23, 0x6984,7, 0xBB29,1, 0xDC4D,6, 0xFE98,1, 0xFFFF,1, 0xBB29,1,
    0x6984,1, 0xDC4D,14, 0xFE98,1, 0xFFFF,1, 0xBB29,1, 0x6984,1, 0xBB29,1, 0x6984,8,
    0x18C5,17, 0x6984,7, 0xBB29,1, 0xDC4D,6, 0xFE98,1, 0xFFFF,1, 0xBB29,1, 0x6984,1,
    0xDC4D,14, 0xFE98,1, 0xFFFF,1, 0xBB29,1, 0x6984,1, 0xBB29,1, 0x6984,8, 0x18C5,15,
    0x6984,2, 0xBB29,1, 0xF572,6, 0xBB29,1, 0xDC4D,6, 0x6984,1, 0x1882,2, 0x6984,1,
    0xDC4D,14, 0x6984,1, 0x1882,2, 0x6984,1, 0xBB29,1, 0xF572,6, 0xBB29,2, 0x6984,1,
    0x18C5,14, 0x6984,3, 0xBB29,2, 0xDC4D,4, 0xBB29,1, 0xDC4D,6, 0x6984,1, 0x1882,2,
    0x6984,1, 0xDC4D,14, 0x6984,1, 0x1882,2, 0x6984,1, 0xBB29,1, 0xDC4D,5, 0xBB29,1,
    0x6984,3, 0x18C5,14, 0x6984,3, 0xBB29,2, 0xDC4D,4, 0xBB29,1, 0xDC4D,6, 0x6984,1,
    0x1882,2, 0x6984,1, 0xDC4D,14, 0x6984,1, 0x1882,2, 0x6984,1, 0xBB29,1, 0xDC4D,5,
    0xBB29,1, 0x6984,3, 0x18C5,17, 0x6984,2, 0xDC4D,4, 0xBB29,1, 0xDC4D,6, 0x6984,1,
    0x1882,2, 0x6984,1, 0xDC4D,14, 0x6984,1, 0x1882,2, 0x6984,1, 0xBB29,1, 0xDC4D,5,
    0x6984,1, 0x18C5,20, 0x6984,2, 0xDC4D,4, 0xBB29,1, 0xDC4D,27, 0xBB29,2, 0xDC4D,5,
    0x6984,1, 0x18C5,20, 0x6984,2, 0xDC4D,4, 0xBB29,1, 0xDC4D,27, 0xBB29,2, 0xDC4D,5,
    0x6984,1, 0x18C5,17, 0x6984,3, 0xF572,2, 0xDC4D,4, 0xBB29,1, 0xDC4D,27, 0xBB29,2,
    0xDC4D,5, 0xF572,1, 0x6984,3, 0x18C5,14, 0x6984,2, 0xBB29,8, 0xDC4D,27, 0xBB29,10,
    0x6984,1, 0x18C5,14, 0x6984,2, 0xBB29,8, 0xDC4D,27, 0xBB29,10, 0x6984,1, 0x18C5,16,
    0x6984,7, 0xBB29,30, 0x6984,8, 0x18C5,22, 0x4124,1, 0x6984,1, 0xBB29,30, 0x6984,1,
    0x4124,1, 0x18C5,28, 0x4124,1, 0x6984,1, 0xBB29,30, 0x6984,1, 0x4124,1, 0x18C5,28,
    0x4124,1, 0x6984,32, 0x4124,1, 0x18C5,31, 0x69E7,1, 0xBB29,1, 0x6984,1, 0x4124,1,
    0x18C5,2, 0x69E7,1, 0xBB29,1, 0x6984,1, 0x4124,1, 0x18C5,8, 0x69E7,1, 0xBB29,1,
    0x6984,1, 0x4124,1, 0x18C5,2, 0x69E7,1, 0xBB29,1, 0x6984,1, 0x4124,1, 0x18C5,34,
    0x69E7,1, 0xBB29,1, 0x6984,1, 0x4124,1, 0x18C5,2, 0x69E7,1, 0xBB29,1, 0x6984,1,
    0x4124,1, 0x18C5,8, 0x69E7,1, 0xBB29,1, 0x6984,1, 0x4124,1, 0x18C5,2, 0x69E7,1,
    0xBB29,1, 0x6984,1, 0x4124,1, 0x18C5,34, 0x69E7,1, 0xBB29,1, 0x6984,1, 0x4124,1,
    0x18C5,2, 0x69E7,1, 0xBB29,1, 0x6984,1, 0x4124,1, 0x18C5,8, 0x69E7,1, 0xBB29,1,
    0x6984,1, 0x4124,1, 0x18C5,2, 0x69E7,1, 0xBB29,1, 0x6984,1, 0x4124,1, 0x18C5,34,
    0x69E7,1, 0xBB29,1, 0x6984,1, 0x4124,1, 0x18C5,2, 0x69E7,1, 0xBB29,1, 0x6984,1,
    0x4124,1, 0x18C5,8, 0x69E7,1, 0xBB29,1, 0x6984,1, 0x4124,1, 0x18C5,2, 0x69E7,1,
    0xBB29,1, 0x6984,1, 0x4124,1, 0x18C5,34, 0x5186,1, 0x6984,2, 0x4124,1, 0x18C5,2,
    0x5186,1, 0x6984,2, 0x4124,1, 0x18C5,8, 0x5186,1, 0x6984,2, 0x4124,1, 0x18C5,2,
    0x5186,1, 0x6984,2, 0x4124,1, 0x18C5,34, 0x4124,1, 0x6984,2, 0x4124,1, 0x18C5,2,
    0x4124,1, 0x6984,2, 0x4124,1, 0x18C5,8, 0x4124,1, 0x6984,2, 0x4124,1, 0x18C5,2,
    0x4124,1, 0x6984,2, 0x4124,1, 0x18C5,30, 0x1084,4, 0x28C4,1, 0x3904,2, 0x28C4,1,
    0x1084,2, 0x28C4,1, 0x3904,2, 0x28C4,1, 0x1084,8, 0x28C4,1, 0x3904,2, 0x28C4,1,
    0x1084,2, 0x28C4,1, 0x3904,2, 0x28C4,1, 0x1084,4, 0x18C5,26, 0x1084,36, 0x18C5,31,
    0x10A4,27, 0x18C5,22, 0x18C5,490, 0x20E4,6, 0x18C5,56, 0x28E3,6, 0x18C5,56, 0x28E3,2,
    0x6984,3, 0x28E3,1, 0x18C5,56, 0x28E3,2, 0xE2C6,3, 0x28E3,1, 0x18C5,56, 0x28E3,2,
    0xE2C6,3, 0x28E3,1, 0x18C5,56, 0x28E3,2, 0xE2C6,3, 0x28E3,1, 0x18C5,56, 0x28E3,2,
    0xE2C6,3, 0x28E3,1, 0x18C5,56, 0x28E3,2, 0xE2C6,3, 0x28E3,1, 0x18C5,56, 0x28E3,2,
    0xE2C6,3, 0x28E3,1, 0x18C5,56, 0x28E3,2, 0xE2C6,3, 0x28E3,1, 0x18C5,56, 0x28E3,2,
    0xE2C6,3, 0x28E3,1, 0x18C5,56, 0x28E3,2, 0x6984,3, 0x28E3,1, 0x18C5,56, 0x20C4,6,
    0x18C5,180, 0x20C4,6, 0x18C5,56, 0x28E3,6, 0x18C5,56, 0x28E3,2, 0x6984,3, 0x28E3,1,
    0x18C5,56, 0x28E3,2, 0xE2C6,3, 0x28E3,1, 0x18C5,56, 0x28E3,2, 0xE2C6,3, 0x28E3,1,
    0x18C5,56, 0x28E3,2, 0x6984,3, 0x28E3,1, 0x18C5,56, 0x20E4,6, 0x18C5,629, 0x4124,1,
    0x6984,32, 0x4124,1, 0x18C5,28, 0x4124,1, 0x6984,32, 0x4124,1, 0x18C5,28, 0x4124,1,
    0x6984,1, 0xBB29,1, 0xF572,27, 0xDC4D,2, 0xBB29,1, 0x4124,1, 0x18C5,28, 0x4124,1,
    0x6984,1, 0xBB29,1, 0xF572,1, 0xFE98,2, 0xF572,1, 0xDC4D,23, 0xBB29,2, 0x6984,1,
    0x4124,1, 0x18C5,28, 0x4124,1, 0x6984,1, 0xBB29,1, 0xF572,1, 0xFE98,2, 0xF572,1,
    0xDC4D,23, 0xBB29,2, 0x6984,1, 0x4124,1, 0x18C5,28, 0x4124,1, 0x6984,1, 0xBB29,1,
    0xDC4D,27, 0xBB29,2, 0x6984,1, 0x4124,1, 0x18C5,23, 0x6984,7, 0xBB29,1, 0xDC4D,6,
    0xFE98,1, 0xFFFF,1, 0xBB29,1, 0x6984,1, 0xDC4D,14, 0xFE98,1, 0xFFFF,1, 0xBB29,1,
    0x6984,1, 0xBB29,1, 0x6984,8, 0x18C5,17, 0x6984,7, 0xBB29,1, 0xDC4D,6, 0xFE98,1,
    0xFFFF,1, 0xBB29,1, 0x6984,1, 0xDC4D,14, 0xFE98,1, 0xFFFF,1, 0xBB29,1, 0x6984,1,
    0xBB29,1, 0x6984,8, 0x18C5,15, 0x6984,2, 0xBB29,1, 0xF572,6, 0xBB29,1, 0xDC4D,6,
    0x6984,1, 0x1882,2, 0x6984,1, 0xDC4D,14, 0x6984,1, 0x1882,2, 0x6984,1, 0xBB29,1,
    0xF572,6, 0xBB29,2, 0x6984,1, 0x18C5,14, 0x6984,3, 0xBB29,2, 0xDC4D,4, 0xBB29,1,
    0xDC4D,6, 0x6984,1, 0x1882,2, 0x6984,1, 0xDC4D,14, 0x6984,1, 0x1882,2, 0x6984,1,
    0xBB29,1, 0xDC4D,5, 0xBB29,1, 0x6984,3, 0x18C5,14, 0x6984,3, 0xBB29,2, 0xDC4D,4,
    0xBB29,1, 0xDC4D,6, 0x6984,1, 0x1882,2, 0x6984,1, 0xDC4D,14, 0x6984,1, 0x1882,2,
    0x6984,1, 0xBB29,1, 0xDC4D,5, 0xBB29,1, 0x6984,3, 0x18C5,17, 0x6984,2, 0xDC4D,4,
    0xBB29,1, 0xDC4D,6, 0x6984,1, 0x1882,2, 0x6984,1, 0xDC4D,14, 0x6984,1, 0x1882,2,
    0x6984,1, 0xBB29,1, 0xDC4D,5, 0x6984,1, 0x18C5,20, 0x6984,2, 0xDC4D,4, 0xBB29,1,
    0xDC4D,27, 0xBB29,2, 0xDC4D,5, 0x6984,1, 0x18C5,20, 0x6984,2, 0xDC4D,4, 0xBB29,1,
    0xDC4D,27, 0xBB29,2, 0xDC4D,5, 0x6984,1, 0x18C5,17, 0x6984,3, 0xF572,2, 0xDC4D,4,
    0xBB29,1, 0xDC4D,27, 0xBB29,2, 0xDC4D,5, 0xF572,1, 0x6984,3, 0x18C5,14, 0x6984,2,
    0xBB29,8, 0xDC4D,27, 0xBB29,10, 0x6984,1, 0x18C5,14, 0x6984,2, 0xBB29,8, 0xDC4D,27,
    0xBB29,10, 0x6984,1, 0x18C5,16, 0x6984,7, 0xBB29,30, 0x6984,8, 0x18C5,22, 0x4124,1,
    0x6984,1, 0xBB29,30, 0x6984,1, 0x4124,1, 0x18C5,28, 0x4124,1, 0x6984,1, 0xBB29,30,
    0x6984,1, 0x4124,1, 0x18C5,28, 0x4124,1, 0x6984,32, 0x4124,1, 0x18C5,31, 0x69E7,1,
    0xBB29,1, 0x6984,1, 0x4124,1, 0x18C5,2, 0x69E7,1, 0xBB29,1, 0x6984,1, 0x4124,1,
    0x18C5,8, 0x69E7,1, 0xBB29,1, 0x6984,1, 0x4124,1, 0x18C5,2, 0x69E7,1, 0xBB29,1,
    0x6984,1, 0x4124,1, 0x18C5,34, 0x69E7,1, 0xBB29,1, 0x6984,1, 0x4124,1, 0x18C5,2,
    0x69E7,1, 0xBB29,1, 0x6984,1, 0x4124,1, 0x18C5,8, 0x69E7,1, 0xBB29,1, 0x6984,1,
    0x4124,1, 0x18C5,2, 0x69E7,1, 0xBB29,1, 0x6984,1, 0x4124,1, 0x18C5,34, 0x69E7,1,
    0xBB29,1, 0x6984,1, 0x4124,1, 0x18C5,2, 0x69E7,1, 0xBB29,1, 0x6984,1, 0x4124,1,
    0x18C5,8, 0x69E7,1, 0xBB29,1, 0x6984,1, 0x4124,1, 0x18C5,2, 0x69E7,1, 0xBB29,1,
    0x6984,1, 0x4124,1, 0x18C5,34, 0x69E7,1, 0xBB29,1, 0x6984,1, 0x4124,1, 0x18C5,2,
    0x69E7,1, 0xBB29,1, 0x6984,1, 0x4124,1, 0x18C5,8, 0x69E7,1, 0xBB29,1, 0x6984,1,
    0x4124,1, 0x18C5,2, 0x69E7,1, 0xBB29,1, 0x6984,1, 0x4124,1, 0x18C5,34, 0x5186,1,
    0x6984,2, 0x4124,1, 0x18C5,2, 0x5186,1, 0x6984,2, 0x4124,1, 0x18C5,8, 0x5186,1,
    0x6984,2, 0x4124,1, 0x18C5,2, 0x5186,1, 0x6984,2, 0x4124,1, 0x18C5,34, 0x4124,1,
    0x6984,2, 0x4124,1, 0x18C5,2, 0x4124,1, 0x6984,2, 0x4124,1, 0x18C5,8, 0x4124,1,
    0x6984,2, 0x4124,1, 0x18C5,2, 0x4124,1, 0x6984,2, 0x4124,1, 0x18C5,30, 0x1084,4,
    0x28C4,1, 0x3904,2, 0x28C4,1, 0x1084,2, 0x28C4,1, 0x3904,2, 0x28C4,1, 0x1084,8,
    0x28C4,1, 0x3904,2, 0x28C4,1, 0x1084,2, 0x28C4,1, 0x3904,2, 0x28C4,1, 0x1084,4,
    0x18C5,26, 0x1084,36, 0x18C5,31, 0x10A4,27, 0x18C5,22, 0x18C5,490, 0x20E4,6, 0x18C5,56,
    0x28E3,6, 0x18C5,56, 0x28E3,2, 0x6984,3, 0x28E3,1, 0x18C5,56, 0x28E3,2, 0xE2C6,3,
    0x28E3,1, 0x18C5,56, 0x28E3,2, 0xE2C6,3, 0x28E3,1, 0x18C5,56, 0x28E3,2, 0xE2C6,3,
    0x28E3,1, 0x18C5,56, 0x28E3,2, 0xE2C6,3, 0x28E3,1, 0x18C5,56, 0x28E3,2, 0xE2C6,3,
    0x28E3,1, 0x18C5,56, 0x28E3,2, 0xE2C6,3, 0x28E3,1, 0x18C5,56, 0x28E3,2, 0xE2C6,3,
    0x28E3,1, 0x18C5,56, 0x28E3,2, 0xE2C6,3, 0x28E3,1, 0x18C5,56, 0x28E3,2, 0x6984,3,
    0x28E3,1, 0x18C5,56, 0x20C4,6, 0x18C5,180, 0x20C4,6, 0x18C5,56, 0x28E3,6, 0x18C5,56,
    0x28E3,2, 0x6984,3, 0x28E3,1, 0x18C5,56, 0x28E3,2, 0xE2C6,3, 0x28E3,1, 0x18C5,56,
    0x28E3,2, 0xE2C6,3, 0x28E3,1, 0x18C5,56, 0x28E3,2, 0x6984,3, 0x28E3,1, 0x18C5,56,
    0x20E4,6, 0x18C5,629, 0x4124,1, 0x6984,32, 0x4124,1, 0x18C5,28, 0x4124,1, 0x6984,32,
    0x4124,1, 0x18C5,28, 0x4124,1, 0x6984,1, 0xBB29,1, 0xF572,27, 0xDC4D,2, 0xBB29,1,
    0x4124,1, 0x18C5,28, 0x4124,1, 0x6984,1, 0xBB29,1, 0xF572,1, 0xFE98,2, 0xF572,1,
    0xDC4D,23, 0xBB29,2, 0x6984,1, 0x4124,1, 0x18C5,28, 0x4124,1, 0x6984,1, 0xBB29,1,
    0xF572,1, 0xFE98,2, 0xF572,1, 0xDC4D,23, 0xBB29,2, 0x6984,1, 0x4124,1, 0x18C5,28,
    0x4124,1, 0x6984,1, 0xBB29,1, 0xDC4D,27, 0xBB29,2, 0x6984,1, 0x4124,1, 0x18C5,23,
    0x6984,7, 0xBB29,1, 0xDC4D,6, 0xFE98,1, 0xFFFF,1, 0xBB29,1, 0x6984,1, 0xDC4D,14,
    0xFE98,1, 0xFFFF,1, 0xBB29,1, 0x6984,1, 0xBB29,1, 0x6984,8, 0x18C5,17, 0x6984,7,
    0xBB29,1, 0xDC4D,6, 0xFE98,1, 0xFFFF,1, 0xBB29,1, 0x6984,1, 0xDC4D,14, 0xFE98,1,
    0xFFFF,1, 0xBB29,1, 0x6984,1, 0xBB29,1, 0x6984,8, 0x18C5,15, 0x6984,2, 0xBB29,1,
    0xF572,6, 0xBB29,1, 0xDC4D,6, 0x6984,1, 0x1882,2, 0x6984,1, 0xDC4D,14, 0x6984,1,
    0x1882,2, 0x6984,1, 0xBB29,1, 0xF572,6, 0xBB29,2, 0x6984,1, 0x18C5,14, 0x6984,3,
    0xBB29,2, 0xDC4D,4, 0xBB29,1, 0xDC4D,6, 0x6984,1, 0x1882,2, 0x6984,1, 0xDC4D,14,
    0x6984,1, 0x1882,2, 0x6984,1, 0xBB29,1, 0xDC4D,5, 0xBB29,1, 0x6984,3, 0x18C5,14,
    0x6984,3, 0xBB29,2, 0xDC4D,4, 0xBB29,1, 0xDC4D,6, 0x6984,1, 0x1882,2, 0x6984,1,
    0xDC4D,14, 0x6984,1, 0x1882,2, 0x6984,1, 0xBB29,1, 0xDC4D,5, 0xBB29,1, 0x6984,3,
    0x18C5,17, 0x6984,2, 0xDC4D,4, 0xBB29,1, 0xDC4D,6, 0x6984,1, 0x1882,2, 0x6984,1,
    0xDC4D,14, 0x6984,1, 0x1882,2, 0x6984,1, 0xBB29,1, 0xDC4D,5, 0x6984,1, 0x18C5,20,
    0x6984,2, 0xDC4D,4, 0xBB29,1, 0xDC4D,27, 0xBB29,2, 0xDC4D,5, 0x6984,1, 0x18C5,20,
    0x6984,2, 0xDC4D,4, 0xBB29,1, 0xDC4D,27, 0xBB29,2, 0xDC4D,5, 0x6984,1, 0x18C5,17,
    0x6984,3, 0xF572,2, 0xDC4D,4, 0xBB29,1, 0xDC4D,27, 0xBB29,2, 0xDC4D,5, 0xF572,1,
    0x6984,3, 0x18C5,14, 0x6984,2, 0xBB29,8, 0xDC4D,27, 0xBB29,10, 0x6984,1, 0x18C5,14,
    0x6984,2, 0xBB29,8, 0xDC4D,27, 0xBB29,10, 0x6984,1, 0x18C5,16, 0x6984,7, 0xBB29,30,
    0x6984,8, 0x18C5,22, 0x4124,1, 0x6984,1, 0xBB29,30, 0x6984,1, 0x4124,1, 0x18C5,28,
    0x4124,1, 0x6984,1, 0xBB29,30, 0x6984,1, 0x4124,1, 0x18C5,28, 0x4124,1, 0x6984,32,
    0x4124,1, 0x18C5,31, 0x69E7,1, 0xBB29,1, 0x6984,1, 0x4124,1, 0x18C5,2, 0x69E7,1,
    0xBB29,1, 0x6984,1, 0x4124,1, 0x18C5,8, 0x69E7,1, 0xBB29,1, 0x6984,1, 0x4124,1,
    0x18C5,2, 0x69E7,1, 0xBB29,1, 0x6984,1, 0x4124,1, 0x18C5,34, 0x69E7,1, 0xBB29,1,
    0x6984,1, 0x4124,1, 0x18C5,2, 0x69E7,1, 0xBB29,1, 0x6984,1, 0x4124,1, 0x18C5,8,
    0x69E7,1, 0xBB29,1, 0x6984,1, 0x4124,1, 0x18C5,2, 0x69E7,1, 0xBB29,1, 0x6984,1,
    0x4124,1, 0x18C5,34, 0x69E7,1, 0xBB29,1, 0x6984,1, 0x4124,1, 0x18C5,2, 0x69E7,1,
    0xBB29,1, 0x6984,1, 0x4124,1, 0x18C5,8, 0x69E7,1, 0xBB29,1, 0x6984,1, 0x4124,1,
    0x18C5,2, 0x69E7,1, 0xBB29,1, 0x6984,1, 0x4124,1, 0x18C5,34, 0x69E7,1, 0xBB29,1,
    0x6984,1, 0x4124,1, 0x18C5,2, 0x69E7,1, 0xBB29,1, 0x6984,1, 0x4124,1, 0x18C5,8,
    0x69E7,1, 0xBB29,1, 0x6984,1, 0x4124,1, 0x18C5,2, 0x69E7,1, 0xBB29,1, 0x6984,1,
    0x4124,1, 0x18C5,34, 0x5186,1, 0x6984,2, 0x4124,1, 0x18C5,2, 0x5186,1, 0x6984,2,
    0x4124,1, 0x18C5,8, 0x5186,1, 0x6984,2, 0x4124,1, 0x18C5,2, 0x5186,1, 0x6984,2,
    0x4124,1, 0x18C5,34, 0x4124,1, 0x6984,2, 0x4124,1, 0x18C5,2, 0x4124,1, 0x6984,2,
    0x4124,1, 0x18C5,8, 0x4124,1, 0x6984,2, 0x4124,1, 0x18C5,2, 0x4124,1, 0x6984,2,
    0x4124,1, 0x18C5,30, 0x1084,4, 0x28C4,1, 0x3904,2, 0x28C4,1, 0x1084,2, 0x28C4,1,
    0x3904,2, 0x28C4,1, 0x1084,8, 0x28C4,1, 0x3904,2, 0x28C4,1, 0x1084,2, 0x28C4,1,
    0x3904,2, 0x28C4,1, 0x1084,4, 0x18C5,26, 0x1084,36, 0x18C5,31, 0x10A4,27, 0x18C5,22,
    0x18C5,242, 0x28E3,5, 0x18C5,57, 0x28E3,5, 0x18C5,57, 0x28E3,2, 0xE2C6,1, 0x28E3,2,
    0x18C5,57, 0x28E3,2, 0xE2C6,1, 0x28E3,2, 0x18C5,57, 0x28E3,2, 0xE2C6,1, 0x28E3,2,
    0x18C5,57, 0x28E3,2, 0xE2C6,1, 0x28E3,2, 0x18C5,57, 0x28E3,5, 0x18C5,57, 0x28E3,5,
    0x18C5,119, 0x28E3,5, 0x18C5,57, 0x28E3,5, 0x18C5,57, 0x28E3,2, 0xE2C6,1, 0x28E3,2,
    0x18C5,57, 0x28E3,5, 0x18C5,57, 0x28E3,5, 0x18C5,1811, 0x28E5,1, 0x4124,35, 0x28E5,1,
    0x18C5,25, 0x4124,1, 0x6984,35, 0x4124,1, 0x18C5,25, 0x4124,1, 0x6984,1, 0xBB29,33,
    0x6984,1, 0x4124,1, 0x18C5,25, 0x4124,1, 0x6984,1, 0xBB29,1, 0xF572,4, 0xDC4D,27,
    0xBB29,2, 0x4124,1, 0x18C5,25, 0x4124,1, 0x6984,1, 0xBB29,1, 0xF572,1, 0xFE98,2,
    0xF572,1, 0xDC4D,26, 0xBB29,2, 0x6984,1, 0x4124,1, 0x18C5,25, 0x4124,1, 0x6984,1,
    0xBB29,1, 0xF572,4, 0xDC4D,26, 0xBB29,2, 0x6984,1, 0x4124,1, 0x18C5,25, 0x4124,1,
    0x6984,1, 0xBB29,1, 0xDC4D,8, 0xFE98,2, 0x6984,1, 0xDC4D,15, 0xFE98,2, 0x6984,1,
    0xDC4D,1, 0xBB29,2, 0x6984,1, 0x4124,1, 0x18C5,25, 0x4124,1, 0x6984,1, 0xBB29,1,
    0xDC4D,8, 0xFFFF,2, 0x1882,1, 0xDC4D,15, 0xFFFF,2, 0x1882,1, 0xDC4D,1, 0xBB29,2,
    0x6984,1, 0x4124,1, 0x18C5,20, 0x6984,7, 0xBB29,1, 0xDC4D,8, 0xBB29,2, 0x1882,1,
    0xDC4D,15, 0xBB29,2, 0x1882,1, 0xDC4D,1, 0xBB29,2, 0x6984,8, 0x18C5,14, 0x6984,7,
    0xBB29,1, 0xDC4D,8, 0x1882,3, 0xDC4D,15, 0x1882,3, 0xDC4D,1, 0xBB29,2, 0x6984,8,
    0x18C5,12, 0x6984,2, 0xBB29,1, 0xF572,6, 0xBB29,1, 0xDC4D,8, 0x1882,3, 0xDC4D,15,
    0x1882,3, 0xDC4D,1, 0xBB29,2, 0xF572,6, 0xBB29,2, 0x6984,1, 0x18C5,11, 0x6984,3,
    0xBB29,2, 0xDC4D,4, 0xBB29,1, 0xDC4D,8, 0x1882,3, 0xDC4D,15, 0x1882,3, 0xDC4D,1,
    0xBB29,2, 0xDC4D,5, 0xBB29,1, 0x6984,3, 0x18C5,11, 0x6984,3, 0xBB29,2, 0xDC4D,4,
    0xBB29,1, 0xDC4D,8, 0x6984,3, 0xDC4D,15, 0x6984,3, 0xDC4D,1, 0xBB29,2, 0xDC4D,5,
    0xBB29,1, 0x6984,3, 0x18C5,14, 0x6984,2, 0xDC4D,4, 0xBB29,1, 0xDC4D,30, 0xBB29,2,
    0xDC4D,5, 0x6984,1, 0x18C5,17, 0x6984,2, 0xDC4D,4, 0xBB29,1, 0xDC4D,30, 0xBB29,2,
    0xDC4D,5, 0x6984,1, 0x18C5,17, 0x6984,2, 0xDC4D,4, 0xBB29,1, 0xDC4D,1, 0xBB29,31,
    0xDC4D,5, 0x6984,1, 0x18C5,14, 0x6984,3, 0xF572,2, 0xDC4D,4, 0xBB29,33, 0xDC4D,5,
    0xF572,1, 0x6984,3, 0x18C5,11, 0x6984,2, 0xBB29,48, 0x6984,1, 0x18C5,11, 0x6984,2,
    0xBB29,7, 0x6984,1, 0xBB29,1, 0x6984,31, 0xBB29,8, 0x6984,1, 0x18C5,13, 0x6984,48,
    0x18C5,16, 0x10A4,1, 0x1083,2, 0x20C3,1, 0x3903,35, 0x20C3,1, 0x1083,2, 0x10A4,1,
    0x18C5,19, 0x10A4,1, 0x1083,41, 0x10A4,1, 0x18C5,24, 0x10A5,1, 0x10A4,32, 0x10A5,1,
    0x18C5,14, 0x18C5,2244, 0x4124,1, 0x6984,35, 0x4124,1, 0x18C5,25, 0x4124,1, 0x6984,35,
    0x4124,1, 0x18C5,25, 0x4124,1, 0x6984,1, 0xBB29,1, 0xF572,30, 0xDC4D,2, 0xBB29,1,
    0x4124,1, 0x18C5,18, 0x4125,1, 0x6984,6, 0x5144,1, 0x6984,1, 0xBB29,1, 0xF572,1,
    0xFE98,2, 0xF572,1, 0xDC4D,26, 0xBB29,2, 0x6984,1, 0x5144,1, 0x6984,7, 0x4125,1,
    0x18C5,10, 0x4125,1, 0x6984,8, 0xBB29,2, 0xFE98,2, 0xF572,1, 0xDC4D,26, 0xBB29,1,
    0x6984,10, 0x4125,1, 0x18C5,8, 0x4124,1, 0x6984,2, 0xDC4D,1, 0xF572,4, 0x6984,5,
    0xDC4D,29, 0xBB29,1, 0x6984,4, 0xBB29,1, 0xF572,3, 0xDC4D,1, 0xBB29,1, 0x6984,1,
    0x4124,1, 0x18C5,7, 0x4124,1, 0x6984,3, 0xBB29,2, 0xDC4D,2, 0xBB29,5, 0xDC4D,4,
    0xFFFF,2, 0x1882,1, 0xDC4D,15, 0xFFFF,2, 0x1882,1, 0xDC4D,4, 0xBB29,6, 0xDC4D,2,
    0xBB29,1, 0x6984,3, 0x4124,1, 0x18C5,7, 0x4124,1, 0x6984,3, 0xBB29,2, 0xDC4D,11,
    0xFFFF,2, 0x1882,1, 0xDC4D,15, 0xFFFF,2, 0x1882,1, 0xDC4D,12, 0xBB29,1, 0x6984,3,
    0x4124,1, 0x18C5,10, 0x4125,1, 0x6984,1, 0xBB29,1, 0xDC4D,11, 0x1882,3, 0xDC4D,15,
    0x1882,3, 0xDC4D,9, 0xBB29,1, 0xDC4D,2, 0xBB29,1, 0x4125,1, 0x18C5,13, 0x4125,1,
    0x6984,1, 0xBB29,1, 0xDC4D,11, 0x1882,3, 0xDC4D,15, 0x1882,3, 0xDC4D,9, 0xBB29,1,
    0xDC4D,2, 0xBB29,1, 0x4125,1, 0x18C5,13, 0x4125,1, 0x6984,1, 0xBB29,1, 0xDC4D,2,
    0xBB29,5, 0xDC4D,4, 0x1882,3, 0xDC4D,15, 0x1882,3, 0xDC4D,4, 0xBB29,6, 0xDC4D,2,
    0xBB29,1, 0x4125,1, 0x18C5,10, 0x4124,1, 0x6984,2, 0xBB29,1, 0xF572,1, 0xDC4D,3,
    0xBB29,5, 0xDC4D,4, 0x1882,3, 0xDC4D,15, 0x1882,3, 0xDC4D,4, 0xBB29,6, 0xDC4D,3,
    0xBB29,1, 0x6984,2, 0x4124,1, 0x18C5,7, 0x4124,1, 0x6984,2, 0xBB29,5, 0x6984,5,
    0xDC4D,29, 0xBB29,1, 0x6984,5, 0xBB29,5, 0x6984,1, 0x4124,1, 0x18C5,7, 0x4124,1,
    0x6984,2, 0xBB29,5, 0x6984,3, 0xBB29,2, 0xDC4D,29, 0xBB29,1, 0x6984,5, 0xBB29,5,
    0x6984,1, 0x4124,1, 0x18C5,9, 0x4125,1, 0x6984,6, 0x5144,1, 0x6984,1, 0xBB29,1,
    0xDC4D,30, 0xBB29,2, 0x6984,1, 0x5144,1, 0x6984,7, 0x4125,1, 0x18C5,17, 0x4124,1,
    0x6984,1, 0xBB29,33, 0x6984,1, 0x4124,1, 0x18C5,25, 0x4124,1, 0x6984,1, 0xBB29,33,
    0x6984,1, 0x4124,1, 0x18C5,25, 0x4124,1, 0x6984,1, 0xBB29,33, 0x6984,1, 0x4124,1,
    0x18C5,25, 0x4124,1, 0x6984,35, 0x4124,1, 0x18C5,25, 0x4124,1, 0x6984,35, 0x4124,1,
    0x18C5,30, 0xBB29,2, 0x6984,1, 0x18C5,3, 0xBB29,2, 0x6984,1, 0x18C5,9, 0xBB29,2,
    0x6984,1, 0x18C5,3, 0xBB29,2, 0x6984,1, 0x18C5,35, 0xBB29,2, 0x6984,1, 0x18C5,3,
    0xBB29,2, 0x6984,1, 0x18C5,9, 0xBB29,2, 0x6984,1, 0x18C5,3, 0xBB29,2, 0x6984,1,
    0x18C5,35, 0xBB29,2, 0x6984,1, 0x18C5,3, 0xBB29,2, 0x6984,1, 0x18C5,9, 0xBB29,2,
    0x6984,1, 0x18C5,3, 0xBB29,2, 0x6984,1, 0x18C5,35, 0xBB29,2, 0x6984,1, 0x18C5,3,
    0xBB29,2, 0x6984,1, 0x18C5,9, 0xBB29,2, 0x6984,1, 0x18C5,3, 0xBB29,2, 0x6984,1,
    0x18C5,35, 0x6984,3, 0x18C5,3, 0x6984,3, 0x18C5,9, 0x6984,3, 0x18C5,3, 0x6984,3,
    0x18C5,35, 0x6984,3, 0x18C5,3, 0x6984,3, 0x18C5,9, 0x6984,3, 0x18C5,3, 0x6984,3,
    0x18C5,278, 0x10A4,1, 0x1084,35, 0x10A4,1, 0x18C5,25, 0x10A4,1, 0x1084,35, 0x10A4,1,
    0x18C5,30, 0x18C6,1, 0x10A4,26, 0x18C6,1, 0x18C5,17, 0x18C5,5, 0x4125,1, 0x6984,6,
    0x4124,1, 0x18C5,35, 0x4124,1, 0x6984,7, 0x4125,1, 0x18C5,10, 0x4125,1, 0x6984,6,
    0x4124,1, 0x18C5,35, 0x4124,1, 0x6984,7, 0x4125,1, 0x18C5,8, 0x4124,1, 0x6984,2,
    0xDC4D,1, 0xF572,4, 0xBB29,1, 0x4124,1, 0x18C5,35, 0x4124,1, 0x6984,1, 0xBB29,1,
    0xF572,3, 0xDC4D,1, 0xBB29,1, 0x6984,1, 0x4124,1, 0x18C5,7, 0x4124,1, 0x6984,3,
    0xBB29,2, 0xDC4D,2, 0xBB29,1, 0x4124,1, 0x18C5,35, 0x4124,1, 0x6984,1, 0xBB29,1,
    0xDC4D,2, 0xBB29,1, 0x6984,3, 0x4124,1, 0x18C5,7, 0x4124,1, 0x6984,3, 0xBB29,2,
    0xDC4D,2, 0xBB29,1, 0x4124,1, 0x18C5,35, 0x4124,1, 0x6984,1, 0xBB29,1, 0xDC4D,2,
    0xBB29,1, 0x6984,3, 0x4124,1, 0x18C5,10, 0x4125,1, 0x6984,1, 0xBB29,1, 0xDC4D,2,
    0xBB29,1, 0x4124,1, 0x18C5,35, 0x4124,1, 0x6984,1, 0xBB29,1, 0xDC4D,2, 0xBB29,1,
    0x4125,1, 0x18C5,13, 0x4125,1, 0x6984,1, 0xBB29,1, 0xDC4D,2, 0xBB29,1, 0x4124,1,
    0x18C5,35, 0x4124,1, 0x6984,1, 0xBB29,1, 0xDC4D,2, 0xBB29,1, 0x4125,1, 0x18C5,13,
    0x4125,1, 0x6984,1, 0xBB29,1, 0xDC4D,2, 0xBB29,1, 0x4124,1, 0x18C5,2, 0x28E5,1,
    0x4124,29, 0x28E5,1, 0x18C5,2, 0x4124,1, 0x6984,1, 0xBB29,1, 0xDC4D,2, 0xBB29,1,
    0x4125,1, 0x18C5,10, 0x4124,1, 0x6984,2, 0xBB29,1, 0xF572,1, 0xDC4D,3, 0xBB29,1,
    0x4124,1, 0x18C5,2, 0x4124,1, 0x6984,29, 0x4124,1, 0x18C5,2, 0x4124,1, 0x6984,1,
    0xBB29,1, 0xDC4D,3, 0xBB29,1, 0x6984,2, 0x4124,1, 0x18C5,7, 0x4124,1, 0x6984,2,
    0xBB29,5, 0x6984,8, 0xBB29,23, 0x6984,9, 0xBB29,5, 0x6984,1, 0x4124,1, 0x18C5,7,
    0x4124,1, 0x6984,2, 0xBB29,5, 0x6984,8, 0xF572,3, 0xDC4D,20, 0xBB29,1, 0x6984,8,
    0xBB29,5, 0x6984,1, 0x4124,1, 0x18C5,9, 0x4125,1, 0x6984,5, 0xF572,8, 0xFE98,2,
    0xF572,1, 0xDC4D,21, 0xF572,7, 0xBB29,1, 0x6984,5, 0x4125,1, 0x18C5,16, 0xDC4D,8,
    0xF572,3, 0xDC4D,28, 0x7A89,1, 0x18C5,22, 0xDC4D,9, 0xFE98,2, 0x6984,1, 0xDC4D,15,
    0xFE98,2, 0x6984,1, 0xDC4D,9, 0x7A89,1, 0x18C5,22, 0xDC4D,9, 0xFFFF,2, 0x1882,1,
    0xDC4D,15, 0xFFFF,2, 0x1882,1, 0xDC4D,9, 0x7A89,1, 0x18C5,22, 0xBB29,8, 0xDC4D,1,
    0xBB29,2, 0x1882,1, 0xDC4D,15, 0xBB29,2, 0x1882,1, 0xDC4D,1, 0xBB29,8, 0x69E7,1,
    0x18C5,22, 0xBB29,8, 0xDC4D,1, 0x1882,3, 0xDC4D,15, 0x1882,3, 0xDC4D,1, 0xBB29,8,
    0x69E7,1, 0x18C5,22, 0x6984,8, 0xDC4D,1, 0x1882,3, 0xDC4D,15, 0x1882,3, 0xDC4D,1,
    0xBB29,1, 0x6984,7, 0x4124,1, 0x18C5,26, 0x4124,1, 0x6984,1, 0xBB29,1, 0xDC4D,2,
    0x1882,3, 0xDC4D,15, 0x1882,3, 0xDC4D,1, 0xBB29,2, 0x6984,1, 0x4124,1, 0x18C5,31,
    0x4124,1, 0x6984,1, 0xBB29,1, 0xDC4D,2, 0x6984,3, 0xDC4D,15, 0x6984,3, 0xDC4D,1,
    0xBB29,2, 0x6984,1, 0x4124,1, 0x18C5,31, 0x4124,1, 0x6984,1, 0xBB29,1, 0xDC4D,24,
    0xBB29,2, 0x6984,1, 0x4124,1, 0x18C5,31, 0x4124,1, 0x6984,1, 0xBB29,1, 0xDC4D,24,
    0xBB29,2, 0x6984,1, 0x4124,1, 0x18C5,31, 0x4124,1, 0x6984,1, 0xBB29,1, 0xDC4D,24,
    0xBB29,2, 0x6984,1, 0x4124,1, 0x18C5,31, 0x4124,1, 0x6984,1, 0xBB29,1, 0xDC4D,24,
    0xBB29,2, 0x6984,1, 0x4124,1, 0x18C5,31, 0x4124,1, 0x6984,1, 0xBB29,1, 0xDC4D,24,
    0xBB29,2, 0x6984,1, 0x4124,1, 0x18C5,31, 0x4124,1, 0x6984,1, 0xBB29,1, 0xDC4D,1,
    0xBB29,25, 0x6984,1, 0x4124,1, 0x18C5,31, 0x4124,1, 0x6984,1, 0xBB29,27, 0x6984,1,
    0x4124,1, 0x18C5,31, 0x4124,1, 0x6984,1, 0xBB29,27, 0x6984,1, 0x4124,1, 0x18C5,31,
    0x4124,1, 0x6984,2, 0xBB29,1, 0x6984,26, 0x4124,1, 0x18C5,31, 0x4124,1, 0x6984,29,
    0x4124,1, 0x18C5,31, 0x28E5,1, 0x4124,1, 0x6984,3, 0x4124,3, 0x6984,3, 0x4124,9,
    0x6984,3, 0x4124,3, 0x6984,3, 0x4124,1, 0x28E5,1, 0x18C5,33, 0xBB29,2, 0x6984,1,
    0x18C5,3, 0xBB29,2, 0x6984,1, 0x18C5,9, 0xBB29,2, 0x6984,1, 0x18C5,3, 0xBB29,2,
    0x6984,1, 0x18C5,35, 0xBB29,2, 0x6984,1, 0x18C5,3, 0xBB29,2, 0x6984,1, 0x18C5,9,
    0xBB29,2, 0x6984,1, 0x18C5,3, 0xBB29,2, 0x6984,1, 0x18C5,35, 0xBB29,2, 0x6984,1,
    0x18C5,3, 0xBB29,2, 0x6984,1, 0x18C5,9, 0xBB29,2, 0x6984,1, 0x18C5,3, 0xBB29,2,
    0x6984,1, 0x18C5,35, 0x6984,3, 0x18C5,3, 0x6984,3, 0x18C5,9, 0x6984,3, 0x18C5,3,
    0x6984,3, 0x18C5,35, 0x6984,3, 0x18C5,3, 0x6984,3, 0x18C5,9, 0x6984,3, 0x18C5,3,
    0x6984,3, 0x18C5,35, 0x4124,3, 0x18C5,3, 0x4124,3, 0x18C5,9, 0x4124,3, 0x18C5,3,
    0x4124,3, 0x18C5,1836, 0x10A4,21, 0x18C5,41, 0x10A4,21, 0x18C5,46, 0x10A5,12, 0x18C5,25,
    0x18C5,1926, 0x4124,7, 0x18C5,39, 0x4124,8, 0x18C5,8, 0x6984,7, 0x18C5,39, 0x6984,8,
    0x18C5,6, 0x4125,2, 0x6984,1, 0xBB29,5, 0x6984,1, 0x18C5,39, 0x6984,2, 0xBB29,4,
    0x6984,2, 0x4125,1, 0x18C5,5, 0x6984,3, 0xDC4D,5, 0x6984,1, 0x18C5,39, 0x6984,2,
    0xDC4D,4, 0x6984,3, 0x18C5,5, 0x6984,3, 0xBB29,2, 0xDC4D,3, 0x6984,1, 0x18C5,39,
    0x6984,2, 0xDC4D,3, 0xBB29,1, 0x6984,3, 0x18C5,5, 0x4125,3, 0x6984,2, 0xDC4D,3,
    0x6984,1, 0x18C5,1, 0x4124,1, 0x6984,35, 0x4124,1, 0x18C5,1, 0x6984,2, 0xDC4D,3,
    0x6984,1, 0x4125,3, 0x18C5,8, 0x6984,2, 0xDC4D,2, 0xBB29,1, 0x6984,1, 0x4124,1,
    0x5144,1, 0x6984,35, 0x5144,1, 0x4124,1, 0x6984,2, 0xDC4D,3, 0x6984,1, 0x18C5,11,
    0x6984,2, 0xDC4D,2, 0xBB29,1, 0x6984,5, 0xBB29,1, 0xF572,29, 0xBB29,1, 0x6984,6,
    0xDC4D,3, 0x6984,1, 0x18C5,8, 0x4125,3, 0xBB29,2, 0xDC4D,3, 0xBB29,5, 0xDC4D,1,
    0xFE98,2, 0xF572,1, 0xDC4D,26, 0xBB29,7, 0xDC4D,3, 0xBB29,1, 0x4125,3, 0x18C5,5,
    0x6984,3, 0xDC4D,2, 0xBB29,2, 0xDC4D,6, 0xF572,1, 0xFE98,2, 0xF572,1, 0xDC4D,32,
    0xBB29,4, 0xDC4D,1, 0x6984,3, 0x18C5,5, 0x6984,2, 0xBB29,6, 0xDC4D,41, 0xBB29,7,
    0x6984,1, 0x18C5,5, 0x4125,2, 0x6984,5, 0xBB29,1, 0xDC4D,10, 0xFFFF,2, 0x1882,1,
    0xDC4D,15, 0xFFFF,2, 0x1882,1, 0xDC4D,10, 0xBB29,1, 0x6984,6, 0x4125,1, 0x18C5,7,
    0x4124,5, 0x8268,1, 0xBB29,5, 0xDC4D,5, 0xFFFF,2, 0x1882,1, 0xDC4D,15, 0xFFFF,2,
    0x1882,1, 0xDC4D,4, 0xBB29,6, 0x8268,1, 0x4124,6, 0x18C5,13, 0x69E7,1, 0xBB29,5,
    0xDC4D,5, 0x1882,3, 0xDC4D,15, 0x1882,3, 0xDC4D,4, 0xBB29,6, 0x69E7,1, 0x18C5,19,
    0x5186,1, 0x6984,5, 0xBB29,1, 0xDC4D,4, 0x1882,3, 0xDC4D,15, 0x1882,3, 0xDC4D,4,
    0xBB29,1, 0x6984,5, 0x5186,1, 0x18C5,19, 0x28E5,1, 0x4124,2, 0x5144,1, 0x6984,1,
    0xBB29,1, 0xDC4D,5, 0x1882,3, 0xDC4D,15, 0x1882,3, 0xDC4D,4, 0xBB29,1, 0x6984,2,
    0x5144,1, 0x4124,2, 0x28E5,1, 0x18C5,22, 0x4124,1, 0x6984,1, 0xBB29,1, 0xDC4D,5,
    0x1882,3, 0xDC4D,15, 0x1882,3, 0xDC4D,4, 0xBB29,2, 0x6984,1, 0x4124,1, 0x18C5,25,
    0x4124,1, 0x6984,1, 0xBB29,1, 0xDC4D,30, 0xBB29,2, 0x6984,1, 0x4124,1, 0x18C5,25,
    0x4124,1, 0x6984,1, 0xBB29,1, 0xDC4D,30, 0xBB29,2, 0x6984,1, 0x4124,1, 0x18C5,25,
    0x4124,1, 0x6984,1, 0xBB29,1, 0xDC4D,30, 0xBB29,2, 0x6984,1, 0x4124,1, 0x18C5,25,
    0x4124,1, 0x6984,1, 0xBB29,33, 0x6984,1, 0x4124,1, 0x18C5,25, 0x4124,1, 0x6984,1,
    0xBB29,33, 0x6984,1, 0x4124,1, 0x18C5,25, 0x4124,1, 0x6984,1, 0xBB29,33, 0x6984,1,
    0x4124,1, 0x18C5,25, 0x4124,1, 0x6984,35, 0x4124,1, 0x18C5,25, 0x4124,1, 0x6984,35,
    0x4124,1, 0x18C5,30, 0xBB29,2, 0x6984,1, 0x18C5,3, 0xBB29,2, 0x6984,1, 0x18C5,9,
    0xBB29,2, 0x6984,1, 0x18C5,3, 0xBB29,2, 0x6984,1, 0x18C5,35, 0xBB29,2, 0x6984,1,
    0x18C5,3, 0xBB29,2, 0x6984,1, 0x18C5,9, 0xBB29,2, 0x6984,1, 0x18C5,3, 0xBB29,2,
    0x6984,1, 0x18C5,35, 0xBB29,2, 0x6984,1, 0x18C5,3, 0xBB29,2, 0x6984,1, 0x18C5,9,
    0xBB29,2, 0x6984,1, 0x18C5,3, 0xBB29,2, 0x6984,1, 0x18C5,35, 0xBB29,2, 0x6984,1,
    0x18C5,3, 0xBB29,2, 0x6984,1, 0x18C5,9, 0xBB29,2, 0x6984,1, 0x18C5,3, 0xBB29,2,
    0x6984,1, 0x18C5,35, 0x6984,3, 0x18C5,3, 0x6984,3, 0x18C5,9, 0x6984,3, 0x18C5,3,
    0x6984,3, 0x18C5,35, 0x6984,3, 0x18C5,3, 0x6984,3, 0x18C5,9, 0x6984,3, 0x18C5,3,
    0x6984,3, 0x18C5,278, 0x10A4,1, 0x1084,35, 0x10A4,1, 0x18C5,25, 0x10A4,1, 0x1084,35,
    0x10A4,1, 0x18C5,30, 0x18C6,1, 0x10A4,26, 0x18C6,1, 0x18C5,17, 0x18C5,2299, 0x28E5,1,
    0x4124,6, 0x28E5,1, 0x18C5,35, 0x28E5,1, 0x4124,7, 0x28E5,1, 0x18C5,10, 0x4125,1,
    0x6984,6, 0x4124,1, 0x18C5,35, 0x4124,1, 0x6984,7, 0x4125,1, 0x18C5,8, 0x28E5,1,
    0x4125,1, 0x69A5,1, 0xBB29,6, 0x4124,1, 0x18C5,35, 0x4124,1, 0x6984,1, 0xBB29,5,
    0x6984,1, 0x69A5,1, 0x28E5,1, 0x18C5,7, 0x4124,1, 0x6984,2, 0xBB29,1, 0xDC4D,4,
    0xBB29,1, 0x4124,1, 0x18C5,35, 0x4124,1, 0x6984,1, 0xBB29,1, 0xDC4D,3, 0xBB29,1,
    0x6984,2, 0x4124,1, 0x18C5,7, 0x4124,1, 0x6984,3, 0xBB29,2, 0xDC4D,2, 0xBB29,1,
    0x4124,1, 0x18C5,35, 0x4124,1, 0x6984,1, 0xBB29,1, 0xDC4D,2, 0xBB29,1, 0x6984,3,
    0x4124,1, 0x18C5,7, 0x28E5,1, 0x4125,2, 0x69A5,1, 0x6984,1, 0xBB29,1, 0xDC4D,2,
    0xBB29,1, 0x5144,1, 0x6984,35, 0x5144,1, 0x6984,1, 0xBB29,1, 0xDC4D,2, 0xBB29,1,
    0x69A5,1, 0x4125,2, 0x28E5,1, 0x18C5,10, 0x4125,1, 0x6984,1, 0xBB29,1, 0xDC4D,2,
    0x6984,39, 0xBB29,1, 0xDC4D,2, 0xBB29,1, 0x4125,1, 0x18C5,13, 0x4125,1, 0x6984,1,
    0xBB29,1, 0xDC4D,2, 0x6984,5, 0xF572,29, 0xBB29,1, 0x6984,5, 0xDC4D,2, 0xBB29,1,
    0x4125,1, 0x18C5,10, 0x28E5,1, 0x4125,2, 0x7A48,1, 0xBB29,1, 0xDC4D,3, 0xBB29,5,
    0xFE98,2, 0xF572,1, 0xDC4D,26, 0xBB29,6, 0xDC4D,3, 0x7A48,1, 0x4125,2, 0x28E5,1,
    0x18C5,7, 0x4124,1, 0x6984,2, 0xBB29,1, 0xDC4D,2, 0xBB29,2, 0xDC4D,5, 0xFE98,2,
    0xF572,1, 0xDC4D,31, 0xBB29,3, 0xDC4D,1, 0xBB29,1, 0x6984,2, 0x4124,1, 0x18C5,7,
    0x4124,1, 0x6984,2, 0xBB29,5, 0xDC4D,39, 0xBB29,6, 0x6984,1, 0x4124,1, 0x18C5,7,
    0x28E5,1, 0x4125,1, 0x69A5,1, 0x6984,5, 0xDC4D,9, 0xFFFF,2, 0x1882,1, 0xDC4D,15,
    0xFFFF,2, 0x1882,1, 0xDC4D,9, 0xBB29,1, 0x6984,5, 0x69A5,1, 0x28E5,1, 0x18C5,9,
    0x28E5,1, 0x4124,5, 0xBB29,5, 0xDC4D,4, 0xFFFF,2, 0x1882,1, 0xDC4D,15, 0xFFFF,2,
    0x1882,1, 0xDC4D,4, 0xBB29,5, 0x8268,1, 0x4124,5, 0x28E5,1, 0x18C5,16, 0xBB29,5,
    0xDC4D,4, 0x1882,3, 0xDC4D,15, 0x1882,3, 0xDC4D,4, 0xBB29,5, 0x69E7,1, 0x18C5,22,
    0x6984,5, 0xDC4D,4, 0x1882,3, 0xDC4D,15, 0x1882,3, 0xDC4D,4, 0xBB29,1, 0x6984,4,
    0x5186,1, 0x18C5,22, 0x4124,1, 0x5144,1, 0x6984,1, 0xBB29,2, 0xDC4D,4, 0x1882,3,
    0xDC4D,15, 0x1882,3, 0xDC4D,4, 0xBB29,1, 0x6984,2, 0x5144,1, 0x4124,1, 0x28E5,1,
    0x18C5,23, 0x4124,1, 0x6984,1, 0xBB29,1, 0xDC4D,5, 0x1882,3, 0xDC4D,15, 0x1882,3,
    0xDC4D,4, 0xBB29,2, 0x6984,1, 0x4124,1, 0x18C5,25, 0x4124,1, 0x6984,1, 0xBB29,1,
    0xDC4D,30, 0xBB29,2, 0x6984,1, 0x4124,1, 0x18C5,25, 0x4124,1, 0x6984,1, 0xBB29,1,
    0xDC4D,30, 0xBB29,2, 0x6984,1, 0x4124,1, 0x18C5,25, 0x4124,1, 0x6984,1, 0xBB29,1,
    0xDC4D,30, 0xBB29,2, 0x6984,1, 0x4124,1, 0x18C5,25, 0x4124,1, 0x6984,1, 0xBB29,33,
    0x6984,1, 0x4124,1, 0x18C5,25, 0x4124,1, 0x6984,1, 0xBB29,33, 0x6984,1, 0x4124,1,
    0x18C5,25, 0x4124,1, 0x6984,1, 0xBB29,33, 0x6984,1, 0x4124,1, 0x18C5,25, 0x4124,1,
    0x6984,35, 0x4124,1, 0x18C5,25, 0x4124,1, 0x6984,35, 0x4124,1, 0x18C5,30, 0xBB29,2,
    0x6984,1, 0x18C5,3, 0xBB29,2, 0x6984,1, 0x18C5,9, 0xBB29,2, 0x6984,1, 0x18C5,3,
    0xBB29,2, 0x6984,1, 0x18C5,35, 0xBB29,2, 0x6984,1, 0x18C5,3, 0xBB29,2, 0x6984,1,
    0x18C5,9, 0xBB29,2, 0x6984,1, 0x18C5,3, 0xBB29,2, 0x6984,1, 0x18C5,35, 0xBB29,2,
    0x6984,1, 0x18C5,3, 0xBB29,2, 0x6984,1, 0x18C5,9, 0xBB29,2, 0x6984,1, 0x18C5,3,
    0xBB29,2, 0x6984,1, 0x18C5,35, 0x6984,3, 0x18C5,3, 0x6984,3, 0x18C5,9, 0x6984,3,
    0x18C5,3, 0x6984,3, 0x18C5,30, 0x10A4,1, 0x1084,35, 0x10A4,1, 0x18C5,25, 0x10A4,1,
    0x1084,35, 0x10A4,1, 0x18C5,30, 0x18C6,1, 0x10A4,26, 0x18C6,1, 0x18C5,17, 0x18C5,66,
    0x4124,7, 0x18C5,39, 0x4124,8, 0x18C5,8, 0x6984,7, 0x18C5,39, 0x6984,8, 0x18C5,6,
    0x4125,2, 0x6984,1, 0xBB29,5, 0x6984,1, 0x18C5,39, 0x6984,2, 0xBB29,4, 0x6984,2,
    0x4125,1, 0x18C5,5, 0x6984,3, 0xDC4D,5, 0x6984,1, 0x18C5,39, 0x6984,2, 0xDC4D,4,
    0x6984,3, 0x18C5,5, 0x6984,3, 0xBB29,2, 0xDC4D,3, 0x6984,1, 0x18C5,39, 0x6984,2,
    0xDC4D,3, 0xBB29,1, 0x6984,3, 0x18C5,5, 0x4125,3, 0x6984,2, 0xDC4D,3, 0x6984,1,
    0x18C5,39, 0x6984,2, 0xDC4D,3, 0x6984,1, 0x4125,3, 0x18C5,8, 0x6984,2, 0xDC4D,3,
    0x6984,1, 0x18C5,39, 0x6984,2, 0xDC4D,3, 0x6984,1, 0x18C5,11, 0x6984,2, 0xDC4D,3,
    0x6984,1, 0x18C5,39, 0x6984,2, 0xDC4D,3, 0x6984,1, 0x18C5,8, 0x4125,3, 0xBB29,2,
    0xDC4D,3, 0x6984,1, 0x18C5,3, 0x6984,33, 0x18C5,3, 0x6984,2, 0xDC4D,3, 0xBB29,1,
    0x4125,3, 0x18C5,5, 0x6984,3, 0xDC4D,2, 0xBB29,3, 0x6984,1, 0x4124,3, 0x6984,33,
    0x4124,3, 0x6984,2, 0xBB29,3, 0xDC4D,1, 0x6984,3, 0x18C5,5, 0x6984,2, 0xBB29,5,
    0x6984,8, 0xBB29,1, 0xF572,26, 0x6984,8, 0xBB29,6, 0x6984,1, 0x18C5,5, 0x4125,2,
    0x6984,5, 0xBB29,8, 0xF572,1, 0xFE98,2, 0xDC4D,24, 0xBB29,8, 0x6984,6, 0x4125,1,
    0x18C5,7, 0x4124,5, 0x92EA,1, 0xDC4D,7, 0xF572,1, 0xFE98,2, 0xDC4D,32, 0x4124,6,
    0x18C5,13, 0x7A89,1, 0xDC4D,42, 0x18C5,19, 0x7A89,1, 0xDC4D,10, 0xFFFF,2, 0x1882,1,
    0xDC4D,15, 0xFFFF,2, 0x1882,1, 0xDC4D,11, 0x18C5,19, 0x7248,1, 0xBB29,7, 0xDC4D,3,
    0xFFFF,2, 0x1882,1, 0xDC4D,15, 0xFFFF,2, 0x1882,1, 0xDC4D,3, 0xBB29,8, 0x18C5,19,
    0x69E7,1, 0xBB29,8, 0xDC4D,2, 0x1882,3, 0xDC4D,15, 0x1882,3, 0xDC4D,3, 0xBB29,8,
    0x18C5,19, 0x5186,1, 0x6984,7, 0xBB29,1, 0xDC4D,2, 0x1882,3, 0xDC4D,15, 0x1882,3,
    0xDC4D,3, 0x6984,8, 0x18C5,19, 0x28E5,1, 0x4124,4, 0x6984,2, 0xBB29,2, 0xDC4D,2,
    0x1882,3, 0xDC4D,15, 0x1882,3, 0xDC4D,3, 0x6984,3, 0x4124,5, 0x18C5,24, 0x6984,2,
    0xF572,1, 0xDC4D,3, 0x1882,3, 0xDC4D,15, 0x1882,3, 0xDC4D,3, 0xBB29,2, 0x6984,1,
    0x18C5,29, 0x6984,2, 0xF572,1, 0xDC4D,27, 0xBB29,2, 0x6984,1, 0x18C5,29, 0x6984,2,
    0xF572,1, 0xDC4D,27, 0xBB29,2, 0x6984,1, 0x18C5,29, 0x6984,2, 0xF572,1, 0xDC4D,27,
    0xBB29,2, 0x6984,1, 0x18C5,29, 0x6984,2, 0xF572,1, 0xDC4D,27, 0xBB29,2, 0x6984,1,
    0x18C5,29, 0x6984,2, 0xF572,1, 0xDC4D,27, 0xBB29,2, 0x6984,1, 0x18C5,29, 0x6984,2,
    0xF572,1, 0xDC4D,27, 0xBB29,2, 0x6984,1, 0x18C5,29, 0x6984,2, 0xDC4D,1, 0xBB29,29,
    0x6984,1, 0x18C5,29, 0x6984,2, 0xDC4D,1, 0xBB29,29, 0x6984,1, 0x18C5,29, 0x6984,2,
    0xDC4D,1, 0xBB29,29, 0x6984,1, 0x18C5,29, 0x6984,33, 0x18C5,29, 0x6984,33, 0x18C5,32,
    0xBB29,2, 0x6984,1, 0x18C5,3, 0xBB29,2, 0x6984,1, 0x18C5,9, 0xBB29,2, 0x6984,1,
    0x18C5,3, 0xBB29,2, 0x6984,1, 0x18C5,35, 0xBB29,2, 0x6984,1, 0x18C5,3, 0xBB29,2,
    0x6984,1, 0x18C5,9, 0xBB29,2, 0x6984,1, 0x18C5,3, 0xBB29,2, 0x6984,1, 0x18C5,35,
    0xBB29,2, 0x6984,1, 0x18C5,3, 0xBB29,2, 0x6984,1, 0x18C5,9, 0xBB29,2, 0x6984,1,
    0x18C5,3, 0xBB29,2, 0x6984,1, 0x18C5,35, 0xBB29,2, 0x6984,1, 0x18C5,3, 0xBB29,2,
    0x6984,1, 0x18C5,9, 0xBB29,2, 0x6984,1, 0x18C5,3, 0xBB29,2, 0x6984,1, 0x18C5,35,
    0x6984,3, 0x18C5,3, 0x6984,3, 0x18C5,9, 0x6984,3, 0x18C5,3, 0x6984,3, 0x18C5,35,
    0x6984,3, 0x18C5,3, 0x6984,3, 0x18C5,9, 0x6984,3, 0x18C5,3, 0x6984,3, 0x18C5,1774,
    0x10A4,21, 0x18C5,41, 0x10A4,21, 0x18C5,46, 0x10A5,12, 0x18C5,25, 0x18C5,1369, 0x28E5,1,
    0x4124,6, 0x28E5,1, 0x18C5,35, 0x28E5,1, 0x4124,7, 0x28E5,1, 0x18C5,10, 0x4125,1,
    0x6984,6, 0x4124,1, 0x18C5,35, 0x4124,1, 0x6984,7, 0x4125,1, 0x18C5,8, 0x28E5,1,
    0x4125,1, 0x69A5,1, 0xBB29,6, 0x4124,1, 0x18C5,35, 0x4124,1, 0x6984,1, 0xBB29,5,
    0x6984,1, 0x69A5,1, 0x28E5,1, 0x18C5,7, 0x4124,1, 0x6984,2, 0xBB29,1, 0xDC4D,4,
    0xBB29,1, 0x4124,1, 0x18C5,35, 0x4124,1, 0x6984,1, 0xBB29,1, 0xDC4D,3, 0xBB29,1,
    0x6984,2, 0x4124,1, 0x18C5,7, 0x4124,1, 0x6984,3, 0xBB29,2, 0xDC4D,2, 0xBB29,1,
    0x4124,1, 0x18C5,35, 0x4124,1, 0x6984,1, 0xBB29,1, 0xDC4D,2, 0xBB29,1, 0x6984,3,
    0x4124,1, 0x18C5,7, 0x28E5,1, 0x4125,2, 0x69A5,1, 0x6984,1, 0xBB29,1, 0xDC4D,2,
    0xBB29,1, 0x4124,1, 0x18C5,1, 0x6984,33, 0x18C5,1, 0x4124,1, 0x6984,1, 0xBB29,1,
    0xDC4D,2, 0xBB29,1, 0x69A5,1, 0x4125,2, 0x28E5,1, 0x18C5,10, 0x4125,1, 0x6984,1,
    0xBB29,1, 0xDC4D,2, 0x6984,1, 0x5144,1, 0x4124,1, 0x6984,33, 0x4124,1, 0x5144,1,
    0x6984,1, 0xBB29,1, 0xDC4D,2, 0xBB29,1, 0x4125,1, 0x18C5,13, 0x4125,1, 0x6984,1,
    0xBB29,1, 0xDC4D,2, 0x6984,6, 0xF572,27, 0x6984,6, 0xBB29,1, 0xDC4D,2, 0xBB29,1,
    0x4125,1, 0x18C5,10, 0x28E5,1, 0x4125,2, 0x7A48,1, 0xBB29,1, 0xDC4D,3, 0xBB29,6,
    0xFE98,3, 0xDC4D,24, 0xBB29,7, 0xDC4D,3, 0x7A48,1, 0x4125,2, 0x28E5,1, 0x18C5,7,
    0x4124,1, 0x6984,2, 0xBB29,1, 0xDC4D,2, 0xBB29,2, 0xDC4D,6, 0xFE98,3, 0xDC4D,30,
    0xBB29,3, 0xDC4D,1, 0xBB29,1, 0x6984,2, 0x4124,1, 0x18C5,7, 0x4124,1, 0x6984,2,
    0xBB29,5, 0xDC4D,39, 0x6984,1, 0xBB29,5, 0x6984,1, 0x4124,1, 0x18C5,7, 0x28E5,1,
    0x4125,1, 0x69A5,1, 0x6984,5, 0xDC4D,9, 0xFFFF,2, 0x1882,1, 0xDC4D,15, 0xFFFF,2,
    0x1882,1, 0xDC4D,9, 0x6984,6, 0x69A5,1, 0x28E5,1, 0x18C5,9, 0x28E5,1, 0x4124,5,
    0xBB29,6, 0xDC4D,3, 0xFFFF,2, 0x1882,1, 0xDC4D,15, 0xFFFF,2, 0x1882,1, 0xDC4D,3,
    0xBB29,6, 0x4124,6, 0x28E5,1, 0x18C5,16, 0xBB29,6, 0xDC4D,3, 0x1882,3, 0xDC4D,15,
    0x1882,3, 0xDC4D,3, 0xBB29,6, 0x18C5,23, 0x6984,6, 0xDC4D,3, 0x1882,3, 0xDC4D,15,
    0x1882,3, 0xDC4D,3, 0x6984,6, 0x18C5,23, 0x4124,3, 0x6984,2, 0xBB29,1, 0xDC4D,3,
    0x1882,3, 0xDC4D,15, 0x1882,3, 0xDC4D,3, 0x6984,3, 0x4124,3, 0x18C5,26, 0x6984,2,
    0xF572,1, 0xDC4D,3, 0x1882,3, 0xDC4D,15, 0x1882,3, 0xDC4D,3, 0xBB29,2, 0x6984,1,
    0x18C5,29, 0x6984,2, 0xF572,1, 0xDC4D,27, 0xBB29,2, 0x6984,1, 0x18C5,29, 0x6984,2,
    0xF572,1, 0xDC4D,27, 0xBB29,2, 0x6984,1, 0x18C5,29, 0x6984,2, 0xF572,1, 0xDC4D,27,
    0xBB29,2, 0x6984,1, 0x18C5,29, 0x6984,2, 0xF572,1, 0xDC4D,27, 0xBB29,2, 0x6984,1,
    0x18C5,29, 0x6984,2, 0xF572,1, 0xDC4D,27, 0xBB29,2, 0x6984,1, 0x18C5,29, 0x6984,2,
    0xDC4D,1, 0xBB29,29, 0x6984,1, 0x18C5,29, 0x6984,2, 0xDC4D,1, 0xBB29,29, 0x6984,1,
    0x18C5,29, 0x6984,2, 0xDC4D,1, 0xBB29,29, 0x6984,1, 0x18C5,29, 0x6984,33, 0x18C5,32,
    0xBB29,2, 0x6984,1, 0x18C5,3, 0xBB29,2, 0x6984,1, 0x18C5,9, 0xBB29,2, 0x6984,1,
    0x18C5,3, 0xBB29,2, 0x6984,1, 0x18C5,35, 0xBB29,2, 0x6984,1, 0x18C5,3, 0xBB29,2,
    0x6984,1, 0x18C5,9, 0xBB29,2, 0x6984,1, 0x18C5,3, 0xBB29,2, 0x6984,1, 0x18C5,35,
    0xBB29,2, 0x6984,1, 0x18C5,3, 0xBB29,2, 0x6984,1, 0x18C5,9, 0xBB29,2, 0x6984,1,
    0x18C5,3, 0xBB29,2, 0x6984,1, 0x18C5,35, 0xBB29,2, 0x6984,1, 0x18C5,3, 0xBB29,2,
    0x6984,1, 0x18C5,9, 0xBB29,2, 0x6984,1, 0x18C5,3, 0xBB29,2, 0x6984,1, 0x18C5,35,
    0x6984,3, 0x18C5,3, 0x6984,3, 0x18C5,9, 0x6984,3, 0x18C5,3, 0x6984,3, 0x18C5,35,
    0x6984,3, 0x18C5,3, 0x6984,3, 0x18C5,9, 0x6984,3, 0x18C5,3, 0x6984,3, 0x18C5,35,
    0x4124,3, 0x18C5,3, 0x4124,3, 0x18C5,9, 0x4124,3, 0x18C5,3, 0x4124,3, 0x18C5,717,
    0x10A4,27, 0x18C5,35, 0x10A4,27, 0x18C5,40, 0x10A5,18, 0x18C5,22, 0x18C5,2671, 0x28E5,1,
    0x4124,6, 0x28E5,1, 0x18C5,35, 0x28E5,1, 0x4124,7, 0x28E5,1, 0x18C5,10, 0x4125,1,
    0x6984,6, 0x4124,1, 0x18C5,35, 0x4124,1, 0x6984,7, 0x4125,1, 0x18C5,8, 0x28E5,1,
    0x4125,1, 0x69A5,1, 0xBB29,6, 0x4124,1, 0x18C5,35, 0x4124,1, 0x6984,1, 0xBB29,5,
    0x6984,1, 0x69A5,1, 0x28E5,1, 0x18C5,7, 0x4124,1, 0x6984,2, 0xBB29,1, 0xDC4D,4,
    0xBB29,1, 0x4924,1, 0x4124,35, 0x4924,1, 0x6984,1, 0xBB29,1, 0xDC4D,3, 0xBB29,1,
    0x6984,2, 0x4124,1, 0x18C5,7, 0x4124,1, 0x6984,3, 0xBB29,2, 0xDC4D,2, 0xBB29,1,
    0x5144,1, 0x6984,35, 0x5144,1, 0x6984,1, 0xBB29,1, 0xDC4D,2, 0xBB29,1, 0x6984,3,
    0x4124,1, 0x18C5,7, 0x28E5,1, 0x4125,2, 0x69A5,1, 0x6984,1, 0xBB29,1, 0xDC4D,2,
    0x6984,5, 0xBB29,29, 0x6984,6, 0xDC4D,2, 0xBB29,1, 0x69A5,1, 0x4125,2, 0x28E5,1,
    0x18C5,10, 0x4125,1, 0x6984,1, 0xBB29,1, 0xDC4D,2, 0x6984,5, 0xF572,3, 0xDC4D,26,
    0xBB29,1, 0x6984,5, 0xDC4D,2, 0xBB29,1, 0x4125,1, 0x18C5,13, 0x4125,1, 0x6984,1,
    0xBB29,1, 0xDC4D,2, 0xF572,5, 0xFE98,2, 0xF572,1, 0xDC4D,27, 0xF572,4, 0xDC4D,3,
    0xBB29,1, 0x4125,1, 0x18C5,10, 0x28E5,1, 0x4125,2, 0x7A48,1, 0xBB29,1, 0xDC4D,8,
    0xF572,3, 0xDC4D,31, 0xBB29,1, 0xDC4D,3, 0x7A48,1, 0x4125,2, 0x28E5,1, 0x18C5,7,
    0x4124,1, 0x6984,2, 0xBB29,1, 0xDC4D,2, 0xBB29,2, 0xDC4D,9, 0xFE98,2, 0x6984,1,
    0xDC4D,15, 0xFE98,2, 0x6984,1, 0xDC4D,9, 0xBB29,3, 0xDC4D,1, 0xBB29,1, 0x6984,2,
    0x4124,1, 0x18C5,7, 0x4124,1, 0x6984,2, 0xBB29,5, 0xDC4D,9, 0xFFFF,2, 0x1882,1,
    0xDC4D,15, 0xFFFF,2, 0x1882,1, 0xDC4D,9, 0xBB29,6, 0x6984,1, 0x4124,1, 0x18C5,7,
    0x28E5,1, 0x4125,1, 0x69A5,1, 0x6984,5, 0xBB29,5, 0xDC4D,4, 0xBB29,2, 0x1882,1,
    0xDC4D,15, 0xBB29,2, 0x1882,1, 0xDC4D,4, 0xBB29,6, 0x6984,5, 0x69A5,1, 0x28E5,1,
    0x18C5,9, 0x28E5,1, 0x4124,5, 0xBB29,5, 0xDC4D,4, 0x1882,3, 0xDC4D,15, 0x1882,3,
    0xDC4D,4, 0xBB29,5, 0x7A27,1, 0x4124,5, 0x28E5,1, 0x18C5,16, 0x6984,5, 0xDC4D,4,
    0x1882,3, 0xDC4D,15, 0x1882,3, 0xDC4D,4, 0xBB29,1, 0x6984,4, 0x4124,1, 0x18C5,23,
    0x4124,1, 0x6984,1, 0xBB29,1, 0xDC4D,5, 0x1882,3, 0xDC4D,15, 0x1882,3, 0xDC4D,4,
    0xBB29,2, 0x6984,1, 0x4124,1, 0x18C5,25, 0x4124,1, 0x6984,1, 0xBB29,1, 0xDC4D,5,
    0x6984,3, 0xDC4D,15, 0x6984,3, 0xDC4D,4, 0xBB29,2, 0x6984,1, 0x4124,1, 0x18C5,25,
    0x4124,1, 0x6984,1, 0xBB29,1, 0xDC4D,30, 0xBB29,2, 0x6984,1, 0x4124,1, 0x18C5,25,
    0x4124,1, 0x6984,1, 0xBB29,1, 0xDC4D,30, 0xBB29,2, 0x6984,1, 0x4124,1, 0x18C5,25,
    0x4124,1, 0x6984,1, 0xBB29,1, 0xDC4D,1, 0xBB29,31, 0x6984,1, 0x4124,1, 0x18C5,25,
    0x4124,1, 0x6984,1, 0xBB29,33, 0x6984,1, 0x4124,1, 0x18C5,25, 0x4124,1, 0x6984,1,
    0xBB29,33, 0x6984,1, 0x4124,1, 0x18C5,25, 0x4124,1, 0x6984,2, 0xBB29,1, 0x6984,32,
    0x4124,1, 0x18C5,25, 0x4124,1, 0x6984,35, 0x4124,1, 0x18C5,22, 0x10A4,1, 0x1083,2,
    0x20C3,1, 0x3903,35, 0x20C3,1, 0x1083,2, 0x10A4,1, 0x18C5,19, 0x10A4,1, 0x1083,41,
    0x10A4,1, 0x18C5,24, 0x10A5,1, 0x10A4,32, 0x10A5,1, 0x18C5,14, 0x18C5,438, 0x4124,7,
    0x18C5,39, 0x4124,8, 0x18C5,8, 0x6984,7, 0x18C5,39, 0x6984,8, 0x18C5,6, 0x4125,2,
    0x6984,1, 0xBB29,5, 0x6984,1, 0x18C5,39, 0x6984,2, 0xBB29,4, 0x6984,2, 0x4125,1,
    0x18C5,5, 0x6984,3, 0xDC4D,5, 0x6984,1, 0x18C5,39, 0x6984,2, 0xDC4D,4, 0x6984,3,
    0x18C5,5, 0x6984,3, 0xBB29,2, 0xDC4D,3, 0x6984,1, 0x18C5,39, 0x6984,2, 0xDC4D,3,
    0xBB29,1, 0x6984,3, 0x18C5,5, 0x4125,3, 0x6984,2, 0xDC4D,3, 0x6984,1, 0x18C5,39,
    0x6984,2, 0xDC4D,3, 0x6984,1, 0x4125,3, 0x18C5,8, 0x6984,2, 0xDC4D,3, 0x6984,1,
    0x18C5,3, 0x4124,33, 0x18C5,3, 0x6984,2, 0xDC4D,3, 0x6984,1, 0x18C5,11, 0x6984,2,
    0xDC4D,3, 0x6984,1, 0x18C5,3, 0x6984,33, 0x18C5,3, 0x6984,2, 0xDC4D,3, 0x6984,1,
    0x18C5,8, 0x4125,3, 0xBB29,2, 0xDC4D,2, 0xBB29,1, 0x6984,7, 0xBB29,27, 0x6984,8,
    0xDC4D,3, 0xBB29,1, 0x4125,3, 0x18C5,5, 0x6984,3, 0xDC4D,2, 0xBB29,3, 0x6984,7,
    0xBB29,1, 0xF572,2, 0xDC4D,24, 0x6984,8, 0xBB29,3, 0xDC4D,1, 0x6984,3, 0x18C5,5,
    0x6984,2, 0xBB29,5, 0xDC4D,1, 0xF572,8, 0xFE98,2, 0xDC4D,24, 0xF572,8, 0xBB29,6,
    0x6984,1, 0x18C5,5, 0x4125,2, 0x6984,5, 0xBB29,1, 0xDC4D,7, 0xF572,3, 0xDC4D,32,
    0x6984,6, 0x4125,1, 0x18C5,7, 0x4124,5, 0x92A9,1, 0xDC4D,10, 0xFE98,2, 0x6984,1,
    0xDC4D,15, 0xFE98,2, 0x6984,1, 0xDC4D,11, 0x4124,6, 0x18C5,13, 0x7A89,1, 0xDC4D,10,
    0xFFFF,2, 0x1882,1, 0xDC4D,15, 0xFFFF,2, 0x1882,1, 0xDC4D,11, 0x18C5,19, 0x69E7,1,
    0xBB29,8, 0xDC4D,2, 0xBB29,2, 0x1882,1, 0xDC4D,15, 0xBB29,2, 0x1882,1, 0xDC4D,3,
    0xBB29,8, 0x18C5,19, 0x69E7,1, 0xBB29,8, 0xDC4D,2, 0x1882,3, 0xDC4D,15, 0x1882,3,
    0xDC4D,3, 0xBB29,8, 0x18C5,19, 0x4124,1, 0x6984,7, 0xBB29,1, 0xDC4D,2, 0x1882,3,
    0xDC4D,15, 0x1882,3, 0xDC4D,3, 0x6984,8, 0x18C5,24, 0x6984,2, 0xF572,1, 0xDC4D,3,
    0x1882,3, 0xDC4D,15, 0x1882,3, 0xDC4D,3, 0xBB29,2, 0x6984,1, 0x18C5,29, 0x6984,2,
    0xF572,1, 0xDC4D,3, 0x6984,3, 0xDC4D,15, 0x6984,3, 0xDC4D,3, 0xBB29,2, 0x6984,1,
    0x18C5,29, 0x6984,2, 0xF572,1, 0xDC4D,27, 0xBB29,2, 0x6984,1, 0x18C5,29, 0x6984,2,
    0xF572,1, 0xDC4D,27, 0xBB29,2, 0x6984,1, 0x18C5,29, 0x6984,2, 0xF572,1, 0xDC4D,27,
    0xBB29,2, 0x6984,1, 0x18C5,29, 0x6984,2, 0xF572,1, 0xDC4D,27, 0xBB29,2, 0x6984,1,
    0x18C5,29, 0x6984,2, 0xDC4D,1, 0xBB29,29, 0x6984,1, 0x18C5,29, 0x6984,2, 0xDC4D,1,
    0xBB29,29, 0x6984,1, 0x18C5,29, 0x6984,2, 0xDC4D,1, 0xBB29,29, 0x6984,1, 0x18C5,29,
    0x6984,2, 0xBB29,1, 0x6984,30, 0x18C5,29, 0x4124,3, 0x6984,3, 0x4124,3, 0x6984,3,
    0x4124,9, 0x6984,3, 0x4124,3, 0x6984,3, 0x4124,3, 0x18C5,32, 0xBB29,2, 0x6984,1,
    0x18C5,3, 0xBB29,2, 0x6984,1, 0x18C5,9, 0xBB29,2, 0x6984,1, 0x18C5,3, 0xBB29,2,
    0x6984,1, 0x18C5,35, 0xBB29,2, 0x6984,1, 0x18C5,3, 0xBB29,2, 0x6984,1, 0x18C5,9,
    0xBB29,2, 0x6984,1, 0x18C5,3, 0xBB29,2, 0x6984,1, 0x18C5,35, 0xBB29,2, 0x6984,1,
    0x18C5,3, 0xBB29,2, 0x6984,1, 0x18C5,9, 0xBB29,2, 0x6984,1, 0x18C5,3, 0xBB29,2,
    0x6984,1, 0x18C5,35, 0xBB29,2, 0x6984,1, 0x18C5,3, 0xBB29,2, 0x6984,1, 0x18C5,9,
    0xBB29,2, 0x6984,1, 0x18C5,3, 0xBB29,2, 0x6984,1, 0x18C5,35, 0x6984,3, 0x18C5,3,
    0x6984,3, 0x18C5,9, 0x6984,3, 0x18C5,3, 0x6984,3, 0x18C5,35, 0x6984,3, 0x18C5,3,
    0x6984,3, 0x18C5,9, 0x6984,3, 0x18C5,3, 0x6984,3, 0x18C5,1588, 0x10A4,21, 0x18C5,41,
    0x10A4,21, 0x18C5,46, 0x10A5,12, 0x18C5,25, 0x18C5,811, 0x28E5,1, 0x4124,6, 0x28E5,1,
    0x18C5,35, 0x28E5,1, 0x4124,7, 0x28E5,1, 0x18C5,10, 0x4125,1, 0x6984,6, 0x4124,1,
    0x18C5,35, 0x4124,1, 0x6984,7, 0x4125,1, 0x18C5,8, 0x28E5,1, 0x4125,1, 0x69A5,1,
    0xBB29,6, 0x4124,1, 0x18C5,35, 0x4124,1, 0x6984,1, 0xBB29,5, 0x6984,1, 0x69A5,1,
    0x28E5,1, 0x18C5,7, 0x4124,1, 0x6984,2, 0xBB29,1, 0xDC4D,4, 0xBB29,1, 0x4124,1,
    0x18C5,35, 0x4124,1, 0x6984,1, 0xBB29,1, 0xDC4D,3, 0xBB29,1, 0x6984,2, 0x4124,1,
    0x18C5,7, 0x4124,1, 0x6984,3, 0xBB29,2, 0xDC4D,2, 0xBB29,1, 0x4124,1, 0x18C5,35,
    0x4124,1, 0x6984,1, 0xBB29,1, 0xDC4D,2, 0xBB29,1, 0x6984,3, 0x4124,1, 0x18C5,7,
    0x28E5,1, 0x4125,2, 0x69A5,1, 0x6984,1, 0xBB29,1, 0xDC4D,2, 0xBB29,1, 0x4124,1,
    0x18C5,35, 0x4124,1, 0x6984,1, 0xBB29,1, 0xDC4D,2, 0xBB29,1, 0x69A5,1, 0x4125,2,
    0x28E5,1, 0x18C5,10, 0x4125,1, 0x6984,1, 0xBB29,1, 0xDC4D,2, 0xBB29,1, 0x4124,1,
    0x18C5,1, 0x4124,33, 0x18C5,1, 0x4124,1, 0x6984,1, 0xBB29,1, 0xDC4D,2, 0xBB29,1,
    0x4125,1, 0x18C5,13, 0x4125,1, 0x6984,1, 0xBB29,1, 0xDC4D,2, 0xBB29,1, 0x4124,1,
    0x18C5,1, 0x6984,33, 0x18C5,1, 0x4124,1, 0x6984,1, 0xBB29,1, 0xDC4D,2, 0xBB29,1,
    0x4125,1, 0x18C5,10, 0x28E5,1, 0x4125,2, 0x7A48,1, 0xBB29,1, 0xDC4D,3, 0x6984,6,
    0xBB29,27, 0x6984,6, 0xBB29,1, 0xDC4D,3, 0x7A48,1, 0x4125,2, 0x28E5,1, 0x18C5,7,
    0x4124,1, 0x6984,2, 0xBB29,1, 0xDC4D,2, 0xBB29,2, 0x6984,6, 0xF572,3, 0xDC4D,24,
    0x6984,6, 0xBB29,3, 0xDC4D,1, 0xBB29,1, 0x6984,2, 0x4124,1, 0x18C5,7, 0x4124,1,
    0x6984,2, 0xBB29,5, 0xF572,6, 0xFE98,3, 0xDC4D,24, 0xF572,6, 0x6984,1, 0xBB29,5,
    0x6984,1, 0x4124,1, 0x18C5,7, 0x28E5,1, 0x4125,1, 0x69A5,1, 0x6984,5, 0xDC4D,6,
    0xF572,3, 0xDC4D,30, 0x6984,6, 0x69A5,1, 0x28E5,1, 0x18C5,9, 0x28E5,1, 0x4124,5,
    0xDC4D,9, 0xFE98,2, 0x6984,1, 0xDC4D,15, 0xFE98,2, 0x6984,1, 0xDC4D,9, 0x4124,6,
    0x28E5,1, 0x18C5,16, 0xDC4D,9, 0xFFFF,2, 0x1882,1, 0xDC4D,15, 0xFFFF,2, 0x1882,1,
    0xDC4D,9, 0x18C5,23, 0xBB29,6, 0xDC4D,3, 0xBB29,2, 0x1882,1, 0xDC4D,15, 0xBB29,2,
    0x1882,1, 0xDC4D,3, 0xBB29,6, 0x18C5,23, 0xBB29,6, 0xDC4D,3, 0x1882,3, 0xDC4D,15,
    0x1882,3, 0xDC4D,3, 0xBB29,6, 0x18C5,23, 0x6984,6, 0xDC4D,3, 0x1882,3, 0xDC4D,15,
    0x1882,3, 0xDC4D,3, 0x6984,6, 0x18C5,26, 0x6984,2, 0xF572,1, 0xDC4D,3, 0x1882,3,
    0xDC4D,15, 0x1882,3, 0xDC4D,3, 0xBB29,2, 0x6984,1, 0x18C5,29, 0x6984,2, 0xF572,1,
    0xDC4D,3, 0x6984,3, 0xDC4D,15, 0x6984,3, 0xDC4D,3, 0xBB29,2, 0x6984,1, 0x18C5,29,
    0x6984,2, 0xF572,1, 0xDC4D,27, 0xBB29,2, 0x6984,1, 0x18C5,29, 0x6984,2, 0xF572,1,
    0xDC4D,27, 0xBB29,2, 0x6984,1, 0x18C5,29, 0x6984,2, 0xF572,1, 0xDC4D,27, 0xBB29,2,
    0x6984,1, 0x18C5,29, 0x6984,2, 0xF572,1, 0xDC4D,27, 0xBB29,2, 0x6984,1, 0x18C5,29,
    0x6984,2, 0xDC4D,1, 0xBB29,29, 0x6984,1, 0x18C5,29, 0x6984,2, 0xDC4D,1, 0xBB29,29,
    0x6984,1, 0x18C5,29, 0x6984,2, 0xDC4D,1, 0xBB29,29, 0x6984,1, 0x18C5,29, 0x6984,2,
    0xBB29,1, 0x6984,30, 0x18C5,29, 0x4124,3, 0x6984,3, 0x4124,3, 0x6984,3, 0x4124,9,
    0x6984,3, 0x4124,3, 0x6984,3, 0x4124,3, 0x18C5,32, 0xBB29,2, 0x6984,1, 0x18C5,3,
    0xBB29,2, 0x6984,1, 0x18C5,9, 0xBB29,2, 0x6984,1, 0x18C5,3, 0xBB29,2, 0x6984,1,
    0x18C5,35, 0xBB29,2, 0x6984,1, 0x18C5,3, 0xBB29,2, 0x6984,1, 0x18C5,9, 0xBB29,2,
    0x6984,1, 0x18C5,3, 0xBB29,2, 0x6984,1, 0x18C5,35, 0xBB29,2, 0x6984,1, 0x18C5,3,
    0xBB29,2, 0x6984,1, 0x18C5,9, 0xBB29,2, 0x6984,1, 0x18C5,3, 0xBB29,2, 0x6984,1,
    0x18C5,35, 0xBB29,2, 0x6984,1, 0x18C5,3, 0xBB29,2, 0x6984,1, 0x18C5,9, 0xBB29,2,
    0x6984,1, 0x18C5,3, 0xBB29,2, 0x6984,1, 0x18C5,35, 0x6984,3, 0x18C5,3, 0x6984,3,
    0x18C5,9, 0x6984,3, 0x18C5,3, 0x6984,3, 0x18C5,35, 0x6984,3, 0x18C5,3, 0x6984,3,
    0x18C5,9, 0x6984,3, 0x18C5,3, 0x6984,3, 0x18C5,1213, 0x10A4,27, 0x18C5,35, 0x10A4,27,
    0x18C5,40, 0x10A5,18, 0x18C5,22, 0x18C5,2671, 0x28E5,1, 0x4124,6, 0x28E5,1, 0x18C5,35,
    0x28E5,1, 0x4124,7, 0x28E5,1, 0x18C5,10, 0x4125,1, 0x6984,6, 0x4124,1, 0x18C5,35,
    0x4124,1, 0x6984,7, 0x4125,1, 0x18C5,8, 0x28E5,1, 0x4125,1, 0x69A5,1, 0xBB29,6,
    0x4124,1, 0x18C5,35, 0x4124,1, 0x6984,1, 0xBB29,5, 0x6984,1, 0x69A5,1, 0x28E5,1,
    0x18C5,7, 0x4124,1, 0x6984,2, 0xBB29,1, 0xDC4D,4, 0xBB29,1, 0x4924,1, 0x4124,35,
    0x4924,1, 0x6984,1, 0xBB29,1, 0xDC4D,3, 0xBB29,1, 0x6984,2, 0x4124,1, 0x18C5,7,
    0x4124,1, 0x6984,3, 0xBB29,2, 0xDC4D,2, 0xBB29,1, 0x5144,1, 0x6984,35, 0x5144,1,
    0x6984,1, 0xBB29,1, 0xDC4D,2, 0xBB29,1, 0x6984,3, 0x4124,1, 0x18C5,7, 0x28E5,1,
    0x4125,2, 0x69A5,1, 0x6984,1, 0xBB29,1, 0xDC4D,2, 0x6984,5, 0xBB29,29, 0x6984,6,
    0xDC4D,2, 0xBB29,1, 0x69A5,1, 0x4125,2, 0x28E5,1, 0x18C5,10, 0x4125,1, 0x6984,1,
    0xBB29,1, 0xDC4D,2, 0x6984,5, 0xF572,3, 0xDC4D,26, 0xBB29,1, 0x6984,5, 0xDC4D,2,
    0xBB29,1, 0x4125,1, 0x18C5,13, 0x4125,1, 0x6984,1, 0xBB29,1, 0xDC4D,2, 0xF572,5,
    0xFE98,2, 0xF572,1, 0xDC4D,27, 0xF572,4, 0xDC4D,3, 0xBB29,1, 0x4125,1, 0x18C5,10,
    0x28E5,1, 0x4125,2, 0x7A48,1, 0xBB29,1, 0xDC4D,8, 0xF572,3, 0xDC4D,31, 0xBB29,1,
    0xDC4D,3, 0x7A48,1, 0x4125,2, 0x28E5,1, 0x18C5,7, 0x4124,1, 0x6984,2, 0xBB29,1,
    0xDC4D,2, 0xBB29,2, 0xDC4D,9, 0xFE98,2, 0x6984,1, 0xDC4D,15, 0xFE98,2, 0x6984,1,
    0xDC4D,9, 0xBB29,3, 0xDC4D,1, 0xBB29,1, 0x6984,2, 0x4124,1, 0x18C5,7, 0x4124,1,
    0x6984,2, 0xBB29,5, 0xDC4D,9, 0xFFFF,2, 0x1882,1, 0xDC4D,15, 0xFFFF,2, 0x1882,1,
    0xDC4D,9, 0xBB29,6, 0x6984,1, 0x4124,1, 0x18C5,7, 0x28E5,1, 0x4125,1, 0x69A5,1,
    0x6984,5, 0xBB29,5, 0xDC4D,4, 0xBB29,2, 0x1882,1, 0xDC4D,15, 0xBB29,2, 0x1882,1,
    0xDC4D,4, 0xBB29,6, 0x6984,5, 0x69A5,1, 0x28E5,1, 0x18C5,9, 0x28E5,1, 0x4124,5,
    0xBB29,5, 0xDC4D,4, 0x1882,3, 0xDC4D,15, 0x1882,3, 0xDC4D,4, 0xBB29,5, 0x7A27,1,
    0x4124,5, 0x28E5,1, 0x18C5,16, 0x6984,5, 0xDC4D,4, 0x1882,3, 0xDC4D,15, 0x1882,3,
    0xDC4D,4, 0xBB29,1, 0x6984,4, 0x4124,1, 0x18C5,23, 0x4124,1, 0x6984,1, 0xBB29,1,
    0xDC4D,5, 0x1882,3, 0xDC4D,15, 0x1882,3, 0xDC4D,4, 0xBB29,2, 0x6984,1, 0x4124,1,
    0x18C5,25, 0x4124,1, 0x6984,1, 0xBB29,1, 0xDC4D,5, 0x6984,3, 0xDC4D,15, 0x6984,3,
    0xDC4D,4, 0xBB29,2, 0x6984,1, 0x4124,1, 0x18C5,25, 0x4124,1, 0x6984,1, 0xBB29,1,
    0xDC4D,30, 0xBB29,2, 0x6984,1, 0x4124,1, 0x18C5,25, 0x4124,1, 0x6984,1, 0xBB29,1,
    0xDC4D,30, 0xBB29,2, 0x6984,1, 0x4124,1, 0x18C5,25, 0x4124,1, 0x6984,1, 0xBB29,1,
    0xDC4D,1, 0xBB29,31, 0x6984,1, 0x4124,1, 0x18C5,25, 0x4124,1, 0x6984,1, 0xBB29,33,
    0x6984,1, 0x4124,1, 0x18C5,25, 0x4124,1, 0x6984,1, 0xBB29,33, 0x6984,1, 0x4124,1,
    0x18C5,25, 0x4124,1, 0x6984,2, 0xBB29,1, 0x6984,32, 0x4124,1, 0x18C5,25, 0x4124,1,
    0x6984,35, 0x4124,1, 0x18C5,22, 0x10A4,1, 0x1083,2, 0x20C3,1, 0x3903,35, 0x20C3,1,
    0x1083,2, 0x10A4,1, 0x18C5,19, 0x10A4,1, 0x1083,41, 0x10A4,1, 0x18C5,24, 0x10A5,1,
    0x10A4,32, 0x10A5,1, 0x18C5,14, 0x18C5,811, 0x28E5,1, 0x4124,6, 0x28E5,1, 0x18C5,35,
    0x28E5,1, 0x4124,7, 0x28E5,1, 0x18C5,10, 0x4125,1, 0x6984,6, 0x4124,1, 0x18C5,35,
    0x4124,1, 0x6984,7, 0x4125,1, 0x18C5,8, 0x28E5,1, 0x4125,1, 0x69A5,1, 0xBB29,6,
    0x4124,1, 0x18C5,35, 0x4124,1, 0x6984,1, 0xBB29,5, 0x6984,1, 0x69A5,1, 0x28E5,1,
    0x18C5,7, 0x4124,1, 0x6984,2, 0xBB29,1, 0xDC4D,4, 0xBB29,1, 0x4124,1, 0x18C5,35,
    0x4124,1, 0x6984,1, 0xBB29,1, 0xDC4D,3, 0xBB29,1, 0x6984,2, 0x4124,1, 0x18C5,7,
    0x4124,1, 0x6984,3, 0xBB29,2, 0xDC4D,2, 0xBB29,1, 0x4124,1, 0x18C5,35, 0x4124,1,
    0x6984,1, 0xBB29,1, 0xDC4D,2, 0xBB29,1, 0x6984,3, 0x4124,1, 0x18C5,7, 0x28E5,1,
    0x4125,2, 0x69A5,1, 0x6984,1, 0xBB29,1, 0xDC4D,2, 0xBB29,1, 0x4124,1, 0x18C5,35,
    0x4124,1, 0x6984,1, 0xBB29,1, 0xDC4D,2, 0xBB29,1, 0x69A5,1, 0x4125,2, 0x28E5,1,
    0x18C5,10, 0x4125,1, 0x6984,1, 0xBB29,1, 0xDC4D,2, 0xBB29,1, 0x4124,1, 0x18C5,1,
    0x4124,33, 0x18C5,1, 0x4124,1, 0x6984,1, 0xBB29,1, 0xDC4D,2, 0xBB29,1, 0x4125,1,
    0x18C5,13, 0x4125,1, 0x6984,1, 0xBB29,1, 0xDC4D,2, 0xBB29,1, 0x4124,1, 0x18C5,1,
    0x6984,33, 0x18C5,1, 0x4124,1, 0x6984,1, 0xBB29,1, 0xDC4D,2, 0xBB29,1, 0x4125,1,
    0x18C5,10, 0x28E5,1, 0x4125,2, 0x7A48,1, 0xBB29,1, 0xDC4D,3, 0x6984,6, 0xBB29,27,
    0x6984,6, 0xBB29,1, 0xDC4D,3, 0x7A48,1, 0x4125,2, 0x28E5,1, 0x18C5,7, 0x4124,1,
    0x6984,2, 0xBB29,1, 0xDC4D,2, 0xBB29,2, 0x6984,6, 0xF572,3, 0xDC4D,24, 0x6984,6,
    0xBB29,3, 0xDC4D,1, 0xBB29,1, 0x6984,2, 0x4124,1, 0x18C5,7, 0x4124,1, 0x6984,2,
    0xBB29,5, 0xF572,6, 0xFE98,3, 0xDC4D,24, 0xF572,6, 0x6984,1, 0xBB29,5, 0x6984,1,
    0x4124,1, 0x18C5,7, 0x28E5,1, 0x4125,1, 0x69A5,1, 0x6984,5, 0xDC4D,6, 0xF572,3,
    0xDC4D,30, 0x6984,6, 0x69A5,1, 0x28E5,1, 0x18C5,9, 0x28E5,1, 0x4124,5, 0xDC4D,9,
    0xFE98,2, 0x6984,1, 0xDC4D,15, 0xFE98,2, 0x6984,1, 0xDC4D,9, 0x4124,6, 0x28E5,1,
    0x18C5,16, 0xDC4D,9, 0xFFFF,2, 0x1882,1, 0xDC4D,15, 0xFFFF,2, 0x1882,1, 0xDC4D,9,
    0x18C5,23, 0xBB29,6, 0xDC4D,3, 0xBB29,2, 0x1882,1, 0xDC4D,15, 0xBB29,2, 0x1882,1,
    0xDC4D,3, 0xBB29,6, 0x18C5,23, 0xBB29,6, 0xDC4D,3, 0x1882,3, 0xDC4D,15, 0x1882,3,
    0xDC4D,3, 0xBB29,6, 0x18C5,23, 0x6984,6, 0xDC4D,3, 0x1882,3, 0xDC4D,15, 0x1882,3,
    0xDC4D,3, 0x6984,6, 0x18C5,26, 0x6984,2, 0xF572,1, 0xDC4D,3, 0x1882,3, 0xDC4D,15,
    0x1882,3, 0xDC4D,3, 0xBB29,2, 0x6984,1, 0x18C5,29, 0x6984,2, 0xF572,1, 0xDC4D,3,
    0x6984,3, 0xDC4D,15, 0x6984,3, 0xDC4D,3, 0xBB29,2, 0x6984,1, 0x18C5,29, 0x6984,2,
    0xF572,1, 0xDC4D,27, 0xBB29,2, 0x6984,1, 0x18C5,29, 0x6984,2, 0xF572,1, 0xDC4D,27,
    0xBB29,2, 0x6984,1, 0x18C5,29, 0x6984,2, 0xF572,1, 0xDC4D,27, 0xBB29,2, 0x6984,1,
    0x18C5,29, 0x6984,2, 0xF572,1, 0xDC4D,27, 0xBB29,2, 0x6984,1, 0x18C5,29, 0x6984,2,
    0xDC4D,1, 0xBB29,29, 0x6984,1, 0x18C5,29, 0x6984,2, 0xDC4D,1, 0xBB29,29, 0x6984,1,
    0x18C5,29, 0x6984,2, 0xDC4D,1, 0xBB29,29, 0x6984,1, 0x18C5,29, 0x6984,2, 0xBB29,1,
    0x6984,30, 0x18C5,29, 0x4124,3, 0x6984,3, 0x4124,3, 0x6984,3, 0x4124,9, 0x6984,3,
    0x4124,3, 0x6984,3, 0x4124,3, 0x18C5,32, 0xBB29,2, 0x6984,1, 0x18C5,3, 0xBB29,2,
    0x6984,1, 0x18C5,9, 0xBB29,2, 0x6984,1, 0x18C5,3, 0xBB29,2, 0x6984,1, 0x18C5,35,
    0xBB29,2, 0x6984,1, 0x18C5,3, 0xBB29,2, 0x6984,1, 0x18C5,9, 0xBB29,2, 0x6984,1,
    0x18C5,3, 0xBB29,2, 0x6984,1, 0x18C5,35, 0xBB29,2, 0x6984,1, 0x18C5,3, 0xBB29,2,
    0x6984,1, 0x18C5,9, 0xBB29,2, 0x6984,1, 0x18C5,3, 0xBB29,2, 0x6984,1, 0x18C5,35,
    0xBB29,2, 0x6984,1, 0x18C5,3, 0xBB29,2, 0x6984,1, 0x18C5,9, 0xBB29,2, 0x6984,1,
    0x18C5,3, 0xBB29,2, 0x6984,1, 0x18C5,35, 0x6984,3, 0x18C5,3, 0x6984,3, 0x18C5,9,
    0x6984,3, 0x18C5,3, 0x6984,3, 0x18C5,35, 0x6984,3, 0x18C5,3, 0x6984,3, 0x18C5,9,
    0x6984,3, 0x18C5,3, 0x6984,3, 0x18C5,1213, 0x10A4,27, 0x18C5,35, 0x10A4,27, 0x18C5,40,
    0x10A5,18, 0x18C5,22, 0x18C5,438, 0x4124,7, 0x18C5,39, 0x4124,8, 0x18C5,8, 0x6984,7,
    0x18C5,39, 0x6984,8, 0x18C5,6, 0x4125,2, 0x6984,1, 0xBB29,5, 0x6984,1, 0x18C5,39,
    0x6984,2, 0xBB29,4, 0x6984,2, 0x4125,1, 0x18C5,5, 0x6984,3, 0xDC4D,5, 0x6984,1,
    0x18C5,39, 0x6984,2, 0xDC4D,4, 0x6984,3, 0x18C5,5, 0x6984,3, 0xBB29,2, 0xDC4D,3,
    0x6984,1, 0x18C5,39, 0x6984,2, 0xDC4D,3, 0xBB29,1, 0x6984,3, 0x18C5,5, 0x4125,3,
    0x6984,2, 0xDC4D,3, 0x6984,1, 0x18C5,39, 0x6984,2, 0xDC4D,3, 0x6984,1, 0x4125,3,
    0x18C5,8, 0x6984,2, 0xDC4D,3, 0x6984,1, 0x18C5,3, 0x4124,33, 0x18C5,3, 0x6984,2,
    0xDC4D,3, 0x6984,1, 0x18C5,11, 0x6984,2, 0xDC4D,3, 0x6984,1, 0x18C5,3, 0x6984,33,
    0x18C5,3, 0x6984,2, 0xDC4D,3, 0x6984,1, 0x18C5,8, 0x4125,3, 0xBB29,2, 0xDC4D,2,
    0xBB29,1, 0x6984,7, 0xBB29,27, 0x6984,8, 0xDC4D,3, 0xBB29,1, 0x4125,3, 0x18C5,5,
    0x6984,3, 0xDC4D,2, 0xBB29,3, 0x6984,7, 0xBB29,1, 0xF572,2, 0xDC4D,24, 0x6984,8,
    0xBB29,3, 0xDC4D,1, 0x6984,3, 0x18C5,5, 0x6984,2, 0xBB29,5, 0xDC4D,1, 0xF572,8,
    0xFE98,2, 0xDC4D,24, 0xF572,8, 0xBB29,6, 0x6984,1, 0x18C5,5, 0x4125,2, 0x6984,5,
    0xBB29,1, 0xDC4D,7, 0xF572,3, 0xDC4D,32, 0x6984,6, 0x4125,1, 0x18C5,7, 0x4124,5,
    0x92A9,1, 0xDC4D,10, 0xFE98,2, 0x6984,1, 0xDC4D,15, 0xFE98,2, 0x6984,1, 0xDC4D,11,
    0x4124,6, 0x18C5,13, 0x7A89,1, 0xDC4D,10, 0xFFFF,2, 0x1882,1, 0xDC4D,15, 0xFFFF,2,
    0x1882,1, 0xDC4D,11, 0x18C5,19, 0x69E7,1, 0xBB29,8, 0xDC4D,2, 0xBB29,2, 0x1882,1,
    0xDC4D,15, 0xBB29,2, 0x1882,1, 0xDC4D,3, 0xBB29,8, 0x18C5,19, 0x69E7,1, 0xBB29,8,
    0xDC4D,2, 0x1882,3, 0xDC4D,15, 0x1882,3, 0xDC4D,3, 0xBB29,8, 0x18C5,19, 0x4124,1,
    0x6984,7, 0xBB29,1, 0xDC4D,2, 0x1882,3, 0xDC4D,15, 0x1882,3, 0xDC4D,3, 0x6984,8,
    0x18C5,24, 0x6984,2, 0xF572,1, 0xDC4D,3, 0x1882,3, 0xDC4D,15, 0x1882,3, 0xDC4D,3,
    0xBB29,2, 0x6984,1, 0x18C5,29, 0x6984,2, 0xF572,1, 0xDC4D,3, 0x6984,3, 0xDC4D,15,
    0x6984,3, 0xDC4D,3, 0xBB29,2, 0x6984,1, 0x18C5,29, 0x6984,2, 0xF572,1, 0xDC4D,27,
    0xBB29,2, 0x6984,1, 0x18C5,29, 0x6984,2, 0xF572,1, 0xDC4D,27, 0xBB29,2, 0x6984,1,
    0x18C5,29, 0x6984,2, 0xF572,1, 0xDC4D,27, 0xBB29,2, 0x6984,1, 0x18C5,29, 0x6984,2,
    0xF572,1, 0xDC4D,27, 0xBB29,2, 0x6984,1, 0x18C5,29, 0x6984,2, 0xDC4D,1, 0xBB29,29,
    0x6984,1, 0x18C5,29, 0x6984,2, 0xDC4D,1, 0xBB29,29, 0x6984,1, 0x18C5,29, 0x6984,2,
    0xDC4D,1, 0xBB29,29, 0x6984,1, 0x18C5,29, 0x6984,2, 0xBB29,1, 0x6984,30, 0x18C5,29,
    0x4124,3, 0x6984,3, 0x4124,3, 0x6984,3, 0x4124,9, 0x6984,3, 0x4124,3, 0x6984,3,
    0x4124,3, 0x18C5,32, 0xBB29,2, 0x6984,1, 0x18C5,3, 0xBB29,2, 0x6984,1, 0x18C5,9,
    0xBB29,2, 0x6984,1, 0x18C5,3, 0xBB29,2, 0x6984,1, 0x18C5,35, 0xBB29,2, 0x6984,1,
    0x18C5,3, 0xBB29,2, 0x6984,1, 0x18C5,9, 0xBB29,2, 0x6984,1, 0x18C5,3, 0xBB29,2,
    0x6984,1, 0x18C5,35, 0xBB29,2, 0x6984,1, 0x18C5,3, 0xBB29,2, 0x6984,1, 0x18C5,9,
    0xBB29,2, 0x6984,1, 0x18C5,3, 0xBB29,2, 0x6984,1, 0x18C5,35, 0xBB29,2, 0x6984,1,
    0x18C5,3, 0xBB29,2, 0x6984,1, 0x18C5,9, 0xBB29,2, 0x6984,1, 0x18C5,3, 0xBB29,2,
    0x6984,1, 0x18C5,35, 0x6984,3, 0x18C5,3, 0x6984,3, 0x18C5,9, 0x6984,3, 0x18C5,3,
    0x6984,3, 0x18C5,35, 0x6984,3, 0x18C5,3, 0x6984,3, 0x18C5,9, 0x6984,3, 0x18C5,3,
    0x6984,3, 0x18C5,1588, 0x10A4,21, 0x18C5,41, 0x10A4,21, 0x18C5,46, 0x10A5,12, 0x18C5,25,
    0x18C5,2671, 0x28E5,1, 0x4124,6, 0x28E5,1, 0x18C5,35, 0x28E5,1, 0x4124,7, 0x28E5,1,
    0x18C5,10, 0x4125,1, 0x6984,6, 0x4124,1, 0x18C5,35, 0x4124,1, 0x6984,7, 0x4125,1,
    0x18C5,8, 0x28E5,1, 0x4125,1, 0x69A5,1, 0xBB29,6, 0x4124,1, 0x18C5,35, 0x4124,1,
    0x6984,1, 0xBB29,5, 0x6984,1, 0x69A5,1, 0x28E5,1, 0x18C5,7, 0x4124,1, 0x6984,2,
    0xBB29,1, 0xDC4D,4, 0xBB29,1, 0x4924,1, 0x4124,35, 0x4924,1, 0x6984,1, 0xBB29,1,
    0xDC4D,3, 0xBB29,1, 0x6984,2, 0x4124,1, 0x18C5,7, 0x4124,1, 0x6984,3, 0xBB29,2,
    0xDC4D,2, 0xBB29,1, 0x5144,1, 0x6984,35, 0x5144,1, 0x6984,1, 0xBB29,1, 0xDC4D,2,
    0xBB29,1, 0x6984,3, 0x4124,1, 0x18C5,7, 0x28E5,1, 0x4125,2, 0x69A5,1, 0x6984,1,
    0xBB29,1, 0xDC4D,2, 0x6984,5, 0xBB29,29, 0x6984,6, 0xDC4D,2, 0xBB29,1, 0x69A5,1,
    0x4125,2, 0x28E5,1, 0x18C5,10, 0x4125,1, 0x6984,1, 0xBB29,1, 0xDC4D,2, 0x6984,5,
    0xF572,3, 0xDC4D,26, 0xBB29,1, 0x6984,5, 0xDC4D,2, 0xBB29,1, 0x4125,1, 0x18C5,13,
    0x4125,1, 0x6984,1, 0xBB29,1, 0xDC4D,2, 0xF572,5, 0xFE98,2, 0xF572,1, 0xDC4D,27,
    0xF572,4, 0xDC4D,3, 0xBB29,1, 0x4125,1, 0x18C5,10, 0x28E5,1, 0x4125,2, 0x7A48,1,
    0xBB29,1, 0xDC4D,8, 0xF572,3, 0xDC4D,31, 0xBB29,1, 0xDC4D,3, 0x7A48,1, 0x4125,2,
    0x28E5,1, 0x18C5,7, 0x4124,1, 0x6984,2, 0xBB29,1, 0xDC4D,2, 0xBB29,2, 0xDC4D,9,
    0xFE98,2, 0x6984,1, 0xDC4D,15, 0xFE98,2, 0x6984,1, 0xDC4D,9, 0xBB29,3, 0xDC4D,1,
    0xBB29,1, 0x6984,2, 0x4124,1, 0x18C5,7, 0x4124,1, 0x6984,2, 0xBB29,5, 0xDC4D,9,
    0xFFFF,2, 0x1882,1, 0xDC4D,15, 0xFFFF,2, 0x1882,1, 0xDC4D,9, 0xBB29,6, 0x6984,1,
    0x4124,1, 0x18C5,7, 0x28E5,1, 0x4125,1, 0x69A5,1, 0x6984,5, 0xBB29,5, 0xDC4D,4,
    0xBB29,2, 0x1882,1, 0xDC4D,15, 0xBB29,2, 0x1882,1, 0xDC4D,4, 0xBB29,6, 0x6984,5,
    0x69A5,1, 0x28E5,1, 0x18C5,9, 0x28E5,1, 0x4124,5, 0xBB29,5, 0xDC4D,4, 0x1882,3,
    0xDC4D,15, 0x1882,3, 0xDC4D,4, 0xBB29,5, 0x7A27,1, 0x4124,5, 0x28E5,1, 0x18C5,16,
    0x6984,5, 0xDC4D,4, 0x1882,3, 0xDC4D,15, 0x1882,3, 0xDC4D,4, 0xBB29,1, 0x6984,4,
    0x4124,1, 0x18C5,23, 0x4124,1, 0x6984,1, 0xBB29,1, 0xDC4D,5, 0x1882,3, 0xDC4D,15,
    0x1882,3, 0xDC4D,4, 0xBB29,2, 0x6984,1, 0x4124,1, 0x18C5,25, 0x4124,1, 0x6984,1,
    0xBB29,1, 0xDC4D,5, 0x6984,3, 0xDC4D,15, 0x6984,3, 0xDC4D,4, 0xBB29,2, 0x6984,1,
    0x4124,1, 0x18C5,25, 0x4124,1, 0x6984,1, 0xBB29,1, 0xDC4D,30, 0xBB29,2, 0x6984,1,
    0x4124,1, 0x18C5,25, 0x4124,1, 0x6984,1, 0xBB29,1, 0xDC4D,30, 0xBB29,2, 0x6984,1,
    0x4124,1, 0x18C5,25, 0x4124,1, 0x6984,1, 0xBB29,1, 0xDC4D,1, 0xBB29,31, 0x6984,1,
    0x4124,1, 0x18C5,25, 0x4124,1, 0x6984,1, 0xBB29,33, 0x6984,1, 0x4124,1, 0x18C5,25,
    0x4124,1, 0x6984,1, 0xBB29,33, 0x6984,1, 0x4124,1, 0x18C5,25, 0x4124,1, 0x6984,2,
    0xBB29,1, 0x6984,32, 0x4124,1, 0x18C5,25, 0x4124,1, 0x6984,35, 0x4124,1, 0x18C5,22,
    0x10A4,1, 0x1083,2, 0x20C3,1, 0x3903,35, 0x20C3,1, 0x1083,2, 0x10A4,1, 0x18C5,19,
    0x10A4,1, 0x1083,41, 0x10A4,1, 0x18C5,24, 0x10A5,1, 0x10A4,32, 0x10A5,1, 0x18C5,14,
    0x18C5,1369, 0x28E5,1, 0x4124,6, 0x28E5,1, 0x18C5,35, 0x28E5,1, 0x4124,7, 0x28E5,1,
    0x18C5,10, 0x4125,1, 0x6984,6, 0x4124,1, 0x18C5,35, 0x4124,1, 0x6984,7, 0x4125,1,
    0x18C5,8, 0x28E5,1, 0x4125,1, 0x69A5,1, 0xBB29,6, 0x4124,1, 0x18C5,35, 0x4124,1,
    0x6984,1, 0xBB29,5, 0x6984,1, 0x69A5,1, 0x28E5,1, 0x18C5,7, 0x4124,1, 0x6984,2,
    0xBB29,1, 0xDC4D,4, 0xBB29,1, 0x4124,1, 0x18C5,35, 0x4124,1, 0x6984,1, 0xBB29,1,
    0xDC4D,3, 0xBB29,1, 0x6984,2, 0x4124,1, 0x18C5,7, 0x4124,1, 0x6984,3, 0xBB29,2,
    0xDC4D,2, 0xBB29,1, 0x4124,1, 0x18C5,35, 0x4124,1, 0x6984,1, 0xBB29,1, 0xDC4D,2,
    0xBB29,1, 0x6984,3, 0x4124,1, 0x18C5,7, 0x28E5,1, 0x4125,2, 0x69A5,1, 0x6984,1,
    0xBB29,1, 0xDC4D,2, 0xBB29,1, 0x4124,1, 0x18C5,1, 0x6984,33, 0x18C5,1, 0x4124,1,
    0x6984,1, 0xBB29,1, 0xDC4D,2, 0xBB29,1, 0x69A5,1, 0x4125,2, 0x28E5,1, 0x18C5,10,
    0x4125,1, 0x6984,1, 0xBB29,1, 0xDC4D,2, 0x6984,1, 0x5144,1, 0x4124,1, 0x6984,33,
    0x4124,1, 0x5144,1, 0x6984,1, 0xBB29,1, 0xDC4D,2, 0xBB29,1, 0x4125,1, 0x18C5,13,
    0x4125,1, 0x6984,1, 0xBB29,1, 0xDC4D,2, 0x6984,6, 0xF572,27, 0x6984,6, 0xBB29,1,
    0xDC4D,2, 0xBB29,1, 0x4125,1, 0x18C5,10, 0x28E5,1, 0x4125,2, 0x7A48,1, 0xBB29,1,
    0xDC4D,3, 0xBB29,6, 0xFE98,3, 0xDC4D,24, 0xBB29,7, 0xDC4D,3, 0x7A48,1, 0x4125,2,
    0x28E5,1, 0x18C5,7, 0x4124,1, 0x6984,2, 0xBB29,1, 0xDC4D,2, 0xBB29,2, 0xDC4D,6,
    0xFE98,3, 0xDC4D,30, 0xBB29,3, 0xDC4D,1, 0xBB29,1, 0x6984,2, 0x4124,1, 0x18C5,7,
    0x4124,1, 0x6984,2, 0xBB29,5, 0xDC4D,39, 0x6984,1, 0xBB29,5, 0x6984,1, 0x4124,1,
    0x18C5,7, 0x28E5,1, 0x4125,1, 0x69A5,1, 0x6984,5, 0xDC4D,9, 0xFFFF,2, 0x1882,1,
    0xDC4D,15, 0xFFFF,2, 0x1882,1, 0xDC4D,9, 0x6984,6, 0x69A5,1, 0x28E5,1, 0x18C5,9,
    0x28E5,1, 0x4124,5, 0xBB29,6, 0xDC4D,3, 0xFFFF,2, 0x1882,1, 0xDC4D,15, 0xFFFF,2,
    0x1882,1, 0xDC4D,3, 0xBB29,6, 0x4124,6, 0x28E5,1, 0x18C5,16, 0xBB29,6, 0xDC4D,3,
    0x1882,3, 0xDC4D,15, 0x1882,3, 0xDC4D,3, 0xBB29,6, 0x18C5,23, 0x6984,6, 0xDC4D,3,
    0x1882,3, 0xDC4D,15, 0x1882,3, 0xDC4D,3, 0x6984,6, 0x18C5,23, 0x4124,3, 0x6984,2,
    0xBB29,1, 0xDC4D,3, 0x1882,3, 0xDC4D,15, 0x1882,3, 0xDC4D,3, 0x6984,3, 0x4124,3,
    0x18C5,26, 0x6984,2, 0xF572,1, 0xDC4D,3, 0x1882,3, 0xDC4D,15, 0x1882,3, 0xDC4D,3,
    0xBB29,2, 0x6984,1, 0x18C5,29, 0x6984,2, 0xF572,1, 0xDC4D,27, 0xBB29,2, 0x6984,1,
    0x18C5,29, 0x6984,2, 0xF572,1, 0xDC4D,27, 0xBB29,2, 0x6984,1, 0x18C5,29, 0x6984,2,
    0xF572,1, 0xDC4D,27, 0xBB29,2, 0x6984,1, 0x18C5,29, 0x6984,2, 0xF572,1, 0xDC4D,27,
    0xBB29,2, 0x6984,1, 0x18C5,29, 0x6984,2, 0xF572,1, 0xDC4D,27, 0xBB29,2, 0x6984,1,
    0x18C5,29, 0x6984,2, 0xDC4D,1, 0xBB29,29, 0x6984,1, 0x18C5,29, 0x6984,2, 0xDC4D,1,
    0xBB29,29, 0x6984,1, 0x18C5,29, 0x6984,2, 0xDC4D,1, 0xBB29,29, 0x6984,1, 0x18C5,29,
    0x6984,33, 0x18C5,32, 0xBB29,2, 0x6984,1, 0x18C5,3, 0xBB29,2, 0x6984,1, 0x18C5,9,
    0xBB29,2, 0x6984,1, 0x18C5,3, 0xBB29,2, 0x6984,1, 0x18C5,35, 0xBB29,2, 0x6984,1,
    0x18C5,3, 0xBB29,2, 0x6984,1, 0x18C5,9, 0xBB29,2, 0x6984,1, 0x18C5,3, 0xBB29,2,
    0x6984,1, 0x18C5,35, 0xBB29,2, 0x6984,1, 0x18C5,3, 0xBB29,2, 0x6984,1, 0x18C5,9,
    0xBB29,2, 0x6984,1, 0x18C5,3, 0xBB29,2, 0x6984,1, 0x18C5,35, 0xBB29,2, 0x6984,1,
    0x18C5,3, 0xBB29,2, 0x6984,1, 0x18C5,9, 0xBB29,2, 0x6984,1, 0x18C5,3, 0xBB29,2,
    0x6984,1, 0x18C5,35, 0x6984,3, 0x18C5,3, 0x6984,3, 0x18C5,9, 0x6984,3, 0x18C5,3,
    0x6984,3, 0x18C5,35, 0x6984,3, 0x18C5,3, 0x6984,3, 0x18C5,9, 0x6984,3, 0x18C5,3,
    0x6984,3, 0x18C5,35, 0x4124,3, 0x18C5,3, 0x4124,3, 0x18C5,9, 0x4124,3, 0x18C5,3,
    0x4124,3, 0x18C5,717, 0x10A4,27, 0x18C5,35, 0x10A4,27, 0x18C5,40, 0x10A5,18, 0x18C5,22,
    0x18C5,66, 0x4124,7, 0x18C5,39, 0x4124,8, 0x18C5,8, 0x6984,7, 0x18C5,39, 0x6984,8,
    0x18C5,6, 0x4125,2, 0x6984,1, 0xBB29,5, 0x6984,1, 0x18C5,39, 0x6984,2, 0xBB29,4,
    0x6984,2, 0x4125,1, 0x18C5,5, 0x6984,3, 0xDC4D,5, 0x6984,1, 0x18C5,39, 0x6984,2,
    0xDC4D,4, 0x6984,3, 0x18C5,5, 0x6984,3, 0xBB29,2, 0xDC4D,3, 0x6984,1, 0x18C5,39,
    0x6984,2, 0xDC4D,3, 0xBB29,1, 0x6984,3, 0x18C5,5, 0x4125,3, 0x6984,2, 0xDC4D,3,
    0x6984,1, 0x18C5,39, 0x6984,2, 0xDC4D,3, 0x6984,1, 0x4125,3, 0x18C5,8, 0x6984,2,
    0xDC4D,3, 0x6984,1, 0x18C5,39, 0x6984,2, 0xDC4D,3, 0x6984,1, 0x18C5,11, 0x6984,2,
    0xDC4D,3, 0x6984,1, 0x18C5,39, 0x6984,2, 0xDC4D,3, 0x6984,1, 0x18C5,8, 0x4125,3,
    0xBB29,2, 0xDC4D,3, 0x6984,1, 0x18C5,3, 0x6984,33, 0x18C5,3, 0x6984,2, 0xDC4D,3,
    0xBB29,1, 0x4125,3, 0x18C5,5, 0x6984,3, 0xDC4D,2, 0xBB29,3, 0x6984,1, 0x4124,3,
    0x6984,33, 0x4124,3, 0x6984,2, 0xBB29,3, 0xDC4D,1, 0x6984,3, 0x18C5,5, 0x6984,2,
    0xBB29,5, 0x6984,8, 0xBB29,1, 0xF572,26, 0x6984,8, 0xBB29,6, 0x6984,1, 0x18C5,5,
    0x4125,2, 0x6984,5, 0xBB29,8, 0xF572,1, 0xFE98,2, 0xDC4D,24, 0xBB29,8, 0x6984,6,
    0x4125,1, 0x18C5,7, 0x4124,5, 0x92EA,1, 0xDC4D,7, 0xF572,1, 0xFE98,2, 0xDC4D,32,
    0x4124,6, 0x18C5,13, 0x7A89,1, 0xDC4D,42, 0x18C5,19, 0x7A89,1, 0xDC4D,10, 0xFFFF,2,
    0x1882,1, 0xDC4D,15, 0xFFFF,2, 0x1882,1, 0xDC4D,11, 0x18C5,19, 0x7248,1, 0xBB29,7,
    0xDC4D,3, 0xFFFF,2, 0x1882,1, 0xDC4D,15, 0xFFFF,2, 0x1882,1, 0xDC4D,3, 0xBB29,8,
    0x18C5,19, 0x69E7,1, 0xBB29,8, 0xDC4D,2, 0x1882,3, 0xDC4D,15, 0x1882,3, 0xDC4D,3,
    0xBB29,8, 0x18C5,19, 0x5186,1, 0x6984,7, 0xBB29,1, 0xDC4D,2, 0x1882,3, 0xDC4D,15,
    0x1882,3, 0xDC4D,3, 0x6984,8, 0x18C5,19, 0x28E5,1, 0x4124,4, 0x6984,2, 0xBB29,2,
    0xDC4D,2, 0x1882,3, 0xDC4D,15, 0x1882,3, 0xDC4D,3, 0x6984,3, 0x4124,5, 0x18C5,24,
    0x6984,2, 0xF572,1, 0xDC4D,3, 0x1882,3, 0xDC4D,15, 0x1882,3, 0xDC4D,3, 0xBB29,2,
    0x6984,1, 0x18C5,29, 0x6984,2, 0xF572,1, 0xDC4D,27, 0xBB29,2, 0x6984,1, 0x18C5,29,
    0x6984,2, 0xF572,1, 0xDC4D,27, 0xBB29,2, 0x6984,1, 0x18C5,29, 0x6984,2, 0xF572,1,
    0xDC4D,27, 0xBB29,2, 0x6984,1, 0x18C5,29, 0x6984,2, 0xF572,1, 0xDC4D,27, 0xBB29,2,
    0x6984,1, 0x18C5,29, 0x6984,2, 0xF572,1, 0xDC4D,27, 0xBB29,2, 0x6984,1, 0x18C5,29,
    0x6984,2, 0xF572,1, 0xDC4D,27, 0xBB29,2, 0x6984,1, 0x18C5,29, 0x6984,2, 0xDC4D,1,
    0xBB29,29, 0x6984,1, 0x18C5,29, 0x6984,2, 0xDC4D,1, 0xBB29,29, 0x6984,1, 0x18C5,29,
    0x6984,2, 0xDC4D,1, 0xBB29,29, 0x6984,1, 0x18C5,29, 0x6984,33, 0x18C5,29, 0x6984,33,
    0x18C5,32, 0xBB29,2, 0x6984,1, 0x18C5,3, 0xBB29,2, 0x6984,1, 0x18C5,9, 0xBB29,2,
    0x6984,1, 0x18C5,3, 0xBB29,2, 0x6984,1, 0x18C5,35, 0xBB29,2, 0x6984,1, 0x18C5,3,
    0xBB29,2, 0x6984,1, 0x18C5,9, 0xBB29,2, 0x6984,1, 0x18C5,3, 0xBB29,2, 0x6984,1,
    0x18C5,35, 0xBB29,2, 0x6984,1, 0x18C5,3, 0xBB29,2, 0x6984,1, 0x18C5,9, 0xBB29,2,
    0x6984,1, 0x18C5,3, 0xBB29,2, 0x6984,1, 0x18C5,35, 0xBB29,2, 0x6984,1, 0x18C5,3,
    0xBB29,2, 0x6984,1, 0x18C5,9, 0xBB29,2, 0x6984,1, 0x18C5,3, 0xBB29,2, 0x6984,1,
    0x18C5,35, 0x6984,3, 0x18C5,3, 0x6984,3, 0x18C5,9, 0x6984,3, 0x18C5,3, 0x6984,3,
    0x18C5,35, 0x6984,3, 0x18C5,3, 0x6984,3, 0x18C5,9, 0x6984,3, 0x18C5,3, 0x6984,3,
    0x18C5,1774, 0x10A4,21, 0x18C5,41, 0x10A4,21, 0x18C5,46, 0x10A5,12, 0x18C5,25, 0x18C5,2299,
    0x28E5,1, 0x4124,6, 0x28E5,1, 0x18C5,35, 0x28E5,1, 0x4124,7, 0x28E5,1, 0x18C5,10,
    0x4125,1, 0x6984,6, 0x4124,1, 0x18C5,35, 0x4124,1, 0x6984,7, 0x4125,1, 0x18C5,8,
    0x28E5,1, 0x4125,1, 0x69A5,1, 0xBB29,6, 0x4124,1, 0x18C5,35, 0x4124,1, 0x6984,1,
    0xBB29,5, 0x6984,1, 0x69A5,1, 0x28E5,1, 0x18C5,7, 0x4124,1, 0x6984,2, 0xBB29,1,
    0xDC4D,4, 0xBB29,1, 0x4124,1, 0x18C5,35, 0x4124,1, 0x6984,1, 0xBB29,1, 0xDC4D,3,
    0xBB29,1, 0x6984,2, 0x4124,1, 0x18C5,7, 0x4124,1, 0x6984,3, 0xBB29,2, 0xDC4D,2,
    0xBB29,1, 0x4124,1, 0x18C5,35, 0x4124,1, 0x6984,1, 0xBB29,1, 0xDC4D,2, 0xBB29,1,
    0x6984,3, 0x4124,1, 0x18C5,7, 0x28E5,1, 0x4125,2, 0x69A5,1, 0x6984,1, 0xBB29,1,
    0xDC4D,2, 0xBB29,1, 0x5144,1, 0x6984,35, 0x5144,1, 0x6984,1, 0xBB29,1, 0xDC4D,2,
    0xBB29,1, 0x69A5,1, 0x4125,2, 0x28E5,1, 0x18C5,10, 0x4125,1, 0x6984,1, 0xBB29,1,
    0xDC4D,2, 0x6984,39, 0xBB29,1, 0xDC4D,2, 0xBB29,1, 0x4125,1, 0x18C5,13, 0x4125,1,
    0x6984,1, 0xBB29,1, 0xDC4D,2, 0x6984,5, 0xF572,29, 0xBB29,1, 0x6984,5, 0xDC4D,2,
    0xBB29,1, 0x4125,1, 0x18C5,10, 0x28E5,1, 0x4125,2, 0x7A48,1, 0xBB29,1, 0xDC4D,3,
    0xBB29,5, 0xFE98,2, 0xF572,1, 0xDC4D,26, 0xBB29,6, 0xDC4D,3, 0x7A48,1, 0x4125,2,
    0x28E5,1, 0x18C5,7, 0x4124,1, 0x6984,2, 0xBB29,1, 0xDC4D,2, 0xBB29,2, 0xDC4D,5,
    0xFE98,2, 0xF572,1, 0xDC4D,31, 0xBB29,3, 0xDC4D,1, 0xBB29,1, 0x6984,2, 0x4124,1,
    0x18C5,7, 0x4124,1, 0x6984,2, 0xBB29,5, 0xDC4D,39, 0xBB29,6, 0x6984,1, 0x4124,1,
    0x18C5,7, 0x28E5,1, 0x4125,1, 0x69A5,1, 0x6984,5, 0xDC4D,9, 0xFFFF,2, 0x1882,1,
    0xDC4D,15, 0xFFFF,2, 0x1882,1, 0xDC4D,9, 0xBB29,1, 0x6984,5, 0x69A5,1, 0x28E5,1,
    0x18C5,9, 0x28E5,1, 0x4124,5, 0xBB29,5, 0xDC4D,4, 0xFFFF,2, 0x1882,1, 0xDC4D,15,
    0xFFFF,2, 0x1882,1, 0xDC4D,4, 0xBB29,5, 0x8268,1, 0x4124,5, 0x28E5,1, 0x18C5,16,
    0xBB29,5, 0xDC4D,4, 0x1882,3, 0xDC4D,15, 0x1882,3, 0xDC4D,4, 0xBB29,5, 0x69E7,1,
    0x18C5,22, 0x6984,5, 0xDC4D,4, 0x1882,3, 0xDC4D,15, 0x1882,3, 0xDC4D,4, 0xBB29,1,
    0x6984,4, 0x5186,1, 0x18C5,22, 0x4124,1, 0x5144,1, 0x6984,1, 0xBB29,2, 0xDC4D,4,
    0x1882,3, 0xDC4D,15, 0x1882,3, 0xDC4D,4, 0xBB29,1, 0x6984,2, 0x5144,1, 0x4124,1,
    0x28E5,1, 0x18C5,23, 0x4124,1, 0x6984,1, 0xBB29,1, 0xDC4D,5, 0x1882,3, 0xDC4D,15,
    0x1882,3, 0xDC4D,4, 0xBB29,2, 0x6984,1, 0x4124,1, 0x18C5,25, 0x4124,1, 0x6984,1,
    0xBB29,1, 0xDC4D,30, 0xBB29,2, 0x6984,1, 0x4124,1, 0x18C5,25, 0x4124,1, 0x6984,1,
    0xBB29,1, 0xDC4D,30, 0xBB29,2, 0x6984,1, 0x4124,1, 0x18C5,25, 0x4124,1, 0x6984,1,
    0xBB29,1, 0xDC4D,30, 0xBB29,2, 0x6984,1, 0x4124,1, 0x18C5,25, 0x4124,1, 0x6984,1,
    0xBB29,33, 0x6984,1, 0x4124,1, 0x18C5,25, 0x4124,1, 0x6984,1, 0xBB29,33, 0x6984,1,
    0x4124,1, 0x18C5,25, 0x4124,1, 0x6984,1, 0xBB29,33, 0x6984,1, 0x4124,1, 0x18C5,25,
    0x4124,1, 0x6984,35, 0x4124,1, 0x18C5,25, 0x4124,1, 0x6984,35, 0x4124,1, 0x18C5,30,
    0xBB29,2, 0x6984,1, 0x18C5,3, 0xBB29,2, 0x6984,1, 0x18C5,9, 0xBB29,2, 0x6984,1,
    0x18C5,3, 0xBB29,2, 0x6984,1, 0x18C5,35, 0xBB29,2, 0x6984,1, 0x18C5,3, 0xBB29,2,
    0x6984,1, 0x18C5,9, 0xBB29,2, 0x6984,1, 0x18C5,3, 0xBB29,2, 0x6984,1, 0x18C5,35,
    0xBB29,2, 0x6984,1, 0x18C5,3, 0xBB29,2, 0x6984,1, 0x18C5,9, 0xBB29,2, 0x6984,1,
    0x18C5,3, 0xBB29,2, 0x6984,1, 0x18C5,35, 0x6984,3, 0x18C5,3, 0x6984,3, 0x18C5,9,
    0x6984,3, 0x18C5,3, 0x6984,3, 0x18C5,30, 0x10A4,1, 0x1084,35, 0x10A4,1, 0x18C5,25,
    0x10A4,1, 0x1084,35, 0x10A4,1, 0x18C5,30, 0x18C6,1, 0x10A4,26, 0x18C6,1, 0x18C5,17,
    0x18C5,1926, 0x4124,7, 0x18C5,39, 0x4124,8, 0x18C5,8, 0x6984,7, 0x18C5,39, 0x6984,8,
    0x18C5,6, 0x4125,2, 0x6984,1, 0xBB29,5, 0x6984,1, 0x18C5,39, 0x6984,2, 0xBB29,4,
    0x6984,2, 0x4125,1, 0x18C5,5, 0x6984,3, 0xDC4D,5, 0x6984,1, 0x18C5,39, 0x6984,2,
    0xDC4D,4, 0x6984,3, 0x18C5,5, 0x6984,3, 0xBB29,2, 0xDC4D,3, 0x6984,1, 0x18C5,39,
    0x6984,2, 0xDC4D,3, 0xBB29,1, 0x6984,3, 0x18C5,5, 0x4125,3, 0x6984,2, 0xDC4D,3,
    0x6984,1, 0x18C5,1, 0x4124,1, 0x6984,35, 0x4124,1, 0x18C5,1, 0x6984,2, 0xDC4D,3,
    0x6984,1, 0x4125,3, 0x18C5,8, 0x6984,2, 0xDC4D,2, 0xBB29,1, 0x6984,1, 0x4124,1,
    0x5144,1, 0x6984,35, 0x5144,1, 0x4124,1, 0x6984,2, 0xDC4D,3, 0x6984,1, 0x18C5,11,
    0x6984,2, 0xDC4D,2, 0xBB29,1, 0x6984,5, 0xBB29,1, 0xF572,29, 0xBB29,1, 0x6984,6,
    0xDC4D,3, 0x6984,1, 0x18C5,8, 0x4125,3, 0xBB29,2, 0xDC4D,3, 0xBB29,5, 0xDC4D,1,
    0xFE98,2, 0xF572,1, 0xDC4D,26, 0xBB29,7, 0xDC4D,3, 0xBB29,1, 0x4125,3, 0x18C5,5,
    0x6984,3, 0xDC4D,2, 0xBB29,2, 0xDC4D,6, 0xF572,1, 0xFE98,2, 0xF572,1, 0xDC4D,32,
    0xBB29,4, 0xDC4D,1, 0x6984,3, 0x18C5,5, 0x6984,2, 0xBB29,6, 0xDC4D,41, 0xBB29,7,
    0x6984,1, 0x18C5,5, 0x4125,2, 0x6984,5, 0xBB29,1, 0xDC4D,10, 0xFFFF,2, 0x1882,1,
    0xDC4D,15, 0xFFFF,2, 0x1882,1, 0xDC4D,10, 0xBB29,1, 0x6984,6, 0x4125,1, 0x18C5,7,
    0x4124,5, 0x8268,1, 0xBB29,5, 0xDC4D,5, 0xFFFF,2, 0x1882,1, 0xDC4D,15, 0xFFFF,2,
    0x1882,1, 0xDC4D,4, 0xBB29,6, 0x8268,1, 0x4124,6, 0x18C5,13, 0x69E7,1, 0xBB29,5,
    0xDC4D,5, 0x1882,3, 0xDC4D,15, 0x1882,3, 0xDC4D,4, 0xBB29,6, 0x69E7,1, 0x18C5,19,
    0x5186,1, 0x6984,5, 0xBB29,1, 0xDC4D,4, 0x1882,3, 0xDC4D,15, 0x1882,3, 0xDC4D,4,
    0xBB29,1, 0x6984,5, 0x5186,1, 0x18C5,19, 0x28E5,1, 0x4124,2, 0x5144,1, 0x6984,1,
    0xBB29,1, 0xDC4D,5, 0x1882,3, 0xDC4D,15, 0x1882,3, 0xDC4D,4, 0xBB29,1, 0x6984,2,
    0x5144,1, 0x4124,2, 0x28E5,1, 0x18C5,22, 0x4124,1, 0x6984,1, 0xBB29,1, 0xDC4D,5,
    0x1882,3, 0xDC4D,15, 0x1882,3, 0xDC4D,4, 0xBB29,2, 0x6984,1, 0x4124,1, 0x18C5,25,
    0x4124,1, 0x6984,1, 0xBB29,1, 0xDC4D,30, 0xBB29,2, 0x6984,1, 0x4124,1, 0x18C5,25,
    0x4124,1, 0x6984,1, 0xBB29,1, 0xDC4D,30, 0xBB29,2, 0x6984,1, 0x4124,1, 0x18C5,25,
    0x4124,1, 0x6984,1, 0xBB29,1, 0xDC4D,30, 0xBB29,2, 0x6984,1, 0x4124,1, 0x18C5,25,
    0x4124,1, 0x6984,1, 0xBB29,33, 0x6984,1, 0x4124,1, 0x18C5,25, 0x4124,1, 0x6984,1,
    0xBB29,33, 0x6984,1, 0x4124,1, 0x18C5,25, 0x4124,1, 0x6984,1, 0xBB29,33, 0x6984,1,
    0x4124,1, 0x18C5,25, 0x4124,1, 0x6984,35, 0x4124,1, 0x18C5,25, 0x4124,1, 0x6984,35,
    0x4124,1, 0x18C5,30, 0xBB29,2, 0x6984,1, 0x18C5,3, 0xBB29,2, 0x6984,1, 0x18C5,9,
    0xBB29,2, 0x6984,1, 0x18C5,3, 0xBB29,2, 0x6984,1, 0x18C5,35, 0xBB29,2, 0x6984,1,
    0x18C5,3, 0xBB29,2, 0x6984,1, 0x18C5,9, 0xBB29,2, 0x6984,1, 0x18C5,3, 0xBB29,2,
    0x6984,1, 0x18C5,35, 0xBB29,2, 0x6984,1, 0x18C5,3, 0xBB29,2, 0x6984,1, 0x18C5,9,
    0xBB29,2, 0x6984,1, 0x18C5,3, 0xBB29,2, 0x6984,1, 0x18C5,35, 0xBB29,2, 0x6984,1,
    0x18C5,3, 0xBB29,2, 0x6984,1, 0x18C5,9, 0xBB29,2, 0x6984,1, 0x18C5,3, 0xBB29,2,
    0x6984,1, 0x18C5,35, 0x6984,3, 0x18C5,3, 0x6984,3, 0x18C5,9, 0x6984,3, 0x18C5,3,
    0x6984,3, 0x18C5,35, 0x6984,3, 0x18C5,3, 0x6984,3, 0x18C5,9, 0x6984,3, 0x18C5,3,
    0x6984,3, 0x18C5,278, 0x10A4,1, 0x1084,35, 0x10A4,1, 0x18C5,25, 0x10A4,1, 0x1084,35,
    0x10A4,1, 0x18C5,30, 0x18C6,1, 0x10A4,26, 0x18C6,1, 0x18C5,17, 0x18C5,5, 0x4125,1,
    0x6984,6, 0x4124,1, 0x18C5,35, 0x4124,1, 0x6984,7, 0x4125,1, 0x18C5,10, 0x4125,1,
    0x6984,6, 0x4124,1, 0x18C5,35, 0x4124,1, 0x6984,7, 0x4125,1, 0x18C5,8, 0x4124,1,
    0x6984,2, 0xDC4D,1, 0xF572,4, 0xBB29,1, 0x4124,1, 0x18C5,35, 0x4124,1, 0x6984,1,
    0xBB29,1, 0xF572,3, 0xDC4D,1, 0xBB29,1, 0x6984,1, 0x4124,1, 0x18C5,7, 0x4124,1,
    0x6984,3, 0xBB29,2, 0xDC4D,2, 0xBB29,1, 0x4124,1, 0x18C5,35, 0x4124,1, 0x6984,1,
    0xBB29,1, 0xDC4D,2, 0xBB29,1, 0x6984,3, 0x4124,1, 0x18C5,7, 0x4124,1, 0x6984,3,
    0xBB29,2, 0xDC4D,2, 0xBB29,1, 0x4124,1, 0x18C5,35, 0x4124,1, 0x6984,1, 0xBB29,1,
    0xDC4D,2, 0xBB29,1, 0x6984,3, 0x4124,1, 0x18C5,10, 0x4125,1, 0x6984,1, 0xBB29,1,
    0xDC4D,2, 0xBB29,1, 0x4124,1, 0x18C5,35, 0x4124,1, 0x6984,1, 0xBB29,1, 0xDC4D,2,
    0xBB29,1, 0x4125,1, 0x18C5,13, 0x4125,1, 0x6984,1, 0xBB29,1, 0xDC4D,2, 0xBB29,1,
    0x4124,1, 0x18C5,35, 0x4124,1, 0x6984,1, 0xBB29,1, 0xDC4D,2, 0xBB29,1, 0x4125,1,
    0x18C5,13, 0x4125,1, 0x6984,1, 0xBB29,1, 0xDC4D,2, 0xBB29,1, 0x4124,1, 0x18C5,2,
    0x28E5,1, 0x4124,29, 0x28E5,1, 0x18C5,2, 0x4124,1, 0x6984,1, 0xBB29,1, 0xDC4D,2,
    0xBB29,1, 0x4125,1, 0x18C5,10, 0x4124,1, 0x6984,2, 0xBB29,1, 0xF572,1, 0xDC4D,3,
    0xBB29,1, 0x4124,1, 0x18C5,2, 0x4124,1, 0x6984,29, 0x4124,1, 0x18C5,2, 0x4124,1,
    0x6984,1, 0xBB29,1, 0xDC4D,3, 0xBB29,1, 0x6984,2, 0x4124,1, 0x18C5,7, 0x4124,1,
    0x6984,2, 0xBB29,5, 0x6984,8, 0xBB29,23, 0x6984,9, 0xBB29,5, 0x6984,1, 0x4124,1,
    0x18C5,7, 0x4124,1, 0x6984,2, 0xBB29,5, 0x6984,8, 0xF572,3, 0xDC4D,20, 0xBB29,1,
    0x6984,8, 0xBB29,5, 0x6984,1, 0x4124,1, 0x18C5,9, 0x4125,1, 0x6984,5, 0xF572,8,
    0xFE98,2, 0xF572,1, 0xDC4D,21, 0xF572,7, 0xBB29,1, 0x6984,5, 0x4125,1, 0x18C5,16,
    0xDC4D,8, 0xF572,3, 0xDC4D,28, 0x7A89,1, 0x18C5,22, 0xDC4D,9, 0xFE98,2, 0x6984,1,
    0xDC4D,15, 0xFE98,2, 0x6984,1, 0xDC4D,9, 0x7A89,1, 0x18C5,22, 0xDC4D,9, 0xFFFF,2,
    0x1882,1, 0xDC4D,15, 0xFFFF,2, 0x1882,1, 0xDC4D,9, 0x7A89,1, 0x18C5,22, 0xBB29,8,
    0xDC4D,1, 0xBB29,2, 0x1882,1, 0xDC4D,15, 0xBB29,2, 0x1882,1, 0xDC4D,1, 0xBB29,8,
    0x69E7,1, 0x18C5,22, 0xBB29,8, 0xDC4D,1, 0x1882,3, 0xDC4D,15, 0x1882,3, 0xDC4D,1,
    0xBB29,8, 0x69E7,1, 0x18C5,22, 0x6984,8, 0xDC4D,1, 0x1882,3, 0xDC4D,15, 0x1882,3,
    0xDC4D,1, 0xBB29,1, 0x6984,7, 0x4124,1, 0x18C5,26, 0x4124,1, 0x6984,1, 0xBB29,1,
    0xDC4D,2, 0x1882,3, 0xDC4D,15, 0x1882,3, 0xDC4D,1, 0xBB29,2, 0x6984,1, 0x4124,1,
    0x18C5,31, 0x4124,1, 0x6984,1, 0xBB29,1, 0xDC4D,2, 0x6984,3, 0xDC4D,15, 0x6984,3,
    0xDC4D,1, 0xBB29,2, 0x6984,1, 0x4124,1, 0x18C5,31, 0x4124,1, 0x6984,1, 0xBB29,1,
    0xDC4D,24, 0xBB29,2, 0x6984,1, 0x4124,1, 0x18C5,31, 0x4124,1, 0x6984,1, 0xBB29,1,
    0xDC4D,24, 0xBB29,2, 0x6984,1, 0x4124,1, 0x18C5,31, 0x4124,1, 0x6984,1, 0xBB29,1,
    0xDC4D,24, 0xBB29,2, 0x6984,1, 0x4124,1, 0x18C5,31, 0x4124,1, 0x6984,1, 0xBB29,1,
    0xDC4D,24, 0xBB29,2, 0x6984,1, 0x4124,1, 0x18C5,31, 0x4124,1, 0x6984,1, 0xBB29,1,
    0xDC4D,24, 0xBB29,2, 0x6984,1, 0x4124,1, 0x18C5,31, 0x4124,1, 0x6984,1, 0xBB29,1,
    0xDC4D,1, 0xBB29,25, 0x6984,1, 0x4124,1, 0x18C5,31, 0x4124,1, 0x6984,1, 0xBB29,27,
    0x6984,1, 0x4124,1, 0x18C5,31, 0x4124,1, 0x6984,1, 0xBB29,27, 0x6984,1, 0x4124,1,
    0x18C5,31, 0x4124,1, 0x6984,2, 0xBB29,1, 0x6984,26, 0x4124,1, 0x18C5,31, 0x4124,1,
    0x6984,29, 0x4124,1, 0x18C5,31, 0x28E5,1, 0x4124,1, 0x6984,3, 0x4124,3, 0x6984,3,
    0x4124,9, 0x6984,3, 0x4124,3, 0x6984,3, 0x4124,1, 0x28E5,1, 0x18C5,33, 0xBB29,2,
    0x6984,1, 0x18C5,3, 0xBB29,2, 0x6984,1, 0x18C5,9, 0xBB29,2, 0x6984,1, 0x18C5,3,
    0xBB29,2, 0x6984,1, 0x18C5,35, 0xBB29,2, 0x6984,1, 0x18C5,3, 0xBB29,2, 0x6984,1,
    0x18C5,9, 0xBB29,2, 0x6984,1, 0x18C5,3, 0xBB29,2, 0x6984,1, 0x18C5,35, 0xBB29,2,
    0x6984,1, 0x18C5,3, 0xBB29,2, 0x6984,1, 0x18C5,9, 0xBB29,2, 0x6984,1, 0x18C5,3,
    0xBB29,2, 0x6984,1, 0x18C5,35, 0x6984,3, 0x18C5,3, 0x6984,3, 0x18C5,9, 0x6984,3,
    0x18C5,3, 0x6984,3, 0x18C5,35, 0x6984,3, 0x18C5,3, 0x6984,3, 0x18C5,9, 0x6984,3,
    0x18C5,3, 0x6984,3, 0x18C5,35, 0x4124,3, 0x18C5,3, 0x4124,3, 0x18C5,9, 0x4124,3,
    0x18C5,3, 0x4124,3, 0x18C5,1836, 0x10A4,21, 0x18C5,41, 0x10A4,21, 0x18C5,46, 0x10A5,12,
    0x18C5,25, 0x18C5,1926, 0x4124,7, 0x18C5,39, 0x4124,8, 0x18C5,8, 0x6984,7, 0x18C5,39,
    0x6984,8, 0x18C5,6, 0x4125,2, 0x6984,1, 0xBB29,5, 0x6984,1, 0x18C5,39, 0x6984,2,
    0xBB29,4, 0x6984,2, 0x4125,1, 0x18C5,5, 0x6984,3, 0xDC4D,5, 0x6984,1, 0x18C5,39,
    0x6984,2, 0xDC4D,4, 0x6984,3, 0x18C5,5, 0x6984,3, 0xBB29,2, 0xDC4D,3, 0x6984,1,
    0x18C5,39, 0x6984,2, 0xDC4D,3, 0xBB29,1, 0x6984,3, 0x18C5,5, 0x4125,3, 0x6984,2,
    0xDC4D,3, 0x6984,1, 0x18C5,1, 0x4124,1, 0x6984,35, 0x4124,1, 0x18C5,1, 0x6984,2,
    0xDC4D,3, 0x6984,1, 0x4125,3, 0x18C5,8, 0x6984,2, 0xDC4D,2, 0xBB29,1, 0x6984,1,
    0x4124,1, 0x5144,1, 0x6984,35, 0x5144,1, 0x4124,1, 0x6984,2, 0xDC4D,3, 0x6984,1,
    0x18C5,11, 0x6984,2, 0xDC4D,2, 0xBB29,1, 0x6984,5, 0xBB29,1, 0xF572,29, 0xBB29,1,
    0x6984,6, 0xDC4D,3, 0x6984,1, 0x18C5,8, 0x4125,3, 0xBB29,2, 0xDC4D,3, 0xBB29,5,
    0xDC4D,1, 0xFE98,2, 0xF572,1, 0xDC4D,26, 0xBB29,7, 0xDC4D,3, 0xBB29,1, 0x4125,3,
    0x18C5,5, 0x6984,3, 0xDC4D,2, 0xBB29,2, 0xDC4D,6, 0xF572,1, 0xFE98,2, 0xF572,1,
    0xDC4D,32, 0xBB29,4, 0xDC4D,1, 0x6984,3, 0x18C5,5, 0x6984,2, 0xBB29,6, 0xDC4D,41,
    0xBB29,7, 0x6984,1, 0x18C5,5, 0x4125,2, 0x6984,5, 0xBB29,1, 0xDC4D,10, 0xFFFF,2,
    0x1882,1, 0xDC4D,15, 0xFFFF,2, 0x1882,1, 0xDC4D,10, 0xBB29,1, 0x6984,6, 0x4125,1,
    0x18C5,7, 0x4124,5, 0x8268,1, 0xBB29,5, 0xDC4D,5, 0xFFFF,2, 0x1882,1, 0xDC4D,15,
    0xFFFF,2, 0x1882,1, 0xDC4D,4, 0xBB29,6, 0x8268,1, 0x4124,6, 0x18C5,13, 0x69E7,1,
    0xBB29,5, 0xDC4D,5, 0x1882,3, 0xDC4D,15, 0x1882,3, 0xDC4D,4, 0xBB29,6, 0x69E7,1,
    0x18C5,19, 0x5186,1, 0x6984,5, 0xBB29,1, 0xDC4D,4, 0x1882,3, 0xDC4D,15, 0x1882,3,
    0xDC4D,4, 0xBB29,1, 0x6984,5, 0x5186,1, 0x18C5,19, 0x28E5,1, 0x4124,2, 0x5144,1,
    0x6984,1, 0xBB29,1, 0xDC4D,5, 0x1882,3, 0xDC4D,15, 0x1882,3, 0xDC4D,4, 0xBB29,1,
    0x6984,2, 0x5144,1, 0x4124,2, 0x28E5,1, 0x18C5,22, 0x4124,1, 0x6984,1, 0xBB29,1,
    0xDC4D,5, 0x1882,3, 0xDC4D,15, 0x1882,3, 0xDC4D,4, 0xBB29,2, 0x6984,1, 0x4124,1,
    0x18C5,25, 0x4124,1, 0x6984,1, 0xBB29,1, 0xDC4D,30, 0xBB29,2, 0x6984,1, 0x4124,1,
    0x18C5,25, 0x4124,1, 0x6984,1, 0xBB29,1, 0xDC4D,30, 0xBB29,2, 0x6984,1, 0x4124,1,
    0x18C5,25, 0x4124,1, 0x6984,1, 0xBB29,1, 0xDC4D,30, 0xBB29,2, 0x6984,1, 0x4124,1,
    0x18C5,25, 0x4124,1, 0x6984,1, 0xBB29,33, 0x6984,1, 0x4124,1, 0x18C5,25, 0x4124,1,
    0x6984,1, 0xBB29,33, 0x6984,1, 0x4124,1, 0x18C5,25, 0x4124,1, 0x6984,1, 0xBB29,33,
    0x6984,1, 0x4124,1, 0x18C5,25, 0x4124,1, 0x6984,35, 0x4124,1, 0x18C5,25, 0x4124,1,
    0x6984,35, 0x4124,1, 0x18C5,30, 0xBB29,2, 0x6984,1, 0x18C5,3, 0xBB29,2, 0x6984,1,
    0x18C5,9, 0xBB29,2, 0x6984,1, 0x18C5,3, 0xBB29,2, 0x6984,1, 0x18C5,35, 0xBB29,2,
    0x6984,1, 0x18C5,3, 0xBB29,2, 0x6984,1, 0x18C5,9, 0xBB29,2, 0x6984,1, 0x18C5,3,
    0xBB29,2, 0x6984,1, 0x18C5,35, 0xBB29,2, 0x6984,1, 0x18C5,3, 0xBB29,2, 0x6984,1,
    0x18C5,9, 0xBB29,2, 0x6984,1, 0x18C5,3, 0xBB29,2, 0x6984,1, 0x18C5,35, 0xBB29,2,
    0x6984,1, 0x18C5,3, 0xBB29,2, 0x6984,1, 0x18C5,9, 0xBB29,2, 0x6984,1, 0x18C5,3,
    0xBB29,2, 0x6984,1, 0x18C5,35, 0x6984,3, 0x18C5,3, 0x6984,3, 0x18C5,9, 0x6984,3,
    0x18C5,3, 0x6984,3, 0x18C5,35, 0x6984,3, 0x18C5,3, 0x6984,3, 0x18C5,9, 0x6984,3,
    0x18C5,3, 0x6984,3, 0x18C5,278, 0x10A4,1, 0x1084,35, 0x10A4,1, 0x18C5,25, 0x10A4,1,
    0x1084,35, 0x10A4,1, 0x18C5,30, 0x18C6,1, 0x10A4,26, 0x18C6,1, 0x18C5,17, 0x18C5,2671,
    0x28E5,1, 0x4124,6, 0x28E5,1, 0x18C5,35, 0x28E5,1, 0x4124,7, 0x28E5,1, 0x18C5,10,
    0x4125,1, 0x6984,6, 0x4124,1, 0x18C5,35, 0x4124,1, 0x6984,7, 0x4125,1, 0x18C5,8,
    0x28E5,1, 0x4125,1, 0x69A5,1, 0xBB29,6, 0x4124,1, 0x18C5,35, 0x4124,1, 0x6984,1,
    0xBB29,5, 0x6984,1, 0x69A5,1, 0x28E5,1, 0x18C5,7, 0x4124,1, 0x6984,2, 0xBB29,1,
    0xDC4D,4, 0xBB29,1, 0x4924,1, 0x4124,35, 0x4924,1, 0x6984,1, 0xBB29,1, 0xDC4D,3,
    0xBB29,1, 0x6984,2, 0x4124,1, 0x18C5,7, 0x4124,1, 0x6984,3, 0xBB29,2, 0xDC4D,2,
    0xBB29,1, 0x5144,1, 0x6984,35, 0x5144,1, 0x6984,1, 0xBB29,1, 0xDC4D,2, 0xBB29,1,
    0x6984,3, 0x4124,1, 0x18C5,7, 0x28E5,1, 0x4125,2, 0x69A5,1, 0x6984,1, 0xBB29,1,
    0xDC4D,2, 0x6984,5, 0xBB29,29, 0x6984,6, 0xDC4D,2, 0xBB29,1, 0x69A5,1, 0x4125,2,
    0x28E5,1, 0x18C5,10, 0x4125,1, 0x6984,1, 0xBB29,1, 0xDC4D,2, 0x6984,5, 0xF572,3,
    0xDC4D,26, 0xBB29,1, 0x6984,5, 0xDC4D,2, 0xBB29,1, 0x4125,1, 0x18C5,13, 0x4125,1,
    0x6984,1, 0xBB29,1, 0xDC4D,2, 0xF572,5, 0xFE98,2, 0xF572,1, 0xDC4D,27, 0xF572,4,
    0xDC4D,3, 0xBB29,1, 0x4125,1, 0x18C5,10, 0x28E5,1, 0x4125,2, 0x7A48,1, 0xBB29,1,
    0xDC4D,8, 0xF572,3, 0xDC4D,31, 0xBB29,1, 0xDC4D,3, 0x7A48,1, 0x4125,2, 0x28E5,1,
    0x18C5,7, 0x4124,1, 0x6984,2, 0xBB29,1, 0xDC4D,2, 0xBB29,2, 0xDC4D,9, 0xFE98,2,
    0x6984,1, 0xDC4D,15, 0xFE98,2, 0x6984,1, 0xDC4D,9, 0xBB29,3, 0xDC4D,1, 0xBB29,1,
    0x6984,2, 0x4124,1, 0x18C5,7, 0x4124,1, 0x6984,2, 0xBB29,5, 0xDC4D,9, 0xFFFF,2,
    0x1882,1, 0xDC4D,15, 0xFFFF,2, 0x1882,1, 0xDC4D,9, 0xBB29,6, 0x6984,1, 0x4124,1,
    0x18C5,7, 0x28E5,1, 0x4125,1, 0x69A5,1, 0x6984,5, 0xBB29,5, 0xDC4D,4, 0xBB29,2,
    0x1882,1, 0xDC4D,15, 0xBB29,2, 0x1882,1, 0xDC4D,4, 0xBB29,6, 0x6984,5, 0x69A5,1,
    0x28E5,1, 0x18C5,9, 0x28E5,1, 0x4124,5, 0xBB29,5, 0xDC4D,4, 0x1882,3, 0xDC4D,15,
    0x1882,3, 0xDC4D,4, 0xBB29,5, 0x7A27,1, 0x4124,5, 0x28E5,1, 0x18C5,16, 0x6984,5,
    0xDC4D,4, 0x1882,3, 0xDC4D,15, 0x1882,3, 0xDC4D,4, 0xBB29,1, 0x6984,4, 0x4124,1,
    0x18C5,23, 0x4124,1, 0x6984,1, 0xBB29,1, 0xDC4D,5, 0x1882,3, 0xDC4D,15, 0x1882,3,
    0xDC4D,4, 0xBB29,2, 0x6984,1, 0x4124,1, 0x18C5,25, 0x4124,1, 0x6984,1, 0xBB29,1,
    0xDC4D,5, 0x6984,3, 0xDC4D,15, 0x6984,3, 0xDC4D,4, 0xBB29,2, 0x6984,1, 0x4124,1,
    0x18C5,25, 0x4124,1, 0x6984,1, 0xBB29,1, 0xDC4D,30, 0xBB29,2, 0x6984,1, 0x4124,1,
    0x18C5,25, 0x4124,1, 0x6984,1, 0xBB29,1, 0xDC4D,30, 0xBB29,2, 0x6984,1, 0x4124,1,
    0x18C5,25, 0x4124,1, 0x6984,1, 0xBB29,1, 0xDC4D,1, 0xBB29,31, 0x6984,1, 0x4124,1,
    0x18C5,25, 0x4124,1, 0x6984,1, 0xBB29,33, 0x6984,1, 0x4124,1, 0x18C5,25, 0x4124,1,
    0x6984,1, 0xBB29,33, 0x6984,1, 0x4124,1, 0x18C5,25, 0x4124,1, 0x6984,2, 0xBB29,1,
    0x6984,32, 0x4124,1, 0x18C5,25, 0x4124,1, 0x6984,35, 0x4124,1, 0x18C5,22, 0x10A4,1,
    0x1083,2, 0x20C3,1, 0x3903,35, 0x20C3,1, 0x1083,2, 0x10A4,1, 0x18C5,19, 0x10A4,1,
    0x1083,41, 0x10A4,1, 0x18C5,24, 0x10A5,1, 0x10A4,32, 0x10A5,1, 0x18C5,14, 0x18C5,2680,
    0x4124,33, 0x18C5,29, 0x6984,33, 0x18C5,23, 0x4125,1, 0x6984,7, 0xBB29,29, 0x6984,8,
    0x4125,1, 0x18C5,16, 0x4125,1, 0x6984,7, 0xF572,4, 0xDC4D,24, 0xBB29,2, 0x6984,7,
    0x4125,1, 0x18C5,14, 0x4124,1, 0x6984,2, 0xDC4D,1, 0xF572,5, 0xBB29,1, 0xF572,1,
    0xFE98,3, 0xDC4D,24, 0xBB29,1, 0xDC4D,1, 0xF572,5, 0xDC4D,1, 0xBB29,1, 0x6984,1,
    0x4124,1, 0x18C5,13, 0x4124,1, 0x6984,3, 0xBB29,2, 0xDC4D,3, 0xBB29,1, 0xF572,4,
    0xDC4D,24, 0xBB29,2, 0xDC4D,4, 0xBB29,1, 0x6984,3, 0x4124,1, 0x18C5,13, 0x4124,1,
    0x6984,3, 0xBB29,2, 0xDC4D,3, 0xBB29,1, 0xF572,1, 0xDC4D,3, 0xFE98,2, 0x6984,1,
    0xDC4D,15, 0xFE98,2, 0x6984,1, 0xDC4D,3, 0xBB29,2, 0xDC4D,4, 0xBB29,1, 0x6984,3,
    0x4124,1, 0x18C5,16, 0x4125,1, 0x6984,1, 0xBB29,1, 0xDC4D,3, 0xBB29,1, 0xF572,1,
    0xDC4D,3, 0xFFFF,2, 0x1882,1, 0xDC4D,15, 0xFFFF,2, 0x1882,1, 0xDC4D,3, 0xBB29,2,
    0xDC4D,4, 0xBB29,1, 0x4125,1, 0x18C5,19, 0x4125,1, 0x6984,1, 0xBB29,1, 0xDC4D,3,
    0xBB29,1, 0xF572,1, 0xDC4D,3, 0xBB29,2, 0x1882,1, 0xDC4D,15, 0xBB29,2, 0x1882,1,
    0xDC4D,3, 0xBB29,2, 0xDC4D,4, 0xBB29,1, 0x4125,1, 0x18C5,19, 0x4125,1, 0x6984,1,
    0xBB29,1, 0xDC4D,3, 0xBB29,1, 0xF572,1, 0xDC4D,3, 0x1882,3, 0xDC4D,15, 0x1882,3,
    0xDC4D,3, 0xBB29,2, 0xDC4D,4, 0xBB29,1, 0x4125,1, 0x18C5,16, 0x4124,1, 0x6984,2,
    0xBB29,1, 0xF572,1, 0xDC4D,4, 0xBB29,1, 0xF572,1, 0xDC4D,3, 0x1882,3, 0xDC4D,15,
    0x1882,3, 0xDC4D,3, 0xBB29,2, 0xDC4D,5, 0xBB29,1, 0x6984,2, 0x4124,1, 0x18C5,13,
    0x4124,1, 0x6984,2, 0xBB29,6, 0x6984,1, 0xF572,1, 0xDC4D,3, 0x1882,3, 0xDC4D,15,
    0x1882,3, 0xDC4D,3, 0xBB29,9, 0x6984,1, 0x4124,1, 0x18C5,13, 0x4124,1, 0x6984,2,
    0xBB29,6, 0x6984,1, 0xF572,1, 0xDC4D,3, 0x6984,3, 0xDC4D,15, 0x6984,3, 0xDC4D,3,
    0xBB29,9, 0x6984,1, 0x4124,1, 0x18C5,15, 0x4125,1, 0x6984,7, 0xF572,1, 0xDC4D,27,
    0xBB29,1, 0x6984,8, 0x4125,1, 0x18C5,22, 0x6984,2, 0xF572,1, 0xDC4D,27, 0xBB29,2,
    0x6984,1, 0x18C5,29, 0x6984,2, 0xDC4D,1, 0xBB29,29, 0x6984,1, 0x18C5,29, 0x6984,2,
    0xDC4D,1, 0xBB29,29, 0x6984,1, 0x18C5,29, 0x6984,2, 0xDC4D,1, 0xBB29,29, 0x6984,1,
    0x18C5,29, 0x6984,2, 0xBB29,1, 0x6984,30, 0x18C5,29, 0x6984,33, 0x18C5,29, 0x4124,3,
    0x6984,3, 0x4124,3, 0x6984,3, 0x4124,9, 0x6984,3, 0x4124,3, 0x6984,3, 0x4124,3,
    0x18C5,32, 0x6984,3, 0x18C5,3, 0x6984,3, 0x18C5,9, 0x6984,3, 0x18C5,3, 0x6984,3,
    0x18C5,35, 0x6984,3, 0x18C5,3, 0x6984,3, 0x18C5,9, 0x6984,3, 0x18C5,3, 0x6984,3,
    0x18C5,30, 0x10A4,1, 0x1084,4, 0x3904,3, 0x1084,3, 0x3904,3, 0x1084,9, 0x3904,3,
    0x1084,3, 0x3904,3, 0x1084,4, 0x10A4,1, 0x18C5,25, 0x10A4,1, 0x1084,35, 0x10A4,1,
    0x18C5,30, 0x18C6,1, 0x10A4,26, 0x18C6,1, 0x18C5,17, 0x18C5,2432, 0x6984,33, 0x18C5,29,
    0x6984,33, 0x18C5,29, 0x6984,2, 0xF572,28, 0xDC4D,2, 0x6984,1, 0x18C5,29, 0x6984,2,
    0xF572,1, 0xFE98,3, 0xDC4D,24, 0xBB29,2, 0x6984,1, 0x18C5,23, 0x28E5,1, 0x4124,5,
    0x6984,2, 0xF572,1, 0xFE98,3, 0xDC4D,24, 0xBB29,2, 0x6984,1, 0x4124,6, 0x28E5,1,
    0x18C5,16, 0x4125,1, 0x6984,7, 0xF572,1, 0xDC4D,27, 0xBB29,1, 0x6984,8, 0x4125,1,
    0x18C5,14, 0x28E5,1, 0x4125,1, 0x69A5,1, 0xBB29,7, 0xF572,1, 0xDC4D,3, 0xFFFF,2,
    0x1882,1, 0xDC4D,15, 0xFFFF,2, 0x1882,1, 0xDC4D,3, 0xBB29,8, 0x6984,1, 0x69A5,1,
    0x28E5,1, 0x18C5,13, 0x4124,1, 0x6984,2, 0xBB29,1, 0xDC4D,5, 0xBB29,1, 0xF572,1,
    0xDC4D,3, 0xFFFF,2, 0x1882,1, 0xDC4D,15, 0xFFFF,2, 0x1882,1, 0xDC4D,3, 0xBB29,1,
    0xDC4D,6, 0xBB29,1, 0x6984,2, 0x4124,1, 0x18C5,13, 0x4124,1, 0x6984,3, 0xBB29,2,
    0xDC4D,3, 0xBB29,1, 0xF572,1, 0xDC4D,3, 0x1882,3, 0xDC4D,15, 0x1882,3, 0xDC4D,3,
    0xBB29,2, 0xDC4D,4, 0xBB29,1, 0x6984,3, 0x4124,1, 0x18C5,13, 0x28E5,1, 0x4125,2,
    0x69A5,1, 0x6984,1, 0xBB29,1, 0xDC4D,3, 0xBB29,1, 0xF572,1, 0xDC4D,3, 0x1882,3,
    0xDC4D,15, 0x1882,3, 0xDC4D,3, 0xBB29,2, 0xDC4D,4, 0xBB29,1, 0x69A5,1, 0x4125,2,
    0x28E5,1, 0x18C5,16, 0x4125,1, 0x6984,1, 0xBB29,1, 0xDC4D,3, 0xBB29,1, 0xF572,1,
    0xDC4D,3, 0x1882,3, 0xDC4D,15, 0x1882,3, 0xDC4D,3, 0xBB29,2, 0xDC4D,4, 0xBB29,1,
    0x4125,1, 0x18C5,19, 0x4125,1, 0x6984,1, 0xBB29,1, 0xDC4D,3, 0xBB29,1, 0xF572,1,
    0xDC4D,3, 0x1882,3, 0xDC4D,15, 0x1882,3, 0xDC4D,3, 0xBB29,2, 0xDC4D,4, 0xBB29,1,
    0x4125,1, 0x18C5,16, 0x28E5,1, 0x4125,2, 0x7A48,1, 0xBB29,1, 0xDC4D,4, 0xBB29,1,
    0xF572,1, 0xDC4D,27, 0xBB29,2, 0xDC4D,5, 0x7A48,1, 0x4125,2, 0x28E5,1, 0x18C5,13,
    0x4124,1, 0x6984,2, 0xBB29,1, 0xDC4D,2, 0xBB29,4, 0xF572,1, 0xDC4D,27, 0xBB29,6,
    0xDC4D,1, 0xBB29,1, 0x6984,2, 0x4124,1, 0x18C5,13, 0x4124,1, 0x6984,2, 0xBB29,6,
    0x6984,1, 0xF572,1, 0xDC4D,27, 0xBB29,9, 0x6984,1, 0x4124,1, 0x18C5,13, 0x28E5,1,
    0x4125,1, 0x69A5,1, 0x6984,7, 0xF572,1, 0xDC4D,27, 0xBB29,2, 0x6984,7, 0x69A5,1,
    0x28E5,1, 0x18C5,15, 0x28E5,1, 0x4124,5, 0x6984,2, 0xF572,1, 0xDC4D,27, 0xBB29,2,
    0x6984,1, 0x4124,6, 0x28E5,1, 0x18C5,22, 0x6984,2, 0xDC4D,1, 0xBB29,29, 0x6984,1,
    0x18C5,29, 0x6984,2, 0xDC4D,1, 0xBB29,29, 0x6984,1, 0x18C5,29, 0x6984,2, 0xDC4D,1,
    0xBB29,29, 0x6984,1, 0x18C5,29, 0x6984,33, 0x18C5,32, 0xBB29,2, 0x6984,1, 0x18C5,3,
    0xBB29,2, 0x6984,1, 0x18C5,9, 0xBB29,2, 0x6984,1, 0x18C5,3, 0xBB29,2, 0x6984,1,
    0x18C5,35, 0xBB29,2, 0x6984,1, 0x18C5,3, 0xBB29,2, 0x6984,1, 0x18C5,9, 0xBB29,2,
    0x6984,1, 0x18C5,3, 0xBB29,2, 0x6984,1, 0x18C5,35, 0xBB29,2, 0x6984,1, 0x18C5,3,
    0xBB29,2, 0x6984,1, 0x18C5,9, 0xBB29,2, 0x6984,1, 0x18C5,3, 0xBB29,2, 0x6984,1,
    0x18C5,35, 0xBB29,2, 0x6984,1, 0x18C5,3, 0xBB29,2, 0x6984,1, 0x18C5,9, 0xBB29,2,
    0x6984,1, 0x18C5,3, 0xBB29,2, 0x6984,1, 0x18C5,35, 0x6984,3, 0x18C5,3, 0x6984,3,
    0x18C5,9, 0x6984,3, 0x18C5,3, 0x6984,3, 0x18C5,35, 0x6984,3, 0x18C5,3, 0x6984,3,
    0x18C5,9, 0x6984,3, 0x18C5,3, 0x6984,3, 0x18C5,30, 0x10A4,1, 0x1084,4, 0x3904,3,
    0x1084,3, 0x3904,3, 0x1084,9, 0x3904,3, 0x1084,3, 0x3904,3, 0x1084,4, 0x10A4,1,
    0x18C5,25, 0x10A4,1, 0x1084,35, 0x10A4,1, 0x18C5,30, 0x18C6,1, 0x10A4,26, 0x18C6,1,
    0x18C5,17, 0x18C5,2432, 0x6984,33, 0x18C5,29, 0x6984,33, 0x18C5,29, 0x6984,2, 0xF572,28,
    0xDC4D,2, 0x6984,1, 0x18C5,29, 0x6984,2, 0xF572,1, 0xFE98,3, 0xDC4D,24, 0xBB29,2,
    0x6984,1, 0x18C5,23, 0x28E5,1, 0x4124,5, 0x6984,2, 0xF572,1, 0xFE98,3, 0xDC4D,24,
    0xBB29,2, 0x6984,1, 0x4124,6, 0x28E5,1, 0x18C5,16, 0x4125,1, 0x6984,7, 0xF572,1,
    0xDC4D,27, 0xBB29,1, 0x6984,8, 0x4125,1, 0x18C5,14, 0x28E5,1, 0x4125,1, 0x69A5,1,
    0xBB29,7, 0xF572,1, 0xDC4D,3, 0xFFFF,2, 0x1882,1, 0xDC4D,15, 0xFFFF,2, 0x1882,1,
    0xDC4D,3, 0xBB29,8, 0x6984,1, 0x69A5,1, 0x28E5,1, 0x18C5,13, 0x4124,1, 0x6984,2,
    0xBB29,1, 0xDC4D,5, 0xBB29,1, 0xF572,1, 0xDC4D,3, 0xFFFF,2, 0x1882,1, 0xDC4D,15,
    0xFFFF,2, 0x1882,1, 0xDC4D,3, 0xBB29,1, 0xDC4D,6, 0xBB29,1, 0x6984,2, 0x4124,1,
    0x18C5,13, 0x4124,1, 0x6984,3, 0xBB29,2, 0xDC4D,3, 0xBB29,1, 0xF572,1, 0xDC4D,3,
    0x1882,3, 0xDC4D,15, 0x1882,3, 0xDC4D,3, 0xBB29,2, 0xDC4D,4, 0xBB29,1, 0x6984,3,
    0x4124,1, 0x18C5,13, 0x28E5,1, 0x4125,2, 0x69A5,1, 0x6984,1, 0xBB29,1, 0xDC4D,3,
    0xBB29,1, 0xF572,1, 0xDC4D,3, 0x1882,3, 0xDC4D,15, 0x1882,3, 0xDC4D,3, 0xBB29,2,
    0xDC4D,4, 0xBB29,1, 0x69A5,1, 0x4125,2, 0x28E5,1, 0x18C5,16, 0x4125,1, 0x6984,1,
    0xBB29,1, 0xDC4D,3, 0xBB29,1, 0xF572,1, 0xDC4D,3, 0x1882,3, 0xDC4D,15, 0x1882,3,
    0xDC4D,3, 0xBB29,2, 0xDC4D,4, 0xBB29,1, 0x4125,1, 0x18C5,19, 0x4125,1, 0x6984,1,
    0xBB29,1, 0xDC4D,3, 0xBB29,1, 0xF572,1, 0xDC4D,3, 0x1882,3, 0xDC4D,15, 0x1882,3,
    0xDC4D,3, 0xBB29,2, 0xDC4D,4, 0xBB29,1, 0x4125,1, 0x18C5,16, 0x28E5,1, 0x4125,2,
    0x7A48,1, 0xBB29,1, 0xDC4D,4, 0xBB29,1, 0xF572,1, 0xDC4D,27, 0xBB29,2, 0xDC4D,5,
    0x7A48,1, 0x4125,2, 0x28E5,1, 0x18C5,13, 0x4124,1, 0x6984,2, 0xBB29,1, 0xDC4D,2,
    0xBB29,4, 0xF572,1, 0xDC4D,27, 0xBB29,6, 0xDC4D,1, 0xBB29,1, 0x6984,2, 0x4124,1,
    0x18C5,13, 0x4124,1, 0x6984,2, 0xBB29,6, 0x6984,1, 0xF572,1, 0xDC4D,27, 0xBB29,9,
    0x6984,1, 0x4124,1, 0x18C5,13, 0x28E5,1, 0x4125,1, 0x69A5,1, 0x6984,7, 0xF572,1,
    0xDC4D,27, 0xBB29,2, 0x6984,7, 0x69A5,1, 0x28E5,1, 0x18C5,15, 0x28E5,1, 0x4124,5,
    0x6984,2, 0xF572,1, 0xDC4D,27, 0xBB29,2, 0x6984,1, 0x4124,6, 0x28E5,1, 0x18C5,22,
    0x6984,2, 0xDC4D,1, 0xBB29,29, 0x6984,1, 0x18C5,29, 0x6984,2, 0xDC4D,1, 0xBB29,29,
    0x6984,1, 0x18C5,29, 0x6984,2, 0xDC4D,1, 0xBB29,29, 0x6984,1, 0x18C5,29, 0x6984,33,
    0x18C5,32, 0xBB29,2, 0x6984,1, 0x18C5,3, 0xBB29,2, 0x6984,1, 0x18C5,9, 0xBB29,2,
    0x6984,1, 0x18C5,3, 0xBB29,2, 0x6984,1, 0x18C5,35, 0xBB29,2, 0x6984,1, 0x18C5,3,
    0xBB29,2, 0x6984,1, 0x18C5,9, 0xBB29,2, 0x6984,1, 0x18C5,3, 0xBB29,2, 0x6984,1,
    0x18C5,35, 0xBB29,2, 0x6984,1, 0x18C5,3, 0xBB29,2, 0x6984,1, 0x18C5,9, 0xBB29,2,
    0x6984,1, 0x18C5,3, 0xBB29,2, 0x6984,1, 0x18C5,35, 0xBB29,2, 0x6984,1, 0x18C5,3,
    0xBB29,2, 0x6984,1, 0x18C5,9, 0xBB29,2, 0x6984,1, 0x18C5,3, 0xBB29,2, 0x6984,1,
    0x18C5,35, 0x6984,3, 0x18C5,3, 0x6984,3, 0x18C5,9, 0x6984,3, 0x18C5,3, 0x6984,3,
    0x18C5,35, 0x6984,3, 0x18C5,3, 0x6984,3, 0x18C5,9, 0x6984,3, 0x18C5,3, 0x6984,3,
    0x18C5,30, 0x10A4,1, 0x1084,4, 0x3904,3, 0x1084,3, 0x3904,3, 0x1084,9, 0x3904,3,
    0x1084,3, 0x3904,3, 0x1084,4, 0x10A4,1, 0x18C5,25, 0x10A4,1, 0x1084,35, 0x10A4,1,
    0x18C5,30, 0x18C6,1, 0x10A4,26, 0x18C6,1, 0x18C5,17, 0x18C5,2432, 0x6984,33, 0x18C5,29,
    0x6984,33, 0x18C5,29, 0x6984,2, 0xF572,28, 0xDC4D,2, 0x6984,1, 0x18C5,29, 0x6984,2,
    0xF572,1, 0xFE98,3, 0xDC4D,24, 0xBB29,2, 0x6984,1, 0x18C5,23, 0x28E5,1, 0x4124,5,
    0x6984,2, 0xF572,1, 0xFE98,3, 0xDC4D,24, 0xBB29,2, 0x6984,1, 0x4124,6, 0x28E5,1,
    0x18C5,16, 0x4125,1, 0x6984,7, 0xF572,1, 0xDC4D,27, 0xBB29,1, 0x6984,8, 0x4125,1,
    0x18C5,14, 0x28E5,1, 0x4125,1, 0x69A5,1, 0xBB29,7, 0xF572,1, 0xDC4D,3, 0xFFFF,2,
    0x1882,1, 0xDC4D,15, 0xFFFF,2, 0x1882,1, 0xDC4D,3, 0xBB29,8, 0x6984,1, 0x69A5,1,
    0x28E5,1, 0x18C5,13, 0x4124,1, 0x6984,2, 0xBB29,1, 0xDC4D,5, 0xBB29,1, 0xF572,1,
    0xDC4D,3, 0xFFFF,2, 0x1882,1, 0xDC4D,15, 0xFFFF,2, 0x1882,1, 0xDC4D,3, 0xBB29,1,
    0xDC4D,6, 0xBB29,1, 0x6984,2, 0x4124,1, 0x18C5,13, 0x4124,1, 0x6984,3, 0xBB29,2,
    0xDC4D,3, 0xBB29,1, 0xF572,1, 0xDC4D,3, 0x1882,3, 0xDC4D,15, 0x1882,3, 0xDC4D,3,
    0xBB29,2, 0xDC4D,4, 0xBB29,1, 0x6984,3, 0x4124,1, 0x18C5,13, 0x28E5,1, 0x4125,2,
    0x69A5,1, 0x6984,1, 0xBB29,1, 0xDC4D,3, 0xBB29,1, 0xF572,1, 0xDC4D,3, 0x1882,3,
    0xDC4D,15, 0x1882,3, 0xDC4D,3, 0xBB29,2, 0xDC4D,4, 0xBB29,1, 0x69A5,1, 0x4125,2,
    0x28E5,1, 0x18C5,16, 0x4125,1, 0x6984,1, 0xBB29,1, 0xDC4D,3, 0xBB29,1, 0xF572,1,
    0xDC4D,3, 0x1882,3, 0xDC4D,15, 0x1882,3, 0xDC4D,3, 0xBB29,2, 0xDC4D,4, 0xBB29,1,
    0x4125,1, 0x18C5,19, 0x4125,1, 0x6984,1, 0xBB29,1, 0xDC4D,3, 0xBB29,1, 0xF572,1,
    0xDC4D,3, 0x1882,3, 0xDC4D,15, 0x1882,3, 0xDC4D,3, 0xBB29,2, 0xDC4D,4, 0xBB29,1,
    0x4125,1, 0x18C5,16, 0x28E5,1, 0x4125,2, 0x7A48,1, 0xBB29,1, 0xDC4D,4, 0xBB29,1,
    0xF572,1, 0xDC4D,27, 0xBB29,2, 0xDC4D,5, 0x7A48,1, 0x4125,2, 0x28E5,1, 0x18C5,13,
    0x4124,1, 0x6984,2, 0xBB29,1, 0xDC4D,2, 0xBB29,4, 0xF572,1, 0xDC4D,27, 0xBB29,6,
    0xDC4D,1, 0xBB29,1, 0x6984,2, 0x4124,1, 0x18C5,13, 0x4124,1, 0x6984,2, 0xBB29,6,
    0x6984,1, 0xF572,1, 0xDC4D,27, 0xBB29,9, 0x6984,1, 0x4124,1, 0x18C5,13, 0x28E5,1,
    0x4125,1, 0x69A5,1, 0x6984,7, 0xF572,1, 0xDC4D,27, 0xBB29,2, 0x6984,7, 0x69A5,1,
    0x28E5,1, 0x18C5,15, 0x28E5,1, 0x4124,5, 0x6984,2, 0xF572,1, 0xDC4D,27, 0xBB29,2,
    0x6984,1, 0x4124,6, 0x28E5,1, 0x18C5,22, 0x6984,2, 0xDC4D,1, 0xBB29,29, 0x6984,1,
    0x18C5,29, 0x6984,2, 0xDC4D,1, 0xBB29,29, 0x6984,1, 0x18C5,29, 0x6984,2, 0xDC4D,1,
    0xBB29,29, 0x6984,1, 0x18C5,29, 0x6984,33, 0x18C5,32, 0xBB29,2, 0x6984,1, 0x18C5,3,
    0xBB29,2, 0x6984,1, 0x18C5,9, 0xBB29,2, 0x6984,1, 0x18C5,3, 0xBB29,2, 0x6984,1,
    0x18C5,35, 0xBB29,2, 0x6984,1, 0x18C5,3, 0xBB29,2, 0x6984,1, 0x18C5,9, 0xBB29,2,
    0x6984,1, 0x18C5,3, 0xBB29,2, 0x6984,1, 0x18C5,35, 0xBB29,2, 0x6984,1, 0x18C5,3,
    0xBB29,2, 0x6984,1, 0x18C5,9, 0xBB29,2, 0x6984,1, 0x18C5,3, 0xBB29,2, 0x6984,1,
    0x18C5,35, 0xBB29,2, 0x6984,1, 0x18C5,3, 0xBB29,2, 0x6984,1, 0x18C5,9, 0xBB29,2,
    0x6984,1, 0x18C5,3, 0xBB29,2, 0x6984,1, 0x18C5,35, 0x6984,3, 0x18C5,3, 0x6984,3,
    0x18C5,9, 0x6984,3, 0x18C5,3, 0x6984,3, 0x18C5,35, 0x6984,3, 0x18C5,3, 0x6984,3,
    0x18C5,9, 0x6984,3, 0x18C5,3, 0x6984,3, 0x18C5,30, 0x10A4,1, 0x1084,4, 0x3904,3,
    0x1084,3, 0x3904,3, 0x1084,9, 0x3904,3, 0x1084,3, 0x3904,3, 0x1084,4, 0x10A4,1,
    0x18C5,25, 0x10A4,1, 0x1084,35, 0x10A4,1, 0x18C5,30, 0x18C6,1, 0x10A4,26, 0x18C6,1,
    0x18C5,17, 0x18C5,2432, 0x6984,33, 0x18C5,29, 0x6984,33, 0x18C5,29, 0x6984,2, 0xF572,28,
    0xDC4D,2, 0x6984,1, 0x18C5,29, 0x6984,2, 0xF572,1, 0xFE98,3, 0xDC4D,24, 0xBB29,2,
    0x6984,1, 0x18C5,23, 0x28E5,1, 0x4124,5, 0x6984,2, 0xF572,1, 0xFE98,3, 0xDC4D,24,
    0xBB29,2, 0x6984,1, 0x4124,6, 0x28E5,1, 0x18C5,16, 0x4125,1, 0x6984,7, 0xF572,1,
    0xDC4D,27, 0xBB29,1, 0x6984,8, 0x4125,1, 0x18C5,14, 0x28E5,1, 0x4125,1, 0x69A5,1,
    0xBB29,7, 0xF572,1, 0xDC4D,3, 0xFFFF,2, 0x1882,1, 0xDC4D,15, 0xFFFF,2, 0x1882,1,
    0xDC4D,3, 0xBB29,8, 0x6984,1, 0x69A5,1, 0x28E5,1, 0x18C5,13, 0x4124,1, 0x6984,2,
    0xBB29,1, 0xDC4D,5, 0xBB29,1, 0xF572,1, 0xDC4D,3, 0xFFFF,2, 0x1882,1, 0xDC4D,15,
    0xFFFF,2, 0x1882,1, 0xDC4D,3, 0xBB29,1, 0xDC4D,6, 0xBB29,1, 0x6984,2, 0x4124,1,
    0x18C5,13, 0x4124,1, 0x6984,3, 0xBB29,2, 0xDC4D,3, 0xBB29,1, 0xF572,1, 0xDC4D,3,
    0x1882,3, 0xDC4D,15, 0x1882,3, 0xDC4D,3, 0xBB29,2, 0xDC4D,4, 0xBB29,1, 0x6984,3,
    0x4124,1, 0x18C5,13, 0x28E5,1, 0x4125,2, 0x69A5,1, 0x6984,1, 0xBB29,1, 0xDC4D,3,
    0xBB29,1, 0xF572,1, 0xDC4D,3, 0x1882,3, 0xDC4D,15, 0x1882,3, 0xDC4D,3, 0xBB29,2,
    0xDC4D,4, 0xBB29,1, 0x69A5,1, 0x4125,2, 0x28E5,1, 0x18C5,16, 0x4125,1, 0x6984,1,
    0xBB29,1, 0xDC4D,3, 0xBB29,1, 0xF572,1, 0xDC4D,3, 0x1882,3, 0xDC4D,15, 0x1882,3,
    0xDC4D,3, 0xBB29,2, 0xDC4D,4, 0xBB29,1, 0x4125,1, 0x18C5,19, 0x4125,1, 0x6984,1,
    0xBB29,1, 0xDC4D,3, 0xBB29,1, 0xF572,1, 0xDC4D,3, 0x1882,3, 0xDC4D,15, 0x1882,3,
    0xDC4D,3, 0xBB29,2, 0xDC4D,4, 0xBB29,1, 0x4125,1, 0x18C5,16, 0x28E5,1, 0x4125,2,
    0x7A48,1, 0xBB29,1, 0xDC4D,4, 0xBB29,1, 0xF572,1, 0xDC4D,27, 0xBB29,2, 0xDC4D,5,
    0x7A48,1, 0x4125,2, 0x28E5,1, 0x18C5,13, 0x4124,1, 0x6984,2, 0xBB29,1, 0xDC4D,2,
    0xBB29,4, 0xF572,1, 0xDC4D,27, 0xBB29,6, 0xDC4D,1, 0xBB29,1, 0x6984,2, 0x4124,1,
    0x18C5,13, 0x4124,1, 0x6984,2, 0xBB29,6, 0x6984,1, 0xF572,1, 0xDC4D,27, 0xBB29,9,
    0x6984,1, 0x4124,1, 0x18C5,13, 0x28E5,1, 0x4125,1, 0x69A5,1, 0x6984,7, 0xF572,1,
    0xDC4D,27, 0xBB29,2, 0x6984,7, 0x69A5,1, 0x28E5,1, 0x18C5,15, 0x28E5,1, 0x4124,5,
    0x6984,2, 0xF572,1, 0xDC4D,27, 0xBB29,2, 0x6984,1, 0x4124,6, 0x28E5,1, 0x18C5,22,
    0x6984,2, 0xDC4D,1, 0xBB29,29, 0x6984,1, 0x18C5,29, 0x6984,2, 0xDC4D,1, 0xBB29,29,
    0x6984,1, 0x18C5,29, 0x6984,2, 0xDC4D,1, 0xBB29,29, 0x6984,1, 0x18C5,29, 0x6984,33,
    0x18C5,32, 0xBB29,2, 0x6984,1, 0x18C5,3, 0xBB29,2, 0x6984,1, 0x18C5,9, 0xBB29,2,
    0x6984,1, 0x18C5,3, 0xBB29,2, 0x6984,1, 0x18C5,35, 0xBB29,2, 0x6984,1, 0x18C5,3,
    0xBB29,2, 0x6984,1, 0x18C5,9, 0xBB29,2, 0x6984,1, 0x18C5,3, 0xBB29,2, 0x6984,1,
    0x18C5,35, 0xBB29,2, 0x6984,1, 0x18C5,3, 0xBB29,2, 0x6984,1, 0x18C5,9, 0xBB29,2,
    0x6984,1, 0x18C5,3, 0xBB29,2, 0x6984,1, 0x18C5,35, 0xBB29,2, 0x6984,1, 0x18C5,3,
    0xBB29,2, 0x6984,1, 0x18C5,9, 0xBB29,2, 0x6984,1, 0x18C5,3, 0xBB29,2, 0x6984,1,
    0x18C5,35, 0x6984,3, 0x18C5,3, 0x6984,3, 0x18C5,9, 0x6984,3, 0x18C5,3, 0x6984,3,
    0x18C5,35, 0x6984,3, 0x18C5,3, 0x6984,3, 0x18C5,9, 0x6984,3, 0x18C5,3, 0x6984,3,
    0x18C5,30, 0x10A4,1, 0x1084,4, 0x3904,3, 0x1084,3, 0x3904,3, 0x1084,9, 0x3904,3,
    0x1084,3, 0x3904,3, 0x1084,4, 0x10A4,1, 0x18C5,25, 0x10A4,1, 0x1084,35, 0x10A4,1,
    0x18C5,30, 0x18C6,1, 0x10A4,26, 0x18C6,1, 0x18C5,17, 0x18C5,2432, 0x6984,33, 0x18C5,29,
    0x6984,33, 0x18C5,29, 0x6984,2, 0xF572,28, 0xDC4D,2, 0x6984,1, 0x18C5,29, 0x6984,2,
    0xF572,1, 0xFE98,3, 0xDC4D,24, 0xBB29,2, 0x6984,1, 0x18C5,23, 0x28E5,1, 0x4124,5,
    0x6984,2, 0xF572,1, 0xFE98,3, 0xDC4D,24, 0xBB29,2, 0x6984,1, 0x4124,6, 0x28E5,1,
    0x18C5,16, 0x4125,1, 0x6984,7, 0xF572,1, 0xDC4D,27, 0xBB29,1, 0x6984,8, 0x4125,1,
    0x18C5,14, 0x28E5,1, 0x4125,1, 0x69A5,1, 0xBB29,7, 0xF572,1, 0xDC4D,3, 0xFFFF,2,
    0x1882,1, 0xDC4D,15, 0xFFFF,2, 0x1882,1, 0xDC4D,3, 0xBB29,8, 0x6984,1, 0x69A5,1,
    0x28E5,1, 0x18C5,13, 0x4124,1, 0x6984,2, 0xBB29,1, 0xDC4D,5, 0xBB29,1, 0xF572,1,
    0xDC4D,3, 0xFFFF,2, 0x1882,1, 0xDC4D,15, 0xFFFF,2, 0x1882,1, 0xDC4D,3, 0xBB29,1,
    0xDC4D,6, 0xBB29,1, 0x6984,2, 0x4124,1, 0x18C5,13, 0x4124,1, 0x6984,3, 0xBB29,2,
    0xDC4D,3, 0xBB29,1, 0xF572,1, 0xDC4D,3, 0x1882,3, 0xDC4D,15, 0x1882,3, 0xDC4D,3,
    0xBB29,2, 0xDC4D,4, 0xBB29,1, 0x6984,3, 0x4124,1, 0x18C5,13, 0x28E5,1, 0x4125,2,
    0x69A5,1, 0x6984,1, 0xBB29,1, 0xDC4D,3, 0xBB29,1, 0xF572,1, 0xDC4D,3, 0x1882,3,
    0xDC4D,15, 0x1882,3, 0xDC4D,3, 0xBB29,2, 0xDC4D,4, 0xBB29,1, 0x69A5,1, 0x4125,2,
    0x28E5,1, 0x18C5,16, 0x4125,1, 0x6984,1, 0xBB29,1, 0xDC4D,3, 0xBB29,1, 0xF572,1,
    0xDC4D,3, 0x1882,3, 0xDC4D,15, 0x1882,3, 0xDC4D,3, 0xBB29,2, 0xDC4D,4, 0xBB29,1,
    0x4125,1, 0x18C5,19, 0x4125,1, 0x6984,1, 0xBB29,1, 0xDC4D,3, 0xBB29,1, 0xF572,1,
    0xDC4D,3, 0x1882,3, 0xDC4D,15, 0x1882,3, 0xDC4D,3, 0xBB29,2, 0xDC4D,4, 0xBB29,1,
    0x4125,1, 0x18C5,16, 0x28E5,1, 0x4125,2, 0x7A48,1, 0xBB29,1, 0xDC4D,4, 0xBB29,1,
    0xF572,1, 0xDC4D,27, 0xBB29,2, 0xDC4D,5, 0x7A48,1, 0x4125,2, 0x28E5,1, 0x18C5,13,
    0x4124,1, 0x6984,2, 0xBB29,1, 0xDC4D,2, 0xBB29,4, 0xF572,1, 0xDC4D,27, 0xBB29,6,
    0xDC4D,1, 0xBB29,1, 0x6984,2, 0x4124,1, 0x18C5,13, 0x4124,1, 0x6984,2, 0xBB29,6,
    0x6984,1, 0xF572,1, 0xDC4D,27, 0xBB29,9, 0x6984,1, 0x4124,1, 0x18C5,13, 0x28E5,1,
    0x4125,1, 0x69A5,1, 0x6984,7, 0xF572,1, 0xDC4D,27, 0xBB29,2, 0x6984,7, 0x69A5,1,
    0x28E5,1, 0x18C5,15, 0x28E5,1, 0x4124,5, 0x6984,2, 0xF572,1, 0xDC4D,27, 0xBB29,2,
    0x6984,1, 0x4124,6, 0x28E5,1, 0x18C5,22, 0x6984,2, 0xDC4D,1, 0xBB29,29, 0x6984,1,
    0x18C5,29, 0x6984,2, 0xDC4D,1, 0xBB29,29, 0x6984,1, 0x18C5,29, 0x6984,2, 0xDC4D,1,
    0xBB29,29, 0x6984,1, 0x18C5,29, 0x6984,33, 0x18C5,32, 0xBB29,2, 0x6984,1, 0x18C5,3,
    0xBB29,2, 0x6984,1, 0x18C5,9, 0xBB29,2, 0x6984,1, 0x18C5,3, 0xBB29,2, 0x6984,1,
    0x18C5,35, 0xBB29,2, 0x6984,1, 0x18C5,3, 0xBB29,2, 0x6984,1, 0x18C5,9, 0xBB29,2,
    0x6984,1, 0x18C5,3, 0xBB29,2, 0x6984,1, 0x18C5,35, 0xBB29,2, 0x6984,1, 0x18C5,3,
    0xBB29,2, 0x6984,1, 0x18C5,9, 0xBB29,2, 0x6984,1, 0x18C5,3, 0xBB29,2, 0x6984,1,
    0x18C5,35, 0xBB29,2, 0x6984,1, 0x18C5,3, 0xBB29,2, 0x6984,1, 0x18C5,9, 0xBB29,2,
    0x6984,1, 0x18C5,3, 0xBB29,2, 0x6984,1, 0x18C5,35, 0x6984,3, 0x18C5,3, 0x6984,3,
    0x18C5,9, 0x6984,3, 0x18C5,3, 0x6984,3, 0x18C5,35, 0x6984,3, 0x18C5,3, 0x6984,3,
    0x18C5,9, 0x6984,3, 0x18C5,3, 0x6984,3, 0x18C5,30, 0x10A4,1, 0x1084,4, 0x3904,3,
    0x1084,3, 0x3904,3, 0x1084,9, 0x3904,3, 0x1084,3, 0x3904,3, 0x1084,4, 0x10A4,1,
    0x18C5,25, 0x10A4,1, 0x1084,35, 0x10A4,1, 0x18C5,30, 0x18C6,1, 0x10A4,26, 0x18C6,1,
    0x18C5,17, 0x18C5,2432, 0x6984,33, 0x18C5,29, 0x6984,33, 0x18C5,29, 0x6984,2, 0xF572,28,
    0xDC4D,2, 0x6984,1, 0x18C5,29, 0x6984,2, 0xF572,1, 0xFE98,3, 0xDC4D,24, 0xBB29,2,
    0x6984,1, 0x18C5,23, 0x28E5,1, 0x4124,5, 0x6984,2, 0xF572,1, 0xFE98,3, 0xDC4D,24,
    0xBB29,2, 0x6984,1, 0x4124,6, 0x28E5,1, 0x18C5,16, 0x4125,1, 0x6984,7, 0xF572,1,
    0xDC4D,27, 0xBB29,1, 0x6984,8, 0x4125,1, 0x18C5,14, 0x28E5,1, 0x4125,1, 0x69A5,1,
    0xBB29,7, 0xF572,1, 0xDC4D,3, 0xFFFF,2, 0x1882,1, 0xDC4D,15, 0xFFFF,2, 0x1882,1,
    0xDC4D,3, 0xBB29,8, 0x6984,1, 0x69A5,1, 0x28E5,1, 0x18C5,13, 0x4124,1, 0x6984,2,
    0xBB29,1, 0xDC4D,5, 0xBB29,1, 0xF572,1, 0xDC4D,3, 0xFFFF,2, 0x1882,1, 0xDC4D,15,
    0xFFFF,2, 0x1882,1, 0xDC4D,3, 0xBB29,1, 0xDC4D,6, 0xBB29,1, 0x6984,2, 0x4124,1,
    0x18C5,13, 0x4124,1, 0x6984,3, 0xBB29,2, 0xDC4D,3, 0xBB29,1, 0xF572,1, 0xDC4D,3,
    0x1882,3, 0xDC4D,15, 0x1882,3, 0xDC4D,3, 0xBB29,2, 0xDC4D,4, 0xBB29,1, 0x6984,3,
    0x4124,1, 0x18C5,13, 0x28E5,1, 0x4125,2, 0x69A5,1, 0x6984,1, 0xBB29,1, 0xDC4D,3,
    0xBB29,1, 0xF572,1, 0xDC4D,3, 0x1882,3, 0xDC4D,15, 0x1882,3, 0xDC4D,3, 0xBB29,2,
    0xDC4D,4, 0xBB29,1, 0x69A5,1, 0x4125,2, 0x28E5,1, 0x18C5,16, 0x4125,1, 0x6984,1,
    0xBB29,1, 0xDC4D,3, 0xBB29,1, 0xF572,1, 0xDC4D,3, 0x1882,3, 0xDC4D,15, 0x1882,3,
    0xDC4D,3, 0xBB29,2, 0xDC4D,4, 0xBB29,1, 0x4125,1, 0x18C5,19, 0x4125,1, 0x6984,1,
    0xBB29,1, 0xDC4D,3, 0xBB29,1, 0xF572,1, 0xDC4D,3, 0x1882,3, 0xDC4D,15, 0x1882,3,
    0xDC4D,3, 0xBB29,2, 0xDC4D,4, 0xBB29,1, 0x4125,1, 0x18C5,16, 0x28E5,1, 0x4125,2,
    0x7A48,1, 0xBB29,1, 0xDC4D,4, 0xBB29,1, 0xF572,1, 0xDC4D,27, 0xBB29,2, 0xDC4D,5,
    0x7A48,1, 0x4125,2, 0x28E5,1, 0x18C5,13, 0x4124,1, 0x6984,2, 0xBB29,1, 0xDC4D,2,
    0xBB29,4, 0xF572,1, 0xDC4D,27, 0xBB29,6, 0xDC4D,1, 0xBB29,1, 0x6984,2, 0x4124,1,
    0x18C5,13, 0x4124,1, 0x6984,2, 0xBB29,6, 0x6984,1, 0xF572,1, 0xDC4D,27, 0xBB29,9,
    0x6984,1, 0x4124,1, 0x18C5,13, 0x28E5,1, 0x4125,1, 0x69A5,1, 0x6984,7, 0xF572,1,
    0xDC4D,27, 0xBB29,2, 0x6984,7, 0x69A5,1, 0x28E5,1, 0x18C5,15, 0x28E5,1, 0x4124,5,
    0x6984,2, 0xF572,1, 0xDC4D,27, 0xBB29,2, 0x6984,1, 0x4124,6, 0x28E5,1, 0x18C5,22,
    0x6984,2, 0xDC4D,1, 0xBB29,29, 0x6984,1, 0x18C5,29, 0x6984,2, 0xDC4D,1, 0xBB29,29,
    0x6984,1, 0x18C5,29, 0x6984,2, 0xDC4D,1, 0xBB29,29, 0x6984,1, 0x18C5,29, 0x6984,33,
    0x18C5,32, 0xBB29,2, 0x6984,1, 0x18C5,3, 0xBB29,2, 0x6984,1, 0x18C5,9, 0xBB29,2,
    0x6984,1, 0x18C5,3, 0xBB29,2, 0x6984,1, 0x18C5,35, 0xBB29,2, 0x6984,1, 0x18C5,3,
    0xBB29,2, 0x6984,1, 0x18C5,9, 0xBB29,2, 0x6984,1, 0x18C5,3, 0xBB29,2, 0x6984,1,
    0x18C5,35, 0xBB29,2, 0x6984,1, 0x18C5,3, 0xBB29,2, 0x6984,1, 0x18C5,9, 0xBB29,2,
    0x6984,1, 0x18C5,3, 0xBB29,2, 0x6984,1, 0x18C5,35, 0xBB29,2, 0x6984,1, 0x18C5,3,
    0xBB29,2, 0x6984,1, 0x18C5,9, 0xBB29,2, 0x6984,1, 0x18C5,3, 0xBB29,2, 0x6984,1,
    0x18C5,35, 0x6984,3, 0x18C5,3, 0x6984,3, 0x18C5,9, 0x6984,3, 0x18C5,3, 0x6984,3,
    0x18C5,35, 0x6984,3, 0x18C5,3, 0x6984,3, 0x18C5,9, 0x6984,3, 0x18C5,3, 0x6984,3,
    0x18C5,30, 0x10A4,1, 0x1084,4, 0x3904,3, 0x1084,3, 0x3904,3, 0x1084,9, 0x3904,3,
    0x1084,3, 0x3904,3, 0x1084,4, 0x10A4,1, 0x18C5,25, 0x10A4,1, 0x1084,35, 0x10A4,1,
    0x18C5,30, 0x18C6,1, 0x10A4,26, 0x18C6,1, 0x18C5,17, 0x18C5,2432, 0x6984,33, 0x18C5,29,
    0x6984,33, 0x18C5,29, 0x6984,2, 0xF572,28, 0xDC4D,2, 0x6984,1, 0x18C5,29, 0x6984,2,
    0xF572,1, 0xFE98,3, 0xDC4D,24, 0xBB29,2, 0x6984,1, 0x18C5,23, 0x28E5,1, 0x4124,5,
    0x6984,2, 0xF572,1, 0xFE98,3, 0xDC4D,24, 0xBB29,2, 0x6984,1, 0x4124,6, 0x28E5,1,
    0x18C5,16, 0x4125,1, 0x6984,7, 0xF572,1, 0xDC4D,27, 0xBB29,1, 0x6984,8, 0x4125,1,
    0x18C5,14, 0x28E5,1, 0x4125,1, 0x69A5,1, 0xBB29,7, 0xF572,1, 0xDC4D,3, 0xFFFF,2,
    0x1882,1, 0xDC4D,15, 0xFFFF,2, 0x1882,1, 0xDC4D,3, 0xBB29,8, 0x6984,1, 0x69A5,1,
    0x28E5,1, 0x18C5,13, 0x4124,1, 0x6984,2, 0xBB29,1, 0xDC4D,5, 0xBB29,1, 0xF572,1,
    0xDC4D,3, 0xFFFF,2, 0x1882,1, 0xDC4D,15, 0xFFFF,2, 0x1882,1, 0xDC4D,3, 0xBB29,1,
    0xDC4D,6, 0xBB29,1, 0x6984,2, 0x4124,1, 0x18C5,13, 0x4124,1, 0x6984,3, 0xBB29,2,
    0xDC4D,3, 0xBB29,1, 0xF572,1, 0xDC4D,3, 0x1882,3, 0xDC4D,15, 0x1882,3, 0xDC4D,3,
    0xBB29,2, 0xDC4D,4, 0xBB29,1, 0x6984,3, 0x4124,1, 0x18C5,13, 0x28E5,1, 0x4125,2,
    0x69A5,1, 0x6984,1, 0xBB29,1, 0xDC4D,3, 0xBB29,1, 0xF572,1, 0xDC4D,3, 0x1882,3,
    0xDC4D,15, 0x1882,3, 0xDC4D,3, 0xBB29,2, 0xDC4D,4, 0xBB29,1, 0x69A5,1, 0x4125,2,
    0x28E5,1, 0x18C5,16, 0x4125,1, 0x6984,1, 0xBB29,1, 0xDC4D,3, 0xBB29,1, 0xF572,1,
    0xDC4D,3, 0x1882,3, 0xDC4D,15, 0x1882,3, 0xDC4D,3, 0xBB29,2, 0xDC4D,4, 0xBB29,1,
    0x4125,1, 0x18C5,19, 0x4125,1, 0x6984,1, 0xBB29,1, 0xDC4D,3, 0xBB29,1, 0xF572,1,
    0xDC4D,3, 0x1882,3, 0xDC4D,15, 0x1882,3, 0xDC4D,3, 0xBB29,2, 0xDC4D,4, 0xBB29,1,
    0x4125,1, 0x18C5,16, 0x28E5,1, 0x4125,2, 0x7A48,1, 0xBB29,1, 0xDC4D,4, 0xBB29,1,
    0xF572,1, 0xDC4D,27, 0xBB29,2, 0xDC4D,5, 0x7A48,1, 0x4125,2, 0x28E5,1, 0x18C5,13,
    0x4124,1, 0x6984,2, 0xBB29,1, 0xDC4D,2, 0xBB29,4, 0xF572,1, 0xDC4D,27, 0xBB29,6,
    0xDC4D,1, 0xBB29,1, 0x6984,2, 0x4124,1, 0x18C5,13, 0x4124,1, 0x6984,2, 0xBB29,6,
    0x6984,1, 0xF572,1, 0xDC4D,27, 0xBB29,9, 0x6984,1, 0x4124,1, 0x18C5,13, 0x28E5,1,
    0x4125,1, 0x69A5,1, 0x6984,7, 0xF572,1, 0xDC4D,27, 0xBB29,2, 0x6984,7, 0x69A5,1,
    0x28E5,1, 0x18C5,15, 0x28E5,1, 0x4124,5, 0x6984,2, 0xF572,1, 0xDC4D,27, 0xBB29,2,
    0x6984,1, 0x4124,6, 0x28E5,1, 0x18C5,22, 0x6984,2, 0xDC4D,1, 0xBB29,29, 0x6984,1,
    0x18C5,29, 0x6984,2, 0xDC4D,1, 0xBB29,29, 0x6984,1, 0x18C5,29, 0x6984,2, 0xDC4D,1,
    0xBB29,29, 0x6984,1, 0x18C5,29, 0x6984,33, 0x18C5,32, 0xBB29,2, 0x6984,1, 0x18C5,3,
    0xBB29,2, 0x6984,1, 0x18C5,9, 0xBB29,2, 0x6984,1, 0x18C5,3, 0xBB29,2, 0x6984,1,
    0x18C5,35, 0xBB29,2, 0x6984,1, 0x18C5,3, 0xBB29,2, 0x6984,1, 0x18C5,9, 0xBB29,2,
    0x6984,1, 0x18C5,3, 0xBB29,2, 0x6984,1, 0x18C5,35, 0xBB29,2, 0x6984,1, 0x18C5,3,
    0xBB29,2, 0x6984,1, 0x18C5,9, 0xBB29,2, 0x6984,1, 0x18C5,3, 0xBB29,2, 0x6984,1,
    0x18C5,35, 0xBB29,2, 0x6984,1, 0x18C5,3, 0xBB29,2, 0x6984,1, 0x18C5,9, 0xBB29,2,
    0x6984,1, 0x18C5,3, 0xBB29,2, 0x6984,1, 0x18C5,35, 0x6984,3, 0x18C5,3, 0x6984,3,
    0x18C5,9, 0x6984,3, 0x18C5,3, 0x6984,3, 0x18C5,35, 0x6984,3, 0x18C5,3, 0x6984,3,
    0x18C5,9, 0x6984,3, 0x18C5,3, 0x6984,3, 0x18C5,30, 0x10A4,1, 0x1084,4, 0x3904,3,
    0x1084,3, 0x3904,3, 0x1084,9, 0x3904,3, 0x1084,3, 0x3904,3, 0x1084,4, 0x10A4,1,
    0x18C5,25, 0x10A4,1, 0x1084,35, 0x10A4,1, 0x18C5,30, 0x18C6,1, 0x10A4,26, 0x18C6,1,
    0x18C5,17, 0x18C5,2432, 0x6984,33, 0x18C5,29, 0x6984,33, 0x18C5,29, 0x6984,2, 0xF572,28,
    0xDC4D,2, 0x6984,1, 0x18C5,29, 0x6984,2, 0xF572,1, 0xFE98,3, 0xDC4D,24, 0xBB29,2,
    0x6984,1, 0x18C5,23, 0x28E5,1, 0x4124,5, 0x6984,2, 0xF572,1, 0xFE98,3, 0xDC4D,24,
    0xBB29,2, 0x6984,1, 0x4124,6, 0x28E5,1, 0x18C5,16, 0x4125,1, 0x6984,7, 0xF572,1,
    0xDC4D,27, 0xBB29,1, 0x6984,8, 0x4125,1, 0x18C5,14, 0x28E5,1, 0x4125,1, 0x69A5,1,
    0xBB29,7, 0xF572,1, 0xDC4D,3, 0xFFFF,2, 0x1882,1, 0xDC4D,15, 0xFFFF,2, 0x1882,1,
    0xDC4D,3, 0xBB29,8, 0x6984,1, 0x69A5,1, 0x28E5,1, 0x18C5,13, 0x4124,1, 0x6984,2,
    0xBB29,1, 0xDC4D,5, 0xBB29,1, 0xF572,1, 0xDC4D,3, 0xFFFF,2, 0x1882,1, 0xDC4D,15,
    0xFFFF,2, 0x1882,1, 0xDC4D,3, 0xBB29,1, 0xDC4D,6, 0xBB29,1, 0x6984,2, 0x4124,1,
    0x18C5,13, 0x4124,1, 0x6984,3, 0xBB29,2, 0xDC4D,3, 0xBB29,1, 0xF572,1, 0xDC4D,3,
    0x1882,3, 0xDC4D,15, 0x1882,3, 0xDC4D,3, 0xBB29,2, 0xDC4D,4, 0xBB29,1, 0x6984,3,
    0x4124,1, 0x18C5,13, 0x28E5,1, 0x4125,2, 0x69A5,1, 0x6984,1, 0xBB29,1, 0xDC4D,3,
    0xBB29,1, 0xF572,1, 0xDC4D,3, 0x1882,3, 0xDC4D,15, 0x1882,3, 0xDC4D,3, 0xBB29,2,
    0xDC4D,4, 0xBB29,1, 0x69A5,1, 0x4125,2, 0x28E5,1, 0x18C5,16, 0x4125,1, 0x6984,1,
    0xBB29,1, 0xDC4D,3, 0xBB29,1, 0xF572,1, 0xDC4D,3, 0x1882,3, 0xDC4D,15, 0x1882,3,
    0xDC4D,3, 0xBB29,2, 0xDC4D,4, 0xBB29,1, 0x4125,1, 0x18C5,19, 0x4125,1, 0x6984,1,
    0xBB29,1, 0xDC4D,3, 0xBB29,1, 0xF572,1, 0xDC4D,3, 0x1882,3, 0xDC4D,15, 0x1882,3,
    0xDC4D,3, 0xBB29,2, 0xDC4D,4, 0xBB29,1, 0x4125,1, 0x18C5,16, 0x28E5,1, 0x4125,2,
    0x7A48,1, 0xBB29,1, 0xDC4D,4, 0xBB29,1, 0xF572,1, 0xDC4D,27, 0xBB29,2, 0xDC4D,5,
    0x7A48,1, 0x4125,2, 0x28E5,1, 0x18C5,13, 0x4124,1, 0x6984,2, 0xBB29,1, 0xDC4D,2,
    0xBB29,4, 0xF572,1, 0xDC4D,27, 0xBB29,6, 0xDC4D,1, 0xBB29,1, 0x6984,2, 0x4124,1,
    0x18C5,13, 0x4124,1, 0x6984,2, 0xBB29,6, 0x6984,1, 0xF572,1, 0xDC4D,27, 0xBB29,9,
    0x6984,1, 0x4124,1, 0x18C5,13, 0x28E5,1, 0x4125,1, 0x69A5,1, 0x6984,7, 0xF572,1,
    0xDC4D,27, 0xBB29,2, 0x6984,7, 0x69A5,1, 0x28E5,1, 0x18C5,15, 0x28E5,1, 0x4124,5,
    0x6984,2, 0xF572,1, 0xDC4D,27, 0xBB29,2, 0x6984,1, 0x4124,6, 0x28E5,1, 0x18C5,22,
    0x6984,2, 0xDC4D,1, 0xBB29,29, 0x6984,1, 0x18C5,29, 0x6984,2, 0xDC4D,1, 0xBB29,29,
    0x6984,1, 0x18C5,29, 0x6984,2, 0xDC4D,1, 0xBB29,29, 0x6984,1, 0x18C5,29, 0x6984,33,
    0x18C5,32, 0xBB29,2, 0x6984,1, 0x18C5,3, 0xBB29,2, 0x6984,1, 0x18C5,9, 0xBB29,2,
    0x6984,1, 0x18C5,3, 0xBB29,2, 0x6984,1, 0x18C5,35, 0xBB29,2, 0x6984,1, 0x18C5,3,
    0xBB29,2, 0x6984,1, 0x18C5,9, 0xBB29,2, 0x6984,1, 0x18C5,3, 0xBB29,2, 0x6984,1,
    0x18C5,35, 0xBB29,2, 0x6984,1, 0x18C5,3, 0xBB29,2, 0x6984,1, 0x18C5,9, 0xBB29,2,
    0x6984,1, 0x18C5,3, 0xBB29,2, 0x6984,1, 0x18C5,35, 0xBB29,2, 0x6984,1, 0x18C5,3,
    0xBB29,2, 0x6984,1, 0x18C5,9, 0xBB29,2, 0x6984,1, 0x18C5,3, 0xBB29,2, 0x6984,1,
    0x18C5,35, 0x6984,3, 0x18C5,3, 0x6984,3, 0x18C5,9, 0x6984,3, 0x18C5,3, 0x6984,3,
    0x18C5,35, 0x6984,3, 0x18C5,3, 0x6984,3, 0x18C5,9, 0x6984,3, 0x18C5,3, 0x6984,3,
    0x18C5,30, 0x10A4,1, 0x1084,4, 0x3904,3, 0x1084,3, 0x3904,3, 0x1084,9, 0x3904,3,
    0x1084,3, 0x3904,3, 0x1084,4, 0x10A4,1, 0x18C5,25, 0x10A4,1, 0x1084,35, 0x10A4,1,
    0x18C5,30, 0x18C6,1, 0x10A4,26, 0x18C6,1, 0x18C5,17,
};

#endif // ALERT_FRAMES_H
